orgao_emissor;tipo_de_documento;fornecedor_cnpj_cpf;fornecedor_nome_empresarial;numero;serie;sequencial;natureza;indicador_de_orcamento;item_da_nota_fiscal;codigo_do_item;desc_do_item_de_material;desc_da_unid_de_fornecimento;unid_orcamentaria;elemento_item_de_despesa;qtde_na_nota_fiscal;valor_unitario_r;valor_total_r
1320 - SECRETARIA DE ESTADO DA SAUDE;Outros;33.224.254/0001-42;MGS MINAS GERAIS ADMINISTRACAO E SERVICOS S/A;705541;1;1;Serviço;Despesa orçamentária;1;155250;CARTAO CESTA BASICA - MGS;1,00 UNIDADE;4291;3705;1,0;2509,1;2509,1
2270 - FUNDACAO HOSPITALAR DO ESTADO DE MINAS GERAIS;Nota fiscal;49.569.592/0001-56;ERA DISTRIBUIDORA LTDA;420;1;1;Consumo;Despesa orçamentária;1;2049309;"FORMULA NUTRICIONAL -  INDICACAO:   REGURGITACAO; FONTE PROTEICA:   PREDOMINANCIA DE SORO DO LEITE E/OU CASEINA; LACTOSE:   COM LACTOSE; NUTRIENTE ESSENCIAL:   GOMA JATAI; IDENTIFICACAO:   ANTI REGURGITACAO; ASPECTO FISICO:   PO SOLUVEL; ESTRUTURA DA PROTEINA:   INTACTA; FAIXA ETARIA:   SEM RESTRICAO;";GRAMA;2271;3008;8000,0;0,13;1040,0
2370 - INSTITUTO MINEIRO DE AGROPECUARIA;Nota fiscal;34.274.233/0025-71;VIBRA ENERGIA S.A;4977377;0;1;Consumo;Despesa orçamentária;1;14516;"ALCOOL COMBUSTIVEL AUTOMOTIVO -  TIPO:   HIDRATADO;";1,00 LITRO;2371;3026;5000,0;2,9333;14666,88
1510 - POLICIA CIVIL DO ESTADO DE MINAS GERAIS;Outros;***.961.696-**;DIVINO SIMIAO APARECIDO BORGES;82026;;2;Serviço;Despesa orçamentária;1;4065;LOCACAO DE IMOVEL COMERCIAL -;1,00 MES;1511;3611;1,0;14732,2;14732,2
2310 - UNIVERSIDADE ESTADUAL DE MONTES CLAROS;Nota fiscal;18.152.404/0001-66;MAQNETE COMERCIO E SERVICOS LTDA -ME;5875;1;1;Consumo;Despesa orçamentária;1;1455990;"EXTENSAO ELETRICA -  TIPO:   REGUA; TAMANHO:   2,0 M; BITOLA FIO:   1,5MM; NUMERO TOMADA:   8 TOMADAS; CORRENTE:   10A; PLUGUE:   2P+T;";1,00 UNIDADE;2311;3020;10,0;61,45;614,5
2310 - UNIVERSIDADE ESTADUAL DE MONTES CLAROS;Nota fiscal;33.169.991/0001-90;D C R SANTOS LTDA;2361;5;1;Consumo;Despesa orçamentária;1;1301195;"CATETER -  IDENTIFICACAO:   NASAL DESCARTAVEL TIPO OCULOS PARA OXIGENIO; MATERIA-PRIMA:   SILICONE; TAMANHO/NUMERO:   NEONATAL;";1,00 UNIDADE;2311;3010;505,0;6,16;3110,8
2310 - UNIVERSIDADE ESTADUAL DE MONTES CLAROS;Nota fiscal;05.229.301/0001-05;BHMED- SUPRIMENTO HOSPITALAR LTDA - EPP;7206;1;1;Consumo;Despesa orçamentária;1;1274198;"CAL SODADA -  APRESENTACAO:   EM PILULAS, FORMATO LENTICULAR, UMIDADE 14 A 19%; FINALIDADE:   COADJUVANTE UTILIZADO EM PROCESSOS ANESTESICOS;";LATA 4,50 QUILOGRAMA;2311;3013;12,0;400,0;4800,0
2010 - INST.DE PREVIDENCIA DOS SERVIDORES DO EST.M.GERAIS;Outros;***.980.146-**;MARTINHA ELIANE NADALINI HOFFMANN SCHMITT;82026;;1;Serviço;Despesa orçamentária;1;4065;LOCACAO DE IMOVEL COMERCIAL -;1,00 MES;2011;3611;1,0;5887,59;5887,59
2310 - UNIVERSIDADE ESTADUAL DE MONTES CLAROS;Nota fiscal;24.638.170/0001-64;DISTRIBUIDORA MENDONCA E MIRANDA LTDA;2426;;2;Consumo;Despesa orçamentária;1;445860;"ESCOVA PARA LIMPEZA DE EQUIPAMENTO HOSPITALAR -  DIMENSOES:   MINIMO 125CM DE COMPRIMENTO; APLICACAO:   BRONCOSPIO/FUGITECH; TIPO:   -; MATERIA-PRIMA:   METALICA;";1,00 UNIDADE;2311;3010;10,0;185,0;1850,0
2310 - UNIVERSIDADE ESTADUAL DE MONTES CLAROS;Nota fiscal;24.638.170/0001-64;DISTRIBUIDORA MENDONCA E MIRANDA LTDA;2426;;2;Consumo;Despesa orçamentária;2;1715844;"PINCA DESCARTAVEL -  MEDIDAS:   1.8 MM X 160 CM; CANAL TRABALHO NAO INFERIOR A 2MM; FINALIDADE:   BIOPSIA POR BRONCOSCOPIA ; MATERIA PRIMA:   ACO INOX;";1,00 UNIDADE;2311;3010;10,0;1000,0;10000,0
2310 - UNIVERSIDADE ESTADUAL DE MONTES CLAROS;Nota fiscal;24.638.170/0001-64;DISTRIBUIDORA MENDONCA E MIRANDA LTDA;2426;;2;Consumo;Despesa orçamentária;3;1801589;"ESCOVA PARA LIMPEZA DE EQUIPAMENTO HOSPITALAR -  MATERIA-PRIMA:   CERDAS DE  NYLON; TIPO:   DESCARTAVEL; DIMENSOES:   1,5 MM X 10 MM X 2400 MM; APLICACAO:   LIMPEZA DE CANAL DE ENDOSCOPIO;";1,00 UNIDADE;2311;3010;10,0;68,5;685,0
2310 - UNIVERSIDADE ESTADUAL DE MONTES CLAROS;Nota fiscal;24.638.170/0001-64;DISTRIBUIDORA MENDONCA E MIRANDA LTDA;2426;;2;Consumo;Despesa orçamentária;4;228338;"CATETER -  IDENTIFICACAO:   ESCLEROSE DE VARIZES DE ESOFAGO; MATERIA-PRIMA:   PVC; TAMANHO/NUMERO:   200 CM DE COMPRIMENTO;";1,00 UNIDADE;2311;3010;10,0;190,0;1900,0
2310 - UNIVERSIDADE ESTADUAL DE MONTES CLAROS;Nota fiscal;24.638.170/0001-64;DISTRIBUIDORA MENDONCA E MIRANDA LTDA;2426;;2;Consumo;Despesa orçamentária;5;432938;"AGULHA PARA BIOPSIA / MEDULA OSSEA -  APLICACAO:   EXAME DE MIELOGRAMA EM ESTERNO E CRISTA ILIACA; PONTA:   CORTANTE E CONECTOR LUER LOCK; CANHAO:   PARA ACOPLHAR UMA SERINGA E EXTRATOR DE AMOSTRA; MODELO:   ASPIRATIVA; TAMANHO:   16G X 6,8CM, NO MAXIMO; MATERIAL:   METALICA, CABO PLASTICO ERGONOMICO, DESCARTAVEL;";1,00 UNIDADE;2311;3010;30,0;88,85;2665,5
2310 - UNIVERSIDADE ESTADUAL DE MONTES CLAROS;Nota fiscal;24.638.170/0001-64;DISTRIBUIDORA MENDONCA E MIRANDA LTDA;2426;;2;Consumo;Despesa orçamentária;6;1390600;"CATETER -  IDENTIFICACAO:   ESCLEROSE DE VARIZES DE ESOFAGO; MATERIA-PRIMA:   PVC; TAMANHO/NUMERO:   AGULHA 19G;";1,00 UNIDADE;2311;3010;15,0;150,0;2250,0
2440 - AG. REG. DE SANEAMENTO E ENERGIA DO ESTADO DE MG.;Nota fiscal;08.273.364/0001-57;TICKET GESTAO EM MANUTENCAO EZC S.A;202648687156;;1;Serviço;Despesa orçamentária;1;30252;SERVICO DE GESTAO E MANUTENCAO PREVENTIVA E CORRETIVA DA FROTA DE VEICULOS DO ESTADO;1,00 UNIDADE;2441;3943;1,0;195,91;195,91
2440 - AG. REG. DE SANEAMENTO E ENERGIA DO ESTADO DE MG.;Nota fiscal;08.273.364/0001-57;TICKET GESTAO EM MANUTENCAO EZC S.A;202648687155;;1;Serviço;Despesa orçamentária;1;30252;SERVICO DE GESTAO E MANUTENCAO PREVENTIVA E CORRETIVA DA FROTA DE VEICULOS DO ESTADO;1,00 UNIDADE;2441;3943;1,0;5314,66;5314,66
2010 - INST.DE PREVIDENCIA DOS SERVIDORES DO EST.M.GERAIS;Outros;33.224.254/0001-42;MGS MINAS GERAIS ADMINISTRACAO E SERVICOS S/A;31951;1A;1;Serviço;Despesa orçamentária;1;106089;AUXILIAR DE LIMPEZA - 22H, 30H, 36H, 40H OU 44H;CARGA HORARIA 40,00 HORAS POR SEMANA;2011;3703;1,0;4188,32;4188,32
2010 - INST.DE PREVIDENCIA DOS SERVIDORES DO EST.M.GERAIS;Outros;33.224.254/0001-42;MGS MINAS GERAIS ADMINISTRACAO E SERVICOS S/A;31951;1A;1;Serviço;Despesa orçamentária;2;64483;ADICIONAL INSALUBRIDADE 40%;1,00 UNIDADE;2011;3705;1,0;1445,62;1445,62
2010 - INST.DE PREVIDENCIA DOS SERVIDORES DO EST.M.GERAIS;Outros;33.224.254/0001-42;MGS MINAS GERAIS ADMINISTRACAO E SERVICOS S/A;31951;1A;1;Serviço;Despesa orçamentária;3;63339;SUPORTE ADMINISTRATIVO - 30H, 36H, 40H OU 44H;CARGA HORARIA 40,00 HORAS POR SEMANA;2011;3704;2,8;6432,5107;18011,03
2310 - UNIVERSIDADE ESTADUAL DE MONTES CLAROS;Nota fiscal;24.638.170/0001-64;DISTRIBUIDORA MENDONCA E MIRANDA LTDA;2440;;1;Consumo;Despesa orçamentária;1;282847;"ESCOVA PARA LIMPEZA DE EQUIPAMENTO HOSPITALAR -  MATERIA-PRIMA:   METALICA; TIPO:   -; DIMENSOES:   MINIMO 230CM DE COMPRIMENTO; APLICACAO:   ENDOSCOPIO;";1,00 UNIDADE;2311;3010;20,0;163,28;3265,6
1320 - SECRETARIA DE ESTADO DA SAUDE;Nota fiscal;00.874.929/0001-40;MED CENTER COMERCIAL LTDA;723727;1;1;Consumo;Despesa orçamentária;1;1524313;"LEUPRORRELINA -  PRINCIPIO ATIVO:   LEUPRORRELINA, ACETATO; CONCENTRACAO/DOSAGEM:   3,75 MG; FORMA FARMACEUTICA:   PO LIOFILIZADO PARA SOLUCAO INJETAVEL; APRESENTACAO:   FRASCO-AMPOLA; COMPONENTE:   AMPOLA DILUENTE + SERINGA + AGULHA;";FRASCO-AMPOLA;4291;3012;126,0;258,0;32508,0
2440 - AG. REG. DE SANEAMENTO E ENERGIA DO ESTADO DE MG.;Nota fiscal;08.273.364/0001-57;TICKET GESTAO EM MANUTENCAO EZC S.A;202648670824;;1;Serviço;Despesa orçamentária;1;30252;SERVICO DE GESTAO E MANUTENCAO PREVENTIVA E CORRETIVA DA FROTA DE VEICULOS DO ESTADO;1,00 UNIDADE;2441;3943;1,0;23779,78;23779,78
1320 - SECRETARIA DE ESTADO DA SAUDE;Nota fiscal;26.401.571/0001-21;TRES PHARMA DISTRIBUIDORA E SERVICOS LTDA ;123138;1;1;Consumo;Despesa orçamentária;1;1521616;"OCTREOTIDA -  PRINCIPIO ATIVO:   OCTREOTIDA, ACETATO; CONCENTRACAO/DOSAGEM:   0,1 MG/ML; FORMA FARMACEUTICA:   SOLUCAO INJETAVEL; APRESENTACAO:   AMPOLA 1 ML; COMPONENTE:   .;";AMPOLA;4291;3012;5,0;52,0;260,0
1260 - SECRETARIA DE ESTADO DE EDUCACAO;Nota fiscal;07.301.055/0001-80;AZIZ SISTEMAS DE SEGURANCA LTDA;2515;;1;Serviço;Despesa orçamentária;1;4740;SERVICOS DE VIGILANCIA E SEGURANCA ELETRONICA;1,00 UNIDADE;1261;3962;1,0;877,54;877,54
2310 - UNIVERSIDADE ESTADUAL DE MONTES CLAROS;Nota fiscal;24.638.170/0001-64;DISTRIBUIDORA MENDONCA E MIRANDA LTDA;2441;;1;Consumo;Despesa orçamentária;1;1987623;"GUIA PARA USO MEDICO -  PONTA:   COM ANGULACAO ENTRE 35ºA 40°; MACICA E ARREDONDADA; MATERIA-PRIMA:   POLIETILENO OU PVC OU POLIESTIRENO; HASTE MACICA; APLICACAO:   TUBO ENDOTRAQUEAL; COMPRIMENTO:   APROXIMADO DE 50 A 70 CM; DIAMETRO DE 2 A 4 MM; TIPO:   BOUGIE, DESCARTAVEL. TAMANHO: PEDIATRICO (10F);";1,00 UNIDADE;2311;3010;20,0;60,38;1207,6
2310 - UNIVERSIDADE ESTADUAL DE MONTES CLAROS;Nota fiscal;24.638.170/0001-64;DISTRIBUIDORA MENDONCA E MIRANDA LTDA;2441;;1;Consumo;Despesa orçamentária;2;198960;"PROTESE OTOLOGICA -  TIPO:   TUBO DE VENTILACAO/DRENEX CURTO; DIMENSOES:   DIAMETRO DE APROXIMADAMENTE 1,2 X 2,6MM; MATERIA-PRIMA:   SILICONE;";1,00 UNIDADE;2311;3010;20,0;108,19;2163,8
2310 - UNIVERSIDADE ESTADUAL DE MONTES CLAROS;Nota fiscal;24.638.170/0001-64;DISTRIBUIDORA MENDONCA E MIRANDA LTDA;2441;;1;Consumo;Despesa orçamentária;3;803499;"CATETER -  IDENTIFICACAO:   TIPO BALAO PARA EMBOLECTOMIA ARTERIAL; MATERIA-PRIMA:   LATEX NATURAL; TAMANHO/NUMERO:   NUMERO 5;";1,00 UNIDADE;2311;3010;10,0;211,432;2114,32
2310 - UNIVERSIDADE ESTADUAL DE MONTES CLAROS;Nota fiscal;24.638.170/0001-64;DISTRIBUIDORA MENDONCA E MIRANDA LTDA;2441;;1;Consumo;Despesa orçamentária;4;803510;"CATETER -  IDENTIFICACAO:   TIPO BALAO PARA EMBOLECTOMIA ARTERIAL; MATERIA-PRIMA:   LATEX NATURAL; TAMANHO/NUMERO:   NUMERO 6;";1,00 UNIDADE;2311;3010;10,0;211,432;2114,32
1260 - SECRETARIA DE ESTADO DE EDUCACAO;Outros;02.345.421/0001-80;FUNDACAO CARMELITANA MARIO PALMERIO;7;RCB;1;Serviço;Despesa orçamentária;1;109460;CURSO TECNICO PROFISSIONALIZANTE  EM ATENDIMENTO AO PROGRAMA TRILHAS DE FUTURO ;UNIDADE;1261;3949;1,0;940,0;940,0
2270 - FUNDACAO HOSPITALAR DO ESTADO DE MINAS GERAIS;Nota fiscal;22.260.124/0002-20;STAGO BRASIL COMERCIO, IMPORTACAO E EXPORTACAO DE PRODUTOS DIAGNOSTICOS LTDA.;43609;;1;Consumo;Despesa orçamentária;1;630217;"TEMPO DE PROTROMBINA-  APRESENTACAO:   TESTE DE COAGULACAO TOTALMENTE AUTOMATIZADO; FINALIDADE:   DETERMINACAO DE TEMPO DE PROTROMBINA; INDICE:   COM ISI EM TORNO DE 1,0 A 1,05;";1,00 TESTES;2271;3013;960,0;1,7;1632,0
2270 - FUNDACAO HOSPITALAR DO ESTADO DE MINAS GERAIS;Nota fiscal;22.260.124/0002-20;STAGO BRASIL COMERCIO, IMPORTACAO E EXPORTACAO DE PRODUTOS DIAGNOSTICOS LTDA.;43609;;1;Consumo;Despesa orçamentária;2;630241;"TEMPO DE TROMBOPLASTINA-  APRESENTACAO:   TESTE DE COAGULACAO TOTALMENTE AUTOMATIZADO; TESTE:   DETERMINACAO TEMPO TROMBOPLASTINA PARCIAL ATIVADA;";1,00 TESTES;2271;3013;912,0;1,72;1568,64
1320 - SECRETARIA DE ESTADO DA SAUDE;Outros;33.224.254/0001-42;MGS MINAS GERAIS ADMINISTRACAO E SERVICOS S/A;705542;1;1;Serviço;Despesa orçamentária;1;66311;VALE-ALIMENTACAO - MGS;1,00 UNIDADE;4291;3705;1,0;9659,25;9659,25
2260 - FUNDACAO EZEQUIEL DIAS;Nota fiscal;06.003.551/0001-95;QUALIVIDROS DISTRIBUIDORA LTDA;36233;1;1;Consumo;Despesa orçamentária;1;1849093;"TUBO CRIOGENICO -  TIPO:   TAMPA DE ROSCA, ANEL SILICONE,FECHAMENTO HERMETICO; CAPACIDADE:   1,5 ML; MATERIA-PRIMA:   POLIPROPILENO;";1,00 UNIDADE;2261;3013;700,0;0,77;539,0
2260 - FUNDACAO EZEQUIEL DIAS;Nota fiscal;06.003.551/0001-95;QUALIVIDROS DISTRIBUIDORA LTDA;36234;1;1;Consumo;Despesa orçamentária;1;1849093;"TUBO CRIOGENICO -  TIPO:   TAMPA DE ROSCA, ANEL SILICONE,FECHAMENTO HERMETICO; CAPACIDADE:   1,5 ML; MATERIA-PRIMA:   POLIPROPILENO;";1,00 UNIDADE;2261;3013;2300,0;0,77;1771,0
1320 - SECRETARIA DE ESTADO DA SAUDE;Nota fiscal;07.432.517/0001-07;SIMPRESS COMERCIO LOCACAO E SERVICOS LTDA;454643;;1;Serviço;Despesa orçamentária;1;97292;LOCACAO DE IMPRESSORA MULTIFUNCIOAL MONOCROMATICA 38 PPM (OUTSOURCING ), PAPEL NAO INCLUSO;1,00 UNIDADE;4291;3919;5,0;118,07;590,35
1320 - SECRETARIA DE ESTADO DA SAUDE;Nota fiscal;07.432.517/0001-07;SIMPRESS COMERCIO LOCACAO E SERVICOS LTDA;454643;;1;Serviço;Despesa orçamentária;2;127680;LOCACAO DE IMPRESSORA COLORIDA 22 PPM (OUTSOURCING), PAPEL NAO INCLUSO;1,00 UNIDADE;4291;3919;1,0;153,0;153,0
2310 - UNIVERSIDADE ESTADUAL DE MONTES CLAROS;Nota fiscal;18.152.404/0001-66;MAQNETE COMERCIO E SERVICOS LTDA -ME;5876;1;1;Consumo;Despesa orçamentária;1;650781;"ALICATE CRIMPADOR -  CONECTORES:   RJ11, RJ12, RJ45; CATRACA:   COM CATRACA;";1,00 UNIDADE;2311;3022;2,0;25,6;51,2
1320 - SECRETARIA DE ESTADO DA SAUDE;Outros;33.224.254/0001-42;MGS MINAS GERAIS ADMINISTRACAO E SERVICOS S/A;321022026;1;1;Serviço;Despesa orçamentária;1;64459;DIARIA DE VIAGEM;1,00 UNIDADE;4291;3705;1,0;18882,39;18882,39
2350 - UNIVERSIDADE DO ESTADO DE MINAS GERAIS;Outros;33.224.254/0001-42;MGS MINAS GERAIS ADMINISTRACAO E SERVICOS S/A;2026704563;;1;Serviço;Despesa orçamentária;1;66311;VALE-ALIMENTACAO - MGS;1,00 UNIDADE;2351;3705;1,0;5476,16;5476,16
2370 - INSTITUTO MINEIRO DE AGROPECUARIA;Nota fiscal;33.224.254/0001-42;MGS MINAS GERAIS ADMINISTRACAO E SERVICOS S/A;30959;1;1;Serviço;Despesa orçamentária;1;106089;AUXILIAR DE LIMPEZA - 22H, 30H, 36H, 40H OU 44H;CARGA HORARIA 30,00 HORAS POR SEMANA;2371;3703;1,0;3036,98;3036,98
2370 - INSTITUTO MINEIRO DE AGROPECUARIA;Nota fiscal;33.224.254/0001-42;MGS MINAS GERAIS ADMINISTRACAO E SERVICOS S/A;30959;1;1;Serviço;Despesa orçamentária;2;64483;ADICIONAL INSALUBRIDADE 40%;1,00 UNIDADE;2371;3705;1,0;1341,55;1341,55
1030 - TRIBUNAL DE JUSTICA DO ESTADO DE MINAS GERAIS;Nota fiscal;06.981.176/0001-58;CEMIG GERACAO E TRANSMISSAO S.A.;449772;JUL;1;Serviço;Despesa orçamentária;1;4880;FORNECIMENTO DE ENERGIA ELETRICA EM MEDIA TENSAO;1,00 MES;4031;3969;1,0;18522,03;18522,03
1020 - TRIBUNAL DE CONTAS DO ESTADO DE MINAS GERAIS;Nota fiscal;86.781.069/0001-15;ZENITE INFORMACAO E CONSULTORIA S/A;993;;1;Serviço;Despesa extra orçamentária;1;117528;CURSO DE CAPACITACAO EM ETAPAS LICITATORIAS COM ENFOQUE NA NOVA LEI LICITACOES E CONTRATOS  14.133/2021;1,00 UNIDADE;1021;3953;39984,0;1,0;39984,0
2310 - UNIVERSIDADE ESTADUAL DE MONTES CLAROS;Nota fiscal;18.152.404/0001-66;MAQNETE COMERCIO E SERVICOS LTDA -ME;5877;1;1;Consumo;Despesa orçamentária;1;1367889;"MEMORIA RAM -  TIPO:   DDR3; CAPACIDADE ARMAZENAMENTO:   4 GB; FREQUENCIA DA MEMORIA:   1600 MHZ; TENSAO:   1,5V;";1,00 UNIDADE;2311;3016;10,0;47,98;479,8
2310 - UNIVERSIDADE ESTADUAL DE MONTES CLAROS;Nota fiscal;18.152.404/0001-66;MAQNETE COMERCIO E SERVICOS LTDA -ME;5877;1;1;Consumo;Despesa orçamentária;2;1849379;"PLACA/ADAPTADOR DE REDE -  BARRAMENTO:   PCI EXPRESS; COMUNICACAO:   AUTO MDI/MDIX; CRIPTOGRAFIA:   NAO APLICAVEL; MODULACAO:   10/100/1000 BASE-T; TRANSMISSAO DADOS:   COM FIO;";1,00 UNIDADE;2311;3016;10,0;47,5;475,0
2310 - UNIVERSIDADE ESTADUAL DE MONTES CLAROS;Nota fiscal;18.152.404/0001-66;MAQNETE COMERCIO E SERVICOS LTDA -ME;5877;1;1;Consumo;Despesa orçamentária;3;1949314;"ADAPTADOR PARA EQUIPAMENTOS DE INFORMATICA -  TIPO:   SEM FIO (WIRELESS); CONECTOR:   USB; APLICACAO:   CONECTAR DISPOSITIVOS EM REDE;";1,00 UNIDADE;2311;3016;20,0;79,8;1596,0
1320 - SECRETARIA DE ESTADO DA SAUDE;Nota fiscal;07.432.517/0001-07;SIMPRESS COMERCIO LOCACAO E SERVICOS LTDA;454608;;1;Serviço;Despesa orçamentária;1;97292;LOCACAO DE IMPRESSORA MULTIFUNCIOAL MONOCROMATICA 38 PPM (OUTSOURCING ), PAPEL NAO INCLUSO;1,00 UNIDADE;4291;3919;6,0;118,07;708,42
1320 - SECRETARIA DE ESTADO DA SAUDE;Nota fiscal;07.432.517/0001-07;SIMPRESS COMERCIO LOCACAO E SERVICOS LTDA;454608;;1;Serviço;Despesa orçamentária;2;127680;LOCACAO DE IMPRESSORA COLORIDA 22 PPM (OUTSOURCING), PAPEL NAO INCLUSO;1,00 UNIDADE;4291;3919;1,0;153,0;153,0
2070 - FUND. DE AMPARO A PESQ. DO ESTADO DE MINAS GERAIS;Nota fiscal;28.964.042/0001-61;ZAP MUSIC E DEDETIZADORA LTDA;355;;1;Serviço;Despesa orçamentária;1;6904;SERVICOS ESPECIALIZADOS DE DESINFECCAO, DESRATIZACAO E DEDETIZACAO.;1,00 UNIDADE;2071;3961;1,0;1437,12;1437,12
1030 - TRIBUNAL DE JUSTICA DO ESTADO DE MINAS GERAIS;Nota fiscal;06.981.176/0001-58;CEMIG GERACAO E TRANSMISSAO S.A.;449774;JUL;1;Serviço;Despesa orçamentária;1;4880;FORNECIMENTO DE ENERGIA ELETRICA EM MEDIA TENSAO;1,00 MES;4031;3969;1,0;3916,0;3916,0
2370 - INSTITUTO MINEIRO DE AGROPECUARIA;Outros;33.224.254/0001-42;MGS MINAS GERAIS ADMINISTRACAO E SERVICOS S/A;704551;;1;Serviço;Despesa orçamentária;1;66311;VALE-ALIMENTACAO - MGS;1,00 UNIDADE;2371;3705;1,0;447,59;447,59
1030 - TRIBUNAL DE JUSTICA DO ESTADO DE MINAS GERAIS;Nota fiscal;06.981.176/0001-58;CEMIG GERACAO E TRANSMISSAO S.A.;449775;JUL;1;Serviço;Despesa orçamentária;1;4880;FORNECIMENTO DE ENERGIA ELETRICA EM MEDIA TENSAO;1,00 MES;4031;3969;1,0;28887,99;28887,99
1190 - SECRETARIA DE ESTADO DE FAZENDA DE MINAS GERAIS;Nota fiscal;33.224.254/0001-42;MGS MINAS GERAIS ADMINISTRACAO E SERVICOS S/A;202631888;;1;Serviço;Despesa orçamentária;1;63363;MOTORISTA DE VEICULO DE SERVICO - 44H;CARGA HORARIA 44,00 HORAS POR SEMANA;1191;3704;0,9667;6631,9851;6411,14
1190 - SECRETARIA DE ESTADO DE FAZENDA DE MINAS GERAIS;Nota fiscal;33.224.254/0001-42;MGS MINAS GERAIS ADMINISTRACAO E SERVICOS S/A;202631888;;1;Serviço;Despesa orçamentária;2;105678;PORTEIRO (COM SUBSTITUICAO) - 12X36 NOTURNO - 44H;CARGA HORARIA 44,00 HORAS POR SEMANA;1191;3704;4,5668;7896,4614;36061,56
1190 - SECRETARIA DE ESTADO DE FAZENDA DE MINAS GERAIS;Nota fiscal;33.224.254/0001-42;MGS MINAS GERAIS ADMINISTRACAO E SERVICOS S/A;202631888;;1;Serviço;Despesa orçamentária;3;105651;PORTEIRO (COM SUBSTITUICA) - 30H, 36H, 40H OU 44H;CARGA HORARIA 30,00 HORAS POR SEMANA;1191;3704;0,9334;4122,2948;3847,75
1190 - SECRETARIA DE ESTADO DE FAZENDA DE MINAS GERAIS;Nota fiscal;33.224.254/0001-42;MGS MINAS GERAIS ADMINISTRACAO E SERVICOS S/A;202631888;;1;Serviço;Despesa orçamentária;4;105651;PORTEIRO (COM SUBSTITUICA) - 30H, 36H, 40H OU 44H;CARGA HORARIA 40,00 HORAS POR SEMANA;1191;3704;0,8;5365,525;4292,42
1190 - SECRETARIA DE ESTADO DE FAZENDA DE MINAS GERAIS;Nota fiscal;33.224.254/0001-42;MGS MINAS GERAIS ADMINISTRACAO E SERVICOS S/A;202631888;;1;Serviço;Despesa orçamentária;5;105651;PORTEIRO (COM SUBSTITUICA) - 30H, 36H, 40H OU 44H;CARGA HORARIA 44,00 HORAS POR SEMANA;1191;3704;1,8;5862,6888;10552,84
1190 - SECRETARIA DE ESTADO DE FAZENDA DE MINAS GERAIS;Nota fiscal;33.224.254/0001-42;MGS MINAS GERAIS ADMINISTRACAO E SERVICOS S/A;202631888;;1;Serviço;Despesa orçamentária;6;63339;SUPORTE ADMINISTRATIVO - 30H, 36H, 40H OU 44H;CARGA HORARIA 44,00 HORAS POR SEMANA;1191;3704;1,0;7160,84;7160,84
1190 - SECRETARIA DE ESTADO DE FAZENDA DE MINAS GERAIS;Nota fiscal;33.224.254/0001-42;MGS MINAS GERAIS ADMINISTRACAO E SERVICOS S/A;202631888;;1;Serviço;Despesa orçamentária;7;105660;PORTEIRO (COM SUBSTITUICAO) - 12X36 DIURNO - 44H;CARGA HORARIA 44,00 HORAS POR SEMANA;1191;3704;3,4001;6466,2304;21985,83
1320 - SECRETARIA DE ESTADO DA SAUDE;Nota fiscal;07.432.517/0001-07;SIMPRESS COMERCIO LOCACAO E SERVICOS LTDA;454610;;1;Serviço;Despesa orçamentária;1;89800;IMPRESSAO COLORIDA FORMATO A4 - (OUTSOURCING), PAPEL NAO INCLUSO;1,00 UNIDADE;4291;3919;641,0;0,14;89,74
1320 - SECRETARIA DE ESTADO DA SAUDE;Nota fiscal;07.432.517/0001-07;SIMPRESS COMERCIO LOCACAO E SERVICOS LTDA;454610;;1;Serviço;Despesa orçamentária;2;89796;IMPRESSAO/COPIA MONOCROMATICA FORMATO A4 - (OUTSOURCING), PAPEL NAO INCLUSO;1,00 UNIDADE;4291;3919;9739,0;0,02;194,78
1320 - SECRETARIA DE ESTADO DA SAUDE;Nota fiscal;33.224.254/0001-42;MGS MINAS GERAIS ADMINISTRACAO E SERVICOS S/A;321032026;;1;Serviço;Despesa orçamentária;1;106429;ANALISTA ESPECIALIZADO EM CIENCIAS EXATAS E DA TERRA I- 30H,36H, 40H OU 44H;CARGA HORARIA 40,00 HORAS POR SEMANA;4291;3704;1,0;10928,21;10928,21
1320 - SECRETARIA DE ESTADO DA SAUDE;Nota fiscal;33.224.254/0001-42;MGS MINAS GERAIS ADMINISTRACAO E SERVICOS S/A;321032026;;1;Serviço;Despesa orçamentária;2;106399;ANALISTA  ESPECIALIZADO  EM INFRAESTRUTURA - 30H, 36H, 40H  OU 44H;CARGA HORARIA 40,00 HORAS POR SEMANA;4291;3704;1,0;26832,17;26832,17
1320 - SECRETARIA DE ESTADO DA SAUDE;Nota fiscal;33.224.254/0001-42;MGS MINAS GERAIS ADMINISTRACAO E SERVICOS S/A;321032026;;1;Serviço;Despesa orçamentária;3;106089;AUXILIAR DE LIMPEZA - 22H, 30H, 36H, 40H OU 44H;CARGA HORARIA 44,00 HORAS POR SEMANA;4291;3703;4,7001;4001,2191;18806,13
1320 - SECRETARIA DE ESTADO DA SAUDE;Nota fiscal;33.224.254/0001-42;MGS MINAS GERAIS ADMINISTRACAO E SERVICOS S/A;321032026;;1;Serviço;Despesa orçamentária;4;100439;MOTORISTA DE ONIBUS (PERICULOSIDADE) - 44H ;CARGA HORARIA 44,00 HORAS POR SEMANA;4291;3704;2,2667;9638,0112;21846,48
1320 - SECRETARIA DE ESTADO DA SAUDE;Nota fiscal;33.224.254/0001-42;MGS MINAS GERAIS ADMINISTRACAO E SERVICOS S/A;321032026;;1;Serviço;Despesa orçamentária;5;63525;PORTEIRO - 30H, 40H OU 44H;CARGA HORARIA 44,00 HORAS POR SEMANA;4291;3704;1,0;5609,68;5609,68
1320 - SECRETARIA DE ESTADO DA SAUDE;Nota fiscal;33.224.254/0001-42;MGS MINAS GERAIS ADMINISTRACAO E SERVICOS S/A;321032026;;1;Serviço;Despesa orçamentária;6;64416;PORTEIRO - 12X36 DIURNO - 44H;CARGA HORARIA 44,00 HORAS POR SEMANA;4291;3704;2,0;6187,91;12375,82
1320 - SECRETARIA DE ESTADO DA SAUDE;Nota fiscal;33.224.254/0001-42;MGS MINAS GERAIS ADMINISTRACAO E SERVICOS S/A;321032026;;1;Serviço;Despesa orçamentária;7;63975;PORTEIRO - 12X36 NOTURNO - 44H;CARGA HORARIA 44,00 HORAS POR SEMANA;4291;3704;2,0;7557,77;15115,54
1320 - SECRETARIA DE ESTADO DA SAUDE;Nota fiscal;33.224.254/0001-42;MGS MINAS GERAIS ADMINISTRACAO E SERVICOS S/A;321032026;;1;Serviço;Despesa orçamentária;8;63339;SUPORTE ADMINISTRATIVO - 30H, 36H, 40H OU 44H;CARGA HORARIA 40,00 HORAS POR SEMANA;4291;3704;3,0;6323,8;18971,4
1320 - SECRETARIA DE ESTADO DA SAUDE;Nota fiscal;33.224.254/0001-42;MGS MINAS GERAIS ADMINISTRACAO E SERVICOS S/A;321032026;;1;Serviço;Despesa orçamentária;9;63517;TECNICO ESPECIALIZADO - 40H OU 44H;CARGA HORARIA 40,00 HORAS POR SEMANA;4291;3704;2,0;7662,0;15324,0
1320 - SECRETARIA DE ESTADO DA SAUDE;Nota fiscal;33.224.254/0001-42;MGS MINAS GERAIS ADMINISTRACAO E SERVICOS S/A;321032026;;1;Serviço;Despesa orçamentária;10;64483;ADICIONAL INSALUBRIDADE 40%;1,00 UNIDADE;4291;3705;1,0;2510,77;2510,77
1030 - TRIBUNAL DE JUSTICA DO ESTADO DE MINAS GERAIS;Nota fiscal;06.981.176/0001-58;CEMIG GERACAO E TRANSMISSAO S.A.;449776;JUL;1;Serviço;Despesa orçamentária;1;4880;FORNECIMENTO DE ENERGIA ELETRICA EM MEDIA TENSAO;1,00 MES;4031;3969;1,0;4315,45;4315,45
1320 - SECRETARIA DE ESTADO DA SAUDE;Nota fiscal;07.432.517/0001-07;SIMPRESS COMERCIO LOCACAO E SERVICOS LTDA;454644;;1;Serviço;Despesa orçamentária;1;89800;IMPRESSAO COLORIDA FORMATO A4 - (OUTSOURCING), PAPEL NAO INCLUSO;1,00 UNIDADE;4291;3919;29,0;0,14;4,06
1320 - SECRETARIA DE ESTADO DA SAUDE;Nota fiscal;07.432.517/0001-07;SIMPRESS COMERCIO LOCACAO E SERVICOS LTDA;454644;;1;Serviço;Despesa orçamentária;2;89796;IMPRESSAO/COPIA MONOCROMATICA FORMATO A4 - (OUTSOURCING), PAPEL NAO INCLUSO;1,00 UNIDADE;4291;3919;7888,0;0,02;157,76
1030 - TRIBUNAL DE JUSTICA DO ESTADO DE MINAS GERAIS;Nota fiscal;06.981.176/0001-58;CEMIG GERACAO E TRANSMISSAO S.A.;449778;JUL;1;Serviço;Despesa orçamentária;1;4880;FORNECIMENTO DE ENERGIA ELETRICA EM MEDIA TENSAO;1,00 MES;4031;3969;1,0;1666,69;1666,69
1260 - SECRETARIA DE ESTADO DE EDUCACAO;Nota fiscal;08.458.633/0001-50;ESMARTY ESPECIALISTA EM MANUTENCAO DE ELEVADORES LTDA;7471;;1;Serviço;Despesa orçamentária;1;80373;MANUTENCAO PREVENTIVA E CORRETIVA EM ELEVADOR E PLATAFORMA  ELEVATORIA, COM FORNECIMENTO DE PECAS;1,00 UNIDADE;1261;3921;1,0;825,0;825,0
1260 - SECRETARIA DE ESTADO DE EDUCACAO;Outros;33.224.254/0001-42;MGS MINAS GERAIS ADMINISTRACAO E SERVICOS S/A;705457;;1;Serviço;Despesa orçamentária;1;155250;CARTAO CESTA BASICA - MGS;1,00 UNIDADE;1261;3705;1,0;545,46;545,46
1030 - TRIBUNAL DE JUSTICA DO ESTADO DE MINAS GERAIS;Nota fiscal;06.981.176/0001-58;CEMIG GERACAO E TRANSMISSAO S.A.;449779;JUL;1;Serviço;Despesa orçamentária;1;4880;FORNECIMENTO DE ENERGIA ELETRICA EM MEDIA TENSAO;1,00 MES;4031;3969;1,0;5274,09;5274,09
1030 - TRIBUNAL DE JUSTICA DO ESTADO DE MINAS GERAIS;Nota fiscal;06.981.176/0001-58;CEMIG GERACAO E TRANSMISSAO S.A.;449780;JUL;1;Serviço;Despesa orçamentária;1;4880;FORNECIMENTO DE ENERGIA ELETRICA EM MEDIA TENSAO;1,00 MES;4031;3969;1,0;3509,07;3509,07
1260 - SECRETARIA DE ESTADO DE EDUCACAO;Outros;33.224.254/0001-42;MGS MINAS GERAIS ADMINISTRACAO E SERVICOS S/A;705458;;1;Serviço;Despesa orçamentária;1;66311;VALE-ALIMENTACAO - MGS;1,00 UNIDADE;1261;3705;1,0;3425,05;3425,05
2270 - FUNDACAO HOSPITALAR DO ESTADO DE MINAS GERAIS;Nota fiscal;35.820.448/0030-70;WHITE MARTINS GASES INDUSTRIAIS LTDA;44;668;1;Consumo;Despesa orçamentária;1;1083678;"OXIGENIO -  TIPO:   MEDICINAL LIQUEFEITO, GRAU DE PUREZA: MINIMO 99,5%; ARMAZENAMENTO:   EM TANQUE CRIOGENICO DE OXIGENIO MEDICINAL; FORMULA MOLECULAR:   O2; PESO MOLECULAR:   32,00; APARENCIA E ODOR:   GAS INCOLOR E INODORO; FINALIDADE:   RESP. HUMANA, OXIGENOTERAPIA, TERAPIA HIPERBARICA;";METRO CUBICO;2271;3013;8960,0;1,26;11289,6
1320 - SECRETARIA DE ESTADO DA SAUDE;Nota fiscal;09.400.443/0001-44;OFICIAL PAPER INDUSTRIA E COMERCIO LTDA;13931;1;1;Consumo;Despesa orçamentária;1;1854631;"PAPEL TOALHA -  FOLHA:   DUPLA; APRESENTACAO:   EMBALAGEM 1.000 FOLHAS; ACABAMENTO:   LISO; TIPO:   INTERFOLHADO, 2 DOBRAS; COMPOSICAO:   100% CELULOSE VIRGEM, BRANCA; DIMENSOES (L X C ):   20 CM X 21 CM;";EMBALAGEM;4291;3017;100,0;10,15;1015,0
2350 - UNIVERSIDADE DO ESTADO DE MINAS GERAIS;Nota fiscal;33.224.254/0001-42;MGS MINAS GERAIS ADMINISTRACAO E SERVICOS S/A;202632051;1;1;Serviço;Despesa orçamentária;1;66290;ACERTOS RETROATIVOS;1,00 UNIDADE;2351;3705;1,0;46,55;46,55
1260 - SECRETARIA DE ESTADO DE EDUCACAO;Nota fiscal;33.224.254/0001-42;MGS MINAS GERAIS ADMINISTRACAO E SERVICOS S/A;32101;E;1;Serviço;Despesa orçamentária;1;64459;DIARIA DE VIAGEM;1,00 UNIDADE;1261;3705;1,0;9107,98;9107,98
2270 - FUNDACAO HOSPITALAR DO ESTADO DE MINAS GERAIS;Nota fiscal;35.820.448/0030-70;WHITE MARTINS GASES INDUSTRIAIS LTDA;123;620;1;Consumo;Despesa orçamentária;1;1083678;"OXIGENIO -  TIPO:   MEDICINAL LIQUEFEITO, GRAU DE PUREZA: MINIMO 99,5%; ARMAZENAMENTO:   EM TANQUE CRIOGENICO DE OXIGENIO MEDICINAL; FORMULA MOLECULAR:   O2; PESO MOLECULAR:   32,00; APARENCIA E ODOR:   GAS INCOLOR E INODORO; FINALIDADE:   RESP. HUMANA, OXIGENOTERAPIA, TERAPIA HIPERBARICA;";METRO CUBICO;2271;3013;4267,0;1,26;5376,42
1260 - SECRETARIA DE ESTADO DE EDUCACAO;Nota fiscal;33.224.254/0001-42;MGS MINAS GERAIS ADMINISTRACAO E SERVICOS S/A;32038;;1;Serviço;Despesa orçamentária;1;64459;DIARIA DE VIAGEM;1,00 UNIDADE;1261;3705;1,0;530,64;530,64
1450 - SECRETARIA DE ESTADO DE JUSTICA E SEGURANCA PUBLIC;Nota fiscal;05.151.226/0001-07;EXPRESSO MINAS FRIOS LTDA;89232;2;1;Serviço;Despesa orçamentária;1;2461;SERVICO DE TRANSPORTE DE CARGA VIA RODOVIA;1,00 UNIDADE;1451;3906;569,0;8,75;4978,75
1370 - SECRETARIA ESTADO DE MEIO AMB.DESENV SUSTENTAVEL;Nota fiscal;04.103.550/0001-97;EDS - ENERGIA E DESENVOLVIMENTO SUSTENTAVEL LTDA;916;;1;Serviço;Despesa orçamentária;1;110396;CONTRATACAO DE SERVICOS DE IMPLANTACAO DE SISTEMAS DE DESSALINIZACAO, INCLUI MANUTENCAO E CAPACITACAO OPERADORES;1,00 UNIDADE;1371;3973;1,0;6784,92;6784,92
1260 - SECRETARIA DE ESTADO DE EDUCACAO;Nota fiscal;33.224.254/0001-42;MGS MINAS GERAIS ADMINISTRACAO E SERVICOS S/A;32100;E;1;Serviço;Despesa orçamentária;1;106399;ANALISTA  ESPECIALIZADO  EM INFRAESTRUTURA - 30H, 36H, 40H  OU 44H;CARGA HORARIA 40,00 HORAS POR SEMANA;1261;3704;2,0;27137,94;54275,88
1260 - SECRETARIA DE ESTADO DE EDUCACAO;Nota fiscal;33.224.254/0001-42;MGS MINAS GERAIS ADMINISTRACAO E SERVICOS S/A;32100;E;1;Serviço;Despesa orçamentária;2;63525;PORTEIRO - 30H, 40H OU 44H;CARGA HORARIA 40,00 HORAS POR SEMANA;1261;3704;1,0;5192,01;5192,01
1260 - SECRETARIA DE ESTADO DE EDUCACAO;Nota fiscal;33.224.254/0001-42;MGS MINAS GERAIS ADMINISTRACAO E SERVICOS S/A;32100;E;1;Serviço;Despesa orçamentária;3;63339;SUPORTE ADMINISTRATIVO - 30H, 36H, 40H OU 44H;CARGA HORARIA 40,00 HORAS POR SEMANA;1261;3704;3,19;6394,3134;20397,86
1260 - SECRETARIA DE ESTADO DE EDUCACAO;Nota fiscal;33.224.254/0001-42;MGS MINAS GERAIS ADMINISTRACAO E SERVICOS S/A;32100;E;1;Serviço;Despesa orçamentária;4;63363;MOTORISTA DE VEICULO DE SERVICO - 44H;CARGA HORARIA 44,00 HORAS POR SEMANA;1261;3704;0,9;6481,0444;5832,94
2270 - FUNDACAO HOSPITALAR DO ESTADO DE MINAS GERAIS;Outros;17.983.226/0001-52;4TECH MANUTENCAO LABORATORIAL, REFRIGERACAO E HOSPITALAR LTDA;684;1;1;Serviço;Despesa orçamentária;1;114570;SERVICO DE MANUTENCAO PREVENTIVA E CORRETIVA EM EQUIPAMENTOS MEDICO-HOSPITALARES, INCLUINDO O FORNECIMENTO DE PECAS;1,00 UNIDADE;2271;3921;1,0;775,0;775,0
1190 - SECRETARIA DE ESTADO DE FAZENDA DE MINAS GERAIS;Nota fiscal;19.201.128/0001-41;ASSOCIACAO PROFISSIONALIZANTE DO MENOR DE BELO HORIZONTE -ASSPROM;2830;;1;Serviço;Despesa orçamentária;1;68080;CONTRATACAO DE SERVICOS DO ADOLESCENTE TRABALHADOR, ATRAVES DA ASSOCIACAO PROFISSIONALIZANTE DO MENOR - ASSPROM;1,00 UNIDADE;1191;3702;1,0;8076,37;8076,37
2350 - UNIVERSIDADE DO ESTADO DE MINAS GERAIS;Nota fiscal;33.224.254/0001-42;MGS MINAS GERAIS ADMINISTRACAO E SERVICOS S/A;2026705745;;1;Serviço;Despesa orçamentária;1;66290;ACERTOS RETROATIVOS;1,00 UNIDADE;2351;3705;1,0;3,11;3,11
1260 - SECRETARIA DE ESTADO DE EDUCACAO;Nota fiscal;49.397.537/0001-26;IMPORT TECH COMERCIO IMPORTACAO E EXPORTACAO LTDA;1092;1;1;Consumo;Despesa extra orçamentária;1;1983520;"KIT DE MATERIAL ESCOLAR (DISTRIBUICAO GRATUITA) -  COMPONENTES:   1 MOCHILA ESCOLAR; COMPONENTES (2):   1 ESTOJO ESCOLAR;";UNIDADE;1261;3007;465,0;34,0;15810,0
1320 - SECRETARIA DE ESTADO DA SAUDE;Nota fiscal;33.224.254/0001-42;MGS MINAS GERAIS ADMINISTRACAO E SERVICOS S/A;31963;1;1;Serviço;Despesa orçamentária;1;4642;SERVICOS DE VIGILANCIA DESARMADA;1,00 UNIDADE;4291;3704;1,0;421529,13;421529,13
2010 - INST.DE PREVIDENCIA DOS SERVIDORES DO EST.M.GERAIS;Outros;33.224.254/0001-42;MGS MINAS GERAIS ADMINISTRACAO E SERVICOS S/A;705674;;1;Serviço;Despesa orçamentária;1;66311;VALE-ALIMENTACAO - MGS;1,00 UNIDADE;2011;3705;1,0;1891,64;1891,64
2270 - FUNDACAO HOSPITALAR DO ESTADO DE MINAS GERAIS;Nota fiscal;20.858.411/0001-20;AMGS COMERCIO E REPRESENTACOES LTDA;645152;2;1;Consumo;Despesa orçamentária;1;543152;"PLACA DE FIXACAO USO MEDICO CIRURGICO -  IDENTIFICACAO:   TUBULAR 1/3, PARA PARAFUSO DE 3,5MM; MATERIA-PRIMA:   ACO INOXIDAVEL;";1,00 UNIDADE;2271;3010;1,0;193,87;193,87
2010 - INST.DE PREVIDENCIA DOS SERVIDORES DO EST.M.GERAIS;Outros;33.224.254/0001-42;MGS MINAS GERAIS ADMINISTRACAO E SERVICOS S/A;705673;;1;Serviço;Despesa orçamentária;1;155250;CARTAO CESTA BASICA - MGS;1,00 UNIDADE;2011;3705;1,0;545,46;545,46
1260 - SECRETARIA DE ESTADO DE EDUCACAO;Nota fiscal;49.397.537/0001-26;IMPORT TECH COMERCIO IMPORTACAO E EXPORTACAO LTDA;1094;1;1;Consumo;Despesa extra orçamentária;1;1983520;"KIT DE MATERIAL ESCOLAR (DISTRIBUICAO GRATUITA) -  COMPONENTES:   1 MOCHILA ESCOLAR; COMPONENTES (2):   1 ESTOJO ESCOLAR;";UNIDADE;1261;3007;1066,0;34,0;36244,0
1260 - SECRETARIA DE ESTADO DE EDUCACAO;Outros;***.420.536-**;AUREA VIEIRA SANTOS CARVALHO;82026;3;1;Serviço;Despesa orçamentária;1;4065;LOCACAO DE IMOVEL COMERCIAL -;1,00 MES;1261;3611;1,0;499,8;499,8
1260 - SECRETARIA DE ESTADO DE EDUCACAO;Nota fiscal;49.397.537/0001-26;IMPORT TECH COMERCIO IMPORTACAO E EXPORTACAO LTDA;1155;1;1;Consumo;Despesa extra orçamentária;1;1983520;"KIT DE MATERIAL ESCOLAR (DISTRIBUICAO GRATUITA) -  COMPONENTES:   1 MOCHILA ESCOLAR; COMPONENTES (2):   1 ESTOJO ESCOLAR;";UNIDADE;1261;3007;2,0;34,0;68,0
2300 - DEPARTAMENTO DE ESTRADAS DE RODAGEM;Nota fiscal;33.224.254/0001-42;MGS MINAS GERAIS ADMINISTRACAO E SERVICOS S/A;703234;;1;Serviço;Despesa orçamentária;1;155250;CARTAO CESTA BASICA - MGS;1,00 UNIDADE;2301;3705;1,0;927,28;927,28
1030 - TRIBUNAL DE JUSTICA DO ESTADO DE MINAS GERAIS;Nota fiscal;06.981.176/0001-58;CEMIG GERACAO E TRANSMISSAO S.A.;449781;JUL;1;Serviço;Despesa orçamentária;1;4880;FORNECIMENTO DE ENERGIA ELETRICA EM MEDIA TENSAO;1,00 MES;4031;3969;1,0;2909,74;2909,74
1450 - SECRETARIA DE ESTADO DE JUSTICA E SEGURANCA PUBLIC;Nota fiscal;05.151.226/0001-07;EXPRESSO MINAS FRIOS LTDA;89233;2;1;Serviço;Despesa orçamentária;1;2461;SERVICO DE TRANSPORTE DE CARGA VIA RODOVIA;1,00 UNIDADE;1451;3906;178,0;8,75;1557,5
1030 - TRIBUNAL DE JUSTICA DO ESTADO DE MINAS GERAIS;Nota fiscal;06.981.176/0001-58;CEMIG GERACAO E TRANSMISSAO S.A.;449782;JUL;1;Serviço;Despesa orçamentária;1;4880;FORNECIMENTO DE ENERGIA ELETRICA EM MEDIA TENSAO;1,00 MES;4031;3969;1,0;5209,39;5209,39
1450 - SECRETARIA DE ESTADO DE JUSTICA E SEGURANCA PUBLIC;Nota fiscal;05.151.226/0001-07;EXPRESSO MINAS FRIOS LTDA;89234;2;1;Serviço;Despesa orçamentária;1;2461;SERVICO DE TRANSPORTE DE CARGA VIA RODOVIA;1,00 UNIDADE;1451;3906;115,0;8,75;1006,25
2270 - FUNDACAO HOSPITALAR DO ESTADO DE MINAS GERAIS;Nota fiscal;20.858.411/0001-20;AMGS COMERCIO E REPRESENTACOES LTDA;645277;2;1;Consumo;Despesa orçamentária;1;543152;"PLACA DE FIXACAO USO MEDICO CIRURGICO -  IDENTIFICACAO:   TUBULAR 1/3, PARA PARAFUSO DE 3,5MM; MATERIA-PRIMA:   ACO INOXIDAVEL;";1,00 UNIDADE;2271;3010;2,0;193,87;387,74
2270 - FUNDACAO HOSPITALAR DO ESTADO DE MINAS GERAIS;Nota fiscal;20.858.411/0001-20;AMGS COMERCIO E REPRESENTACOES LTDA;645277;2;1;Consumo;Despesa orçamentária;2;16276;"PARAFUSO DE FIXACAO USO MEDICO CIRURGICO -  IDENTIFICACAO:   CANULADO; MATERIA-PRIMA:   ACO INOXIDAVEL; TAMANHO:   3,5MM DE DIAMETRO;";1,00 UNIDADE;2271;3010;2,0;166,73;333,46
1030 - TRIBUNAL DE JUSTICA DO ESTADO DE MINAS GERAIS;Nota fiscal;06.981.176/0001-58;CEMIG GERACAO E TRANSMISSAO S.A.;449783;JUL;1;Serviço;Despesa orçamentária;1;4880;FORNECIMENTO DE ENERGIA ELETRICA EM MEDIA TENSAO;1,00 MES;4031;3969;1,0;5342,89;5342,89
1260 - SECRETARIA DE ESTADO DE EDUCACAO;Outros;***.666.596-**;CELIO FAUSTINO ASSUNPCAO;8;;1;Serviço;Despesa orçamentária;1;4065;LOCACAO DE IMOVEL COMERCIAL -;1,00 MES;1261;3611;1,0;4443,8;4443,8
1260 - SECRETARIA DE ESTADO DE EDUCACAO;Nota fiscal;49.397.537/0001-26;IMPORT TECH COMERCIO IMPORTACAO E EXPORTACAO LTDA;1156;1;1;Consumo;Despesa extra orçamentária;1;1983520;"KIT DE MATERIAL ESCOLAR (DISTRIBUICAO GRATUITA) -  COMPONENTES:   1 MOCHILA ESCOLAR; COMPONENTES (2):   1 ESTOJO ESCOLAR;";UNIDADE;1261;3007;120,0;34,0;4080,0
2270 - FUNDACAO HOSPITALAR DO ESTADO DE MINAS GERAIS;Nota fiscal;82.641.325/0043-77;CREMER S.A.;897039;;1;Consumo;Despesa orçamentária;1;152161;"ATADURA GESSADA -  MEDIDAS:   8 CM X 2 M;";1,00 UNIDADE;2271;3010;40,0;1,97;78,8
1260 - SECRETARIA DE ESTADO DE EDUCACAO;Nota fiscal;49.397.537/0001-26;IMPORT TECH COMERCIO IMPORTACAO E EXPORTACAO LTDA;1129;1;1;Consumo;Despesa extra orçamentária;1;1983520;"KIT DE MATERIAL ESCOLAR (DISTRIBUICAO GRATUITA) -  COMPONENTES:   1 MOCHILA ESCOLAR; COMPONENTES (2):   1 ESTOJO ESCOLAR;";UNIDADE;1261;3007;73,0;34,0;2482,0
2300 - DEPARTAMENTO DE ESTRADAS DE RODAGEM;Nota fiscal;33.224.254/0001-42;MGS MINAS GERAIS ADMINISTRACAO E SERVICOS S/A;703233;;1;Serviço;Despesa orçamentária;1;66311;VALE-ALIMENTACAO - MGS;1,00 UNIDADE;2301;3705;1,0;2512,26;2512,26
1450 - SECRETARIA DE ESTADO DE JUSTICA E SEGURANCA PUBLIC;Nota fiscal;05.151.226/0001-07;EXPRESSO MINAS FRIOS LTDA;89235;2;1;Serviço;Despesa orçamentária;1;2461;SERVICO DE TRANSPORTE DE CARGA VIA RODOVIA;1,00 UNIDADE;1451;3906;64,0;8,75;560,0
1260 - SECRETARIA DE ESTADO DE EDUCACAO;Outros;33.224.254/0001-42;MGS MINAS GERAIS ADMINISTRACAO E SERVICOS S/A;705441;;1;Serviço;Despesa orçamentária;1;155250;CARTAO CESTA BASICA - MGS;1,00 UNIDADE;1261;3705;1,0;909,1;909,1
2270 - FUNDACAO HOSPITALAR DO ESTADO DE MINAS GERAIS;Nota fiscal;20.858.411/0001-20;AMGS COMERCIO E REPRESENTACOES LTDA;645283;2;1;Consumo;Despesa orçamentária;1;283398;"PARAFUSO DE FIXACAO USO MEDICO CIRURGICO -  IDENTIFICACAO:   CANULADO; MATERIA-PRIMA:   ACO INOXIDAVEL; TAMANHO:   4,5MM DE DIAMETRO;";1,00 UNIDADE;2271;3010;3,0;147,9;443,7
1260 - SECRETARIA DE ESTADO DE EDUCACAO;Nota fiscal;49.397.537/0001-26;IMPORT TECH COMERCIO IMPORTACAO E EXPORTACAO LTDA;1130;1;1;Consumo;Despesa extra orçamentária;1;1983520;"KIT DE MATERIAL ESCOLAR (DISTRIBUICAO GRATUITA) -  COMPONENTES:   1 MOCHILA ESCOLAR; COMPONENTES (2):   1 ESTOJO ESCOLAR;";UNIDADE;1261;3007;339,0;34,0;11526,0
2270 - FUNDACAO HOSPITALAR DO ESTADO DE MINAS GERAIS;Nota fiscal;40.772.091/0001-06;TECHSTERI LTDA;13229;1;1;Consumo;Despesa orçamentária;1;1954970;"ESCOVA PARA LIMPEZA DE EQUIPAMENTO HOSPITALAR -  MATERIA-PRIMA:   CERDAS DE NYLON E PLASTICO RESISTENTE; APLICACAO:   LIMPEZA DE INSTRUMENTAIS; TIPO:   REUTILIZAVEL; DIMENSOES:   ATE 20 CM COMPRIMENTO;";1,00 UNIDADE;2271;3010;10,0;13,0;130,0
1450 - SECRETARIA DE ESTADO DE JUSTICA E SEGURANCA PUBLIC;Nota fiscal;05.151.226/0001-07;EXPRESSO MINAS FRIOS LTDA;89236;2;1;Serviço;Despesa orçamentária;1;2461;SERVICO DE TRANSPORTE DE CARGA VIA RODOVIA;1,00 UNIDADE;1451;3906;109,0;8,75;953,75
2270 - FUNDACAO HOSPITALAR DO ESTADO DE MINAS GERAIS;Nota fiscal;20.858.411/0001-20;AMGS COMERCIO E REPRESENTACOES LTDA;645294;2;1;Consumo;Despesa orçamentária;1;537454;"PARAFUSO DE FIXACAO USO MEDICO CIRURGICO -  IDENTIFICACAO:   ASSOCIAVEIS A PLACA, CORTICAL; MATERIA-PRIMA:   ACO INOXIDAVEL; TAMANHO:   3,5MM DE DIAMETRO;";1,00 UNIDADE;2271;3010;1,0;20,04;20,04
2270 - FUNDACAO HOSPITALAR DO ESTADO DE MINAS GERAIS;Nota fiscal;20.858.411/0001-20;AMGS COMERCIO E REPRESENTACOES LTDA;645294;2;1;Consumo;Despesa orçamentária;2;543152;"PLACA DE FIXACAO USO MEDICO CIRURGICO -  IDENTIFICACAO:   TUBULAR 1/3, PARA PARAFUSO DE 3,5MM; MATERIA-PRIMA:   ACO INOXIDAVEL;";1,00 UNIDADE;2271;3010;1,0;193,87;193,87
2270 - FUNDACAO HOSPITALAR DO ESTADO DE MINAS GERAIS;Nota fiscal;20.858.411/0001-20;AMGS COMERCIO E REPRESENTACOES LTDA;645294;2;1;Consumo;Despesa orçamentária;3;1325353;"ARRUELA DE FIXACAO USO MEDICO CIRURGICO -  MATERIA-PRIMA:   ACO INOXIDAVEL; TIPO:   LISA; FINALIDADE:   PARA PARAFUSO 3,5 MM;";1,00 UNIDADE;2271;3010;1,0;10,52;10,52
2270 - FUNDACAO HOSPITALAR DO ESTADO DE MINAS GERAIS;Nota fiscal;19.378.769/0053-05;INSTITUTO HERMES PARDINI S/A;258051;;1;Serviço;Despesa orçamentária;1;97330;CARIOTIPO COM BANDA G ASPIRADO DE MEDULA OSSEA (EXAME DE CARIOTIPAGEM);1,00 UNIDADE;2271;3998;1,0;701,1;701,1
2270 - FUNDACAO HOSPITALAR DO ESTADO DE MINAS GERAIS;Nota fiscal;19.378.769/0053-05;INSTITUTO HERMES PARDINI S/A;258051;;1;Serviço;Despesa orçamentária;2;84352;EXAME DE IMUNOFENOTIPAGEM POR CITOMETRIA DE FLUXO (CMF) DE ASPIRADO MEDULAR;1,00 UNIDADE;2271;3998;1,0;2179,6;2179,6
2270 - FUNDACAO HOSPITALAR DO ESTADO DE MINAS GERAIS;Nota fiscal;19.378.769/0053-05;INSTITUTO HERMES PARDINI S/A;258051;;1;Serviço;Despesa orçamentária;3;115738;EXAME DE TESTE DE DETECCAO DA MUTACAO NO GENE DO FATOR V LEIDEN, PELO METODO DE PCR - SANGUE OU SALIVA;1,00 UNIDADE;2271;3998;1,0;231,9;231,9
2270 - FUNDACAO HOSPITALAR DO ESTADO DE MINAS GERAIS;Nota fiscal;19.378.769/0053-05;INSTITUTO HERMES PARDINI S/A;258051;;1;Serviço;Despesa orçamentária;4;84360;EXAME DE MUTACAO DO GENE DA PROTROMBINA;1,00 UNIDADE;2271;3998;1,0;282,9;282,9
2270 - FUNDACAO HOSPITALAR DO ESTADO DE MINAS GERAIS;Nota fiscal;19.378.769/0053-05;INSTITUTO HERMES PARDINI S/A;258051;;1;Serviço;Despesa orçamentária;5;116335;EXAME DETECCAO POR PCR DO HERPES SIMPLES VIRUS TIPOS I E II, EM MATERIAIS DIVERSOS;1,00 UNIDADE;2271;3998;1,0;183,7;183,7
2270 - FUNDACAO HOSPITALAR DO ESTADO DE MINAS GERAIS;Nota fiscal;19.378.769/0053-05;INSTITUTO HERMES PARDINI S/A;258051;;1;Serviço;Despesa orçamentária;6;84425;EXAME DE IDENTIFICACAO DE MUTACAO JAK2 V617F;1,00 UNIDADE;2271;3998;1,0;591,9;591,9
2270 - FUNDACAO HOSPITALAR DO ESTADO DE MINAS GERAIS;Nota fiscal;19.378.769/0053-05;INSTITUTO HERMES PARDINI S/A;258051;;1;Serviço;Despesa orçamentária;7;115096;EXAME DE DOSAGEM DA PROTEINA CALPROTECTINA EM AMOSTRA EM FEZES;1,00 UNIDADE;2271;3998;1,0;178,4;178,4
2270 - FUNDACAO HOSPITALAR DO ESTADO DE MINAS GERAIS;Nota fiscal;19.378.769/0053-05;INSTITUTO HERMES PARDINI S/A;258051;;1;Serviço;Despesa orçamentária;8;114723;EXAME DE DOSAGEM DE ADENOSINA DEAMINASE (ADA), MATERIAL SORO, LIQUIDO ASCITICO, LIQUIDO PLEURAL ;1,00 UNIDADE;2271;3998;1,0;15,24;15,24
2270 - FUNDACAO HOSPITALAR DO ESTADO DE MINAS GERAIS;Nota fiscal;19.378.769/0053-05;INSTITUTO HERMES PARDINI S/A;258051;;1;Serviço;Despesa orçamentária;9;118320;EXAME DE DETECCAO DE ANTICORPOS ANTIMITOCONDRIA (AMA). ;1,00 UNIDADE;2271;3998;1,0;135,8;135,8
2270 - FUNDACAO HOSPITALAR DO ESTADO DE MINAS GERAIS;Nota fiscal;19.378.769/0053-05;INSTITUTO HERMES PARDINI S/A;258051;;1;Serviço;Despesa orçamentária;10;118370;EXAME DE DETECCAO DE DE ANTICORPOS ANTIMUSCULO LISO (ASMA);1,00 UNIDADE;2271;3998;1,0;92,5;92,5
2270 - FUNDACAO HOSPITALAR DO ESTADO DE MINAS GERAIS;Nota fiscal;19.378.769/0053-05;INSTITUTO HERMES PARDINI S/A;258051;;1;Serviço;Despesa orçamentária;11;115584; EXAME DE DETECCAO DE AUTOANTICORPOS ANTI-DNA DE DUPLA HELICE (ANTI-DSDNA), NO MATERIAL SANGUE;1,00 UNIDADE;2271;3998;1,0;171,6;171,6
2270 - FUNDACAO HOSPITALAR DO ESTADO DE MINAS GERAIS;Nota fiscal;19.378.769/0053-05;INSTITUTO HERMES PARDINI S/A;258051;;1;Serviço;Despesa orçamentária;12;114855;EXAME DE DETECCAO DE ANTICORPOS DA CLASSE IGA ANTI EDOMISIO;1,00 UNIDADE;2271;3998;1,0;15,63;15,63
2270 - FUNDACAO HOSPITALAR DO ESTADO DE MINAS GERAIS;Nota fiscal;19.378.769/0053-05;INSTITUTO HERMES PARDINI S/A;258051;;1;Serviço;Despesa orçamentária;13;115924;EXAME DE DOSAGEM DE ANTICORPOS ANTI-GLIADINA DA CLASSE IGA - SANGUE;1,00 UNIDADE;2271;3998;1,0;43,0;43,0
2270 - FUNDACAO HOSPITALAR DO ESTADO DE MINAS GERAIS;Nota fiscal;19.378.769/0053-05;INSTITUTO HERMES PARDINI S/A;258051;;1;Serviço;Despesa orçamentária;14;85472;EXAME DE ANTICORPOS ANTI-JO1;1,00 UNIDADE;2271;3998;1,0;254,8;254,8
2270 - FUNDACAO HOSPITALAR DO ESTADO DE MINAS GERAIS;Nota fiscal;19.378.769/0053-05;INSTITUTO HERMES PARDINI S/A;258051;;1;Serviço;Despesa orçamentária;15;86231;EXAME DE PAINEL ANTI SINTETASE;1,00 UNIDADE;2271;3998;1,0;2831,4;2831,4
2270 - FUNDACAO HOSPITALAR DO ESTADO DE MINAS GERAIS;Nota fiscal;19.378.769/0053-05;INSTITUTO HERMES PARDINI S/A;258051;;1;Serviço;Despesa orçamentária;16;114693;EXAME DE SANGUE PARA DOSAGEM SERICA DOS ACIDOS BILIARES;1,00 UNIDADE;2271;3998;1,0;76,6;76,6
2270 - FUNDACAO HOSPITALAR DO ESTADO DE MINAS GERAIS;Nota fiscal;19.378.769/0053-05;INSTITUTO HERMES PARDINI S/A;258051;;1;Serviço;Despesa orçamentária;17;114707;EXAME DE SANGUE PARA DOSAGEM DO HORMONIO ADRENOCORTICOTROFICO (ACTH) ;1,00 UNIDADE;2271;3998;1,0;42,0;42,0
2270 - FUNDACAO HOSPITALAR DO ESTADO DE MINAS GERAIS;Nota fiscal;19.378.769/0053-05;INSTITUTO HERMES PARDINI S/A;258051;;1;Serviço;Despesa orçamentária;18;114634;EXAME DE DOSAGEM SERICA DA ENZIMA ALDOLASE;1,00 UNIDADE;2271;3998;1,0;243,8;243,8
2270 - FUNDACAO HOSPITALAR DO ESTADO DE MINAS GERAIS;Nota fiscal;19.378.769/0053-05;INSTITUTO HERMES PARDINI S/A;258051;;1;Serviço;Despesa orçamentária;19;114774;EXAME DE DOSAGEM DO HORMONIO ALDOSTERONA, SINTETIZADO PELO CORTEX SUPRA-RENAL, NO MATERIAL SANGUE ;1,00 UNIDADE;2271;3998;1,0;184,8;184,8
2270 - FUNDACAO HOSPITALAR DO ESTADO DE MINAS GERAIS;Nota fiscal;19.378.769/0053-05;INSTITUTO HERMES PARDINI S/A;258051;;1;Serviço;Despesa orçamentária;20;118389;EXAME DE DETECCAO DE ANTICORPOS ANTI-NEUTROFILOS (C-ANCA E P-ANCA);1,00 UNIDADE;2271;3998;1,0;615,3;615,3
2270 - FUNDACAO HOSPITALAR DO ESTADO DE MINAS GERAIS;Nota fiscal;19.378.769/0053-05;INSTITUTO HERMES PARDINI S/A;258051;;1;Serviço;Despesa orçamentária;21;114804;EXAME DE DOSAGEM SERICA DO HORMONIO ESTEROIDE ANDROGENICO ANDROSTENEDIONA - ANDROSTENEDIONA;1,00 UNIDADE;2271;3998;1,0;11,0;11,0
2270 - FUNDACAO HOSPITALAR DO ESTADO DE MINAS GERAIS;Nota fiscal;19.378.769/0053-05;INSTITUTO HERMES PARDINI S/A;258051;;1;Serviço;Despesa orçamentária;22;114960;EXAME DE DOSAGEM SERICA DE ANTITROMBINA III, GLICOPROTEINA ANTICOAGULANTE NATURAL, QUE INIBE TROMBINA -ANTITROMBINA III;1,00 UNIDADE;2271;3998;1,0;67,6;67,6
2270 - FUNDACAO HOSPITALAR DO ESTADO DE MINAS GERAIS;Nota fiscal;19.378.769/0053-05;INSTITUTO HERMES PARDINI S/A;258051;;1;Serviço;Despesa orçamentária;23;97462;DOSAGEM DE BETA-2-GLICOPROTEINA I, ANTICORPOS IgG E IgM;1,00 UNIDADE;2271;3998;1,0;500,5;500,5
2270 - FUNDACAO HOSPITALAR DO ESTADO DE MINAS GERAIS;Nota fiscal;19.378.769/0053-05;INSTITUTO HERMES PARDINI S/A;258051;;1;Serviço;Despesa orçamentária;24;114995;EXAME DE DOSAGEM SERICA DA PROTEINA BETA 2 MICROGLOBULINA  - BETA 2 MICROGLOBULINA, NO MATERIAL SANGUE;1,00 UNIDADE;2271;3998;1,0;46,2;46,2
2270 - FUNDACAO HOSPITALAR DO ESTADO DE MINAS GERAIS;Nota fiscal;19.378.769/0053-05;INSTITUTO HERMES PARDINI S/A;258051;;1;Serviço;Despesa orçamentária;25;115053;EXAME DE DOSAGEM DO MARCADOR TUMORAL CA 15-3, NO MATERIAL SANGUE;1,00 UNIDADE;2271;3998;1,0;9,1;9,1
2270 - FUNDACAO HOSPITALAR DO ESTADO DE MINAS GERAIS;Nota fiscal;19.378.769/0053-05;INSTITUTO HERMES PARDINI S/A;258051;;1;Serviço;Despesa orçamentária;26;118338;EXAME DE DOSAGEM DO MARCADOR TUMORAL CA 19-9;1,00 UNIDADE;2271;3998;1,0;48,0;48,0
2270 - FUNDACAO HOSPITALAR DO ESTADO DE MINAS GERAIS;Nota fiscal;19.378.769/0053-05;INSTITUTO HERMES PARDINI S/A;258051;;1;Serviço;Despesa orçamentária;27;115126;DOSAGEM DE AUTOANTICORPOS ANTI CARDIOLIPINA DA CLASSE IGA;1,00 UNIDADE;2271;3998;1,0;52,2;52,2
2270 - FUNDACAO HOSPITALAR DO ESTADO DE MINAS GERAIS;Nota fiscal;19.378.769/0053-05;INSTITUTO HERMES PARDINI S/A;258051;;1;Serviço;Despesa orçamentária;28;115169;DOSAGEM DE AUTOANTICORPOS ANTI CARDIOLIPINA DA CLASSE IgG ;1,00 UNIDADE;2271;3998;1,0;165,0;165,0
2270 - FUNDACAO HOSPITALAR DO ESTADO DE MINAS GERAIS;Nota fiscal;19.378.769/0053-05;INSTITUTO HERMES PARDINI S/A;258051;;1;Serviço;Despesa orçamentária;29;115177;DOSAGEM DE AUTOANTICORPOS ANTI CARDIOLIPINA DA CLASSE IgM;1,00 UNIDADE;2271;3998;1,0;168,0;168,0
2270 - FUNDACAO HOSPITALAR DO ESTADO DE MINAS GERAIS;Nota fiscal;19.378.769/0053-05;INSTITUTO HERMES PARDINI S/A;258051;;1;Serviço;Despesa orçamentária;30;83194;EXAME DE CARIOTIPAGEM COM BANDAMENTO G (SANGUE);1,00 UNIDADE;2271;3998;1,0;1335,6;1335,6
2270 - FUNDACAO HOSPITALAR DO ESTADO DE MINAS GERAIS;Nota fiscal;19.378.769/0053-05;INSTITUTO HERMES PARDINI S/A;258051;;1;Serviço;Despesa orçamentária;31;85464;EXAME DE ANTICORPOS ANTI-CCP;1,00 UNIDADE;2271;3998;1,0;527,8;527,8
2270 - FUNDACAO HOSPITALAR DO ESTADO DE MINAS GERAIS;Nota fiscal;19.378.769/0053-05;INSTITUTO HERMES PARDINI S/A;258051;;1;Serviço;Despesa orçamentária;32;115304;DOSAGEM DA PROTEINA CERULOPLASMINA, PRODUZIDA NO FIGADO E ENVOLVIDA NO TRANSPORTE DO COBRE PLASMÁTICO;1,00 UNIDADE;2271;3998;1,0;37,2;37,2
2270 - FUNDACAO HOSPITALAR DO ESTADO DE MINAS GERAIS;Nota fiscal;19.378.769/0053-05;INSTITUTO HERMES PARDINI S/A;258051;;1;Serviço;Despesa orçamentária;33;86223;EXAME DE DOSAGEM DE COBRE - SERICO;1,00 UNIDADE;2271;3998;1,0;19,8;19,8
2270 - FUNDACAO HOSPITALAR DO ESTADO DE MINAS GERAIS;Nota fiscal;19.378.769/0053-05;INSTITUTO HERMES PARDINI S/A;258051;;1;Serviço;Despesa orçamentária;34;115576;EXAME DE DOSAGEM SERICA DO HORMONIO ANDROGENO DIHIDROTESTOSTERONA (DHT), NO MATERIAL SANGUE;1,00 UNIDADE;2271;3998;1,0;166,0;166,0
2270 - FUNDACAO HOSPITALAR DO ESTADO DE MINAS GERAIS;Nota fiscal;19.378.769/0053-05;INSTITUTO HERMES PARDINI S/A;258051;;1;Serviço;Despesa orçamentária;35;114820;EXAME DE DOSAGEM DA ENZIMA CONVERSORA DA ANGIOTENSINA (ECA) OU PEPTIDIL DIPEPTIDASE - ANGIOTENSINA, ENZIMA CONVERSORA;1,00 UNIDADE;2271;3998;1,0;107,4;107,4
2270 - FUNDACAO HOSPITALAR DO ESTADO DE MINAS GERAIS;Nota fiscal;19.378.769/0053-05;INSTITUTO HERMES PARDINI S/A;258051;;1;Serviço;Despesa orçamentária;36;115606;EXAME DE ELETROFORESE DE HEMOGLOBINAS COMO IMPORTANTE METODO DIAGNOSTICO DAS ANEMIAS HEMOLITICAS E TALASSEMIAS;1,00 UNIDADE;2271;3998;1,0;148,8;148,8
2270 - FUNDACAO HOSPITALAR DO ESTADO DE MINAS GERAIS;Nota fiscal;19.378.769/0053-05;INSTITUTO HERMES PARDINI S/A;258051;;1;Serviço;Despesa orçamentária;37;115614;EXAME DE ELETROFORESE DE PROTEINAS DE ALTA RESOLUCAO EM AMOSTRAS DE SANGUE;1,00 UNIDADE;2271;3998;1,0;230,0;230,0
2270 - FUNDACAO HOSPITALAR DO ESTADO DE MINAS GERAIS;Nota fiscal;19.378.769/0053-05;INSTITUTO HERMES PARDINI S/A;258051;;1;Serviço;Despesa orçamentária;38;114871;EXAME DE SANGUE PARA DETECCAO DE ANTICORPOS DA CLASSE IGM ESPECIFICOS CONTRA O VIRUS EPSTEIN BARR (EBV);1,00 UNIDADE;2271;3998;1,0;216,7;216,7
2270 - FUNDACAO HOSPITALAR DO ESTADO DE MINAS GERAIS;Nota fiscal;19.378.769/0053-05;INSTITUTO HERMES PARDINI S/A;258051;;1;Serviço;Despesa orçamentária;39;115061;EXAME DE DETECCAO DE ANTICORPOS DA CLASSE IGG ESPECIFICOS CONTRA O VIRUS EPSTEIN BARR (EBV);1,00 UNIDADE;2271;3998;1,0;136,0;136,0
2270 - FUNDACAO HOSPITALAR DO ESTADO DE MINAS GERAIS;Nota fiscal;19.378.769/0053-05;INSTITUTO HERMES PARDINI S/A;258051;;1;Serviço;Despesa orçamentária;40;118753;EXAME DE DETECCAO DE ANTICORPOS IGG ANTI TREPONEMICOS ESPECIFICOS PARA A SIFILIS (TREPONEMA PALLIDUM) EM AMOSTRA DE SORO;1,00 UNIDADE;2271;3998;1,0;110,4;110,4
2270 - FUNDACAO HOSPITALAR DO ESTADO DE MINAS GERAIS;Nota fiscal;19.378.769/0053-05;INSTITUTO HERMES PARDINI S/A;258051;;1;Serviço;Despesa orçamentária;41;118761;EXAME DE DETECCAO DE ANTICORPOS IGM ANTI TREPONEMICOS ESPECIFICOS PARA A SIFILIS (TREPONEMA PALLIDUM) EM AMOSTRA DE SORO;1,00 UNIDADE;2271;3998;1,0;36,6;36,6
2270 - FUNDACAO HOSPITALAR DO ESTADO DE MINAS GERAIS;Nota fiscal;19.378.769/0053-05;INSTITUTO HERMES PARDINI S/A;258051;;1;Serviço;Despesa orçamentária;42;97489;DOSAGEM DE FATOR VIII DA COAGULACAO;1,00 UNIDADE;2271;3998;1,0;63,6;63,6
2270 - FUNDACAO HOSPITALAR DO ESTADO DE MINAS GERAIS;Nota fiscal;19.378.769/0053-05;INSTITUTO HERMES PARDINI S/A;258051;;1;Serviço;Despesa orçamentária;43;115894;EXAME DE DOSAGEM DE ANTICORPOS ANTI-GAD (ANTI-DESCARBOXILASE DO ACIDO GLUTAMICO) - MATERIAL SANGUE;1,00 UNIDADE;2271;3998;1,0;137,8;137,8
2270 - FUNDACAO HOSPITALAR DO ESTADO DE MINAS GERAIS;Nota fiscal;19.378.769/0053-05;INSTITUTO HERMES PARDINI S/A;258051;;1;Serviço;Despesa orçamentária;44;115690;EXAME DE DETECCAO ANTICORPOS ANTI-NUCLEAR (HEP2) - FAN - MATERIAL SANGUE;1,00 UNIDADE;2271;3998;1,0;638,4;638,4
2270 - FUNDACAO HOSPITALAR DO ESTADO DE MINAS GERAIS;Nota fiscal;19.378.769/0053-05;INSTITUTO HERMES PARDINI S/A;258051;;1;Serviço;Despesa orçamentária;45;116394;EXAME DE DOSAGEM SERICA DO AMINOACIDO HOMOCISTEINA, NO MATERIAL SANGUE;1,00 UNIDADE;2271;3998;1,0;186,3;186,3
2270 - FUNDACAO HOSPITALAR DO ESTADO DE MINAS GERAIS;Nota fiscal;19.378.769/0053-05;INSTITUTO HERMES PARDINI S/A;258051;;1;Serviço;Despesa orçamentária;46;116327;EXAME DE DETECCAO DE ANTICORPOS DA CLASSE IgG CONTRA O VIRUS HERPES I E II EM AMOSTRAS SERICAS, NO MATERIAL SANGUE;1,00 UNIDADE;2271;3998;1,0;28,0;28,0
2270 - FUNDACAO HOSPITALAR DO ESTADO DE MINAS GERAIS;Nota fiscal;19.378.769/0053-05;INSTITUTO HERMES PARDINI S/A;258051;;1;Serviço;Despesa orçamentária;47;116343;EXAME DE DETECCAO DE ANTICORPOS DA CLASSE IgM CONTRA O VIRUS HERPES I E II EM AMOSTRAS SERICAS, NO MATERIAL SANGUE;1,00 UNIDADE;2271;3998;1,0;28,4;28,4
2270 - FUNDACAO HOSPITALAR DO ESTADO DE MINAS GERAIS;Nota fiscal;19.378.769/0053-05;INSTITUTO HERMES PARDINI S/A;258051;;1;Serviço;Despesa orçamentária;48;116513;ENSAIO DE LIBERACAO DO INTERFERON-GAMA (INTERFERON-GAMMA RELEASE ASSAYS, IGRA);1,00 UNIDADE;2271;3998;1,0;450,8;450,8
2270 - FUNDACAO HOSPITALAR DO ESTADO DE MINAS GERAIS;Nota fiscal;19.378.769/0053-05;INSTITUTO HERMES PARDINI S/A;258051;;1;Serviço;Despesa orçamentária;49;86134;EXAME DE DOSAGEM DE IMUNIGLOBULINA E;1,00 UNIDADE;2271;3998;1,0;238,8;238,8
2270 - FUNDACAO HOSPITALAR DO ESTADO DE MINAS GERAIS;Nota fiscal;19.378.769/0053-05;INSTITUTO HERMES PARDINI S/A;258051;;1;Serviço;Despesa orçamentária;50;85391;EXAME DE IMUNOFIXACAO DE PROTEINAS SERICAS;1,00 UNIDADE;2271;3998;1,0;140,98;140,98
2270 - FUNDACAO HOSPITALAR DO ESTADO DE MINAS GERAIS;Nota fiscal;19.378.769/0053-05;INSTITUTO HERMES PARDINI S/A;258051;;1;Serviço;Despesa orçamentária;51;116580;EXAME DE DETECCAO DE ANTICORPOS ANTI-LKM1, NO MATERIAL SANGUE;1,00 UNIDADE;2271;3998;1,0;77,6;77,6
2270 - FUNDACAO HOSPITALAR DO ESTADO DE MINAS GERAIS;Nota fiscal;19.378.769/0053-05;INSTITUTO HERMES PARDINI S/A;258051;;1;Serviço;Despesa orçamentária;52;114880;EXAME DE DOSAGEM SERICA DE ANTICOAGULANTE LUPICO - ANTICOAGULANTE LUPICO, NO MATERIAL SANGUE;1,00 UNIDADE;2271;3998;1,0;150,4;150,4
2270 - FUNDACAO HOSPITALAR DO ESTADO DE MINAS GERAIS;Nota fiscal;19.378.769/0053-05;INSTITUTO HERMES PARDINI S/A;258051;;1;Serviço;Despesa orçamentária;53;118877;EXAME DE DOSAGEM DE ANTICORPOS ANTI-TPO (PEROXIDASE TIREOIDIANO) ANTICORPO ANTI MICROSSOMAL OU ANTICORPO ANTI-PEROXIDASE;1,00 UNIDADE;2271;3998;1,0;60,84;60,84
2270 - FUNDACAO HOSPITALAR DO ESTADO DE MINAS GERAIS;Nota fiscal;19.378.769/0053-05;INSTITUTO HERMES PARDINI S/A;258051;;1;Serviço;Despesa orçamentária;54;86118;EXAME DE DOSAGEM DE PEPTIDEO C;1,00 UNIDADE;2271;3998;1,0;11,3;11,3
2270 - FUNDACAO HOSPITALAR DO ESTADO DE MINAS GERAIS;Nota fiscal;19.378.769/0053-05;INSTITUTO HERMES PARDINI S/A;258051;;1;Serviço;Despesa orçamentária;55;118605;EXAME DE DOSAGEM DO HORMONIO PROGESTERONA;1,00 UNIDADE;2271;3998;1,0;7,0;7,0
2270 - FUNDACAO HOSPITALAR DO ESTADO DE MINAS GERAIS;Nota fiscal;19.378.769/0053-05;INSTITUTO HERMES PARDINI S/A;258051;;1;Serviço;Despesa orçamentária;56;118621;EXAME DE DETERMINACAO DA ATIVIDADE DA PROTEINA C DA COAGULACAO;1,00 UNIDADE;2271;3998;1,0;25,6;25,6
2270 - FUNDACAO HOSPITALAR DO ESTADO DE MINAS GERAIS;Nota fiscal;19.378.769/0053-05;INSTITUTO HERMES PARDINI S/A;258051;;1;Serviço;Despesa orçamentária;57;118664;EXAME DE DETERMINACAO DA ATIVIDADE DA PROTEINA S DA COAGULACAO;1,00 UNIDADE;2271;3998;1,0;251,2;251,2
2270 - FUNDACAO HOSPITALAR DO ESTADO DE MINAS GERAIS;Nota fiscal;19.378.769/0053-05;INSTITUTO HERMES PARDINI S/A;258051;;1;Serviço;Despesa orçamentária;58;114987;EXAME DE DETERMINACAO DA ATIVIDADE PLASMATICA DA RENINA - ATIVIDADE PLASMATICA DA RENINA, NO MATERIAL SANGUE;1,00 UNIDADE;2271;3998;1,0;337,6;337,6
2270 - FUNDACAO HOSPITALAR DO ESTADO DE MINAS GERAIS;Nota fiscal;19.378.769/0053-05;INSTITUTO HERMES PARDINI S/A;258051;;1;Serviço;Despesa orçamentária;59;97411;TESTE DE ATIVIDADE DE COFATOR DA RISTOCETINA  (WILLEBRAND);1,00 UNIDADE;2271;3998;1,0;120,8;120,8
2270 - FUNDACAO HOSPITALAR DO ESTADO DE MINAS GERAIS;Nota fiscal;19.378.769/0053-05;INSTITUTO HERMES PARDINI S/A;258051;;1;Serviço;Despesa orçamentária;60;118770;EXAME DE DETECCAO DE ANTICORPOS ANTI-RNP DIRIGIDO CONTRA A FRACAO NUCLEAR DAS RIBONUCLEOPROTEINAS (SN-RNP);1,00 UNIDADE;2271;3998;1,0;52,2;52,2
2270 - FUNDACAO HOSPITALAR DO ESTADO DE MINAS GERAIS;Nota fiscal;19.378.769/0053-05;INSTITUTO HERMES PARDINI S/A;258051;;1;Serviço;Despesa orçamentária;61;86258;EXAME DE ANTICORPOS ANTI-SC70;1,00 UNIDADE;2271;3998;1,0;127,4;127,4
2270 - FUNDACAO HOSPITALAR DO ESTADO DE MINAS GERAIS;Nota fiscal;19.378.769/0053-05;INSTITUTO HERMES PARDINI S/A;258051;;1;Serviço;Despesa orçamentária;62;115525;EXAME DE DOSAGEM DE SULFATO DE DEHIDROEPIANDOSTERONA (SDHEA), NO MATERIAL SANGUE;1,00 UNIDADE;2271;3998;1,0;21,6;21,6
2270 - FUNDACAO HOSPITALAR DO ESTADO DE MINAS GERAIS;Nota fiscal;19.378.769/0053-05;INSTITUTO HERMES PARDINI S/A;258051;;1;Serviço;Despesa orçamentária;63;118931;EXAME DE DETECCAO DE ANTICORPOS CONTRA O ANTIGENO SM (SMITH);1,00 UNIDADE;2271;3998;1,0;68,4;68,4
2270 - FUNDACAO HOSPITALAR DO ESTADO DE MINAS GERAIS;Nota fiscal;19.378.769/0053-05;INSTITUTO HERMES PARDINI S/A;258051;;1;Serviço;Despesa orçamentária;64;118940;EXAME DE DETECCAO DE ANTICORPOS CONTRA O ANTIGENO SSA/RO;1,00 UNIDADE;2271;3998;1,0;391,0;391,0
2270 - FUNDACAO HOSPITALAR DO ESTADO DE MINAS GERAIS;Nota fiscal;19.378.769/0053-05;INSTITUTO HERMES PARDINI S/A;258051;;1;Serviço;Despesa orçamentária;65;118958;EXAME DE DOSAGEM DE AUTO ANTICORPOS ANTI ANTIGENO SSB/LA;1,00 UNIDADE;2271;3998;1,0;342,0;342,0
2270 - FUNDACAO HOSPITALAR DO ESTADO DE MINAS GERAIS;Nota fiscal;19.378.769/0053-05;INSTITUTO HERMES PARDINI S/A;258051;;1;Serviço;Despesa orçamentária;66;118893;EXAME DE DOSAGEM DE ANTICORPOS ANTICORPO ANTI-TIREOIDIANO OU ANTI-TIREOGLOBULINA;1,00 UNIDADE;2271;3998;1,0;14,6;14,6
2270 - FUNDACAO HOSPITALAR DO ESTADO DE MINAS GERAIS;Nota fiscal;19.378.769/0053-05;INSTITUTO HERMES PARDINI S/A;258051;;1;Serviço;Despesa orçamentária;67;95052;EXAMDE DE DOSAGEM DE TESTOSTERONA LIVRE ;1,00 UNIDADE;2271;3998;1,0;47,6;47,6
2270 - FUNDACAO HOSPITALAR DO ESTADO DE MINAS GERAIS;Nota fiscal;19.378.769/0053-05;INSTITUTO HERMES PARDINI S/A;258051;;1;Serviço;Despesa orçamentária;68;114898;EXAME DE DETECCAO DE ANTICORPOS ANTI TRANSGLUTAMINASE TECIDUAL DA CLASSEI ANTICORPOS ANTI-TRANSGLUTAMINASE TECIDUAL- IGA;1,00 UNIDADE;2271;3998;1,0;14,45;14,45
2270 - FUNDACAO HOSPITALAR DO ESTADO DE MINAS GERAIS;Nota fiscal;19.378.769/0053-05;INSTITUTO HERMES PARDINI S/A;258051;;1;Serviço;Despesa orçamentária;69;118559;EXAME DE DETECCAO DE ANTICORPOS ESPECIFICOS DA CLASSE IGG CONTRA VARICELA ZOSTER;1,00 UNIDADE;2271;3998;1,0;22,4;22,4
2270 - FUNDACAO HOSPITALAR DO ESTADO DE MINAS GERAIS;Nota fiscal;19.378.769/0053-05;INSTITUTO HERMES PARDINI S/A;258051;;1;Serviço;Despesa orçamentária;70;118540;EXAME DE DETECCAO DE ANTICORPOS ESPECIFICOS DA CLASSE IGM CONTRA VARICELA ZOSTER;1,00 UNIDADE;2271;3998;1,0;22,4;22,4
2270 - FUNDACAO HOSPITALAR DO ESTADO DE MINAS GERAIS;Nota fiscal;19.378.769/0053-05;INSTITUTO HERMES PARDINI S/A;258051;;1;Serviço;Despesa orçamentária;71;97470;DOSAGEM DE FATOR DE VON WILLERBRAND (ANTIGENICO);1,00 UNIDADE;2271;3998;1,0;55,6;55,6
2270 - FUNDACAO HOSPITALAR DO ESTADO DE MINAS GERAIS;Nota fiscal;19.378.769/0053-05;INSTITUTO HERMES PARDINI S/A;258051;;1;Serviço;Despesa orçamentária;72;115258; EXAME DE DOSAGEM URINARIA DE CATECOLAMINAS (ADRENALINA, NORADRENALINA E DOPAMINA) POR CROMATOGRAFIA;1,00 UNIDADE;2271;3998;1,0;64,9;64,9
2270 - FUNDACAO HOSPITALAR DO ESTADO DE MINAS GERAIS;Nota fiscal;19.378.769/0053-05;INSTITUTO HERMES PARDINI S/A;258051;;1;Serviço;Despesa orçamentária;73;115436;EXAME DE DOSAGEM DO HORMONIO CORTISOL LIVRE EM AMOSTRA, NO MATERIAL URINA 24H;1,00 UNIDADE;2271;3998;1,0;47,1;47,1
2270 - FUNDACAO HOSPITALAR DO ESTADO DE MINAS GERAIS;Nota fiscal;19.378.769/0053-05;INSTITUTO HERMES PARDINI S/A;258051;;1;Serviço;Despesa orçamentária;74;85405;EXAME DE ELETROFORESE DE PROTEINAS URINARIAS;1,00 UNIDADE;2271;3998;1,0;156,6;156,6
2270 - FUNDACAO HOSPITALAR DO ESTADO DE MINAS GERAIS;Nota fiscal;19.378.769/0053-05;INSTITUTO HERMES PARDINI S/A;258051;;1;Serviço;Despesa orçamentária;75;85413;EXAME DE IMUNOFIXACAO DE PROTEINAS URINARIAS;1,00 UNIDADE;2271;3998;1,0;273,4;273,4
2270 - FUNDACAO HOSPITALAR DO ESTADO DE MINAS GERAIS;Nota fiscal;19.378.769/0053-05;INSTITUTO HERMES PARDINI S/A;258051;;1;Serviço;Despesa orçamentária;76;116599;EXAME DE DOSAGEM DE METANEFRINA E NORMETANEFRINA (METANEFRINAS), FRACOES NO MATERIAL URINA 24 HORAS;1,00 UNIDADE;2271;3998;1,0;68,7;68,7
2270 - FUNDACAO HOSPITALAR DO ESTADO DE MINAS GERAIS;Nota fiscal;19.378.769/0053-05;INSTITUTO HERMES PARDINI S/A;258051;;1;Serviço;Despesa orçamentária;77;84379;EXAME DE PORFOBILINOGENIO DESAMINASE ERITROCITARIA;1,00 UNIDADE;2271;3998;1,0;9,2;9,2
2270 - FUNDACAO HOSPITALAR DO ESTADO DE MINAS GERAIS;Nota fiscal;19.378.769/0053-05;INSTITUTO HERMES PARDINI S/A;258051;;1;Serviço;Despesa orçamentária;78;118583;EXAME DE PESQUISA URINARIA DE UROPORFIRINAS;1,00 UNIDADE;2271;3998;1,0;9,8;9,8
2270 - FUNDACAO HOSPITALAR DO ESTADO DE MINAS GERAIS;Nota fiscal;19.378.769/0053-05;INSTITUTO HERMES PARDINI S/A;258051;;1;Serviço;Despesa orçamentária;79;118400;EXAME PARA  DETERMINACAO DA OSMOLARIDADE NA URINA ;1,00 UNIDADE;2271;3998;1,0;86,9;86,9
1260 - SECRETARIA DE ESTADO DE EDUCACAO;Nota fiscal;49.397.537/0001-26;IMPORT TECH COMERCIO IMPORTACAO E EXPORTACAO LTDA;1132;1;1;Consumo;Despesa extra orçamentária;1;1983520;"KIT DE MATERIAL ESCOLAR (DISTRIBUICAO GRATUITA) -  COMPONENTES:   1 MOCHILA ESCOLAR; COMPONENTES (2):   1 ESTOJO ESCOLAR;";UNIDADE;1261;3007;37,0;34,0;1258,0
2300 - DEPARTAMENTO DE ESTRADAS DE RODAGEM;Nota fiscal;33.224.254/0001-42;MGS MINAS GERAIS ADMINISTRACAO E SERVICOS S/A;30182;E;1;Serviço;Despesa orçamentária;1;106089;AUXILIAR DE LIMPEZA - 22H, 30H, 36H, 40H OU 44H;CARGA HORARIA 40,00 HORAS POR SEMANA;2301;3703;1,0;4164,46;4164,46
2300 - DEPARTAMENTO DE ESTRADAS DE RODAGEM;Nota fiscal;33.224.254/0001-42;MGS MINAS GERAIS ADMINISTRACAO E SERVICOS S/A;30182;E;1;Serviço;Despesa orçamentária;2;105619;SUPORTE ADMINISTRATIVO COM UNIFORME - 30H, 36H, 40H OU 44H ;CARGA HORARIA 40,00 HORAS POR SEMANA;2301;3704;2,0;6436,73;12873,46
2300 - DEPARTAMENTO DE ESTRADAS DE RODAGEM;Nota fiscal;33.224.254/0001-42;MGS MINAS GERAIS ADMINISTRACAO E SERVICOS S/A;30182;E;1;Serviço;Despesa orçamentária;3;63339;SUPORTE ADMINISTRATIVO - 30H, 36H, 40H OU 44H;CARGA HORARIA 40,00 HORAS POR SEMANA;2301;3704;1,0;6395,86;6395,86
2300 - DEPARTAMENTO DE ESTRADAS DE RODAGEM;Nota fiscal;33.224.254/0001-42;MGS MINAS GERAIS ADMINISTRACAO E SERVICOS S/A;30182;E;1;Serviço;Despesa orçamentária;4;64416;PORTEIRO - 12X36 DIURNO - 44H;CARGA HORARIA 44,00 HORAS POR SEMANA;2301;3704;0,8;6258,425;5006,74
2300 - DEPARTAMENTO DE ESTRADAS DE RODAGEM;Nota fiscal;33.224.254/0001-42;MGS MINAS GERAIS ADMINISTRACAO E SERVICOS S/A;30182;E;1;Serviço;Despesa orçamentária;5;64483;ADICIONAL INSALUBRIDADE 40%;1,00 UNIDADE;2301;3705;1,0;1437,38;1437,38
1320 - SECRETARIA DE ESTADO DA SAUDE;Nota fiscal;33.224.254/0001-42;MGS MINAS GERAIS ADMINISTRACAO E SERVICOS S/A;32218;1;1;Serviço;Despesa orçamentária;1;106429;ANALISTA ESPECIALIZADO EM CIENCIAS EXATAS E DA TERRA I- 30H,36H, 40H OU 44H;CARGA HORARIA 40,00 HORAS POR SEMANA;4291;3704;1,0;11052,75;11052,75
1320 - SECRETARIA DE ESTADO DA SAUDE;Nota fiscal;33.224.254/0001-42;MGS MINAS GERAIS ADMINISTRACAO E SERVICOS S/A;32218;1;1;Serviço;Despesa orçamentária;2;63517;TECNICO ESPECIALIZADO - 40H OU 44H;CARGA HORARIA 40,00 HORAS POR SEMANA;4291;3704;3,0;7749,31;23247,93
1320 - SECRETARIA DE ESTADO DA SAUDE;Nota fiscal;33.224.254/0001-42;MGS MINAS GERAIS ADMINISTRACAO E SERVICOS S/A;32218;1;1;Serviço;Despesa orçamentária;3;105651;PORTEIRO (COM SUBSTITUICA) - 30H, 36H, 40H OU 44H;CARGA HORARIA 44,00 HORAS POR SEMANA;4291;3704;2,0;5729,06;11458,12
1320 - SECRETARIA DE ESTADO DA SAUDE;Nota fiscal;33.224.254/0001-42;MGS MINAS GERAIS ADMINISTRACAO E SERVICOS S/A;32218;1;1;Serviço;Despesa orçamentária;4;105678;PORTEIRO (COM SUBSTITUICAO) - 12X36 NOTURNO - 44H;CARGA HORARIA 44,00 HORAS POR SEMANA;4291;3704;2,0;7716,71;15433,42
1320 - SECRETARIA DE ESTADO DA SAUDE;Nota fiscal;33.224.254/0001-42;MGS MINAS GERAIS ADMINISTRACAO E SERVICOS S/A;32218;1;1;Serviço;Despesa orçamentária;5;105660;PORTEIRO (COM SUBSTITUICAO) - 12X36 DIURNO - 44H;CARGA HORARIA 44,00 HORAS POR SEMANA;4291;3704;2,7667;6318,9539;17482,65
1320 - SECRETARIA DE ESTADO DA SAUDE;Nota fiscal;33.224.254/0001-42;MGS MINAS GERAIS ADMINISTRACAO E SERVICOS S/A;32218;1;1;Serviço;Despesa orçamentária;6;63339;SUPORTE ADMINISTRATIVO - 30H, 36H, 40H OU 44H;CARGA HORARIA 40,00 HORAS POR SEMANA;4291;3704;10,2782;6395,8377;65737,7
1320 - SECRETARIA DE ESTADO DA SAUDE;Nota fiscal;33.224.254/0001-42;MGS MINAS GERAIS ADMINISTRACAO E SERVICOS S/A;32218;1;1;Serviço;Despesa orçamentária;7;63886;MOTORISTA DE CAMINHAO - 44H;CARGA HORARIA 44,00 HORAS POR SEMANA;4291;3704;1,7667;6897,7698;12186,29
1320 - SECRETARIA DE ESTADO DA SAUDE;Nota fiscal;33.224.254/0001-42;MGS MINAS GERAIS ADMINISTRACAO E SERVICOS S/A;32218;1;1;Serviço;Despesa orçamentária;8;106267;TRABALHADOR DA MANUTENCAO  PREDIAL E INSTALACOES (PERICULOSIDADE) - 40H OU 44H;CARGA HORARIA 44,00 HORAS POR SEMANA;4291;3703;1,0;8592,96;8592,96
1320 - SECRETARIA DE ESTADO DA SAUDE;Nota fiscal;33.224.254/0001-42;MGS MINAS GERAIS ADMINISTRACAO E SERVICOS S/A;32218;1;1;Serviço;Despesa orçamentária;9;106089;AUXILIAR DE LIMPEZA - 22H, 30H, 36H, 40H OU 44H;CARGA HORARIA 44,00 HORAS POR SEMANA;4291;3703;3,9;4528,6692;17661,81
1320 - SECRETARIA DE ESTADO DA SAUDE;Nota fiscal;33.224.254/0001-42;MGS MINAS GERAIS ADMINISTRACAO E SERVICOS S/A;32218;1;1;Serviço;Despesa orçamentária;10;64483;ADICIONAL INSALUBRIDADE 40%;1,00 UNIDADE;4291;3705;2,8999;1437,4288;4168,4
1320 - SECRETARIA DE ESTADO DA SAUDE;Nota fiscal;33.224.254/0001-42;MGS MINAS GERAIS ADMINISTRACAO E SERVICOS S/A;32218;1;1;Serviço;Despesa orçamentária;11;64475;ADICIONAL INSALUBRIDADE 20%;1,00 UNIDADE;4291;3705;1,0;718,68;718,68
1450 - SECRETARIA DE ESTADO DE JUSTICA E SEGURANCA PUBLIC;Nota fiscal;05.151.226/0001-07;EXPRESSO MINAS FRIOS LTDA;89237;2;1;Serviço;Despesa orçamentária;1;2461;SERVICO DE TRANSPORTE DE CARGA VIA RODOVIA;1,00 UNIDADE;1451;3906;96,0;8,75;840,0
1030 - TRIBUNAL DE JUSTICA DO ESTADO DE MINAS GERAIS;Nota fiscal;06.981.176/0001-58;CEMIG GERACAO E TRANSMISSAO S.A.;449784;JUL;1;Serviço;Despesa orçamentária;1;4880;FORNECIMENTO DE ENERGIA ELETRICA EM MEDIA TENSAO;1,00 MES;4031;3969;1,0;2887,17;2887,17
2270 - FUNDACAO HOSPITALAR DO ESTADO DE MINAS GERAIS;Nota fiscal;24.638.170/0001-64;DISTRIBUIDORA MENDONCA E MIRANDA LTDA;2448;;1;Consumo;Despesa orçamentária;1;1709070;"CABO EQUIPAMENTO/INSTRUMENTO MEDICO-HOSPITALAR -  IDENTIFICACAO:   INTEGRADO ECG 5 VIAS, ADULTO; EQUIPAMENTO:   MONITOR  MULTIPARAMETRO; MARCA/MODELO:   MINDRAY UMEC12/UMEC15; REFERENCIA:   040-000962-00S;";1,00 UNIDADE;2271;3024;10,0;170,03;1700,3
2270 - FUNDACAO HOSPITALAR DO ESTADO DE MINAS GERAIS;Nota fiscal;24.638.170/0001-64;DISTRIBUIDORA MENDONCA E MIRANDA LTDA;2448;;1;Consumo;Despesa orçamentária;2;1593374;"SENSOR PARA EQUIPAMENTO MEDICO-HOSPITALAR -  IDENTIFICACAO: SENSOR DE PE SPO2, NEONATAL, REUTILIZAVEL,TIPO Y, 8 PINOS; EQUIPAMENTO:   CARDIOVERSOR/MONITOR MULTIPARAMETROS; MARCA/MODELO:   PHILIPS/HEARTSTART XL/CM150; REFERENCIA:   M1193A;";1,00 UNIDADE;2271;3024;2,0;212,55;425,1
2270 - FUNDACAO HOSPITALAR DO ESTADO DE MINAS GERAIS;Nota fiscal;24.638.170/0001-64;DISTRIBUIDORA MENDONCA E MIRANDA LTDA;2448;;1;Consumo;Despesa orçamentária;3;1709283;"SENSOR PARA EQUIPAMENTO MEDICO-HOSPITALAR -  MARCA/MODELO:   MINDRAY UMEC 12/UMEC 15; REFERENCIA:   115-020887-00; IDENTIFICACAO: SENSOR INTEGRADO DE SPO2 TIPO Y NEONATAL; EQUIPAMENTO:   MONITOR  MULTIPARAMETRO;";1,00 UNIDADE;2271;3024;5,0;212,55;1062,75
1260 - SECRETARIA DE ESTADO DE EDUCACAO;Nota fiscal;49.397.537/0001-26;IMPORT TECH COMERCIO IMPORTACAO E EXPORTACAO LTDA;1172;1;1;Consumo;Despesa extra orçamentária;1;1983520;"KIT DE MATERIAL ESCOLAR (DISTRIBUICAO GRATUITA) -  COMPONENTES:   1 MOCHILA ESCOLAR; COMPONENTES (2):   1 ESTOJO ESCOLAR;";UNIDADE;1261;3007;315,0;34,0;10710,0
1260 - SECRETARIA DE ESTADO DE EDUCACAO;Outros;***.475.436-**;HAMILTON CARVALHO DOS SANTOS;82026;4;1;Serviço;Despesa orçamentária;1;4065;LOCACAO DE IMOVEL COMERCIAL -;1,00 MES;1261;3611;1,0;2000,4;2000,4
1030 - TRIBUNAL DE JUSTICA DO ESTADO DE MINAS GERAIS;Nota fiscal;06.981.176/0001-58;CEMIG GERACAO E TRANSMISSAO S.A.;449785;JUL;1;Serviço;Despesa orçamentária;1;4880;FORNECIMENTO DE ENERGIA ELETRICA EM MEDIA TENSAO;1,00 MES;4031;3969;1,0;16691,93;16691,93
2100 - INSTITUTO ESTADUAL DE FLORESTAS-IEF;Nota fiscal;33.224.254/0001-42;MGS MINAS GERAIS ADMINISTRACAO E SERVICOS S/A;202600000030123;;1;Serviço;Despesa orçamentária;1;106062;AUXILIAR DE LIMPEZA - 12X36 DIURNO - 44H;CARGA HORARIA 44,00 HORAS POR SEMANA;2101;3703;2,0;4586,66;9173,32
2100 - INSTITUTO ESTADUAL DE FLORESTAS-IEF;Nota fiscal;33.224.254/0001-42;MGS MINAS GERAIS ADMINISTRACAO E SERVICOS S/A;202600000030123;;1;Serviço;Despesa orçamentária;2;95109;AGENTE DE SERVICO DE PARQUE HABILITADO - 44H;CARGA HORARIA 44,00 HORAS POR SEMANA;2101;3704;2,2667;5562,9637;12609,57
2100 - INSTITUTO ESTADUAL DE FLORESTAS-IEF;Nota fiscal;33.224.254/0001-42;MGS MINAS GERAIS ADMINISTRACAO E SERVICOS S/A;202600000030123;;1;Serviço;Despesa orçamentária;3;95117;AGENTE DE SERVICO DE PARQUE HABILITADO - (PERICULOSIDADE) - 44H;CARGA HORARIA 44,00 HORAS POR SEMANA;2101;3704;4,0;7032,26;28129,04
2100 - INSTITUTO ESTADUAL DE FLORESTAS-IEF;Nota fiscal;33.224.254/0001-42;MGS MINAS GERAIS ADMINISTRACAO E SERVICOS S/A;202600000030123;;1;Serviço;Despesa orçamentária;4;63665;ORIENTADOR AMBIENTAL - 40H;CARGA HORARIA 40,00 HORAS POR SEMANA;2101;3704;1,0;6138,68;6138,68
2100 - INSTITUTO ESTADUAL DE FLORESTAS-IEF;Nota fiscal;33.224.254/0001-42;MGS MINAS GERAIS ADMINISTRACAO E SERVICOS S/A;202600000030123;;1;Serviço;Despesa orçamentária;5;106356;ORIENTADOR AMBIENTAL - (PERICULOSIDADE)- 40H e 44 H ;CARGA HORARIA 44,00 HORAS POR SEMANA;2101;3704;1,0;7909,39;7909,39
2100 - INSTITUTO ESTADUAL DE FLORESTAS-IEF;Nota fiscal;33.224.254/0001-42;MGS MINAS GERAIS ADMINISTRACAO E SERVICOS S/A;202600000030123;;1;Serviço;Despesa orçamentária;6;63975;PORTEIRO - 12X36 NOTURNO - 44H;CARGA HORARIA 44,00 HORAS POR SEMANA;2101;3704;6,9001;7723,9909;53296,31
2100 - INSTITUTO ESTADUAL DE FLORESTAS-IEF;Nota fiscal;33.224.254/0001-42;MGS MINAS GERAIS ADMINISTRACAO E SERVICOS S/A;202600000030123;;1;Serviço;Despesa orçamentária;7;64416;PORTEIRO - 12X36 DIURNO - 44H;CARGA HORARIA 44,00 HORAS POR SEMANA;2101;3704;5,0667;6330,5484;32074,99
2100 - INSTITUTO ESTADUAL DE FLORESTAS-IEF;Nota fiscal;33.224.254/0001-42;MGS MINAS GERAIS ADMINISTRACAO E SERVICOS S/A;202600000030123;;1;Serviço;Despesa orçamentária;8;63339;SUPORTE ADMINISTRATIVO - 30H, 36H, 40H OU 44H;CARGA HORARIA 40,00 HORAS POR SEMANA;2101;3704;1,0;6038,3;6038,3
2100 - INSTITUTO ESTADUAL DE FLORESTAS-IEF;Nota fiscal;33.224.254/0001-42;MGS MINAS GERAIS ADMINISTRACAO E SERVICOS S/A;202600000030123;;1;Serviço;Despesa orçamentária;9;64483;ADICIONAL INSALUBRIDADE 40%;1,00 UNIDADE;2101;3705;1,0;1453,96;1453,96
1450 - SECRETARIA DE ESTADO DE JUSTICA E SEGURANCA PUBLIC;Nota fiscal;05.151.226/0001-07;EXPRESSO MINAS FRIOS LTDA;89238;2;1;Serviço;Despesa orçamentária;1;2461;SERVICO DE TRANSPORTE DE CARGA VIA RODOVIA;1,00 UNIDADE;1451;3906;105,0;8,75;918,75
1260 - SECRETARIA DE ESTADO DE EDUCACAO;Nota fiscal;23.354.848/0001-14;FUNDACAO EDUCACIONAL DE PATOS DE MINAS;163;;1;Serviço;Despesa orçamentária;1;109460;CURSO TECNICO PROFISSIONALIZANTE  EM ATENDIMENTO AO PROGRAMA TRILHAS DE FUTURO ;UNIDADE;1261;3949;6,0;47822,2;286933,2
1260 - SECRETARIA DE ESTADO DE EDUCACAO;Nota fiscal;49.397.537/0001-26;IMPORT TECH COMERCIO IMPORTACAO E EXPORTACAO LTDA;1149;1;1;Consumo;Despesa extra orçamentária;1;1983520;"KIT DE MATERIAL ESCOLAR (DISTRIBUICAO GRATUITA) -  COMPONENTES:   1 MOCHILA ESCOLAR; COMPONENTES (2):   1 ESTOJO ESCOLAR;";UNIDADE;1261;3007;197,0;34,0;6698,0
1260 - SECRETARIA DE ESTADO DE EDUCACAO;Outros;33.224.254/0001-42;MGS MINAS GERAIS ADMINISTRACAO E SERVICOS S/A;705442;;1;Serviço;Despesa orçamentária;1;66311;VALE-ALIMENTACAO - MGS;1,00 UNIDADE;1261;3705;1,0;4273,42;4273,42
1260 - SECRETARIA DE ESTADO DE EDUCACAO;Outros;***.982.836-**;THASSIA GEOVANA PAULA OZELIM;8;;1;Serviço;Despesa orçamentária;1;4065;LOCACAO DE IMOVEL COMERCIAL -;1,00 MES;1261;3611;1,0;2221,9;2221,9
2300 - DEPARTAMENTO DE ESTRADAS DE RODAGEM;Nota fiscal;33.224.254/0001-42;MGS MINAS GERAIS ADMINISTRACAO E SERVICOS S/A;703514;;1;Serviço;Despesa orçamentária;1;106089;AUXILIAR DE LIMPEZA - 22H, 30H, 36H, 40H OU 44H;CARGA HORARIA 40,00 HORAS POR SEMANA;2301;3703;1,0;945,46;945,46
1250 - POLICIA MILITAR DE MINAS GERAIS;Nota fiscal;04.270.051/0001-94;TOP CENTER TECNOLOGIA LTDA;17979;;1;Serviço;Despesa orçamentária;1;89745;LOCACAO DE IMPRESSORA MULTIFUNCIONAL MONOCROMATICA 55 PPM (OUTSOURCING), PAPEL NAO INCLUSO;1,00 MES;1251;3919;1,0;248,54;248,54
1250 - POLICIA MILITAR DE MINAS GERAIS;Nota fiscal;04.270.051/0001-94;TOP CENTER TECNOLOGIA LTDA;17979;;1;Serviço;Despesa orçamentária;2;89796;IMPRESSAO/COPIA MONOCROMATICA FORMATO A4 - (OUTSOURCING), PAPEL NAO INCLUSO;1,00 UNIDADE;1251;3919;10407,0;0,04;416,28
1370 - SECRETARIA ESTADO DE MEIO AMB.DESENV SUSTENTAVEL;Nota fiscal;04.103.550/0001-97;EDS - ENERGIA E DESENVOLVIMENTO SUSTENTAVEL LTDA;915;;1;Serviço;Despesa orçamentária;1;110396;CONTRATACAO DE SERVICOS DE IMPLANTACAO DE SISTEMAS DE DESSALINIZACAO, INCLUI MANUTENCAO E CAPACITACAO OPERADORES;1,00 UNIDADE;1371;3973;1,0;33132,67;33132,67
2370 - INSTITUTO MINEIRO DE AGROPECUARIA;Nota fiscal;33.224.254/0001-42;MGS MINAS GERAIS ADMINISTRACAO E SERVICOS S/A;31933;;1;Serviço;Despesa orçamentária;1;106089;AUXILIAR DE LIMPEZA - 22H, 30H, 36H, 40H OU 44H;CARGA HORARIA 22,00 HORAS POR SEMANA;2371;3703;2,0;2283,115;4566,23
2370 - INSTITUTO MINEIRO DE AGROPECUARIA;Nota fiscal;33.224.254/0001-42;MGS MINAS GERAIS ADMINISTRACAO E SERVICOS S/A;31933;;1;Serviço;Despesa orçamentária;2;64483;ADICIONAL INSALUBRIDADE 40%;1,00 UNIDADE;2371;3705;2,0;1299,305;2598,61
2270 - FUNDACAO HOSPITALAR DO ESTADO DE MINAS GERAIS;Nota fiscal;20.858.411/0001-20;AMGS COMERCIO E REPRESENTACOES LTDA;645298;2;1;Consumo;Despesa orçamentária;1;537454;"PARAFUSO DE FIXACAO USO MEDICO CIRURGICO -  IDENTIFICACAO:   ASSOCIAVEIS A PLACA, CORTICAL; MATERIA-PRIMA:   ACO INOXIDAVEL; TAMANHO:   3,5MM DE DIAMETRO;";1,00 UNIDADE;2271;3010;1,0;20,04;20,04
2270 - FUNDACAO HOSPITALAR DO ESTADO DE MINAS GERAIS;Nota fiscal;20.858.411/0001-20;AMGS COMERCIO E REPRESENTACOES LTDA;645298;2;1;Consumo;Despesa orçamentária;2;543152;"PLACA DE FIXACAO USO MEDICO CIRURGICO -  IDENTIFICACAO:   TUBULAR 1/3, PARA PARAFUSO DE 3,5MM; MATERIA-PRIMA:   ACO INOXIDAVEL;";1,00 UNIDADE;2271;3010;1,0;193,87;193,87
1250 - POLICIA MILITAR DE MINAS GERAIS;Nota fiscal;34.274.233/0025-71;VIBRA ENERGIA S.A;4976792;;1;Consumo;Despesa orçamentária;1;1325876;"OLEO DIESEL COMBUSTIVEL AUTOMOTIVO -  TIPO:   S10 (MENOS ENXOFRE);";1,00 LITRO;1251;3026;5000,0;4,3962;21981,0
1260 - SECRETARIA DE ESTADO DE EDUCACAO;Outros;***.856.946-**;JANDER COSTA VALERIO;10;;1;Serviço;Despesa orçamentária;1;4065;LOCACAO DE IMOVEL COMERCIAL -;1,00 MES;1261;3611;1,0;31655,82;31655,82
2100 - INSTITUTO ESTADUAL DE FLORESTAS-IEF;Outros;***.370.516-**;FREDERICO DE MELO FIGUEIREDO;52026;;1;Serviço;Despesa orçamentária;1;4065;LOCACAO DE IMOVEL COMERCIAL -;1,00 MES;2101;3611;1,0;2375,0;2375,0
1030 - TRIBUNAL DE JUSTICA DO ESTADO DE MINAS GERAIS;Nota fiscal;06.981.176/0001-58;CEMIG GERACAO E TRANSMISSAO S.A.;449786;JUL;1;Serviço;Despesa orçamentária;1;4880;FORNECIMENTO DE ENERGIA ELETRICA EM MEDIA TENSAO;1,00 MES;4031;3969;1,0;5227,69;5227,69
1250 - POLICIA MILITAR DE MINAS GERAIS;Nota fiscal;04.270.051/0001-94;TOP CENTER TECNOLOGIA LTDA;17980;;1;Serviço;Despesa orçamentária;1;89796;IMPRESSAO/COPIA MONOCROMATICA FORMATO A4 - (OUTSOURCING), PAPEL NAO INCLUSO;1,00 UNIDADE;1251;3919;849,0;0,04;33,96
1250 - POLICIA MILITAR DE MINAS GERAIS;Nota fiscal;04.270.051/0001-94;TOP CENTER TECNOLOGIA LTDA;17980;;1;Serviço;Despesa orçamentária;2;59307;LOCACAO DE IMPRESSORA MULTIFUNCIONAL MONOCROMATICA 35PPM;1,00 MES;1251;3919;1,0;138,45;138,45
1250 - POLICIA MILITAR DE MINAS GERAIS;Nota fiscal;34.274.233/0025-71;VIBRA ENERGIA S.A;4977310;;1;Consumo;Despesa orçamentária;1;1325876;"OLEO DIESEL COMBUSTIVEL AUTOMOTIVO -  TIPO:   S10 (MENOS ENXOFRE);";1,00 LITRO;1251;3026;5000,0;4,3962;21981,0
1030 - TRIBUNAL DE JUSTICA DO ESTADO DE MINAS GERAIS;Nota fiscal;06.981.176/0001-58;CEMIG GERACAO E TRANSMISSAO S.A.;449787;JUL;1;Serviço;Despesa orçamentária;1;4880;FORNECIMENTO DE ENERGIA ELETRICA EM MEDIA TENSAO;1,00 MES;4031;3969;1,0;2220,44;2220,44
1450 - SECRETARIA DE ESTADO DE JUSTICA E SEGURANCA PUBLIC;Nota fiscal;08.624.977/0001-91;TERRAVIVA AMBIENTAL LTDA;7512;;1;Serviço;Despesa orçamentária;1;30074;SERVICOS DE COLETA, TRANSPORTE, SELECAO, TRATAMENTO  E DESTINACAO DE RESIDUO LIXO HOSPITALAR E IML;1,00 UNIDADE;1451;3959;1,0;379,09;379,09
1320 - SECRETARIA DE ESTADO DA SAUDE;Nota fiscal;07.432.517/0001-07;SIMPRESS COMERCIO LOCACAO E SERVICOS LTDA;454585;;1;Serviço;Despesa orçamentária;1;89800;IMPRESSAO COLORIDA FORMATO A4 - (OUTSOURCING), PAPEL NAO INCLUSO;1,00 UNIDADE;4291;3919;11,0;0,14;1,54
1320 - SECRETARIA DE ESTADO DA SAUDE;Nota fiscal;07.432.517/0001-07;SIMPRESS COMERCIO LOCACAO E SERVICOS LTDA;454585;;1;Serviço;Despesa orçamentária;2;89796;IMPRESSAO/COPIA MONOCROMATICA FORMATO A4 - (OUTSOURCING), PAPEL NAO INCLUSO;1,00 UNIDADE;4291;3919;9253,0;0,02;185,06
2270 - FUNDACAO HOSPITALAR DO ESTADO DE MINAS GERAIS;Nota fiscal;10.444.624/0001-51;SISNAC PRODUTOS PARA SAUDE LTDA;37826;1;1;Consumo;Despesa orçamentária;1;1848240;"EMBALAGEM PARA MAQUINA UNITARIZADORA -  EQUIPAMENTO:   MAQUINA TOTALPACK / BT50A2 / BT5060A2; APRESENTACAO:   ROLO 3 MILHEIROS; MEDIDAS:   50 X 110 MM; MATERIA-PRIMA:   POLIETILENO DE BAIXA DENSIDADE; IDENTIFICACAO:   AMPOLAS; IMPRESSAO:   COM OU SEM TARJA COLORIDA;";ROLO;2271;3030;4,0;440,0;1760,0
1250 - POLICIA MILITAR DE MINAS GERAIS;Nota fiscal;34.274.233/0025-71;VIBRA ENERGIA S.A;4977409;;1;Consumo;Despesa orçamentária;1;1325876;"OLEO DIESEL COMBUSTIVEL AUTOMOTIVO -  TIPO:   S10 (MENOS ENXOFRE);";1,00 LITRO;1251;3026;5000,0;4,3962;21981,0
1510 - POLICIA CIVIL DO ESTADO DE MINAS GERAIS;Outros;***.781.806-**;SABINA VILAR BISCAIA DE PAULA;8;26;1;Serviço;Despesa orçamentária;1;4057;LOCACAO DE IMOVEL RESIDENCIAL -;1,00 MES;1511;3611;1,0;6233,98;6233,98
1030 - TRIBUNAL DE JUSTICA DO ESTADO DE MINAS GERAIS;Nota fiscal;06.981.176/0001-58;CEMIG GERACAO E TRANSMISSAO S.A.;449788;JUL;1;Serviço;Despesa orçamentária;1;4880;FORNECIMENTO DE ENERGIA ELETRICA EM MEDIA TENSAO;1,00 MES;4031;3969;1,0;7624,1;7624,1
2270 - FUNDACAO HOSPITALAR DO ESTADO DE MINAS GERAIS;Nota fiscal;20.858.411/0001-20;AMGS COMERCIO E REPRESENTACOES LTDA;645305;2;1;Consumo;Despesa orçamentária;1;587125;"HASTES DE FIXACAO USO MEDICO CIRURGICO -  IDENTIFICACAO:   FEMORAL CURTA COM BLOQUEIO CEFALICO; MATERIA-PRIMA:   ACO INOXIDAVEL;";1,00 UNIDADE;2271;3010;1,0;1059,81;1059,81
2300 - DEPARTAMENTO DE ESTRADAS DE RODAGEM;Nota fiscal;63.572.182/0001-95;63.572.182 CLEA GONCALVES MENDES;10;E;2;Consumo;Despesa orçamentária;1;1697390;"CONE PARA SINALIZACAO -   MATERIA-PRIMA:   PVC FLEXIVEL; ALTURA:   70 A 76 CM; COR DO CONE:   LARANJA; FAIXA:   DUAS FAIXAS BRANCAS; TIPO DA FAIXA:   RETRORREFLETIVAS MICROPRISMATICAS; BASE:   40 CM COM 8 SAPATAS; PESO:   3 A 4 KG; TOPO:   COM ABERTURA ENTRE 4 E 4,5 CM DE DIAMETRO;";1,00 UNIDADE;2301;3025;100,0;104,77;10477,0
2300 - DEPARTAMENTO DE ESTRADAS DE RODAGEM;Nota fiscal;63.572.182/0001-95;63.572.182 CLEA GONCALVES MENDES;10;E;2;Consumo;Despesa orçamentária;2;2048221;"CONE PARA SINALIZACAO -   TOPO:   COM ABERTURA ENTRE 4 E 4,5 CM DE DIAMETRO; BASE:   EM BORRACHA 38 X 38 (CM); ALTURA:   75 CM; FAIXA:   DUAS FAIXAS BRANCAS; MATERIA-PRIMA:   POLIETILENO SEMIFLEXIVEL; COR DO CONE:   LARANJA; PESO:   3 A 4 KG; TIPO DA FAIXA:   REFLETIVA, TIPO COLMEIA;";1,00 UNIDADE;2301;3025;100,0;70,24;7024,0
2100 - INSTITUTO ESTADUAL DE FLORESTAS-IEF;Outros;33.224.254/0001-42;MGS MINAS GERAIS ADMINISTRACAO E SERVICOS S/A;703094;;1;Serviço;Despesa orçamentária;1;66311;VALE-ALIMENTACAO - MGS;1,00 UNIDADE;2101;3705;1,0;11897,85;11897,85
1030 - TRIBUNAL DE JUSTICA DO ESTADO DE MINAS GERAIS;Nota fiscal;06.981.176/0001-58;CEMIG GERACAO E TRANSMISSAO S.A.;449790;JUL;1;Serviço;Despesa orçamentária;1;4880;FORNECIMENTO DE ENERGIA ELETRICA EM MEDIA TENSAO;1,00 MES;4031;3969;1,0;2946,14;2946,14
2100 - INSTITUTO ESTADUAL DE FLORESTAS-IEF;Outros;19.557.917/0001-10;ALOISIO MOREIRA - ME;82026;;1;Serviço;Despesa orçamentária;1;4065;LOCACAO DE IMOVEL COMERCIAL -;1,00 MES;2101;3920;1,0;7656,67;7656,67
1320 - SECRETARIA DE ESTADO DA SAUDE;Nota fiscal;07.432.517/0001-07;SIMPRESS COMERCIO LOCACAO E SERVICOS LTDA;454614;1;1;Serviço;Despesa orçamentária;1;97292;LOCACAO DE IMPRESSORA MULTIFUNCIOAL MONOCROMATICA 38 PPM (OUTSOURCING ), PAPEL NAO INCLUSO;1,00 UNIDADE;4291;3919;5,2953;118,082;625,28
1500 - SECRETARIA DE ESTADO DE PLANEJAMENTO E GESTAO;Nota fiscal;40.456.487/0001-36;BDT ENGENHARIA LTDA;463;;1;Serviço;Despesa extra orçamentária;1;101893;REPAROS PREVENTIVOS E CORRETIVOS, INSTALACOES, ADAPTACOES, RECUPERACAO E MODERNIZACAO DE EDIFICACOES, POR REGIAO ;UNIDADE DE SERVICO;1501;3922;1,0;66348,21;66348,21
1030 - TRIBUNAL DE JUSTICA DO ESTADO DE MINAS GERAIS;Nota fiscal;06.981.176/0001-58;CEMIG GERACAO E TRANSMISSAO S.A.;449791;JUL;1;Serviço;Despesa orçamentária;1;4880;FORNECIMENTO DE ENERGIA ELETRICA EM MEDIA TENSAO;1,00 MES;4031;3969;1,0;8967,5;8967,5
2100 - INSTITUTO ESTADUAL DE FLORESTAS-IEF;Outros;33.224.254/0001-42;MGS MINAS GERAIS ADMINISTRACAO E SERVICOS S/A;703093;;1;Serviço;Despesa orçamentária;1;155250;CARTAO CESTA BASICA - MGS;1,00 UNIDADE;2101;3705;1,0;20606,93;20606,93
1500 - SECRETARIA DE ESTADO DE PLANEJAMENTO E GESTAO;Nota fiscal;33.224.254/0001-42;MGS MINAS GERAIS ADMINISTRACAO E SERVICOS S/A;31962;;1;Serviço;Despesa orçamentária;1;4642;SERVICOS DE VIGILANCIA DESARMADA;1,00 UNIDADE;1501;3704;1,0;12421,03;12421,03
1450 - SECRETARIA DE ESTADO DE JUSTICA E SEGURANCA PUBLIC;Nota fiscal;08.624.977/0001-91;TERRAVIVA AMBIENTAL LTDA;7547;;1;Serviço;Despesa orçamentária;1;30074;SERVICOS DE COLETA, TRANSPORTE, SELECAO, TRATAMENTO  E DESTINACAO DE RESIDUO LIXO HOSPITALAR E IML;1,00 UNIDADE;1451;3959;1,0;7891,5;7891,5
2350 - UNIVERSIDADE DO ESTADO DE MINAS GERAIS;Nota fiscal;07.674.744/0001-30;TEKIS TECNOLOGIAS AVANCADAS LTDA;1167;;1;Serviço;Despesa orçamentária;1;91251;SUBSCRICAO DE LICENCA DE SOFTWARE PARA GESTAO ACADEMICA;1,00 UNIDADE;2351;4002;1,0;147,19;147,19
1030 - TRIBUNAL DE JUSTICA DO ESTADO DE MINAS GERAIS;Nota fiscal;06.981.176/0001-58;CEMIG GERACAO E TRANSMISSAO S.A.;449792;JUL;1;Serviço;Despesa orçamentária;1;4880;FORNECIMENTO DE ENERGIA ELETRICA EM MEDIA TENSAO;1,00 MES;4031;3969;1,0;3721,09;3721,09
2270 - FUNDACAO HOSPITALAR DO ESTADO DE MINAS GERAIS;Nota fiscal;20.858.411/0001-20;AMGS COMERCIO E REPRESENTACOES LTDA;645312;2;1;Consumo;Despesa orçamentária;1;16276;"PARAFUSO DE FIXACAO USO MEDICO CIRURGICO -  IDENTIFICACAO:   CANULADO; MATERIA-PRIMA:   ACO INOXIDAVEL; TAMANHO:   3,5MM DE DIAMETRO;";1,00 UNIDADE;2271;3010;1,0;166,73;166,73
1370 - SECRETARIA ESTADO DE MEIO AMB.DESENV SUSTENTAVEL;Nota fiscal;04.103.550/0001-97;EDS - ENERGIA E DESENVOLVIMENTO SUSTENTAVEL LTDA;918;;1;Serviço;Despesa orçamentária;1;110396;CONTRATACAO DE SERVICOS DE IMPLANTACAO DE SISTEMAS DE DESSALINIZACAO, INCLUI MANUTENCAO E CAPACITACAO OPERADORES;1,00 UNIDADE;1371;3973;1,0;9151,24;9151,24
2370 - INSTITUTO MINEIRO DE AGROPECUARIA;Outros;33.224.254/0001-42;MGS MINAS GERAIS ADMINISTRACAO E SERVICOS S/A;705552;;1;Serviço;Despesa orçamentária;1;66311;VALE-ALIMENTACAO - MGS;1,00 UNIDADE;2371;3705;1,0;920,03;920,03
2100 - INSTITUTO ESTADUAL DE FLORESTAS-IEF;Nota fiscal;33.224.254/0001-42;MGS MINAS GERAIS ADMINISTRACAO E SERVICOS S/A;202600000030247;;1;Serviço;Despesa orçamentária;1;106089;AUXILIAR DE LIMPEZA - 22H, 30H, 36H, 40H OU 44H;CARGA HORARIA 44,00 HORAS POR SEMANA;2101;3703;1,0;4634,3;4634,3
2100 - INSTITUTO ESTADUAL DE FLORESTAS-IEF;Nota fiscal;33.224.254/0001-42;MGS MINAS GERAIS ADMINISTRACAO E SERVICOS S/A;202600000030247;;1;Serviço;Despesa orçamentária;2;63339;SUPORTE ADMINISTRATIVO - 30H, 36H, 40H OU 44H;CARGA HORARIA 40,00 HORAS POR SEMANA;2101;3704;1,0;6545,04;6545,04
2100 - INSTITUTO ESTADUAL DE FLORESTAS-IEF;Nota fiscal;33.224.254/0001-42;MGS MINAS GERAIS ADMINISTRACAO E SERVICOS S/A;202600000030247;;1;Serviço;Despesa orçamentária;3;64483;ADICIONAL INSALUBRIDADE 40%;1,00 UNIDADE;2101;3705;1,0;1470,91;1470,91
1250 - POLICIA MILITAR DE MINAS GERAIS;Nota fiscal;07.432.517/0001-07;SIMPRESS COMERCIO LOCACAO E SERVICOS LTDA;454728;1;1;Serviço;Despesa orçamentária;1;97292;LOCACAO DE IMPRESSORA MULTIFUNCIOAL MONOCROMATICA 38 PPM (OUTSOURCING ), PAPEL NAO INCLUSO;1,00 UNIDADE;1251;3919;1,0;130,07;130,07
1320 - SECRETARIA DE ESTADO DA SAUDE;Nota fiscal;07.432.517/0001-07;SIMPRESS COMERCIO LOCACAO E SERVICOS LTDA;45630;1;1;Serviço;Despesa orçamentária;1;97292;LOCACAO DE IMPRESSORA MULTIFUNCIOAL MONOCROMATICA 38 PPM (OUTSOURCING ), PAPEL NAO INCLUSO;1,00 UNIDADE;4291;3919;3,0;118,07;354,21
1320 - SECRETARIA DE ESTADO DA SAUDE;Nota fiscal;07.432.517/0001-07;SIMPRESS COMERCIO LOCACAO E SERVICOS LTDA;45630;1;1;Serviço;Despesa orçamentária;2;127680;LOCACAO DE IMPRESSORA COLORIDA 22 PPM (OUTSOURCING), PAPEL NAO INCLUSO;1,00 UNIDADE;4291;3919;1,0;153,0;153,0
1320 - SECRETARIA DE ESTADO DA SAUDE;Nota fiscal;07.432.517/0001-07;SIMPRESS COMERCIO LOCACAO E SERVICOS LTDA;45630;1;1;Serviço;Despesa orçamentária;3;127698;LOCACAO DE IMPRESSORA MONOCROMATICA 22 PPM (OUTSOURCING), PAPEL NAO INCLUSO;1,00 UNIDADE;4291;3919;2,0;55,35;110,7
1320 - SECRETARIA DE ESTADO DA SAUDE;Nota fiscal;33.224.254/0001-42;MGS MINAS GERAIS ADMINISTRACAO E SERVICOS S/A;202630414;1;1;Serviço;Despesa orçamentária;1;146277;ENCARREGADO DE CAMPO - 40H OU 44H;CARGA HORARIA 40,00 HORAS POR SEMANA;4291;3704;1,0;7277,72;7277,72
1030 - TRIBUNAL DE JUSTICA DO ESTADO DE MINAS GERAIS;Nota fiscal;06.981.176/0001-58;CEMIG GERACAO E TRANSMISSAO S.A.;449793;JUL;1;Serviço;Despesa orçamentária;1;4880;FORNECIMENTO DE ENERGIA ELETRICA EM MEDIA TENSAO;1,00 MES;4031;3969;1,0;4434,64;4434,64
1260 - SECRETARIA DE ESTADO DE EDUCACAO;Outros;***.148.516-**;LUIZ GUSTAVO VIEIRA SANTOS;82026;5;1;Serviço;Despesa orçamentária;1;4065;LOCACAO DE IMOVEL COMERCIAL -;1,00 MES;1261;3611;1,0;499,8;499,8
1320 - SECRETARIA DE ESTADO DA SAUDE;Nota fiscal;07.432.517/0001-07;SIMPRESS COMERCIO LOCACAO E SERVICOS LTDA;454586;;1;Serviço;Despesa orçamentária;1;97292;LOCACAO DE IMPRESSORA MULTIFUNCIOAL MONOCROMATICA 38 PPM (OUTSOURCING ), PAPEL NAO INCLUSO;1,00 UNIDADE;4291;3919;5,0;118,07;590,35
1320 - SECRETARIA DE ESTADO DA SAUDE;Nota fiscal;07.432.517/0001-07;SIMPRESS COMERCIO LOCACAO E SERVICOS LTDA;454586;;1;Serviço;Despesa orçamentária;2;127680;LOCACAO DE IMPRESSORA COLORIDA 22 PPM (OUTSOURCING), PAPEL NAO INCLUSO;1,00 UNIDADE;4291;3919;1,0;153,0;153,0
2100 - INSTITUTO ESTADUAL DE FLORESTAS-IEF;Nota fiscal;33.224.254/0001-42;MGS MINAS GERAIS ADMINISTRACAO E SERVICOS S/A;202600000030314;;1;Serviço;Despesa orçamentária;1;63533;VIGIA DE PARQUE - 12X36 DIURNO (PERICULOSIDADE) - 44H;CARGA HORARIA 44,00 HORAS POR SEMANA;2101;3704;2,6667;8090,1188;21573,92
2100 - INSTITUTO ESTADUAL DE FLORESTAS-IEF;Nota fiscal;33.224.254/0001-42;MGS MINAS GERAIS ADMINISTRACAO E SERVICOS S/A;202600000030314;;1;Serviço;Despesa orçamentária;2;64335;VIGIA DE PARQUE - 12X36 NOTURNO (PERICULOSIDADE) - 44H;CARGA HORARIA 44,00 HORAS POR SEMANA;2101;3704;2,0;10073,19;20146,38
2100 - INSTITUTO ESTADUAL DE FLORESTAS-IEF;Nota fiscal;33.224.254/0001-42;MGS MINAS GERAIS ADMINISTRACAO E SERVICOS S/A;202600000030314;;1;Serviço;Despesa orçamentária;3;63665;ORIENTADOR AMBIENTAL - 40H;CARGA HORARIA 40,00 HORAS POR SEMANA;2101;3704;1,0;6068,71;6068,71
2100 - INSTITUTO ESTADUAL DE FLORESTAS-IEF;Nota fiscal;33.224.254/0001-42;MGS MINAS GERAIS ADMINISTRACAO E SERVICOS S/A;202600000030314;;1;Serviço;Despesa orçamentária;4;95109;AGENTE DE SERVICO DE PARQUE HABILITADO - 44H;CARGA HORARIA 44,00 HORAS POR SEMANA;2101;3704;1,0;5526,26;5526,26
2100 - INSTITUTO ESTADUAL DE FLORESTAS-IEF;Nota fiscal;33.224.254/0001-42;MGS MINAS GERAIS ADMINISTRACAO E SERVICOS S/A;202600000030314;;1;Serviço;Despesa orçamentária;5;106089;AUXILIAR DE LIMPEZA - 22H, 30H, 36H, 40H OU 44H;CARGA HORARIA 44,00 HORAS POR SEMANA;2101;3703;1,0;4528,67;4528,67
2100 - INSTITUTO ESTADUAL DE FLORESTAS-IEF;Nota fiscal;33.224.254/0001-42;MGS MINAS GERAIS ADMINISTRACAO E SERVICOS S/A;202600000030314;;1;Serviço;Despesa orçamentária;6;64483;ADICIONAL INSALUBRIDADE 40%;1,00 UNIDADE;2101;3705;1,0;1437,38;1437,38
1030 - TRIBUNAL DE JUSTICA DO ESTADO DE MINAS GERAIS;Nota fiscal;06.981.176/0001-58;CEMIG GERACAO E TRANSMISSAO S.A.;449794;JUL;1;Serviço;Despesa orçamentária;1;4880;FORNECIMENTO DE ENERGIA ELETRICA EM MEDIA TENSAO;1,00 MES;4031;3969;1,0;12259,45;12259,45
2100 - INSTITUTO ESTADUAL DE FLORESTAS-IEF;Outros;33.224.254/0001-42;MGS MINAS GERAIS ADMINISTRACAO E SERVICOS S/A;703369;;1;Serviço;Despesa orçamentária;1;66311;VALE-ALIMENTACAO - MGS;1,00 UNIDADE;2101;3705;1,0;1045,05;1045,05
2350 - UNIVERSIDADE DO ESTADO DE MINAS GERAIS;Outros;33.224.254/0001-42;MGS MINAS GERAIS ADMINISTRACAO E SERVICOS S/A;2026705746;;1;Serviço;Despesa extra orçamentária;1;66290;ACERTOS RETROATIVOS;1,00 UNIDADE;2351;3705;1,0;8,7;8,7
1300 - SECRET. DE ESTADO DE INFRAESTRUTURA E MOBILIDADE;Nota fiscal;33.224.254/0001-42;MGS MINAS GERAIS ADMINISTRACAO E SERVICOS S/A;32297;;1;Serviço;Despesa orçamentária;1;66311;VALE-ALIMENTACAO - MGS;1,00 UNIDADE;1301;3705;1,0;40665,31;40665,31
1030 - TRIBUNAL DE JUSTICA DO ESTADO DE MINAS GERAIS;Nota fiscal;06.981.176/0001-58;CEMIG GERACAO E TRANSMISSAO S.A.;449795;JUL;1;Serviço;Despesa orçamentária;1;4880;FORNECIMENTO DE ENERGIA ELETRICA EM MEDIA TENSAO;1,00 MES;4031;3969;1,0;15301,5;15301,5
2370 - INSTITUTO MINEIRO DE AGROPECUARIA;Outros;33.224.254/0001-42;MGS MINAS GERAIS ADMINISTRACAO E SERVICOS S/A;705553;;1;Serviço;Despesa orçamentária;1;155250;CARTAO CESTA BASICA - MGS;1,00 UNIDADE;2371;3705;1,0;99,99;99,99
1450 - SECRETARIA DE ESTADO DE JUSTICA E SEGURANCA PUBLIC;Nota fiscal;24.310.413/0001-30;PLASLOC PLACAS E TARJETAS LTDA;9903;;1;Serviço;Despesa orçamentária;1;68977;SERVICO DE ESTAMPAGEM DE PLACA VEICULAR (EXCETO MOTOCICLETA), PADRAO MERCOSUL, INCLUINDO O FORNECIMENTO DA PLACA.;1,00 UNIDADE;1451;3999;1,0;155,5;155,5
1500 - SECRETARIA DE ESTADO DE PLANEJAMENTO E GESTAO;Nota fiscal;33.224.254/0001-42;MGS MINAS GERAIS ADMINISTRACAO E SERVICOS S/A;31961;;1;Serviço;Despesa orçamentária;1;4642;SERVICOS DE VIGILANCIA DESARMADA;1,00 UNIDADE;1501;3704;1,0;34256,2;34256,2
1320 - SECRETARIA DE ESTADO DA SAUDE;Nota fiscal;07.432.517/0001-07;SIMPRESS COMERCIO LOCACAO E SERVICOS LTDA;454628;1;1;Serviço;Despesa orçamentária;1;89796;IMPRESSAO/COPIA MONOCROMATICA FORMATO A4 - (OUTSOURCING), PAPEL NAO INCLUSO;1,00 UNIDADE;4291;3919;7708,0;0,02;154,16
2270 - FUNDACAO HOSPITALAR DO ESTADO DE MINAS GERAIS;Nota fiscal;20.858.411/0001-20;AMGS COMERCIO E REPRESENTACOES LTDA;645314;2;1;Consumo;Despesa orçamentária;1;16276;"PARAFUSO DE FIXACAO USO MEDICO CIRURGICO -  IDENTIFICACAO:   CANULADO; MATERIA-PRIMA:   ACO INOXIDAVEL; TAMANHO:   3,5MM DE DIAMETRO;";1,00 UNIDADE;2271;3010;2,0;166,73;333,46
1260 - SECRETARIA DE ESTADO DE EDUCACAO;Outros;33.224.254/0001-42;MGS MINAS GERAIS ADMINISTRACAO E SERVICOS S/A;31979;1;1;Serviço;Despesa orçamentária;1;63517;TECNICO ESPECIALIZADO - 40H OU 44H;CARGA HORARIA 40,00 HORAS POR SEMANA;1261;3704;1,0;7930,05;7930,05
1260 - SECRETARIA DE ESTADO DE EDUCACAO;Outros;33.224.254/0001-42;MGS MINAS GERAIS ADMINISTRACAO E SERVICOS S/A;31979;1;1;Serviço;Despesa orçamentária;2;106399;ANALISTA  ESPECIALIZADO  EM INFRAESTRUTURA - 30H, 36H, 40H  OU 44H;CARGA HORARIA 40,00 HORAS POR SEMANA;1261;3704;0,7334;27768,3801;20365,33
1260 - SECRETARIA DE ESTADO DE EDUCACAO;Outros;33.224.254/0001-42;MGS MINAS GERAIS ADMINISTRACAO E SERVICOS S/A;31979;1;1;Serviço;Despesa orçamentária;3;63584;RECEPCIONISTA - 30H, 36H, 40H OU 44H;CARGA HORARIA 40,00 HORAS POR SEMANA;1261;3704;0,8;7197,0;5757,6
1260 - SECRETARIA DE ESTADO DE EDUCACAO;Outros;33.224.254/0001-42;MGS MINAS GERAIS ADMINISTRACAO E SERVICOS S/A;31979;1;1;Serviço;Despesa orçamentária;4;63339;SUPORTE ADMINISTRATIVO - 30H, 36H, 40H OU 44H;CARGA HORARIA 40,00 HORAS POR SEMANA;1261;3704;2,0;6545,04;13090,08
1260 - SECRETARIA DE ESTADO DE EDUCACAO;Outros;33.224.254/0001-42;MGS MINAS GERAIS ADMINISTRACAO E SERVICOS S/A;31979;1;1;Serviço;Despesa orçamentária;5;63363;MOTORISTA DE VEICULO DE SERVICO - 44H;CARGA HORARIA 44,00 HORAS POR SEMANA;1261;3704;2,0;6632,21;13264,42
2100 - INSTITUTO ESTADUAL DE FLORESTAS-IEF;Outros;33.224.254/0001-42;MGS MINAS GERAIS ADMINISTRACAO E SERVICOS S/A;703370;;1;Serviço;Despesa orçamentária;1;155250;CARTAO CESTA BASICA - MGS;1,00 UNIDADE;2101;3705;1,0;303,03;303,03
2150 - FUNDACAO HELENA ANTIPOFF;Outros;33.224.254/0001-42;MGS MINAS GERAIS ADMINISTRACAO E SERVICOS S/A;704937;;2;Serviço;Despesa orçamentária;1;66311;VALE-ALIMENTACAO - MGS;1,00 UNIDADE;2151;3705;1,0;1034,09;1034,09
1250 - POLICIA MILITAR DE MINAS GERAIS;Nota fiscal;07.432.517/0001-07;SIMPRESS COMERCIO LOCACAO E SERVICOS LTDA;454729;1;1;Serviço;Despesa orçamentária;1;89796;IMPRESSAO/COPIA MONOCROMATICA FORMATO A4 - (OUTSOURCING), PAPEL NAO INCLUSO;1,00 UNIDADE;1251;3919;2761,0;0,0219;60,74
2270 - FUNDACAO HOSPITALAR DO ESTADO DE MINAS GERAIS;Nota fiscal;02.004.662/0003-27;WERFEN MEDICAL LTDA;125569;1;1;Consumo;Despesa orçamentária;1;1775529;"REAGENTE PARA DETERMINACAO DE GASOMETRIA -  APLICACAO:   ANALISADOR AUTOMATIZADO; PARAMETROS:   PH,PO2,PCO2,HCO3, CO2 TOTAL, BE (EXCESSO BASE),ETC; AMOSTRAS:   SANGUE VENOSO,SANGUE ARTERIAL E SANGUE CAPILAR,ET ;";1,00 TESTES;2271;3013;300,0;15,0;4500,0
1030 - TRIBUNAL DE JUSTICA DO ESTADO DE MINAS GERAIS;Nota fiscal;06.981.176/0001-58;CEMIG GERACAO E TRANSMISSAO S.A.;449796;JUL;1;Serviço;Despesa orçamentária;1;4880;FORNECIMENTO DE ENERGIA ELETRICA EM MEDIA TENSAO;1,00 MES;4031;3969;1,0;2261,7;2261,7
2270 - FUNDACAO HOSPITALAR DO ESTADO DE MINAS GERAIS;Nota fiscal;20.858.411/0001-20;AMGS COMERCIO E REPRESENTACOES LTDA;645326;2;1;Consumo;Despesa orçamentária;1;283401;"PARAFUSO DE FIXACAO USO MEDICO CIRURGICO -  IDENTIFICACAO:   CANULADO; MATERIA-PRIMA:   ACO INOXIDAVEL; TAMANHO:   7,0MM DE DIAMETRO;";1,00 UNIDADE;2271;3010;1,0;129,75;129,75
2270 - FUNDACAO HOSPITALAR DO ESTADO DE MINAS GERAIS;Nota fiscal;20.858.411/0001-20;AMGS COMERCIO E REPRESENTACOES LTDA;645326;2;1;Consumo;Despesa orçamentária;2;1325361;"ARRUELA DE FIXACAO USO MEDICO CIRURGICO -  MATERIA-PRIMA:   ACO INOXIDAVEL; TIPO:   LISA; FINALIDADE:   PARA PARAFUSO 4,5 MM;";1,00 UNIDADE;2271;3010;1,0;11,57;11,57
1320 - SECRETARIA DE ESTADO DA SAUDE;Nota fiscal;33.224.254/0001-42;MGS MINAS GERAIS ADMINISTRACAO E SERVICOS S/A;2026703620;;1;Serviço;Despesa orçamentária;1;66311;VALE-ALIMENTACAO - MGS;1,00 UNIDADE;4291;3705;1,0;7078,87;7078,87
1370 - SECRETARIA ESTADO DE MEIO AMB.DESENV SUSTENTAVEL;Nota fiscal;33.224.254/0001-42;MGS MINAS GERAIS ADMINISTRACAO E SERVICOS S/A;202631857;;1;Serviço;Despesa orçamentária;1;105490;ASSESSOR ORGANIZACIONAL NIVEL II - 30H, 36H, 40H OU 44H;CARGA HORARIA 40,00 HORAS POR SEMANA;1371;3704;52,5334;21594,6725;1134441,57
1370 - SECRETARIA ESTADO DE MEIO AMB.DESENV SUSTENTAVEL;Nota fiscal;33.224.254/0001-42;MGS MINAS GERAIS ADMINISTRACAO E SERVICOS S/A;202631857;;1;Serviço;Despesa orçamentária;2;106399;ANALISTA  ESPECIALIZADO  EM INFRAESTRUTURA - 30H, 36H, 40H  OU 44H;CARGA HORARIA 40,00 HORAS POR SEMANA;1371;3704;1,0;27770,9;27770,9
1030 - TRIBUNAL DE JUSTICA DO ESTADO DE MINAS GERAIS;Nota fiscal;06.981.176/0001-58;CEMIG GERACAO E TRANSMISSAO S.A.;449797;JUL;1;Serviço;Despesa orçamentária;1;4880;FORNECIMENTO DE ENERGIA ELETRICA EM MEDIA TENSAO;1,00 MES;4031;3969;1,0;120854,53;120854,53
1260 - SECRETARIA DE ESTADO DE EDUCACAO;Nota fiscal;07.320.383/0001-24;INSTITUTO TECNICO EDUCACIONAL POLIVALENTE LTDA - ME;43;426;1;Serviço;Despesa orçamentária;1;109460;CURSO TECNICO PROFISSIONALIZANTE  EM ATENDIMENTO AO PROGRAMA TRILHAS DE FUTURO ;UNIDADE;1261;3949;10,0;53224,584;532245,84
2270 - FUNDACAO HOSPITALAR DO ESTADO DE MINAS GERAIS;Nota fiscal;20.858.411/0001-20;AMGS COMERCIO E REPRESENTACOES LTDA;645317;2;1;Consumo;Despesa orçamentária;1;587389;"PARAFUSO DE FIXACAO USO MEDICO CIRURGICO -  IDENTIFICACAO:   CORTICAL; MATERIA-PRIMA:   ACO INOXIDAVEL; TAMANHO:   2,7MM;";1,00 UNIDADE;2271;3010;1,0;28,33;28,33
2270 - FUNDACAO HOSPITALAR DO ESTADO DE MINAS GERAIS;Nota fiscal;20.858.411/0001-20;AMGS COMERCIO E REPRESENTACOES LTDA;645317;2;1;Consumo;Despesa orçamentária;2;1384899;"PLACA DE FIXACAO USO MEDICO CIRURGICO -  IDENTIFICACAO:   TIPO VOLAR, PARA RADIO DISTAL; MATERIA-PRIMA:   ACO INOXIDAVEL;";1,00 UNIDADE;2271;3010;1,0;1378,63;1378,63
2270 - FUNDACAO HOSPITALAR DO ESTADO DE MINAS GERAIS;Nota fiscal;20.858.411/0001-20;AMGS COMERCIO E REPRESENTACOES LTDA;645317;2;1;Consumo;Despesa orçamentária;3;1239660;"PARAFUSO DE FIXACAO USO MEDICO CIRURGICO -  IDENTIFICACAO:   PARAFUSO DE BLOQUEIO, AUTOROSQUEANTE; MATERIA-PRIMA:   ACO INOXIDAVEL ANTIMAGNETICO; TAMANHO:   14MM A 60MM;";1,00 UNIDADE;2271;3010;11,0;105,75;1163,25
1320 - SECRETARIA DE ESTADO DA SAUDE;Nota fiscal;33.224.254/0001-42;MGS MINAS GERAIS ADMINISTRACAO E SERVICOS S/A;2026703624;;1;Serviço;Despesa orçamentária;1;66311;VALE-ALIMENTACAO - MGS;1,00 UNIDADE;4291;3705;1,0;526,51;526,51
1320 - SECRETARIA DE ESTADO DA SAUDE;Nota fiscal;07.432.517/0001-07;SIMPRESS COMERCIO LOCACAO E SERVICOS LTDA;454616;1;1;Serviço;Despesa orçamentária;1;89796;IMPRESSAO/COPIA MONOCROMATICA FORMATO A4 - (OUTSOURCING), PAPEL NAO INCLUSO;1,00 UNIDADE;4291;3919;8411,0;0,02;168,22
1260 - SECRETARIA DE ESTADO DE EDUCACAO;Outros;***.823.976-**;MARINA VIEIRA SANTOS;82026;6;1;Serviço;Despesa orçamentária;1;4065;LOCACAO DE IMOVEL COMERCIAL -;1,00 MES;1261;3611;1,0;499,8;499,8
2100 - INSTITUTO ESTADUAL DE FLORESTAS-IEF;Outros;33.224.254/0001-42;MGS MINAS GERAIS ADMINISTRACAO E SERVICOS S/A;703480;;1;Serviço;Despesa orçamentária;1;66311;VALE-ALIMENTACAO - MGS;1,00 UNIDADE;2101;3705;1,0;4050,25;4050,25
1450 - SECRETARIA DE ESTADO DE JUSTICA E SEGURANCA PUBLIC;Nota fiscal;08.624.977/0001-91;TERRAVIVA AMBIENTAL LTDA;8947;;1;Serviço;Despesa orçamentária;1;30074;SERVICOS DE COLETA, TRANSPORTE, SELECAO, TRATAMENTO  E DESTINACAO DE RESIDUO LIXO HOSPITALAR E IML;1,00 UNIDADE;1451;3959;1,0;736,8;736,8
1320 - SECRETARIA DE ESTADO DA SAUDE;Nota fiscal;33.224.254/0001-42;MGS MINAS GERAIS ADMINISTRACAO E SERVICOS S/A;202630413;;1;Serviço;Despesa orçamentária;1;64459;DIARIA DE VIAGEM;1,00 UNIDADE;4291;3705;1,0;4560,76;4560,76
2100 - INSTITUTO ESTADUAL DE FLORESTAS-IEF;Outros;33.224.254/0001-42;MGS MINAS GERAIS ADMINISTRACAO E SERVICOS S/A;703479;;1;Serviço;Despesa orçamentária;1;155250;CARTAO CESTA BASICA - MGS;1,00 UNIDADE;2101;3705;1,0;2430,3;2430,3
1320 - SECRETARIA DE ESTADO DA SAUDE;Nota fiscal;33.224.254/0001-42;MGS MINAS GERAIS ADMINISTRACAO E SERVICOS S/A;2026703622;;1;Serviço;Despesa orçamentária;1;155250;CARTAO CESTA BASICA - MGS;1,00 UNIDADE;4291;3705;1,0;2013,95;2013,95
2100 - INSTITUTO ESTADUAL DE FLORESTAS-IEF;Nota fiscal;33.224.254/0001-42;MGS MINAS GERAIS ADMINISTRACAO E SERVICOS S/A;202600000030607;;1;Serviço;Despesa orçamentária;1;106089;AUXILIAR DE LIMPEZA - 22H, 30H, 36H, 40H OU 44H;CARGA HORARIA 44,00 HORAS POR SEMANA;2101;3703;1,0;4528,67;4528,67
2100 - INSTITUTO ESTADUAL DE FLORESTAS-IEF;Nota fiscal;33.224.254/0001-42;MGS MINAS GERAIS ADMINISTRACAO E SERVICOS S/A;202600000030607;;1;Serviço;Despesa orçamentária;2;63975;PORTEIRO - 12X36 NOTURNO - 44H;CARGA HORARIA 44,00 HORAS POR SEMANA;2101;3704;2,1334;7643,6626;16306,99
2100 - INSTITUTO ESTADUAL DE FLORESTAS-IEF;Nota fiscal;33.224.254/0001-42;MGS MINAS GERAIS ADMINISTRACAO E SERVICOS S/A;202600000030607;;1;Serviço;Despesa orçamentária;3;63339;SUPORTE ADMINISTRATIVO - 30H, 36H, 40H OU 44H;CARGA HORARIA 40,00 HORAS POR SEMANA;2101;3704;5,0;6395,86;31979,3
2100 - INSTITUTO ESTADUAL DE FLORESTAS-IEF;Nota fiscal;33.224.254/0001-42;MGS MINAS GERAIS ADMINISTRACAO E SERVICOS S/A;202600000030607;;1;Serviço;Despesa orçamentária;4;63339;SUPORTE ADMINISTRATIVO - 30H, 36H, 40H OU 44H;CARGA HORARIA 30,00 HORAS POR SEMANA;2101;3704;1,0;4891,43;4891,43
2100 - INSTITUTO ESTADUAL DE FLORESTAS-IEF;Nota fiscal;33.224.254/0001-42;MGS MINAS GERAIS ADMINISTRACAO E SERVICOS S/A;202600000030607;;1;Serviço;Despesa orçamentária;5;63339;SUPORTE ADMINISTRATIVO - 30H, 36H, 40H OU 44H;CARGA HORARIA 44,00 HORAS POR SEMANA;2101;3704;1,0;6997,63;6997,63
2100 - INSTITUTO ESTADUAL DE FLORESTAS-IEF;Nota fiscal;33.224.254/0001-42;MGS MINAS GERAIS ADMINISTRACAO E SERVICOS S/A;202600000030607;;1;Serviço;Despesa orçamentária;6;106291;TRABALHADOR DA MANUTENCAO PREDIAL E INSTALACOES - 40H OU 44H;CARGA HORARIA 44,00 HORAS POR SEMANA;2101;3703;1,0;6706,23;6706,23
2100 - INSTITUTO ESTADUAL DE FLORESTAS-IEF;Nota fiscal;33.224.254/0001-42;MGS MINAS GERAIS ADMINISTRACAO E SERVICOS S/A;202600000030607;;1;Serviço;Despesa orçamentária;7;64483;ADICIONAL INSALUBRIDADE 40%;1,00 UNIDADE;2101;3705;1,0;1437,38;1437,38
2100 - INSTITUTO ESTADUAL DE FLORESTAS-IEF;Nota fiscal;33.224.254/0001-42;MGS MINAS GERAIS ADMINISTRACAO E SERVICOS S/A;202600000030607;;1;Serviço;Despesa orçamentária;8;64416;PORTEIRO - 12X36 DIURNO - 44H;CARGA HORARIA 44,00 HORAS POR SEMANA;2101;3704;2,0;6258,43;12516,86
1450 - SECRETARIA DE ESTADO DE JUSTICA E SEGURANCA PUBLIC;Nota fiscal;08.624.977/0001-91;TERRAVIVA AMBIENTAL LTDA;7545;;1;Serviço;Despesa orçamentária;1;30074;SERVICOS DE COLETA, TRANSPORTE, SELECAO, TRATAMENTO  E DESTINACAO DE RESIDUO LIXO HOSPITALAR E IML;1,00 UNIDADE;1451;3959;1,0;1169,4;1169,4
1260 - SECRETARIA DE ESTADO DE EDUCACAO;Outros;***.148.506-**;PEDRO AUGUSTO VIEIRA SANTOS;82026;7;1;Serviço;Despesa orçamentária;1;4065;LOCACAO DE IMOVEL COMERCIAL -;1,00 MES;1261;3611;1,0;499,8;499,8
1320 - SECRETARIA DE ESTADO DA SAUDE;Nota fiscal;33.224.254/0001-42;MGS MINAS GERAIS ADMINISTRACAO E SERVICOS S/A;2026703625;;1;Serviço;Despesa orçamentária;1;155250;CARTAO CESTA BASICA - MGS;1,00 UNIDADE;4291;3705;1,0;54,54;54,54
2270 - FUNDACAO HOSPITALAR DO ESTADO DE MINAS GERAIS;Nota fiscal;20.858.411/0001-20;AMGS COMERCIO E REPRESENTACOES LTDA;645320;2;1;Consumo;Despesa orçamentária;1;283398;"PARAFUSO DE FIXACAO USO MEDICO CIRURGICO -  IDENTIFICACAO:   CANULADO; MATERIA-PRIMA:   ACO INOXIDAVEL; TAMANHO:   4,5MM DE DIAMETRO;";1,00 UNIDADE;2271;3010;1,0;147,9;147,9
2270 - FUNDACAO HOSPITALAR DO ESTADO DE MINAS GERAIS;Nota fiscal;20.858.411/0001-20;AMGS COMERCIO E REPRESENTACOES LTDA;645320;2;1;Consumo;Despesa orçamentária;2;587028;"PLACA DE FIXACAO USO MEDICO CIRURGICO -  IDENTIFICACAO:   PLACA EM H, PARA CALCANEO; MATERIA-PRIMA:   ACO INOXIDAVEL;";1,00 UNIDADE;2271;3010;1,0;418,85;418,85
1250 - POLICIA MILITAR DE MINAS GERAIS;Nota fiscal;07.432.517/0001-07;SIMPRESS COMERCIO LOCACAO E SERVICOS LTDA;454727;1;1;Serviço;Despesa orçamentária;1;89796;IMPRESSAO/COPIA MONOCROMATICA FORMATO A4 - (OUTSOURCING), PAPEL NAO INCLUSO;1,00 UNIDADE;1251;3919;2628,0;0,0219;57,81
2010 - INST.DE PREVIDENCIA DOS SERVIDORES DO EST.M.GERAIS;Nota fiscal;65.295.172/0001-85;METODO TELECOMUNICACOES E COMERCIO LTDA;74617;;1;Serviço;Despesa orçamentária;1;21342;LOCACAO DE CENTRAL DE TELEFONIA COM 260 RAMAIS;1,00 UNIDADE;2011;3919;1,0;3038,04;3038,04
1190 - SECRETARIA DE ESTADO DE FAZENDA DE MINAS GERAIS;Nota fiscal;01.548.339/0001-90;SERTA SERVICOS TECNICOS E ADMINISTRATIVOS LTDA - EM RECUPERACAO JUDICIAL;7777;;1;Serviço;Despesa orçamentária;1;4561;SERVICOS DE CONSERVACAO E LIMPEZA PREDIAL;1,00 ANO;1191;3701;1,0;2196,91;2196,91
2010 - INST.DE PREVIDENCIA DOS SERVIDORES DO EST.M.GERAIS;Nota fiscal;07.832.586/0001-08;DF TURISMO E EVENTOS LTDA;8192;;1;Serviço;Despesa orçamentária;1;22446;SERVICOS DE ORGANIZACAO,EXECUCAO DE EVENTOS E ATIVIDADES CORRELATAS OU INERENTES;1,00 UNIDADE;2011;3955;1,0;32276,1;32276,1
1370 - SECRETARIA ESTADO DE MEIO AMB.DESENV SUSTENTAVEL;Nota fiscal;33.224.254/0001-42;MGS MINAS GERAIS ADMINISTRACAO E SERVICOS S/A;202631771;;1;Serviço;Despesa orçamentária;1;66311;VALE-ALIMENTACAO - MGS;1,00 UNIDADE;1371;3705;1,0;29834,4;29834,4
2270 - FUNDACAO HOSPITALAR DO ESTADO DE MINAS GERAIS;Nota fiscal;10.444.624/0001-51;SISNAC PRODUTOS PARA SAUDE LTDA;37790;1;1;Consumo;Despesa orçamentária;1;1848208;"EMBALAGEM PARA MAQUINA UNITARIZADORA -  IMPRESSAO:   COM TARJA DE COR E SEM TARJA DE COR; IDENTIFICACAO:   BLISTER CORTADO; MATERIA-PRIMA:   POLIETILENO DE BAIXA DENSIDADE; EQUIPAMENTO:   MAQUINA TOTALPACK / BT50A2 / BT5060A2; APRESENTACAO:   ROLO 5 MILHEIROS; MEDIDAS:   50 x 50 MM;";ROLO;2271;3030;28,0;445,0;12460,0
2270 - FUNDACAO HOSPITALAR DO ESTADO DE MINAS GERAIS;Nota fiscal;10.444.624/0001-51;SISNAC PRODUTOS PARA SAUDE LTDA;37790;1;1;Consumo;Despesa orçamentária;2;1848216;"EMBALAGEM PARA MAQUINA UNITARIZADORA -  IMPRESSAO:   TARJA COLORIDA; MATERIA-PRIMA:   POLIETILENO DE BAIXA DENSIDADE; EQUIPAMENTO:   MAQUINA TOTALPACK / BT50A2 / BT5060A2; MEDIDAS:   50  X 50 MM; APRESENTACAO:   ROLO 5 MILHEIROS; IDENTIFICACAO:   BLISTER CORTADO;";ROLO;2271;3030;8,0;444,975;3559,8
2270 - FUNDACAO HOSPITALAR DO ESTADO DE MINAS GERAIS;Nota fiscal;10.444.624/0001-51;SISNAC PRODUTOS PARA SAUDE LTDA;37790;1;1;Consumo;Despesa orçamentária;3;1848224;"EMBALAGEM PARA MAQUINA UNITARIZADORA -  IMPRESSAO:   LISA DE COR AMBAR; MEDIDAS:   50 X 50 MM; MATERIA-PRIMA:   POLIETILENO DE BAIXA DENSIDADE; EQUIPAMENTO:   MAQUINA TOTALPACK / BT50A2 / BT5060A2; IDENTIFICACAO:   BLISTER CORTADO; APRESENTACAO:   ROLO 5 MILHEIROS;";ROLO;2271;3030;4,0;445,0;1780,0
2270 - FUNDACAO HOSPITALAR DO ESTADO DE MINAS GERAIS;Nota fiscal;10.444.624/0001-51;SISNAC PRODUTOS PARA SAUDE LTDA;37790;1;1;Consumo;Despesa orçamentária;4;1848267;"EMBALAGEM PARA MAQUINA UNITARIZADORA -  EQUIPAMENTO:   MAQUINA TOTALPACK / BT50A2 / BT5060A2; MEDIDAS:   70 x 130 MM; IDENTIFICACAO:   AMPOLAS E FRASCOS-AMPOLAS; MATERIA-PRIMA:   POLIETILENO DE BAIXA DENSIDADE; IMPRESSAO:   COM TARJA DE COR E SEM TARJA DE COR; APRESENTACAO:   ROLO 2,5 MILHEIROS;";ROLO;2271;3030;4,0;509,25;2037,0
2270 - FUNDACAO HOSPITALAR DO ESTADO DE MINAS GERAIS;Nota fiscal;10.444.624/0001-51;SISNAC PRODUTOS PARA SAUDE LTDA;37790;1;1;Consumo;Despesa orçamentária;5;1848275;"EMBALAGEM PARA MAQUINA UNITARIZADORA -  APRESENTACAO:   ROLO 2,5 MILHEIROS; MEDIDAS:   70 X130 MM; MATERIA-PRIMA:   POLIETILENO DE BAIXA DENSIDADE; EQUIPAMENTO:   MAQUINA TOTALPACK / BT50A2 / BT5060A2; IMPRESSAO:   COM OU SEM TARJA COLORIDA; IDENTIFICACAO:   AMPOLAS E FRASCOS-AMPOLAS;";ROLO;2271;3030;4,0;509,25;2037,0
2270 - FUNDACAO HOSPITALAR DO ESTADO DE MINAS GERAIS;Nota fiscal;10.444.624/0001-51;SISNAC PRODUTOS PARA SAUDE LTDA;37790;1;1;Consumo;Despesa orçamentária;6;1848283;"EMBALAGEM PARA MAQUINA UNITARIZADORA -  EQUIPAMENTO:   MAQUINA TOTALPACK / BT50A2 / BT5060A2; IMPRESSAO:   LISA DE COR AMBAR; APRESENTACAO:   ROLO COM 2,5 MILHEIROS; IDENTIFICACAO:   AMPOLAS E FRASCOS-AMPOLAS; MEDIDAS:   70 X 130 MM; MATERIA-PRIMA:   POLIETILENO DE BAIXA DENSIDADE;";ROLO;2271;3030;4,0;509,25;2037,0
1190 - SECRETARIA DE ESTADO DE FAZENDA DE MINAS GERAIS;Nota fiscal;71.118.939/0001-01;CARVALHO E GARDINGO LTDA -EPP;24181;;1;Consumo;Despesa orçamentária;1;419710;"GAS COMBUSTIVEL -  NOMENCLATURA:   GLP; APRESENTACAO:   BOTIJAO DE 13KG  RETORNAVEL;";BOTIJAO 13,00 QUILOGRAMA;1191;3027;7,0;121,5;850,5
1250 - POLICIA MILITAR DE MINAS GERAIS;Nota fiscal;07.432.517/0001-07;SIMPRESS COMERCIO LOCACAO E SERVICOS LTDA;454726;1;1;Serviço;Despesa orçamentária;1;97292;LOCACAO DE IMPRESSORA MULTIFUNCIOAL MONOCROMATICA 38 PPM (OUTSOURCING ), PAPEL NAO INCLUSO;1,00 UNIDADE;1251;3919;1,0;130,07;130,07
1190 - SECRETARIA DE ESTADO DE FAZENDA DE MINAS GERAIS;Nota fiscal;01.548.339/0001-90;SERTA SERVICOS TECNICOS E ADMINISTRATIVOS LTDA - EM RECUPERACAO JUDICIAL;7785;;1;Serviço;Despesa orçamentária;1;4561;SERVICOS DE CONSERVACAO E LIMPEZA PREDIAL;1,00 ANO;1191;3701;1,0;6502,17;6502,17
2100 - INSTITUTO ESTADUAL DE FLORESTAS-IEF;Nota fiscal;33.224.254/0001-42;MGS MINAS GERAIS ADMINISTRACAO E SERVICOS S/A;202600000030125;;1;Serviço;Despesa orçamentária;1;106089;AUXILIAR DE LIMPEZA - 22H, 30H, 36H, 40H OU 44H;CARGA HORARIA 40,00 HORAS POR SEMANA;2101;3703;1,0;4261,59;4261,59
2100 - INSTITUTO ESTADUAL DE FLORESTAS-IEF;Nota fiscal;33.224.254/0001-42;MGS MINAS GERAIS ADMINISTRACAO E SERVICOS S/A;202600000030125;;1;Serviço;Despesa orçamentária;2;95109;AGENTE DE SERVICO DE PARQUE HABILITADO - 44H;CARGA HORARIA 44,00 HORAS POR SEMANA;2101;3704;0,8;5290,375;4232,3
2100 - INSTITUTO ESTADUAL DE FLORESTAS-IEF;Nota fiscal;33.224.254/0001-42;MGS MINAS GERAIS ADMINISTRACAO E SERVICOS S/A;202600000030125;;1;Serviço;Despesa orçamentária;3;106348;ORIENTADOR AMBIENTAL  - 44 HORAS  ;CARGA HORARIA 44,00 HORAS POR SEMANA;2101;3704;1,0;6751,22;6751,22
2100 - INSTITUTO ESTADUAL DE FLORESTAS-IEF;Nota fiscal;33.224.254/0001-42;MGS MINAS GERAIS ADMINISTRACAO E SERVICOS S/A;202600000030125;;1;Serviço;Despesa orçamentária;4;64483;ADICIONAL INSALUBRIDADE 40%;1,00 UNIDADE;2101;3705;1,0;1470,91;1470,91
1250 - POLICIA MILITAR DE MINAS GERAIS;Nota fiscal;42.886.119/0001-53;CAB TECNOLOGIA E SISTEMAS COMERCIO LTDA;29551;;2;Consumo;Despesa orçamentária;1;1450506;"ETIQUETA PARA IMPRESSAO DE CODIGO DE BARRAS -  APLICACAO:   IDENTIFICAR FRASCOS/TUBOS C/ AMOSTRAS BIOLOGICAS; COR:   BRANCA; FORMATO:   50 X 30MM; ADESIVO:   COUCHE ACRILICO 20G; IMPRESSAO:   RIBBON CERA/RESINA; CARREIRA:   01 CARREIRA;";ROLO 90,00 METRO;1251;3016;40,0;23,72;948,8
1260 - SECRETARIA DE ESTADO DE EDUCACAO;Outros;***.587.236-**;SOLANGE GARCIA SANTOS RIBEIRO;82026;8;1;Serviço;Despesa orçamentária;1;4065;LOCACAO DE IMOVEL COMERCIAL -;1,00 MES;1261;3611;1,0;2000,4;2000,4
2270 - FUNDACAO HOSPITALAR DO ESTADO DE MINAS GERAIS;Nota fiscal;32.227.070/0001-73;CETUS CONSTRUTORA LTDA;4499;;1;Serviço;Despesa orçamentária;1;125067;MANUTENCAO PREVENTIVA,CORRETIVA EM INFRAESTRUTURA PREDIAL CIVIL,ELETRICO,HIDRAULICO,ELETROMECANICO, AR E AMBIENTAL;1,00 UNIDADE;2271;3922;1,0;138672,99;138672,99
1320 - SECRETARIA DE ESTADO DA SAUDE;Nota fiscal;33.224.254/0001-42;MGS MINAS GERAIS ADMINISTRACAO E SERVICOS S/A;202632068;;1;Serviço;Despesa orçamentária;1;64459;DIARIA DE VIAGEM;1,00 UNIDADE;4291;3705;1,0;6080,02;6080,02
1260 - SECRETARIA DE ESTADO DE EDUCACAO;Nota fiscal;33.224.254/0001-42;MGS MINAS GERAIS ADMINISTRACAO E SERVICOS S/A;31960;1;1;Serviço;Despesa orçamentária;1;29904;SERVICOS DE RECEPCAO, CONTROLE E OPERACAO DE PORTARIAS E EDIFICIOS;1,00 UNIDADE;1261;3704;1,0;106285,41;106285,41
1370 - SECRETARIA ESTADO DE MEIO AMB.DESENV SUSTENTAVEL;Nota fiscal;33.224.254/0001-42;MGS MINAS GERAIS ADMINISTRACAO E SERVICOS S/A;202631869;;1;Serviço;Despesa orçamentária;1;155250;CARTAO CESTA BASICA - MGS;1,00 UNIDADE;1371;3705;1,0;2896,27;2896,27
1450 - SECRETARIA DE ESTADO DE JUSTICA E SEGURANCA PUBLIC;Nota fiscal;08.624.977/0001-91;TERRAVIVA AMBIENTAL LTDA;1122;;1;Serviço;Despesa extra orçamentária;1;30074;SERVICOS DE COLETA, TRANSPORTE, SELECAO, TRATAMENTO  E DESTINACAO DE RESIDUO LIXO HOSPITALAR E IML;1,00 UNIDADE;1451;3959;1,0;653,6;653,6
1190 - SECRETARIA DE ESTADO DE FAZENDA DE MINAS GERAIS;Nota fiscal;01.548.339/0001-90;SERTA SERVICOS TECNICOS E ADMINISTRATIVOS LTDA - EM RECUPERACAO JUDICIAL;7778;;1;Serviço;Despesa orçamentária;1;4561;SERVICOS DE CONSERVACAO E LIMPEZA PREDIAL;1,00 ANO;1191;3701;1,0;6486,59;6486,59
1320 - SECRETARIA DE ESTADO DA SAUDE;Outros;01.980.768/0001-31;AZEVEDO DUARTE LTDA;82026;;1;Serviço;Despesa orçamentária;1;4065;LOCACAO DE IMOVEL COMERCIAL -;1,00 MES;4291;3920;1,0;27042,21;27042,21
1320 - SECRETARIA DE ESTADO DA SAUDE;Nota fiscal;33.224.254/0001-42;MGS MINAS GERAIS ADMINISTRACAO E SERVICOS S/A;2026705539;;1;Serviço;Despesa orçamentária;1;155250;CARTAO CESTA BASICA - MGS;1,00 UNIDADE;4291;3705;1,0;2896,99;2896,99
2100 - INSTITUTO ESTADUAL DE FLORESTAS-IEF;Outros;33.224.254/0001-42;MGS MINAS GERAIS ADMINISTRACAO E SERVICOS S/A;703098;;1;Serviço;Despesa orçamentária;1;66311;VALE-ALIMENTACAO - MGS;1,00 UNIDADE;2101;3705;1,0;1717,62;1717,62
1320 - SECRETARIA DE ESTADO DA SAUDE;Nota fiscal;33.224.254/0001-42;MGS MINAS GERAIS ADMINISTRACAO E SERVICOS S/A;202630415;1;1;Serviço;Despesa orçamentária;1;106089;AUXILIAR DE LIMPEZA - 22H, 30H, 36H, 40H OU 44H;CARGA HORARIA 44,00 HORAS POR SEMANA;4291;3703;3,7667;4634,2581;17455,86
1320 - SECRETARIA DE ESTADO DA SAUDE;Nota fiscal;33.224.254/0001-42;MGS MINAS GERAIS ADMINISTRACAO E SERVICOS S/A;202630415;1;1;Serviço;Despesa orçamentária;2;64483;ADICIONAL INSALUBRIDADE 40%;1,00 UNIDADE;4291;3705;1,0;1470,91;1470,91
1320 - SECRETARIA DE ESTADO DA SAUDE;Nota fiscal;33.224.254/0001-42;MGS MINAS GERAIS ADMINISTRACAO E SERVICOS S/A;202630415;1;1;Serviço;Despesa orçamentária;3;63584;RECEPCIONISTA - 30H, 36H, 40H OU 44H;CARGA HORARIA 40,00 HORAS POR SEMANA;4291;3704;1,0;7197,0;7197,0
1320 - SECRETARIA DE ESTADO DA SAUDE;Nota fiscal;33.224.254/0001-42;MGS MINAS GERAIS ADMINISTRACAO E SERVICOS S/A;202630415;1;1;Serviço;Despesa orçamentária;4;106429;ANALISTA ESPECIALIZADO EM CIENCIAS EXATAS E DA TERRA I- 30H,36H, 40H OU 44H;CARGA HORARIA 40,00 HORAS POR SEMANA;4291;3704;1,0;11310,54;11310,54
1320 - SECRETARIA DE ESTADO DA SAUDE;Nota fiscal;33.224.254/0001-42;MGS MINAS GERAIS ADMINISTRACAO E SERVICOS S/A;202630415;1;1;Serviço;Despesa orçamentária;5;105660;PORTEIRO (COM SUBSTITUICAO) - 12X36 DIURNO - 44H;CARGA HORARIA 44,00 HORAS POR SEMANA;4291;3704;2,0;6466,42;12932,84
1320 - SECRETARIA DE ESTADO DA SAUDE;Nota fiscal;33.224.254/0001-42;MGS MINAS GERAIS ADMINISTRACAO E SERVICOS S/A;202630415;1;1;Serviço;Despesa orçamentária;6;63517;TECNICO ESPECIALIZADO - 40H OU 44H;CARGA HORARIA 40,00 HORAS POR SEMANA;4291;3704;1,0;7930,05;7930,05
1320 - SECRETARIA DE ESTADO DA SAUDE;Nota fiscal;33.224.254/0001-42;MGS MINAS GERAIS ADMINISTRACAO E SERVICOS S/A;202630415;1;1;Serviço;Despesa orçamentária;7;105678;PORTEIRO (COM SUBSTITUICAO) - 12X36 NOTURNO - 44H;CARGA HORARIA 44,00 HORAS POR SEMANA;4291;3704;2,0;7896,69;15793,38
1320 - SECRETARIA DE ESTADO DA SAUDE;Nota fiscal;33.224.254/0001-42;MGS MINAS GERAIS ADMINISTRACAO E SERVICOS S/A;202630415;1;1;Serviço;Despesa orçamentária;8;63339;SUPORTE ADMINISTRATIVO - 30H, 36H, 40H OU 44H;CARGA HORARIA 40,00 HORAS POR SEMANA;4291;3704;2,0;6545,04;13090,08
1320 - SECRETARIA DE ESTADO DA SAUDE;Nota fiscal;33.224.254/0001-42;MGS MINAS GERAIS ADMINISTRACAO E SERVICOS S/A;202630415;1;1;Serviço;Despesa orçamentária;9;63410;MOTORISTA DE ONIBUS - 44H;CARGA HORARIA 44,00 HORAS POR SEMANA;4291;3704;0,8;8834,8125;7067,85
2270 - FUNDACAO HOSPITALAR DO ESTADO DE MINAS GERAIS;Nota fiscal;71.957.310/0001-47;GREINER BIO-ONE BRASIL PRODUTOS MEDICOS HOSPITALARES LTDA;247665;1;1;Consumo;Despesa orçamentária;1;123382;"TUBO PARA COLETA DE SANGUE A VACUO -  MATERIA-PRIMA:   PLASTICO TRANSPARENTE, DESCARTAVEL, ESTERIL; TAMPA:   COM TAMPA PLASTICA PROTETORA; COR:   DE COR AMARELA; ROTULO:   CONTENDO NUMERO DO LOTE E PRAZO DE VALIDADE; VOLUME:   5 A 7ML; ANTICOAGULANTE:   COM ATIVADOR DE COAGULACAO E GEL SEPARADOR;";1,00 UNIDADE;2271;3013;2200,0;0,52;1144,0
2270 - FUNDACAO HOSPITALAR DO ESTADO DE MINAS GERAIS;Nota fiscal;71.957.310/0001-47;GREINER BIO-ONE BRASIL PRODUTOS MEDICOS HOSPITALARES LTDA;247665;1;1;Consumo;Despesa orçamentária;2;960004;"TUBO PARA COLETA DE SANGUE A VACUO -  MATERIA-PRIMA:   PLASTICO TRANSPARENTE, DESCARTAVEL, ESTERIL; TAMPA:   TAMPA PLASTICA PROTETORA; COR:   COR LAVANDA (ROXA); ROTULO:   CONTENDO NUMERO DO LOTE E PRAZO DE VALIDADE; VOLUME:   2 A 3,5ML; ANTICOAGULANTE:   COM ANTICOAGULANTE EDTA K3/K2;";1,00 UNIDADE;2271;3013;2500,0;0,36;900,0
1300 - SECRET. DE ESTADO DE INFRAESTRUTURA E MOBILIDADE;Nota fiscal;28.065.090/0002-07;SALES CONSTRUCOES E EMPREENDIMENTOS LTDA;60;E;1;Serviço;Despesa orçamentária;1;1856;SERVICOS DE GALERIAS E DRENAGEM;1,00 UNIDADE;1301;5107;1,0;333988,68;333988,68
1260 - SECRETARIA DE ESTADO DE EDUCACAO;Outros;33.224.254/0001-42;MGS MINAS GERAIS ADMINISTRACAO E SERVICOS S/A;31980;1;1;Serviço;Despesa orçamentária;1;64459;DIARIA DE VIAGEM;1,00 UNIDADE;1261;3705;1,0;353,76;353,76
1370 - SECRETARIA ESTADO DE MEIO AMB.DESENV SUSTENTAVEL;Nota fiscal;33.224.254/0001-42;MGS MINAS GERAIS ADMINISTRACAO E SERVICOS S/A;202631770;;1;Serviço;Despesa orçamentária;1;64459;DIARIA DE VIAGEM;1,00 UNIDADE;1371;3705;1,0;5940,94;5940,94
1190 - SECRETARIA DE ESTADO DE FAZENDA DE MINAS GERAIS;Nota fiscal;01.548.339/0001-90;SERTA SERVICOS TECNICOS E ADMINISTRATIVOS LTDA - EM RECUPERACAO JUDICIAL;7790;;1;Serviço;Despesa orçamentária;1;4561;SERVICOS DE CONSERVACAO E LIMPEZA PREDIAL;1,00 ANO;1191;3701;1,0;5488,17;5488,17
1250 - POLICIA MILITAR DE MINAS GERAIS;Nota fiscal;19.561.435/0001-33;AGENES S.DA SILVA SUPRIMENTOS DE INFORMATICA LTDA;3439;803;1;Consumo;Despesa orçamentária;1;75981;"JARRA -  MATERIA-PRIMA:   VIDRO TRANSPARENTE; DETALHES:   SEM TAMPA; CAPACIDADE:   1000ML;";1,00 UNIDADE;1251;3003;4,0;20,0;80,0
1250 - POLICIA MILITAR DE MINAS GERAIS;Nota fiscal;19.561.435/0001-33;AGENES S.DA SILVA SUPRIMENTOS DE INFORMATICA LTDA;3439;803;1;Consumo;Despesa orçamentária;2;133329;"BANDEJA -  MATERIA-PRIMA:   ACO INOX; MODELO:   RETANGULAR, COM ALCAS; DIMENSOES:   30CM COMPRIMENTO X 23CM LARGURA X 2,5CM ALTURA;";1,00 UNIDADE;1251;3003;4,0;30,0;120,0
1250 - POLICIA MILITAR DE MINAS GERAIS;Nota fiscal;19.561.435/0001-33;AGENES S.DA SILVA SUPRIMENTOS DE INFORMATICA LTDA;3439;803;1;Consumo;Despesa orçamentária;3;226360;"BANDEJA -  MATERIA-PRIMA:   ACO INOX; MODELO:   REDONDO; DIMENSOES:   35CM DE DIAMETRO;";1,00 UNIDADE;1251;3003;4,0;68,0;272,0
2010 - INST.DE PREVIDENCIA DOS SERVIDORES DO EST.M.GERAIS;Nota fiscal;65.295.172/0001-85;METODO TELECOMUNICACOES E COMERCIO LTDA;74618;;1;Serviço;Despesa orçamentária;1;21245;LOCACAO DE CENTRAL DE TELEFONIA COM 100 RAMAIS;1,00 UNIDADE;2011;3919;1,0;1613,3;1613,3
2100 - INSTITUTO ESTADUAL DE FLORESTAS-IEF;Outros;33.224.254/0001-42;MGS MINAS GERAIS ADMINISTRACAO E SERVICOS S/A;703099;;1;Serviço;Despesa orçamentária;1;155250;CARTAO CESTA BASICA - MGS;1,00 UNIDADE;2101;3705;1,0;628,49;628,49
1250 - POLICIA MILITAR DE MINAS GERAIS;Outros;03.914.523/0001-31;GESET COMERCIO ASSISTENCIA TECNICA E LOCACOES MAQUINAS E DUPLICADORES LTDA;7771;;1;Serviço;Despesa orçamentária;1;89796;IMPRESSAO/COPIA MONOCROMATICA FORMATO A4 - (OUTSOURCING), PAPEL NAO INCLUSO;1,00 UNIDADE;1251;3919;2044,0;0,0841;172,06
1320 - SECRETARIA DE ESTADO DA SAUDE;Nota fiscal;33.224.254/0001-42;MGS MINAS GERAIS ADMINISTRACAO E SERVICOS S/A;2026705540;;1;Serviço;Despesa orçamentária;1;66311;VALE-ALIMENTACAO - MGS;1,00 UNIDADE;4291;3705;1,0;10950,37;10950,37
2270 - FUNDACAO HOSPITALAR DO ESTADO DE MINAS GERAIS;Nota fiscal;05.263.842/0001-50;IGC EMPREENDIMENTOS IMOBILIARIOS LTDA;20263149;;1;Serviço;Despesa orçamentária;1;125067;MANUTENCAO PREVENTIVA,CORRETIVA EM INFRAESTRUTURA PREDIAL CIVIL,ELETRICO,HIDRAULICO,ELETROMECANICO, AR E AMBIENTAL;1,00 UNIDADE;2271;3922;1,0;4288,86;4288,86
1260 - SECRETARIA DE ESTADO DE EDUCACAO;Nota fiscal;07.320.383/0001-24;INSTITUTO TECNICO EDUCACIONAL POLIVALENTE LTDA - ME;34;526;1;Serviço;Despesa orçamentária;1;109460;CURSO TECNICO PROFISSIONALIZANTE  EM ATENDIMENTO AO PROGRAMA TRILHAS DE FUTURO ;UNIDADE;1261;3949;10,0;50848,739;508487,39
1260 - SECRETARIA DE ESTADO DE EDUCACAO;Nota fiscal;49.397.537/0001-26;IMPORT TECH COMERCIO IMPORTACAO E EXPORTACAO LTDA;1102;1;2;Consumo;Despesa extra orçamentária;1;1983520;"KIT DE MATERIAL ESCOLAR (DISTRIBUICAO GRATUITA) -  COMPONENTES:   1 MOCHILA ESCOLAR; COMPONENTES (2):   1 ESTOJO ESCOLAR;";UNIDADE;1261;3007;63,0;34,0;2142,0
1190 - SECRETARIA DE ESTADO DE FAZENDA DE MINAS GERAIS;Nota fiscal;07.301.055/0001-80;AZIZ SISTEMAS DE SEGURANCA LTDA;2512;;1;Serviço;Despesa orçamentária;1;4740;SERVICOS DE VIGILANCIA E SEGURANCA ELETRONICA;1,00 UNIDADE;1191;3962;1,0;1260,0;1260,0
2100 - INSTITUTO ESTADUAL DE FLORESTAS-IEF;Outros;33.224.254/0001-42;MGS MINAS GERAIS ADMINISTRACAO E SERVICOS S/A;703164;;1;Serviço;Despesa orçamentária;1;66311;VALE-ALIMENTACAO - MGS;1,00 UNIDADE;2101;3705;1,0;2559,4;2559,4
2100 - INSTITUTO ESTADUAL DE FLORESTAS-IEF;Outros;33.224.254/0001-42;MGS MINAS GERAIS ADMINISTRACAO E SERVICOS S/A;703966;;1;Serviço;Despesa orçamentária;1;66311;VALE-ALIMENTACAO - MGS;1,00 UNIDADE;2101;3705;1,0;6861,97;6861,97
2270 - FUNDACAO HOSPITALAR DO ESTADO DE MINAS GERAIS;Nota fiscal;04.889.013/0001-14;DISTRILAF DISTRIBUIDORA DE MEDICAMENTOS LTDA;153134;1;1;Consumo;Despesa orçamentária;1;1672584;"LUVA DESCARTAVEL PROCEDIMENTOS NAO CIRURGICOS -  COMPOSICAO:   LATEX DE BORRACHA NATURAL; PO:   BIOABSORVIVEL; TAMANHO:   P; FORMATO:   AMBIDESTRA; TEXTURA:   LISA; APRESENTACAO:   EMBALAGEM 100 UNIDADES; ESTERIL:   NAO;";CAIXA;2271;3010;800,0;18,98;15184,0
2270 - FUNDACAO HOSPITALAR DO ESTADO DE MINAS GERAIS;Nota fiscal;04.889.013/0001-14;DISTRILAF DISTRIBUIDORA DE MEDICAMENTOS LTDA;153134;1;1;Consumo;Despesa orçamentária;2;1672592;"LUVA DESCARTAVEL PROCEDIMENTOS NAO CIRURGICOS -  ESTERIL:   NAO; COMPOSICAO:   LATEX DE BORRACHA NATURAL; PO:   BIOABSORVIVEL; TAMANHO:   M; FORMATO:   AMBIDESTRA; TEXTURA:   LISA; APRESENTACAO:   EMBALAGEM 100 UNIDADES;";CAIXA;2271;3010;1200,0;18,99;22788,0
1250 - POLICIA MILITAR DE MINAS GERAIS;Nota fiscal;07.432.517/0001-07;SIMPRESS COMERCIO LOCACAO E SERVICOS LTDA;447260;;1;Serviço;Despesa orçamentária;1;97292;LOCACAO DE IMPRESSORA MULTIFUNCIOAL MONOCROMATICA 38 PPM (OUTSOURCING ), PAPEL NAO INCLUSO;1,00 UNIDADE;1251;3919;1,0;129,05;129,05
1260 - SECRETARIA DE ESTADO DE EDUCACAO;Outros;12.626.653/0001-60;GRANATO ADMINISTRACAO DE BENS LTDA - EPP;82026;1;1;Serviço;Despesa orçamentária;1;4065;LOCACAO DE IMOVEL COMERCIAL -;1,00 MES;1261;3920;1,0;10891,52;10891,52
2100 - INSTITUTO ESTADUAL DE FLORESTAS-IEF;Outros;33.224.254/0001-42;MGS MINAS GERAIS ADMINISTRACAO E SERVICOS S/A;703967;;1;Serviço;Despesa orçamentária;1;155250;CARTAO CESTA BASICA - MGS;1,00 UNIDADE;2101;3705;1,0;2307,88;2307,88
1250 - POLICIA MILITAR DE MINAS GERAIS;Outros;03.914.523/0001-31;GESET COMERCIO ASSISTENCIA TECNICA E LOCACOES MAQUINAS E DUPLICADORES LTDA;7768;;1;Serviço;Despesa orçamentária;1;89796;IMPRESSAO/COPIA MONOCROMATICA FORMATO A4 - (OUTSOURCING), PAPEL NAO INCLUSO;1,00 UNIDADE;1251;3919;12742,0;0,0841;1072,62
1190 - SECRETARIA DE ESTADO DE FAZENDA DE MINAS GERAIS;Outros;***.099.066-**;MERCIA CAMARGOS;92026;;1;Serviço;Despesa orçamentária;1;4065;LOCACAO DE IMOVEL COMERCIAL -;1,00 MES;1191;3611;1,0;2290,32;2290,32
1250 - POLICIA MILITAR DE MINAS GERAIS;Nota fiscal;07.432.517/0001-07;SIMPRESS COMERCIO LOCACAO E SERVICOS LTDA;454750;1;1;Serviço;Despesa orçamentária;1;97292;LOCACAO DE IMPRESSORA MULTIFUNCIOAL MONOCROMATICA 38 PPM (OUTSOURCING ), PAPEL NAO INCLUSO;1,00 UNIDADE;1251;3919;1,0;130,07;130,07
1250 - POLICIA MILITAR DE MINAS GERAIS;Nota fiscal;07.432.517/0001-07;SIMPRESS COMERCIO LOCACAO E SERVICOS LTDA;447289;;1;Serviço;Despesa orçamentária;1;89796;IMPRESSAO/COPIA MONOCROMATICA FORMATO A4 - (OUTSOURCING), PAPEL NAO INCLUSO;1,00 UNIDADE;1251;3919;999,0;0,0208;20,78
2100 - INSTITUTO ESTADUAL DE FLORESTAS-IEF;Nota fiscal;33.224.254/0001-42;MGS MINAS GERAIS ADMINISTRACAO E SERVICOS S/A;202600000030169;;1;Serviço;Despesa orçamentária;1;105660;PORTEIRO (COM SUBSTITUICAO) - 12X36 DIURNO - 44H;CARGA HORARIA 44,00 HORAS POR SEMANA;2101;3704;2,0;6466,42;12932,84
2100 - INSTITUTO ESTADUAL DE FLORESTAS-IEF;Nota fiscal;33.224.254/0001-42;MGS MINAS GERAIS ADMINISTRACAO E SERVICOS S/A;202600000030169;;1;Serviço;Despesa orçamentária;2;106089;AUXILIAR DE LIMPEZA - 22H, 30H, 36H, 40H OU 44H;CARGA HORARIA 44,00 HORAS POR SEMANA;2101;3703;1,0;4634,3;4634,3
2100 - INSTITUTO ESTADUAL DE FLORESTAS-IEF;Nota fiscal;33.224.254/0001-42;MGS MINAS GERAIS ADMINISTRACAO E SERVICOS S/A;202600000030169;;1;Serviço;Despesa orçamentária;3;63339;SUPORTE ADMINISTRATIVO - 30H, 36H, 40H OU 44H;CARGA HORARIA 40,00 HORAS POR SEMANA;2101;3704;2,0;6174,39;12348,78
2100 - INSTITUTO ESTADUAL DE FLORESTAS-IEF;Nota fiscal;33.224.254/0001-42;MGS MINAS GERAIS ADMINISTRACAO E SERVICOS S/A;202600000030169;;1;Serviço;Despesa orçamentária;4;64483;ADICIONAL INSALUBRIDADE 40%;1,00 UNIDADE;2101;3705;1,0;1654,72;1654,72
1260 - SECRETARIA DE ESTADO DE EDUCACAO;Nota fiscal;08.726.137/0001-30;TJ AR CONDICIONADO LTDA -ME;653;;1;Serviço;Despesa orçamentária;1;69990;MANUTENCAO PREVENTIVA E CORRETIVA EM   APARELHOS DE AR CONDICIONADO, INCLUINDO FORNECIMENTO DE PECAS;1,00 UNIDADE;1261;3921;29,0;55,15;1599,35
1260 - SECRETARIA DE ESTADO DE EDUCACAO;Nota fiscal;08.726.137/0001-30;TJ AR CONDICIONADO LTDA -ME;653;;1;Serviço;Despesa orçamentária;2;30600;INSTALACAO DE EQUIPAMENTO DE AR CONDICIONADO, TIPO SPLIT OU SPLIT CASSETE;1,00 UNIDADE;1261;3921;1,0;202,4;202,4
1450 - SECRETARIA DE ESTADO DE JUSTICA E SEGURANCA PUBLIC;Nota fiscal;05.151.226/0001-07;EXPRESSO MINAS FRIOS LTDA;89230;2;1;Serviço;Despesa orçamentária;1;2461;SERVICO DE TRANSPORTE DE CARGA VIA RODOVIA;1,00 UNIDADE;1451;3906;116,0;8,75;1015,0
2100 - INSTITUTO ESTADUAL DE FLORESTAS-IEF;Nota fiscal;33.224.254/0001-42;MGS MINAS GERAIS ADMINISTRACAO E SERVICOS S/A;202600000030326;;1;Serviço;Despesa orçamentária;1;106089;AUXILIAR DE LIMPEZA - 22H, 30H, 36H, 40H OU 44H;CARGA HORARIA 44,00 HORAS POR SEMANA;2101;3703;1,0;4580,89;4580,89
2100 - INSTITUTO ESTADUAL DE FLORESTAS-IEF;Nota fiscal;33.224.254/0001-42;MGS MINAS GERAIS ADMINISTRACAO E SERVICOS S/A;202600000030326;;1;Serviço;Despesa orçamentária;2;64483;ADICIONAL INSALUBRIDADE 40%;1,00 UNIDADE;2101;3705;1,0;1453,96;1453,96
2100 - INSTITUTO ESTADUAL DE FLORESTAS-IEF;Nota fiscal;33.224.254/0001-42;MGS MINAS GERAIS ADMINISTRACAO E SERVICOS S/A;202600000030326;;1;Serviço;Despesa orçamentária;3;63339;SUPORTE ADMINISTRATIVO - 30H, 36H, 40H OU 44H;CARGA HORARIA 40,00 HORAS POR SEMANA;2101;3704;1,0;6469,61;6469,61
1250 - POLICIA MILITAR DE MINAS GERAIS;Nota fiscal;32.494.340/0001-02;ADVANCED STERILIZATION PRODUCTS DISTRIBUICAO E COMERCIO DE PRODUTOS PARA SAUDE LTDA.;24593;;2;Serviço;Despesa orçamentária;1;2674;MANUTENCAO, REPARO, CONSERVACAO E ADAPTACAO EM EQUIPAMENTOS E INSTRUMENTOS MEDICOS;1,00 UNIDADE;1251;3921;1,0;5020,1;5020,1
1190 - SECRETARIA DE ESTADO DE FAZENDA DE MINAS GERAIS;Outros;***.696.216-**;MAGDA APARECIDA CAMARGOS;92026;;1;Serviço;Despesa orçamentária;1;4065;LOCACAO DE IMOVEL COMERCIAL -;1,00 MES;1191;3611;1,0;2290,32;2290,32
1260 - SECRETARIA DE ESTADO DE EDUCACAO;Nota fiscal;49.397.537/0001-26;IMPORT TECH COMERCIO IMPORTACAO E EXPORTACAO LTDA;1532;1;1;Consumo;Despesa extra orçamentária;1;1983520;"KIT DE MATERIAL ESCOLAR (DISTRIBUICAO GRATUITA) -  COMPONENTES:   1 MOCHILA ESCOLAR; COMPONENTES (2):   1 ESTOJO ESCOLAR;";UNIDADE;1261;3007;163,0;34,0;5542,0
1190 - SECRETARIA DE ESTADO DE FAZENDA DE MINAS GERAIS;Nota fiscal;40.432.544/0112-62;CLARO S.A.;260625507;;1;Serviço;Despesa orçamentária;1;121088;SERVICO DE TELEFONIA FIXA COMUTADA - LDN (LONGA DISTANCIA NACIONAL) , FIXO-FIXO , FIXO-MOVEL;1,00 ANO;1191;4004;1,0;124,52;124,52
1190 - SECRETARIA DE ESTADO DE FAZENDA DE MINAS GERAIS;Outros;***.176.406-**;MARIA LUCIA CAMARGOS;92026;;1;Serviço;Despesa orçamentária;1;4065;LOCACAO DE IMOVEL COMERCIAL -;1,00 MES;1191;3611;1,0;2290,33;2290,33
1450 - SECRETARIA DE ESTADO DE JUSTICA E SEGURANCA PUBLIC;Nota fiscal;05.151.226/0001-07;EXPRESSO MINAS FRIOS LTDA;89231;2;1;Serviço;Despesa orçamentária;1;2461;SERVICO DE TRANSPORTE DE CARGA VIA RODOVIA;1,00 UNIDADE;1451;3906;102,0;8,75;892,5
2270 - FUNDACAO HOSPITALAR DO ESTADO DE MINAS GERAIS;Nota fiscal;01.389.269/0001-74;ALCTEL TELECOMUNICACOES E INFORMATICA LTDA;1817;;1;Serviço;Despesa orçamentária;1;114340;MANUTENCAO EM CENTRAL TELEFONICA, 90 RAMAIS;1,00 UNIDADE;2271;3921;2,0;608,39;1216,78
2270 - FUNDACAO HOSPITALAR DO ESTADO DE MINAS GERAIS;Nota fiscal;01.389.269/0001-74;ALCTEL TELECOMUNICACOES E INFORMATICA LTDA;1817;;1;Serviço;Despesa orçamentária;2;114375;MANUTENCAO EM CENTRAL TELEFONICA, 140 RAMAIS;1,00 UNIDADE;2271;3921;2,0;946,38;1892,76
2270 - FUNDACAO HOSPITALAR DO ESTADO DE MINAS GERAIS;Nota fiscal;01.389.269/0001-74;ALCTEL TELECOMUNICACOES E INFORMATICA LTDA;1817;;1;Serviço;Despesa orçamentária;3;114367;MANUTENCAO EM CENTRAL TELEFONICA, 120 RAMAIS;1,00 UNIDADE;2271;3921;1,0;811,18;811,18
2270 - FUNDACAO HOSPITALAR DO ESTADO DE MINAS GERAIS;Nota fiscal;01.389.269/0001-74;ALCTEL TELECOMUNICACOES E INFORMATICA LTDA;1817;;1;Serviço;Despesa orçamentária;4;114324;MANUTENCAO EM CENTRAL TELEFONICA, 70 RAMAIS ;1,00 UNIDADE;2271;3921;1,0;473,19;473,19
2270 - FUNDACAO HOSPITALAR DO ESTADO DE MINAS GERAIS;Nota fiscal;01.389.269/0001-74;ALCTEL TELECOMUNICACOES E INFORMATICA LTDA;1817;;1;Serviço;Despesa orçamentária;5;114421;MANUTENCAO EM CENTRAL TELEFONICA, 240 RAMAIS;1,00 UNIDADE;2271;3921;1,0;1622,37;1622,37
2270 - FUNDACAO HOSPITALAR DO ESTADO DE MINAS GERAIS;Nota fiscal;01.389.269/0001-74;ALCTEL TELECOMUNICACOES E INFORMATICA LTDA;1817;;1;Serviço;Despesa orçamentária;6;114278;MANUTENCAO EM CENTRAL TELEFONICA, 20 RAMAIS;1,00 UNIDADE;2271;3921;1,0;135,2;135,2
2270 - FUNDACAO HOSPITALAR DO ESTADO DE MINAS GERAIS;Nota fiscal;01.389.269/0001-74;ALCTEL TELECOMUNICACOES E INFORMATICA LTDA;1817;;1;Serviço;Despesa orçamentária;7;114332;MANUTENCAO EM CENTRAL TELEFONICA, 80 RAMAIS;1,00 UNIDADE;2271;3921;8,0;540,79;4326,32
2270 - FUNDACAO HOSPITALAR DO ESTADO DE MINAS GERAIS;Nota fiscal;01.389.269/0001-74;ALCTEL TELECOMUNICACOES E INFORMATICA LTDA;1817;;1;Serviço;Despesa orçamentária;8;114316;MANUTENCAO EM CENTRAL TELEFONICA, 60 RAMAIS ;1,00 UNIDADE;2271;3921;1,0;405,59;405,59
2270 - FUNDACAO HOSPITALAR DO ESTADO DE MINAS GERAIS;Nota fiscal;01.389.269/0001-74;ALCTEL TELECOMUNICACOES E INFORMATICA LTDA;1817;;1;Serviço;Despesa orçamentária;9;114294;MANUTENCAO EM CENTRAL TELEFONICA, 40 RAMAIS;1,00 UNIDADE;2271;3921;1,0;270,39;270,39
2270 - FUNDACAO HOSPITALAR DO ESTADO DE MINAS GERAIS;Nota fiscal;01.389.269/0001-74;ALCTEL TELECOMUNICACOES E INFORMATICA LTDA;1817;;1;Serviço;Despesa orçamentária;10;114413;MANUTENCAO EM CENTRAL TELEFONICA, 230 RAMAIS;1,00 UNIDADE;2271;3921;1,0;1554,77;1554,77
1260 - SECRETARIA DE ESTADO DE EDUCACAO;Nota fiscal;49.397.537/0001-26;IMPORT TECH COMERCIO IMPORTACAO E EXPORTACAO LTDA;1546;1;1;Consumo;Despesa extra orçamentária;1;1983520;"KIT DE MATERIAL ESCOLAR (DISTRIBUICAO GRATUITA) -  COMPONENTES:   1 MOCHILA ESCOLAR; COMPONENTES (2):   1 ESTOJO ESCOLAR;";UNIDADE;1261;3007;330,0;34,0;11220,0
2260 - FUNDACAO EZEQUIEL DIAS;Outros;04.198.254/0001-17;MCR SISTEMAS E CONSULTORIA LTDA;8193;;1;Serviço;Despesa orçamentária;1;125440;ATUALIZACAO,SUPORTE SUBSCRICAO SOFTWARE AUTODESK ARCHITECTURE, ENGINEERING & CONSTRUCTION COLLECTION SINGLE-USER, 3 ANOS;1,00 UNIDADE;2261;4002;1,0;523308,6;523308,6
1260 - SECRETARIA DE ESTADO DE EDUCACAO;Outros;33.224.254/0001-42;MGS MINAS GERAIS ADMINISTRACAO E SERVICOS S/A;705434;;1;Serviço;Despesa orçamentária;1;66311;VALE-ALIMENTACAO - MGS;1,00 UNIDADE;1261;3705;1,0;3420,37;3420,37
1260 - SECRETARIA DE ESTADO DE EDUCACAO;Nota fiscal;42.889.678/0001-17;FELIPE ALVARENGA COMERCIO E SERVICOS DE ENGENHARIA LTDA;92;A;1;Serviço;Despesa orçamentária;1;69990;MANUTENCAO PREVENTIVA E CORRETIVA EM   APARELHOS DE AR CONDICIONADO, INCLUINDO FORNECIMENTO DE PECAS;1,00 UNIDADE;1261;3921;1,0;3591,63;3591,63
2100 - INSTITUTO ESTADUAL DE FLORESTAS-IEF;Outros;33.224.254/0001-42;MGS MINAS GERAIS ADMINISTRACAO E SERVICOS S/A;703477;;1;Serviço;Despesa orçamentária;1;66311;VALE-ALIMENTACAO - MGS;1,00 UNIDADE;2101;3705;1,0;1045,05;1045,05
1250 - POLICIA MILITAR DE MINAS GERAIS;Nota fiscal;07.797.967/0001-95;NP TECNOLOGIA E GESTAO DE DADOS LTDA;4418;;1;Serviço;Despesa orçamentária;1;13196;SERVICOS DE PESQUISAS DE DADOS, DE INFORMACOES, DE OPINIOES ETC;1,00 UNIDADE;1251;3956;1,0;33623,91;33623,91
1250 - POLICIA MILITAR DE MINAS GERAIS;Nota fiscal;07.432.517/0001-07;SIMPRESS COMERCIO LOCACAO E SERVICOS LTDA;454751;1;1;Serviço;Despesa orçamentária;1;89796;IMPRESSAO/COPIA MONOCROMATICA FORMATO A4 - (OUTSOURCING), PAPEL NAO INCLUSO;1,00 UNIDADE;1251;3919;1380,0;0,022;30,36
2370 - INSTITUTO MINEIRO DE AGROPECUARIA;Outros;76.535.764/0001-43;OI S.A. - EM RECUPERACAO JUDICIAL;1700461835698;;1;Serviço;Despesa orçamentária;1;121061;SERVICO TELEFONIA FIXA COMUTADA,LINHA INDIVIDUAL, REGIAO 12, LOCAL,FIXO-FIXO, FIXO-MOVEL,DDR INSTALACAO OU TRANSFERENCIA;1,00 UNIDADE;2371;4004;1,0;609,78;609,78
1500 - SECRETARIA DE ESTADO DE PLANEJAMENTO E GESTAO;Nota fiscal;33.224.254/0001-42;MGS MINAS GERAIS ADMINISTRACAO E SERVICOS S/A;30675;10;1;Serviço;Despesa orçamentária;1;66311;VALE-ALIMENTACAO - MGS;1,00 UNIDADE;1501;3705;1,0;2600,41;2600,41
2100 - INSTITUTO ESTADUAL DE FLORESTAS-IEF;Nota fiscal;33.224.254/0001-42;MGS MINAS GERAIS ADMINISTRACAO E SERVICOS S/A;202600000030601;;1;Serviço;Despesa orçamentária;1;106089;AUXILIAR DE LIMPEZA - 22H, 30H, 36H, 40H OU 44H;CARGA HORARIA 44,00 HORAS POR SEMANA;2101;3703;1,0;4477,65;4477,65
2100 - INSTITUTO ESTADUAL DE FLORESTAS-IEF;Nota fiscal;33.224.254/0001-42;MGS MINAS GERAIS ADMINISTRACAO E SERVICOS S/A;202600000030601;;1;Serviço;Despesa orçamentária;2;95133;AGENTE DE SERVICO DE PARQUE HABILITADO - 12X36 DIURNO (PERICULOSIDADE) - 44H;CARGA HORARIA 44,00 HORAS POR SEMANA;2101;3704;1,5667;6882,1152;10782,21
2100 - INSTITUTO ESTADUAL DE FLORESTAS-IEF;Nota fiscal;33.224.254/0001-42;MGS MINAS GERAIS ADMINISTRACAO E SERVICOS S/A;202600000030601;;1;Serviço;Despesa orçamentária;3;95125;AGENTE DE SERVICO DE PARQUE HABILITADO - 12X36 DIURNO - 44H;CARGA HORARIA 44,00 HORAS POR SEMANA;2101;3704;4,8;5470,5208;26258,5
2100 - INSTITUTO ESTADUAL DE FLORESTAS-IEF;Nota fiscal;33.224.254/0001-42;MGS MINAS GERAIS ADMINISTRACAO E SERVICOS S/A;202600000030601;;1;Serviço;Despesa orçamentária;4;106356;ORIENTADOR AMBIENTAL - (PERICULOSIDADE)- 40H e 44 H ;CARGA HORARIA 44,00 HORAS POR SEMANA;2101;3704;2,0;8283,36;16566,72
2100 - INSTITUTO ESTADUAL DE FLORESTAS-IEF;Nota fiscal;33.224.254/0001-42;MGS MINAS GERAIS ADMINISTRACAO E SERVICOS S/A;202600000030601;;1;Serviço;Despesa orçamentária;5;63339;SUPORTE ADMINISTRATIVO - 30H, 36H, 40H OU 44H;CARGA HORARIA 40,00 HORAS POR SEMANA;2101;3704;1,0;6323,8;6323,8
2100 - INSTITUTO ESTADUAL DE FLORESTAS-IEF;Nota fiscal;33.224.254/0001-42;MGS MINAS GERAIS ADMINISTRACAO E SERVICOS S/A;202600000030601;;1;Serviço;Despesa orçamentária;6;64483;ADICIONAL INSALUBRIDADE 40%;1,00 UNIDADE;2101;3705;1,0;1421,19;1421,19
1260 - SECRETARIA DE ESTADO DE EDUCACAO;Nota fiscal;49.397.537/0001-26;IMPORT TECH COMERCIO IMPORTACAO E EXPORTACAO LTDA;1530;1;1;Consumo;Despesa extra orçamentária;1;1983520;"KIT DE MATERIAL ESCOLAR (DISTRIBUICAO GRATUITA) -  COMPONENTES:   1 MOCHILA ESCOLAR; COMPONENTES (2):   1 ESTOJO ESCOLAR;";UNIDADE;1261;3007;95,0;34,0;3230,0
1250 - POLICIA MILITAR DE MINAS GERAIS;Nota fiscal;08.273.364/0001-57;TICKET GESTAO EM MANUTENCAO EZC S.A;48706034;;1;Serviço;Despesa orçamentária;1;30252;SERVICO DE GESTAO E MANUTENCAO PREVENTIVA E CORRETIVA DA FROTA DE VEICULOS DO ESTADO;1,00 UNIDADE;1251;3943;0,0001;402393000,0;40239,3
2100 - INSTITUTO ESTADUAL DE FLORESTAS-IEF;Outros;33.224.254/0001-42;MGS MINAS GERAIS ADMINISTRACAO E SERVICOS S/A;703476;;1;Serviço;Despesa orçamentária;1;155250;CARTAO CESTA BASICA - MGS;1,00 UNIDADE;2101;3705;1,0;1755,73;1755,73
2270 - FUNDACAO HOSPITALAR DO ESTADO DE MINAS GERAIS;Nota fiscal;18.269.125/0001-87;BIOHOSP PRODUTOS HOSPITALARES SA;791012;1;1;Consumo;Despesa orçamentária;1;1686534;"FITA HIPOALERGENICA -  MATERIA-PRIMA:   FIBRA SINTETICA REVESTIDA POR SILICONE; MEDIDAS:   4 a 5 CM  X 1,3 a 1,5 M (L X C); COR:   CONFORME SOLICITADO PELO ORGAO/ENTIDADE;";1,00 UNIDADE;2271;3010;751,0;17,22;12932,22
1260 - SECRETARIA DE ESTADO DE EDUCACAO;Nota fiscal;05.444.637/0001-90;MANTIQUEIRA ELEVADORES LTDA - EPP;202600000030221;;1;Serviço;Despesa orçamentária;1;3611;MANUTENCAO, REPAROS E ADAPTACOES EM ELEVADORES;1,00 UNIDADE;1261;3921;1,0;260,0;260,0
1260 - SECRETARIA DE ESTADO DE EDUCACAO;Outros;***.899.276-**;SALMA MAMUD AMADO INCROCCI;82026;2;1;Serviço;Despesa orçamentária;1;4065;LOCACAO DE IMOVEL COMERCIAL -;1,00 MES;1261;3611;1,0;10891,51;10891,51
1250 - POLICIA MILITAR DE MINAS GERAIS;Nota fiscal;05.194.502/0001-14;ALFALAGOS LTDA ;434732;1;1;Consumo;Despesa orçamentária;1;1489879;"DEXAMETASONA -  PRINCIPIO ATIVO:   DEXAMETASONA; CONCENTRACAO/DOSAGEM:   1 MG/G; FORMA FARMACEUTICA:   CREME DERMATOLOGICO; APRESENTACAO:   BISNAGA; COMPONENTE:   .;";GRAMA;1251;3012;1000,0;0,1493;149,3
2010 - INST.DE PREVIDENCIA DOS SERVIDORES DO EST.M.GERAIS;Nota fiscal;40.432.544/0112-62;CLARO S.A.;2608200024157;;1;Serviço;Despesa orçamentária;1;120960;SERVICO DE TELEFONIA FIXA COMUTADA - LINK E1 - REGIAO 1 - LOCAL, FIXO-FIXO, FIXO-MOVEL, DDR, INSTALACAO OU TRANSFERENCIA;1,00 UNIDADE;2011;4004;1,0;373,55;373,55
1190 - SECRETARIA DE ESTADO DE FAZENDA DE MINAS GERAIS;Nota fiscal;33.224.254/0001-42;MGS MINAS GERAIS ADMINISTRACAO E SERVICOS S/A;32030;1;1;Serviço;Despesa orçamentária;1;64459;DIARIA DE VIAGEM;1,00 UNIDADE;1191;3705;1,0;1718,24;1718,24
1260 - SECRETARIA DE ESTADO DE EDUCACAO;Outros;33.224.254/0001-42;MGS MINAS GERAIS ADMINISTRACAO E SERVICOS S/A;7055032026;;1;Serviço;Despesa orçamentária;1;155250;CARTAO CESTA BASICA - MGS;1,00 UNIDADE;1261;3705;1,0;909,1;909,1
1260 - SECRETARIA DE ESTADO DE EDUCACAO;Nota fiscal;33.224.254/0001-42;MGS MINAS GERAIS ADMINISTRACAO E SERVICOS S/A;31957;;1;Serviço;Despesa orçamentária;1;29904;SERVICOS DE RECEPCAO, CONTROLE E OPERACAO DE PORTARIAS E EDIFICIOS;1,00 UNIDADE;1261;3704;1,0;11612,28;11612,28
1510 - POLICIA CIVIL DO ESTADO DE MINAS GERAIS;Outros;***.320.206-**;VICENTE JACINTO DE OLIVEIRA;142026;;1;Serviço;Despesa orçamentária;1;4065;LOCACAO DE IMOVEL COMERCIAL -;1,00 MES;1511;3611;0,0001;131051500,0;13105,15
1190 - SECRETARIA DE ESTADO DE FAZENDA DE MINAS GERAIS;Nota fiscal;33.224.254/0001-42;MGS MINAS GERAIS ADMINISTRACAO E SERVICOS S/A;202631914;;1;Serviço;Despesa orçamentária;1;66311;VALE-ALIMENTACAO - MGS;1,00 UNIDADE;1191;3705;1,0;7400,07;7400,07
2100 - INSTITUTO ESTADUAL DE FLORESTAS-IEF;Nota fiscal;33.224.254/0001-42;MGS MINAS GERAIS ADMINISTRACAO E SERVICOS S/A;202600000032003;1;1;Serviço;Despesa orçamentária;1;95109;AGENTE DE SERVICO DE PARQUE HABILITADO - 44H;CARGA HORARIA 44,00 HORAS POR SEMANA;2101;3704;2,0558;5526,1163;11360,59
2100 - INSTITUTO ESTADUAL DE FLORESTAS-IEF;Nota fiscal;33.224.254/0001-42;MGS MINAS GERAIS ADMINISTRACAO E SERVICOS S/A;202600000032003;1;1;Serviço;Despesa orçamentária;2;106348;ORIENTADOR AMBIENTAL  - 44 HORAS  ;CARGA HORARIA 44,00 HORAS POR SEMANA;2101;3704;2,0;6597,34;13194,68
2100 - INSTITUTO ESTADUAL DE FLORESTAS-IEF;Nota fiscal;33.224.254/0001-42;MGS MINAS GERAIS ADMINISTRACAO E SERVICOS S/A;202600000032003;1;1;Serviço;Despesa orçamentária;3;106356;ORIENTADOR AMBIENTAL - (PERICULOSIDADE)- 40H e 44 H ;CARGA HORARIA 44,00 HORAS POR SEMANA;2101;3704;1,0;8377,75;8377,75
2100 - INSTITUTO ESTADUAL DE FLORESTAS-IEF;Outros;33.224.254/0001-42;MGS MINAS GERAIS ADMINISTRACAO E SERVICOS S/A;703949;;1;Serviço;Despesa orçamentária;1;66311;VALE-ALIMENTACAO - MGS;1,00 UNIDADE;2101;3705;1,0;5451,84;5451,84
2330 - INSTITUTO DE METROLOGIA E QUALIDADE DE MG;Outros;71.208.516/0001-74;ALGAR TELECOM S/A;553545365;;1;Serviço;Despesa orçamentária;1;121053;SERVICO TELEFONIA FIXA COMUTADA,LINHA INDIVIDUAL, REGIAO 11, LOCAL,FIXO-FIXO, FIXO-MOVEL,DDR INSTALACAO OU TRANSFERENCIA;1,00 ANO;2331;4004;1,0;661,3;661,3
2300 - DEPARTAMENTO DE ESTRADAS DE RODAGEM;Nota fiscal;33.224.254/0001-42;MGS MINAS GERAIS ADMINISTRACAO E SERVICOS S/A;11272;D01;1;Serviço;Despesa orçamentária;1;105619;SUPORTE ADMINISTRATIVO COM UNIFORME - 30H, 36H, 40H OU 44H ;CARGA HORARIA 40,00 HORAS POR SEMANA;2301;3704;1,0;2373,25;2373,25
1250 - POLICIA MILITAR DE MINAS GERAIS;Nota fiscal;34.274.233/0025-71;VIBRA ENERGIA S.A;4976790;;1;Consumo;Despesa orçamentária;1;14516;"ALCOOL COMBUSTIVEL AUTOMOTIVO -  TIPO:   HIDRATADO;";1,00 LITRO;1251;3026;5000,0;2,9333;14666,88
2300 - DEPARTAMENTO DE ESTRADAS DE RODAGEM;Nota fiscal;30.018.048/0001-98;CONSTRUTORA ITAMARACA LTDA;2026187;;1;Serviço;Despesa orçamentária;1;1872;SERVICOS DE RECUPERACAO DE RODOVIAS;1,00 UNIDADE;2301;5107;1,0;11825,65;11825,65
2300 - DEPARTAMENTO DE ESTRADAS DE RODAGEM;Nota fiscal;30.018.048/0001-98;CONSTRUTORA ITAMARACA LTDA;2026188;;1;Serviço;Despesa orçamentária;1;1872;SERVICOS DE RECUPERACAO DE RODOVIAS;1,00 UNIDADE;2301;5107;1,0;57727,87;57727,87
2300 - DEPARTAMENTO DE ESTRADAS DE RODAGEM;Nota fiscal;30.018.048/0001-98;CONSTRUTORA ITAMARACA LTDA;2026189;;1;Serviço;Despesa orçamentária;1;1872;SERVICOS DE RECUPERACAO DE RODOVIAS;1,00 UNIDADE;2301;5107;1,0;18332,02;18332,02
2300 - DEPARTAMENTO DE ESTRADAS DE RODAGEM;Nota fiscal;30.018.048/0001-98;CONSTRUTORA ITAMARACA LTDA;2026190;;1;Serviço;Despesa orçamentária;1;1872;SERVICOS DE RECUPERACAO DE RODOVIAS;1,00 UNIDADE;2301;5107;1,0;25116,22;25116,22
2100 - INSTITUTO ESTADUAL DE FLORESTAS-IEF;Outros;33.224.254/0001-42;MGS MINAS GERAIS ADMINISTRACAO E SERVICOS S/A;703947;;1;Serviço;Despesa orçamentária;1;155250;CARTAO CESTA BASICA - MGS;1,00 UNIDADE;2101;3705;1,0;4010,3;4010,3
1250 - POLICIA MILITAR DE MINAS GERAIS;Nota fiscal;18.459.628/0097-67;BAYER S.A.;333302;1;1;Consumo;Despesa orçamentária;1;1558072;"SORAFENIBE -  PRINCIPIO ATIVO:   SORAFENIBE, TOSILATO; CONCENTRACAO/DOSAGEM:   200 MG; FORMA FARMACEUTICA:   COMPRIMIDO REVESTIDO; APRESENTACAO:   .; COMPONENTE:   .;";1,00 UNIDADE;1251;3012;1260,0;27,7;34902,0
2300 - DEPARTAMENTO DE ESTRADAS DE RODAGEM;Nota fiscal;30.018.048/0001-98;CONSTRUTORA ITAMARACA LTDA;2026191;;1;Serviço;Despesa orçamentária;1;1872;SERVICOS DE RECUPERACAO DE RODOVIAS;1,00 UNIDADE;2301;5107;1,0;42365,36;42365,36
2300 - DEPARTAMENTO DE ESTRADAS DE RODAGEM;Nota fiscal;30.018.048/0001-98;CONSTRUTORA ITAMARACA LTDA;2026192;;1;Serviço;Despesa orçamentária;1;1872;SERVICOS DE RECUPERACAO DE RODOVIAS;1,00 UNIDADE;2301;5107;1,0;47527,58;47527,58
2300 - DEPARTAMENTO DE ESTRADAS DE RODAGEM;Nota fiscal;30.018.048/0001-98;CONSTRUTORA ITAMARACA LTDA;2026193;;1;Serviço;Despesa orçamentária;1;1872;SERVICOS DE RECUPERACAO DE RODOVIAS;1,00 UNIDADE;2301;5107;1,0;1483,41;1483,41
2300 - DEPARTAMENTO DE ESTRADAS DE RODAGEM;Nota fiscal;30.018.048/0001-98;CONSTRUTORA ITAMARACA LTDA;2026194;;1;Serviço;Despesa orçamentária;1;1872;SERVICOS DE RECUPERACAO DE RODOVIAS;1,00 UNIDADE;2301;5107;1,0;319304,23;319304,23
1500 - SECRETARIA DE ESTADO DE PLANEJAMENTO E GESTAO;Nota fiscal;33.224.254/0001-42;MGS MINAS GERAIS ADMINISTRACAO E SERVICOS S/A;30674;1;1;Serviço;Despesa orçamentária;1;64459;DIARIA DE VIAGEM;1,00 UNIDADE;1501;3705;1,0;2377,86;2377,86
2300 - DEPARTAMENTO DE ESTRADAS DE RODAGEM;Nota fiscal;30.018.048/0001-98;CONSTRUTORA ITAMARACA LTDA;2026195;;1;Serviço;Despesa orçamentária;1;1872;SERVICOS DE RECUPERACAO DE RODOVIAS;1,00 UNIDADE;2301;5107;1,0;81400,85;81400,85
2300 - DEPARTAMENTO DE ESTRADAS DE RODAGEM;Nota fiscal;30.018.048/0001-98;CONSTRUTORA ITAMARACA LTDA;2026196;;1;Serviço;Despesa orçamentária;1;1872;SERVICOS DE RECUPERACAO DE RODOVIAS;1,00 UNIDADE;2301;5107;1,0;33947,65;33947,65
2300 - DEPARTAMENTO DE ESTRADAS DE RODAGEM;Nota fiscal;30.018.048/0001-98;CONSTRUTORA ITAMARACA LTDA;2026197;;1;Serviço;Despesa orçamentária;1;1872;SERVICOS DE RECUPERACAO DE RODOVIAS;1,00 UNIDADE;2301;5107;1,0;32246,55;32246,55
2300 - DEPARTAMENTO DE ESTRADAS DE RODAGEM;Nota fiscal;30.018.048/0001-98;CONSTRUTORA ITAMARACA LTDA;2026198;;1;Serviço;Despesa orçamentária;1;1872;SERVICOS DE RECUPERACAO DE RODOVIAS;1,00 UNIDADE;2301;5107;1,0;6535,53;6535,53
1030 - TRIBUNAL DE JUSTICA DO ESTADO DE MINAS GERAIS;Nota fiscal;06.981.176/0001-58;CEMIG GERACAO E TRANSMISSAO S.A.;449798;JUL;1;Serviço;Despesa orçamentária;1;4880;FORNECIMENTO DE ENERGIA ELETRICA EM MEDIA TENSAO;1,00 MES;4031;3969;1,0;20150,22;20150,22
1260 - SECRETARIA DE ESTADO DE EDUCACAO;Nota fiscal;23.354.848/0001-14;FUNDACAO EDUCACIONAL DE PATOS DE MINAS;159;;1;Serviço;Despesa orçamentária;1;109460;CURSO TECNICO PROFISSIONALIZANTE  EM ATENDIMENTO AO PROGRAMA TRILHAS DE FUTURO ;UNIDADE;1261;3949;1,0;2699,74;2699,74
1190 - SECRETARIA DE ESTADO DE FAZENDA DE MINAS GERAIS;Nota fiscal;40.432.544/0112-62;CLARO S.A.;260824566;;1;Serviço;Despesa orçamentária;1;120987;SERVICO DE TELEFONIA FIXA COMUTADA - LINK E1 - REGIAO 3 - LOCAL, FIXO-FIXO, FIXO-MOVEL, DDR, INSTALACAO OU TRANSFERENCIA;1,00 ANO;1191;4004;1,0;124,52;124,52
2300 - DEPARTAMENTO DE ESTRADAS DE RODAGEM;Nota fiscal;30.018.048/0001-98;CONSTRUTORA ITAMARACA LTDA;2026199;;1;Serviço;Despesa orçamentária;1;1872;SERVICOS DE RECUPERACAO DE RODOVIAS;1,00 UNIDADE;2301;5107;1,0;207,27;207,27
1320 - SECRETARIA DE ESTADO DA SAUDE;Nota fiscal;18.285.097/0001-91;BRUMADINHO PAPEL E COMERCIO LTDA - ME;16905;1;1;Consumo;Despesa orçamentária;1;887072;"DETERGENTE DESINCRUSTANTE  -  APLICACAO:   LIMPEZA E DESINCRUSTACAO DE SANITARIOS E MICTORIOS; ASPECTO:   PO; TIPO:   IONICO; COMPOSICAO:   INGR. ATIVO BACTERICIDA CLORETO DE NAQUIL DIMETIL;";1,00 LITRO;4291;3010;100,0;8,3;830,0
1190 - SECRETARIA DE ESTADO DE FAZENDA DE MINAS GERAIS;Nota fiscal;01.548.339/0001-90;SERTA SERVICOS TECNICOS E ADMINISTRATIVOS LTDA - EM RECUPERACAO JUDICIAL;7779;;1;Serviço;Despesa orçamentária;1;4561;SERVICOS DE CONSERVACAO E LIMPEZA PREDIAL;1,00 ANO;1191;3701;1,0;3291,13;3291,13
1250 - POLICIA MILITAR DE MINAS GERAIS;Nota fiscal;34.274.233/0025-71;VIBRA ENERGIA S.A;4976791;;1;Consumo;Despesa orçamentária;1;14516;"ALCOOL COMBUSTIVEL AUTOMOTIVO -  TIPO:   HIDRATADO;";1,00 LITRO;1251;3026;5000,0;2,9333;14666,88
1030 - TRIBUNAL DE JUSTICA DO ESTADO DE MINAS GERAIS;Nota fiscal;06.981.176/0001-58;CEMIG GERACAO E TRANSMISSAO S.A.;449799;JUL;1;Serviço;Despesa orçamentária;1;4880;FORNECIMENTO DE ENERGIA ELETRICA EM MEDIA TENSAO;1,00 MES;4031;3969;1,0;3461,44;3461,44
1260 - SECRETARIA DE ESTADO DE EDUCACAO;Outros;12.626.653/0001-60;GRANATO ADMINISTRACAO DE BENS LTDA - EPP;82026;;1;Serviço;Despesa orçamentária;1;4065;LOCACAO DE IMOVEL COMERCIAL -;1,00 MES;1261;3920;1,0;83943,66;83943,66
1320 - SECRETARIA DE ESTADO DA SAUDE;Outros;33.224.254/0001-42;MGS MINAS GERAIS ADMINISTRACAO E SERVICOS S/A;704710;;1;Serviço;Despesa orçamentária;1;155250;CARTAO CESTA BASICA - MGS;1,00 UNIDADE;4291;3705;1,0;4060,02;4060,02
2270 - FUNDACAO HOSPITALAR DO ESTADO DE MINAS GERAIS;Nota fiscal;31.950.325/0001-69;QUALIMAGE COMERCIO SERVICOS E REPRESENTACOES LTDA;20700;;1;Consumo;Despesa orçamentária;1;305502;"FILME RADIOLOGICO PARA PROCESSAMENTO A SECO -  IDENTIFICACAO:   PARA TOMOGRAFIA PARA IMPRESSORA A SECO (DRY); TAMANHO:   35 X 43CM;";1,00 UNIDADE;2271;3014;300,0;7,5;2250,0
1250 - POLICIA MILITAR DE MINAS GERAIS;Nota fiscal;07.432.517/0001-07;SIMPRESS COMERCIO LOCACAO E SERVICOS LTDA;454717;1;1;Serviço;Despesa orçamentária;1;97292;LOCACAO DE IMPRESSORA MULTIFUNCIOAL MONOCROMATICA 38 PPM (OUTSOURCING ), PAPEL NAO INCLUSO;1,00 UNIDADE;1251;3919;1,0;130,07;130,07
1030 - TRIBUNAL DE JUSTICA DO ESTADO DE MINAS GERAIS;Nota fiscal;06.981.176/0001-58;CEMIG GERACAO E TRANSMISSAO S.A.;449800;JUL;1;Serviço;Despesa orçamentária;1;4880;FORNECIMENTO DE ENERGIA ELETRICA EM MEDIA TENSAO;1,00 MES;4031;3969;1,0;9991,64;9991,64
1190 - SECRETARIA DE ESTADO DE FAZENDA DE MINAS GERAIS;Nota fiscal;33.224.254/0001-42;MGS MINAS GERAIS ADMINISTRACAO E SERVICOS S/A;202631866;;1;Serviço;Despesa orçamentária;1;155250;CARTAO CESTA BASICA - MGS;1,00 UNIDADE;1191;3705;1,0;2509,02;2509,02
2270 - FUNDACAO HOSPITALAR DO ESTADO DE MINAS GERAIS;Nota fiscal;18.269.125/0001-87;BIOHOSP PRODUTOS HOSPITALARES SA;791013;1;1;Consumo;Despesa orçamentária;1;229245;"CURATIVO DE POLIURETANO -  COMPOSICAO:   TRANSPARENTE ESTERIL; APRESENTACAO:   4 X 4CM;";1,00 UNIDADE;2271;3010;800,0;0,95;760,0
1250 - POLICIA MILITAR DE MINAS GERAIS;Nota fiscal;11.065.582/0001-00;B&C PRODUTOS DE LIMPEZA E EMBALAGENS LTDA -ME;145714;1;1;Consumo;Despesa orçamentária;1;483133;"ACIDO MURIATICO -  APLICACAO:   LIMPEZA BRUTA EM GERAL;";1,00 LITRO;1251;3013;6,0;10,5;63,0
1500 - SECRETARIA DE ESTADO DE PLANEJAMENTO E GESTAO;Nota fiscal;33.224.254/0001-42;MGS MINAS GERAIS ADMINISTRACAO E SERVICOS S/A;30676;1;1;Serviço;Despesa orçamentária;1;155250;CARTAO CESTA BASICA - MGS;1,00 UNIDADE;1501;3705;1,0;752,8;752,8
2270 - FUNDACAO HOSPITALAR DO ESTADO DE MINAS GERAIS;Nota fiscal;09.524.545/0001-71;WF TECNOLOGIA CIENTIFICA LTDA;4951;;1;Serviço;Despesa orçamentária;1;117056;APOIO A GESTAO DE PARQUE TECNOLOGICO E MANUTENCAO DOS EQUIPAMENTOS MEDICOS-HOSPITALARES, INCLUINDO FORNECIMENTO DE PECAS;1,00 UNIDADE;2271;3921;1,0;4417,24;4417,24
1030 - TRIBUNAL DE JUSTICA DO ESTADO DE MINAS GERAIS;Nota fiscal;06.981.176/0001-58;CEMIG GERACAO E TRANSMISSAO S.A.;449802;JUL;1;Serviço;Despesa orçamentária;1;4880;FORNECIMENTO DE ENERGIA ELETRICA EM MEDIA TENSAO;1,00 MES;4031;3969;1,0;21158,36;21158,36
1250 - POLICIA MILITAR DE MINAS GERAIS;Nota fiscal;34.274.233/0025-71;VIBRA ENERGIA S.A;4977309;;1;Consumo;Despesa orçamentária;1;14516;"ALCOOL COMBUSTIVEL AUTOMOTIVO -  TIPO:   HIDRATADO;";1,00 LITRO;1251;3026;5000,0;2,9333;14666,88
1320 - SECRETARIA DE ESTADO DA SAUDE;Outros;33.224.254/0001-42;MGS MINAS GERAIS ADMINISTRACAO E SERVICOS S/A;704712;;1;Serviço;Despesa orçamentária;1;66311;VALE-ALIMENTACAO - MGS;1,00 UNIDADE;4291;3705;1,0;12093,37;12093,37
1190 - SECRETARIA DE ESTADO DE FAZENDA DE MINAS GERAIS;Outros;33.224.254/0001-42;MGS MINAS GERAIS ADMINISTRACAO E SERVICOS S/A;705533;;1;Serviço;Despesa orçamentária;1;66311;VALE-ALIMENTACAO - MGS;1,00 UNIDADE;1191;3705;1,0;583,59;583,59
1250 - POLICIA MILITAR DE MINAS GERAIS;Nota fiscal;07.432.517/0001-07;SIMPRESS COMERCIO LOCACAO E SERVICOS LTDA;454718;1;1;Serviço;Despesa orçamentária;1;89796;IMPRESSAO/COPIA MONOCROMATICA FORMATO A4 - (OUTSOURCING), PAPEL NAO INCLUSO;1,00 UNIDADE;1251;3919;1981,0;0,0219;43,58
1370 - SECRETARIA ESTADO DE MEIO AMB.DESENV SUSTENTAVEL;Outros;01.017.250/0001-05;VOETUR TURISMO E REPRESENTACOES LTDA;1360215;;1;Serviço;Despesa orçamentária;1;133272;EMISSAO,REMARCACAO OU ALTERACAO PASSAGEM AEREA E RODOVIARIA, VIA TELEFONE OU SISTEMA INFORMATIZADO (TAXA POR TRANSACAO);1,00 UNIDADE;1371;3304;1,0;15,78;15,78
1370 - SECRETARIA ESTADO DE MEIO AMB.DESENV SUSTENTAVEL;Outros;01.017.250/0001-05;VOETUR TURISMO E REPRESENTACOES LTDA;1360215;;1;Serviço;Despesa orçamentária;2;133280;PASSAGEM AEREA E / OU RODOVIARIA (BILHETE);1,00 UNIDADE;1371;3304;1,0;247,35;247,35
1250 - POLICIA MILITAR DE MINAS GERAIS;Nota fiscal;65.271.868/0001-71;OXI QUIMICA LTDA -EPP;71673;1;1;Consumo;Despesa orçamentária;1;1003810;"HIPOCLORITO DE SODIO PARA LIMPEZA -  APLICACAO:   LIMPEZA DE SUPERFICIES HOSPITALARES; BASE:   HIPOCLORITO DE SODIO 1%;";1,00 LITRO;1251;3010;200,0;1,3038;260,76
1260 - SECRETARIA DE ESTADO DE EDUCACAO;Nota fiscal;33.224.254/0001-42;MGS MINAS GERAIS ADMINISTRACAO E SERVICOS S/A;31959;;1;Serviço;Despesa orçamentária;1;29904;SERVICOS DE RECEPCAO, CONTROLE E OPERACAO DE PORTARIAS E EDIFICIOS;1,00 UNIDADE;1261;3704;1,0;3272,72;3272,72
1510 - POLICIA CIVIL DO ESTADO DE MINAS GERAIS;Outros;***.180.746-**;LUCIA ARAUJO TOMAZ;100;;1;Serviço;Despesa orçamentária;1;4065;LOCACAO DE IMOVEL COMERCIAL -;1,00 MES;1511;3611;1,0;3091,23;3091,23
1260 - SECRETARIA DE ESTADO DE EDUCACAO;Outros;33.224.254/0001-42;MGS MINAS GERAIS ADMINISTRACAO E SERVICOS S/A;7055042026;;1;Serviço;Despesa orçamentária;1;66311;VALE-ALIMENTACAO - MGS;1,00 UNIDADE;1261;3705;1,0;4132,05;4132,05
1250 - POLICIA MILITAR DE MINAS GERAIS;Nota fiscal;33.069.212/0008-50;MERCK S/A;1333560;1;1;Consumo;Despesa orçamentária;1;838250;"ALCOOL ISOPROPILICO (ISOPROPANOL) -  ASPECTO:   LIQUIDO INFLAMAVEL,LIMPIDO,INCOLOR,ODOR CARACTERIS; FORMULA MOLECULAR:   C3H8O; PESO MOLECULAR:   60,10; FINALIDADE:   CROMATOGRAFIA LIQUIDA (HPLC); PUREZA:   99,9 POR CENTO;";1,00 LITRO;1251;3013;2,0;79,19;158,38
2010 - INST.DE PREVIDENCIA DOS SERVIDORES DO EST.M.GERAIS;Nota fiscal;67.423.152/0001-78;IBG INDUSTRIA BRASILEIRA DE GASES S.A.;556154;;2;Consumo;Despesa orçamentária;1;1635719;"GASES MEDICINAIS -  IDENTIFICACAO:   DIOXIDO DE CARBONO; CAS: 124-38-9; ASPECTO:   GAS INCOLOR; COMPOSICAO:   DIOXIDO DE CARBONO; CONCENTRACAO:   MINIMO 99%; APRESENTACAO:   CILINDRO;";QUILOGRAMA;2011;3012;28,0;25,42;711,76
1320 - SECRETARIA DE ESTADO DA SAUDE;Nota fiscal;33.224.254/0001-42;MGS MINAS GERAIS ADMINISTRACAO E SERVICOS S/A;202631180;;1;Serviço;Despesa orçamentária;1;106089;AUXILIAR DE LIMPEZA - 22H, 30H, 36H, 40H OU 44H;CARGA HORARIA 44,00 HORAS POR SEMANA;4291;3703;5,0;4477,65;22388,25
1320 - SECRETARIA DE ESTADO DA SAUDE;Nota fiscal;33.224.254/0001-42;MGS MINAS GERAIS ADMINISTRACAO E SERVICOS S/A;202631180;;1;Serviço;Despesa orçamentária;2;64483;ADICIONAL INSALUBRIDADE 40%;1,00 UNIDADE;4291;3705;1,0;5684,76;5684,76
1320 - SECRETARIA DE ESTADO DA SAUDE;Nota fiscal;33.224.254/0001-42;MGS MINAS GERAIS ADMINISTRACAO E SERVICOS S/A;202631180;;1;Serviço;Despesa orçamentária;3;64475;ADICIONAL INSALUBRIDADE 20%;1,00 UNIDADE;4291;3705;1,0;710,59;710,59
1320 - SECRETARIA DE ESTADO DA SAUDE;Nota fiscal;33.224.254/0001-42;MGS MINAS GERAIS ADMINISTRACAO E SERVICOS S/A;202631180;;1;Serviço;Despesa orçamentária;4;105651;PORTEIRO (COM SUBSTITUICA) - 30H, 36H, 40H OU 44H;CARGA HORARIA 44,00 HORAS POR SEMANA;4291;3704;1,0;5664,51;5664,51
1320 - SECRETARIA DE ESTADO DA SAUDE;Nota fiscal;33.224.254/0001-42;MGS MINAS GERAIS ADMINISTRACAO E SERVICOS S/A;202631180;;1;Serviço;Despesa orçamentária;5;105660;PORTEIRO (COM SUBSTITUICAO) - 12X36 DIURNO - 44H;CARGA HORARIA 44,00 HORAS POR SEMANA;4291;3704;2,7667;6247,7536;17285,66
1320 - SECRETARIA DE ESTADO DA SAUDE;Nota fiscal;33.224.254/0001-42;MGS MINAS GERAIS ADMINISTRACAO E SERVICOS S/A;202631180;;1;Serviço;Despesa orçamentária;6;63517;TECNICO ESPECIALIZADO - 40H OU 44H;CARGA HORARIA 40,00 HORAS POR SEMANA;4291;3704;1,0;7662,0;7662,0
1320 - SECRETARIA DE ESTADO DA SAUDE;Nota fiscal;33.224.254/0001-42;MGS MINAS GERAIS ADMINISTRACAO E SERVICOS S/A;202631180;;1;Serviço;Despesa orçamentária;7;63584;RECEPCIONISTA - 30H, 36H, 40H OU 44H;CARGA HORARIA 40,00 HORAS POR SEMANA;4291;3704;1,0;6953,73;6953,73
1320 - SECRETARIA DE ESTADO DA SAUDE;Nota fiscal;33.224.254/0001-42;MGS MINAS GERAIS ADMINISTRACAO E SERVICOS S/A;202631180;;1;Serviço;Despesa orçamentária;8;105678;PORTEIRO (COM SUBSTITUICAO) - 12X36 NOTURNO - 44H;CARGA HORARIA 44,00 HORAS POR SEMANA;4291;3704;3,4671;7629,6587;26452,79
1320 - SECRETARIA DE ESTADO DA SAUDE;Nota fiscal;33.224.254/0001-42;MGS MINAS GERAIS ADMINISTRACAO E SERVICOS S/A;202631180;;1;Serviço;Despesa orçamentária;9;63339;SUPORTE ADMINISTRATIVO - 30H, 36H, 40H OU 44H;CARGA HORARIA 40,00 HORAS POR SEMANA;4291;3704;10,0212;6323,7516;63371,58
2310 - UNIVERSIDADE ESTADUAL DE MONTES CLAROS;Nota fiscal;05.656.062/0001-70;MULTICOM COMERCIO MULTIPLO DE ALIMENTOS LTDA;32294;1;1;Consumo;Despesa orçamentária;1;1370928;"CAFE -  APRESENTACAO:   TORRADO E MOIDO; IDENTIFICACAO (1):   100% DA ESPECIE ARABICA; IDENTIFICACAO (2):   ORIGEM UNICA OU BLENDADOS; PERFIL SABOR:   BEBIDA MOLE OU DURA; AROMA:   SUAVE OU INTENSO; CORPO:   ENCORPADO; SABOR:   SUAVE OU INTENSO; IDENTIFICACAO (3):   PADRAO DE QUALIDADE GLOBAL ENTRE 7,3 E 10 PONTOS; MOAGEM:   MEDIA A FINA; TORRA:   MAXIMA ATE O PONTO ACHOCOLATADO, SISTEMA AGTRON;";PACOTE 500,00 GRAMA;2311;3008;1000,0;33,9505;33950,5
1090 - PROCURADORIA GERAL DE JUSTICA;Nota fiscal;***.402.416-**;ACACIO TORQUATO FILHO;252026;;1;Serviço;Despesa orçamentária;1;7110;SERVICOS EVENTUAIS DE JARDINAGEM/REFLORESTAMENTO  PRESTADOS POR PESSOA FISICA.;1,00 UNIDADE;1091;3618;1,0;197,09;197,09
1320 - SECRETARIA DE ESTADO DA SAUDE;Outros;33.224.254/0001-42;MGS MINAS GERAIS ADMINISTRACAO E SERVICOS S/A;705543;1;1;Serviço;Despesa orçamentária;1;66311;VALE-ALIMENTACAO - MGS;1,00 UNIDADE;4291;3705;1,0;14481,89;14481,89
1500 - SECRETARIA DE ESTADO DE PLANEJAMENTO E GESTAO;Nota fiscal;33.224.254/0001-42;MGS MINAS GERAIS ADMINISTRACAO E SERVICOS S/A;30672;1;2;Serviço;Despesa orçamentária;1;64491;GRATIFICACAO DE FUNCAO;1,00 UNIDADE;1501;3705;1,0;2654,17;2654,17
1500 - SECRETARIA DE ESTADO DE PLANEJAMENTO E GESTAO;Nota fiscal;33.224.254/0001-42;MGS MINAS GERAIS ADMINISTRACAO E SERVICOS S/A;30672;1;2;Serviço;Despesa orçamentária;2;145262;ANALISTA DE INFRAESTRUTURA - ENGENHARIA - 40 H;CARGA HORARIA 40,00 HORAS POR SEMANA;1501;3704;1,0;27918,93;27918,93
1500 - SECRETARIA DE ESTADO DE PLANEJAMENTO E GESTAO;Nota fiscal;33.224.254/0001-42;MGS MINAS GERAIS ADMINISTRACAO E SERVICOS S/A;30672;1;2;Serviço;Despesa orçamentária;3;144991;ASSESSOR IX - 40 H;CARGA HORARIA 40,00 HORAS POR SEMANA;1501;3704;1,0;22938,52;22938,52
1500 - SECRETARIA DE ESTADO DE PLANEJAMENTO E GESTAO;Nota fiscal;33.224.254/0001-42;MGS MINAS GERAIS ADMINISTRACAO E SERVICOS S/A;30672;1;2;Serviço;Despesa orçamentária;4;145041;ASSESSOR X - 40 H;CARGA HORARIA 40,00 HORAS POR SEMANA;1501;3704;0,9;24434,9555;21991,46
1500 - SECRETARIA DE ESTADO DE PLANEJAMENTO E GESTAO;Nota fiscal;33.224.254/0001-42;MGS MINAS GERAIS ADMINISTRACAO E SERVICOS S/A;30672;1;2;Serviço;Despesa orçamentária;5;145106;ASSISTENTE I - 40 H ;CARGA HORARIA 40,00 HORAS POR SEMANA;1501;3704;1,8;6345,1111;11421,2
2270 - FUNDACAO HOSPITALAR DO ESTADO DE MINAS GERAIS;Nota fiscal;12.927.876/0001-67;SOMA/MG PRODUTOS HOSPITALARES LTDA;386335;;1;Consumo;Despesa orçamentária;1;1490206;"FLUMAZENIL -  PRINCIPIO ATIVO:   FLUMAZENIL; CONCENTRACAO/DOSAGEM:   0,1 MG/ML; FORMA FARMACEUTICA:   SOLUCAO INJETAVEL; APRESENTACAO:   AMPOLA 5 ML; COMPONENTE:   .;";AMPOLA;2271;3012;50,0;4,5;225,0
2270 - FUNDACAO HOSPITALAR DO ESTADO DE MINAS GERAIS;Nota fiscal;49.033.692/0001-63;INOVA CELLULOSE CONVERTING DO BRASIL LTDA;1779;1;1;Consumo;Despesa orçamentária;1;1656295;"FRALDA DESCARTAVEL -  FORMATO E NUCLEO:   ANATOMICO; COMPOSICAO BASICA NUCLEO:   CELULOSE E GEL SUPER ABSORVENTE; ACABAMENTO INTERNO:   NAO TECIDO - TOQUE SUAVE/MACIO TIPO ALGODAO; ELASTICO:   NAS PERNAS; INIBIDOR DE ODOR:   SIM; FITA ADESIVA:   LARGA E REPOSICIONAVEL SEM PERDA DE ADERENCIA; HIPOALERGENICA:   DERMATOLOGICAMENTE TESTADA E SEM FRAGRANCIA; FAIXA ETARIA:   ADULTA; MODELO:   TRADICIONAL AJUSTAVEL COM INDICADOR DE UMIDADE; CAPACIDADE DE ABSORCAO:   INTENSA A SEVERA; TAMANHO:   G; CINTURA:   ENTRE 80 E 150 CM; PESO:   ENTRE 70 E 90 KG; PROTECAO ANTIVAZAMENTO:   COM BARREIRA LATERAL E DUPLA CAMADA ABSORVENTE; CANAL DE DISTRIBUICAO:   DIFUSOR DE LIQUIDOS;";1,00 UNIDADE;2271;3017;19968,0;1,26;25159,68
1320 - SECRETARIA DE ESTADO DA SAUDE;Nota fiscal;07.432.517/0001-07;SIMPRESS COMERCIO LOCACAO E SERVICOS LTDA;454632;;1;Serviço;Despesa orçamentária;1;97292;LOCACAO DE IMPRESSORA MULTIFUNCIOAL MONOCROMATICA 38 PPM (OUTSOURCING ), PAPEL NAO INCLUSO;1,00 UNIDADE;4291;3919;3,0;118,07;354,21
1320 - SECRETARIA DE ESTADO DA SAUDE;Nota fiscal;07.432.517/0001-07;SIMPRESS COMERCIO LOCACAO E SERVICOS LTDA;454632;;1;Serviço;Despesa orçamentária;2;127680;LOCACAO DE IMPRESSORA COLORIDA 22 PPM (OUTSOURCING), PAPEL NAO INCLUSO;1,00 UNIDADE;4291;3919;1,0;153,0;153,0
1320 - SECRETARIA DE ESTADO DA SAUDE;Nota fiscal;07.432.517/0001-07;SIMPRESS COMERCIO LOCACAO E SERVICOS LTDA;454632;;1;Serviço;Despesa orçamentária;3;127698;LOCACAO DE IMPRESSORA MONOCROMATICA 22 PPM (OUTSOURCING), PAPEL NAO INCLUSO;1,00 UNIDADE;4291;3919;1,0;55,35;55,35
1250 - POLICIA MILITAR DE MINAS GERAIS;Nota fiscal;07.432.517/0001-07;SIMPRESS COMERCIO LOCACAO E SERVICOS LTDA;454754;1;1;Serviço;Despesa orçamentária;1;97292;LOCACAO DE IMPRESSORA MULTIFUNCIOAL MONOCROMATICA 38 PPM (OUTSOURCING ), PAPEL NAO INCLUSO;1,00 UNIDADE;1251;3919;1,0;130,07;130,07
2270 - FUNDACAO HOSPITALAR DO ESTADO DE MINAS GERAIS;Nota fiscal;20.858.411/0001-20;AMGS COMERCIO E REPRESENTACOES LTDA;645331;2;1;Consumo;Despesa orçamentária;1;543152;"PLACA DE FIXACAO USO MEDICO CIRURGICO -  IDENTIFICACAO:   TUBULAR 1/3, PARA PARAFUSO DE 3,5MM; MATERIA-PRIMA:   ACO INOXIDAVEL;";1,00 UNIDADE;2271;3010;1,0;193,87;193,87
2270 - FUNDACAO HOSPITALAR DO ESTADO DE MINAS GERAIS;Nota fiscal;20.858.411/0001-20;AMGS COMERCIO E REPRESENTACOES LTDA;645331;2;1;Consumo;Despesa orçamentária;2;1325353;"ARRUELA DE FIXACAO USO MEDICO CIRURGICO -  MATERIA-PRIMA:   ACO INOXIDAVEL; TIPO:   LISA; FINALIDADE:   PARA PARAFUSO 3,5 MM;";1,00 UNIDADE;2271;3010;1,0;10,52;10,52
2270 - FUNDACAO HOSPITALAR DO ESTADO DE MINAS GERAIS;Nota fiscal;20.858.411/0001-20;AMGS COMERCIO E REPRESENTACOES LTDA;645331;2;1;Consumo;Despesa orçamentária;3;5871743;"HASTES DE FIXACAO USO MEDICO CIRURGICO -  IDENTIFICACAO:   INTRAMEDULAR BLOQUEADA DE TIBIA; MATERIA-PRIMA:   ACO INOXIDAVEL;";1,00 UNIDADE;2271;3010;1,0;1242,27;1242,27
1250 - POLICIA MILITAR DE MINAS GERAIS;Nota fiscal;21.608.296/0001-06;MAMED COMERCIAL LTDA;29150;1;1;Consumo;Despesa orçamentária;1;1537431;"CARBOPLATINA -  PRINCIPIO ATIVO:   CARBOPLATINA; CONCENTRACAO/DOSAGEM:   50 MG; FORMA FARMACEUTICA:   SOLUCAO INJETAVEL OU PO LIOFILIZADO; APRESENTACAO:   FRASCO-AMPOLA 5 ML; COMPONENTE:   .;";FRASCO-AMPOLA;1251;3012;20,0;78,0;1560,0
1250 - POLICIA MILITAR DE MINAS GERAIS;Nota fiscal;34.274.233/0025-71;VIBRA ENERGIA S.A;4977760;;1;Consumo;Despesa orçamentária;1;14516;"ALCOOL COMBUSTIVEL AUTOMOTIVO -  TIPO:   HIDRATADO;";1,00 LITRO;1251;3026;5000,0;2,9333;14666,88
2270 - FUNDACAO HOSPITALAR DO ESTADO DE MINAS GERAIS;Nota fiscal;08.231.734/0005-17;FUTURA COMERCIO DE PRODUTOS MEDICOS E HOSPITALARES LTDA;34784;;1;Consumo;Despesa orçamentária;1;1490362;"BROMETO DE IPRATROPIO -  PRINCIPIO ATIVO:   IPRATROPIO, BROMETO; CONCENTRACAO/DOSAGEM:   20 MCG/DOSE; FORMA FARMACEUTICA:   SOLUCAO AEROSSOL; APRESENTACAO:   FRASCO 10 ML 200 DOSES; COMPONENTE:   BOCAL;";FRASCO;2271;3012;10,0;25,21;252,1
1260 - SECRETARIA DE ESTADO DE EDUCACAO;Outros;***.369.266-**;THALLES GUILHERME PAULA;8;;1;Serviço;Despesa orçamentária;1;4065;LOCACAO DE IMOVEL COMERCIAL -;1,00 MES;1261;3611;1,0;2221,9;2221,9
2270 - FUNDACAO HOSPITALAR DO ESTADO DE MINAS GERAIS;Nota fiscal;30.584.194/0001-80;CROMO COMERCIO E DISTRIBUICAO DE MATERIAIS ODONTO-MEDICO HOSPITALARES LTDA.;22622;;1;Consumo;Despesa orçamentária;1;1185713;"LANCETA DESCARTAVEL USO LABORATORIO -  MATERIA-PRIMA:   PONTA EM ACO INOXIDAVEL; APLICACAO:   GLICEMIA CAPILAR EM SANGUE VENOSO;";1,00 UNIDADE;2271;3010;6000,0;0,09;540,0
1320 - SECRETARIA DE ESTADO DA SAUDE;Nota fiscal;07.432.517/0001-07;SIMPRESS COMERCIO LOCACAO E SERVICOS LTDA;454634;;1;Serviço;Despesa orçamentária;1;89800;IMPRESSAO COLORIDA FORMATO A4 - (OUTSOURCING), PAPEL NAO INCLUSO;1,00 UNIDADE;4291;3919;144,0;0,14;20,16
1320 - SECRETARIA DE ESTADO DA SAUDE;Nota fiscal;07.432.517/0001-07;SIMPRESS COMERCIO LOCACAO E SERVICOS LTDA;454634;;1;Serviço;Despesa orçamentária;2;89796;IMPRESSAO/COPIA MONOCROMATICA FORMATO A4 - (OUTSOURCING), PAPEL NAO INCLUSO;1,00 UNIDADE;4291;3919;3913,0;0,02;78,26
1190 - SECRETARIA DE ESTADO DE FAZENDA DE MINAS GERAIS;Nota fiscal;33.224.254/0001-42;MGS MINAS GERAIS ADMINISTRACAO E SERVICOS S/A;32031;1;1;Serviço;Despesa orçamentária;1;63363;MOTORISTA DE VEICULO DE SERVICO - 44H;CARGA HORARIA 44,00 HORAS POR SEMANA;1191;3704;1,1;6632,209;7295,43
1090 - PROCURADORIA GERAL DE JUSTICA;Nota fiscal;41.254.133/0001-71;3F COMERCIO E SERVICOS LTDA;116;1;1;Permanente;Despesa orçamentária;1;1348515;FABRICADOR DE GELO - ;1,00 UNIDADE;1091;5204;2,0;8634,73;17269,46
1320 - SECRETARIA DE ESTADO DA SAUDE;Outros;33.224.254/0001-42;MGS MINAS GERAIS ADMINISTRACAO E SERVICOS S/A;705544;1;1;Serviço;Despesa orçamentária;1;155250;CARTAO CESTA BASICA - MGS;1,00 UNIDADE;4291;3705;1,0;3052,76;3052,76
1250 - POLICIA MILITAR DE MINAS GERAIS;Nota fiscal;11.065.582/0001-00;B&C PRODUTOS DE LIMPEZA E EMBALAGENS LTDA -ME;145716;1;1;Consumo;Despesa orçamentária;1;73237;"DESODORIZADOR DE AMBIENTES -  APRESENTACAO:   SPRAY; ESSENCIA:   LAVANDA;";FRASCO 360,00 MILILITRO;1251;3017;25,0;9,76;244,0
1250 - POLICIA MILITAR DE MINAS GERAIS;Nota fiscal;11.065.582/0001-00;B&C PRODUTOS DE LIMPEZA E EMBALAGENS LTDA -ME;145716;1;1;Consumo;Despesa orçamentária;2;1175858;"BALDE -  CAPACIDADE:   12 LITROS; MATERIA-PRIMA:   POLIETILENO, REFORCADO, NA COR PRETA; ALCA:   ALCA EM METAL;";1,00 UNIDADE;1251;3017;6,0;11,8;70,8
1250 - POLICIA MILITAR DE MINAS GERAIS;Nota fiscal;11.065.582/0001-00;B&C PRODUTOS DE LIMPEZA E EMBALAGENS LTDA -ME;145716;1;1;Consumo;Despesa orçamentária;3;1851233;"RODO -  DIMENSAO BASE:   60 CM; BASE:   PLASTICO, COM DUAS BORRACHAS; CABO:   ROSQUEAVEL DE METAL ENCAPADO EM PLASTICO, 1,5M;";1,00 UNIDADE;1251;3017;2,0;10,04;20,08
1250 - POLICIA MILITAR DE MINAS GERAIS;Nota fiscal;11.065.582/0001-00;B&C PRODUTOS DE LIMPEZA E EMBALAGENS LTDA -ME;145716;1;1;Consumo;Despesa orçamentária;4;1875205;"RODO -  CABO:   POLIPROPILENO COM PEGADOR ERGONOMICO, 217MM; BASE:   POLIPROPILENO COM 01 LAMINA DE BORRACHA; DIMENSAO BASE:   160MM;";1,00 UNIDADE;1251;3017;8,0;2,98;23,84
1250 - POLICIA MILITAR DE MINAS GERAIS;Nota fiscal;11.065.582/0001-00;B&C PRODUTOS DE LIMPEZA E EMBALAGENS LTDA -ME;145716;1;1;Consumo;Despesa orçamentária;5;750638;"RODO -  BASE:   PLASTICO, COM DUAS BORRACHAS; DIMENSAO BASE:   40CM; CABO:   MADEIRA, REVESTIDO EM PLASTICO, DE 160CM;";1,00 UNIDADE;1251;3017;2,0;6,71;13,42
1250 - POLICIA MILITAR DE MINAS GERAIS;Nota fiscal;11.065.582/0001-00;B&C PRODUTOS DE LIMPEZA E EMBALAGENS LTDA -ME;145716;1;1;Consumo;Despesa orçamentária;6;56790;"FLANELA PARA LIMPEZA -  DIMENSOES:   40 X 60 CM (LARGURA X COMPRIMENTO);";1,00 UNIDADE;1251;3017;60,0;2,53;151,8
1250 - POLICIA MILITAR DE MINAS GERAIS;Nota fiscal;11.065.582/0001-00;B&C PRODUTOS DE LIMPEZA E EMBALAGENS LTDA -ME;145716;1;1;Consumo;Despesa orçamentária;7;13951;"ESCOVA PARA ROUPA -  MATERIA-PRIMA:   BASE PLASTICA, COM CABO E CERDAS DE NYLON;";1,00 UNIDADE;1251;3017;4,0;3,2;12,8
1250 - POLICIA MILITAR DE MINAS GERAIS;Nota fiscal;11.065.582/0001-00;B&C PRODUTOS DE LIMPEZA E EMBALAGENS LTDA -ME;145716;1;1;Consumo;Despesa orçamentária;8;45659;"LA DE ACO -  TIPO:   BIODEGRADAVEL; FRAGRANCIA:   SEM PERFUME; PESO LIQUIDO:   60G;";PACOTE 8,00 UNIDADE;1251;3017;30,0;1,94;58,2
1250 - POLICIA MILITAR DE MINAS GERAIS;Nota fiscal;11.065.582/0001-00;B&C PRODUTOS DE LIMPEZA E EMBALAGENS LTDA -ME;145716;1;1;Consumo;Despesa orçamentária;9;56782;"ESPONJA SINTETICA PARA LIMPEZA -  MATERIA-PRIMA:   ESPUMA DE POLIURETANO, COM ABRASIVO EM UMA FACE; TIPO:   DUPLA FACE; FORMATO:   RETANGULAR;";1,00 UNIDADE;1251;3017;100,0;0,77;77,0
1250 - POLICIA MILITAR DE MINAS GERAIS;Nota fiscal;11.065.582/0001-00;B&C PRODUTOS DE LIMPEZA E EMBALAGENS LTDA -ME;145716;1;1;Consumo;Despesa orçamentária;10;1152629;"PANO DE CHAO -  MATERIA-PRIMA:   ALGODAO ALVEJADO; MEDIDAS:   60CM DE LARGURA X 80 CM DE COMPRIMENTO;";1,00 UNIDADE;1251;3017;20,0;5,66;113,2
1250 - POLICIA MILITAR DE MINAS GERAIS;Nota fiscal;11.065.582/0001-00;B&C PRODUTOS DE LIMPEZA E EMBALAGENS LTDA -ME;145716;1;1;Consumo;Despesa orçamentária;11;141232;"DETERGENTE  USO DOMESTICO -  APRESENTACAO:   LIQUIDO; FRAGRANCIA:   NEUTRO;";FRASCO 500,00 MILILITRO;1251;3017;70,0;1,77;123,9
1250 - POLICIA MILITAR DE MINAS GERAIS;Nota fiscal;11.065.582/0001-00;B&C PRODUTOS DE LIMPEZA E EMBALAGENS LTDA -ME;145716;1;1;Consumo;Despesa orçamentária;12;1687530;"AGUA SANITARIA -  TEOR:   2%  a 2,5% CLORO ATIVO;";FRASCO 5,00 LITRO;1251;3017;30,0;10,95;328,5
1250 - POLICIA MILITAR DE MINAS GERAIS;Nota fiscal;11.065.582/0001-00;B&C PRODUTOS DE LIMPEZA E EMBALAGENS LTDA -ME;145716;1;1;Consumo;Despesa orçamentária;13;85308;"SAPONACEO -  APRESENTACAO:   EM PO; FRAGANCIA:   NEUTRA;";FRASCO 300,00 GRAMA;1251;3017;2,0;3,56;7,12
1250 - POLICIA MILITAR DE MINAS GERAIS;Nota fiscal;11.065.582/0001-00;B&C PRODUTOS DE LIMPEZA E EMBALAGENS LTDA -ME;145716;1;1;Consumo;Despesa orçamentária;14;612880;"LIMPADOR INSTANTANEO -  TIPO:   MULTIUSO; APRESENTACAO:   LIQUIDO; FRAGRANCIA:   LAVANDA;";FRASCO 500,00 MILILITRO;1251;3017;15,0;2,68;40,2
1250 - POLICIA MILITAR DE MINAS GERAIS;Nota fiscal;11.065.582/0001-00;B&C PRODUTOS DE LIMPEZA E EMBALAGENS LTDA -ME;145716;1;1;Consumo;Despesa orçamentária;15;1851594;"CERA -  CONSISTENCIA:   LIQUIDA; APRESENTACAO:   AUTO BRILHO; EMULSAO CERAS NATURAIS E SINTÉTICAS; COR:   INCOLOR; APLICACAO:   PISOS;";1,00 LITRO;1251;3017;30,0;10,01;300,3
1250 - POLICIA MILITAR DE MINAS GERAIS;Nota fiscal;11.065.582/0001-00;B&C PRODUTOS DE LIMPEZA E EMBALAGENS LTDA -ME;145716;1;1;Consumo;Despesa orçamentária;16;385166;"LIMPA VIDRO -  APRESENTACAO:   MASSA; TIPO:   PERFUMADO;";FRASCO 500,00 MILILITRO;1251;3017;25,0;4,47;111,75
1250 - POLICIA MILITAR DE MINAS GERAIS;Nota fiscal;11.065.582/0001-00;B&C PRODUTOS DE LIMPEZA E EMBALAGENS LTDA -ME;145716;1;1;Consumo;Despesa orçamentária;17;1157256;"LIXEIRA INDIVIDUAL -  TIPO:   PARA USO EM ESCRITORIO; MATERIAL:   EM POLIPROPILENO; CAPACIDADE:   14 LITROS; FORMATO:   FORMATO TUBULAR; COR:   COR PRETA; TAMPA:   SEM TAMPA; PEDAL:   SEM PEDAL; ALCA:   SEM ALCA; RODAS:   SEM RODAS;";1,00 UNIDADE;1251;3017;12,0;14,9;178,8
1250 - POLICIA MILITAR DE MINAS GERAIS;Nota fiscal;11.065.582/0001-00;B&C PRODUTOS DE LIMPEZA E EMBALAGENS LTDA -ME;145716;1;1;Consumo;Despesa orçamentária;18;2034042;"HIGIENIZADOR ANTISSEPTICO DE MAOS  COMPOSICAO (2):   AGENTE HIDRATANTE; CONCENTRACAO:   .; GRAU GL:   77 GRAUS; GRAU INPM:   70 GRAUS; COMPOSICAO (1):   ALCOOL ETILICO HIDRATADO; APRESENTACAO:   FRASCO COM VALVULA TIPO PUMP 500 ML; ASPECTO FISICO:   GEL;";FRASCO;1251;3017;25,0;8,46;211,5
1250 - POLICIA MILITAR DE MINAS GERAIS;Nota fiscal;11.065.582/0001-00;B&C PRODUTOS DE LIMPEZA E EMBALAGENS LTDA -ME;145716;1;1;Consumo;Despesa orçamentária;19;1669486;"ALCOOL ETILICO HIDRATADO  ASPECTO FISICO:   SOLUCAO AQUOSA; GRAU INPM:   70; GRAU GL:   77; APRESENTACAO:   FRASCO 1 L;";1,00 LITRO;1251;3017;20,0;9,15;183,0
1250 - POLICIA MILITAR DE MINAS GERAIS;Nota fiscal;11.065.582/0001-00;B&C PRODUTOS DE LIMPEZA E EMBALAGENS LTDA -ME;145716;1;1;Consumo;Despesa orçamentária;20;1686259;"PAPEL HIGIENICO -   FOLHA:   DUPLA; COMPOSICAO:   100% CELULOSE VIRGEM, BRANCO; TIPO:   ROLO; ACABAMENTO:   PICOTADO, GOFRADO; FRAGRANCIA:   NEUTRO; APRESENTACAO:   ROLO 30 M; DIAMETRO DO TUBETE:   NAO APLICAVEL;";ROLO;1251;3017;800,0;1,38;1104,0
1250 - POLICIA MILITAR DE MINAS GERAIS;Nota fiscal;11.065.582/0001-00;B&C PRODUTOS DE LIMPEZA E EMBALAGENS LTDA -ME;145716;1;1;Consumo;Despesa orçamentária;21;1725181;"PAPEL TOALHA -  APRESENTACAO:   PACOTE 2 ROLOS; DIMENSOES (L X C ):   22 CM X 20 CM; TIPO:   ROLO; ACABAMENTO:   PICOTADO, GOFRADO; COMPOSICAO:   100% CELULOSE VIRGEM, BRANCA; FOLHA:   DUPLA;";EMBALAGEM;1251;3017;75,0;4,32;324,0
1250 - POLICIA MILITAR DE MINAS GERAIS;Nota fiscal;11.065.582/0001-00;B&C PRODUTOS DE LIMPEZA E EMBALAGENS LTDA -ME;145716;1;1;Consumo;Despesa orçamentária;22;1693360;"SABAO EM PO -   COMPOSICAO COMPLEMENTAR:   COADJUVANTES, CORANTES, FRAGANCIA, AGUA E CARGA; APRESENTACAO:   EMBALAGEM 1 KG; PRINCIPIO ATIVO:   LINEAR ALQUIL BENZENO SULFONATO DE SODIO; COMPOSICAO BASICA:   TENSOATIVO ANIONICO, BRANQUEADOR OTICO, ENZIMAS;";EMBALAGEM;1251;3017;10,0;6,2;62,0
1250 - POLICIA MILITAR DE MINAS GERAIS;Nota fiscal;11.065.582/0001-00;B&C PRODUTOS DE LIMPEZA E EMBALAGENS LTDA -ME;145716;1;1;Consumo;Despesa orçamentária;23;1692160;"SABONETE LIQUIDO -   INDICACAO:   HIGIENIZACAO DA PELE; BASE DO PRODUTO:   PEROLADA; ASPECTO:   VISCOSO; PH:   FISIOLOGICO; COMPOSICAO:   AGENTES HIDRATANTES E EMOLIENTES; FRAGRANCIA:   FRAGRANCIA SUAVE HIPOALERGENICA; APRESENTACAO:   EMBALAGEM 5 L;";EMBALAGEM;1251;3017;25,0;19,37;484,25
1250 - POLICIA MILITAR DE MINAS GERAIS;Nota fiscal;11.065.582/0001-00;B&C PRODUTOS DE LIMPEZA E EMBALAGENS LTDA -ME;145716;1;1;Consumo;Despesa orçamentária;24;1695029;"SACO DE LIXO -   TIPO PLASTICO:   RECICLADO; CAPACIDADE NOMINAL:   30 L - 6 KG; COR:   PRETO; DIMENSOES (L X A):   59 CM X 62 CM; APRESENTACAO:   EMBALAGEM 100 UN;";EMBALAGEM;1251;3017;10,0;12,67;126,7
1250 - POLICIA MILITAR DE MINAS GERAIS;Nota fiscal;11.065.582/0001-00;B&C PRODUTOS DE LIMPEZA E EMBALAGENS LTDA -ME;145716;1;1;Consumo;Despesa orçamentária;25;1695100;"SACO DE LIXO -   TIPO PLASTICO:   RECICLADO; CAPACIDADE NOMINAL:   50 L - 10 KG; COR:   VERDE; DIMENSOES (L X A):   63 CM X 80 CM; APRESENTACAO:   EMBALAGEM 100 UN;";EMBALAGEM;1251;3017;20,0;18,33;366,6
1250 - POLICIA MILITAR DE MINAS GERAIS;Nota fiscal;11.065.582/0001-00;B&C PRODUTOS DE LIMPEZA E EMBALAGENS LTDA -ME;145716;1;1;Consumo;Despesa orçamentária;26;1695118;"SACO DE LIXO -   TIPO PLASTICO:   RECICLADO; CAPACIDADE NOMINAL:   100 L - 20 KG; COR:   PRETO; DIMENSOES (L X A):   75 CM X 105 CM; APRESENTACAO:   EMBALAGEM 100 UN;";EMBALAGEM;1251;3017;15,0;31,3;469,5
1250 - POLICIA MILITAR DE MINAS GERAIS;Nota fiscal;11.065.582/0001-00;B&C PRODUTOS DE LIMPEZA E EMBALAGENS LTDA -ME;145716;1;1;Consumo;Despesa orçamentária;27;1698893;"DESINFETANTE  -   DILUICAO:   NAO APLICAVEL; TIPO:   PRONTO USO; ACAO PRINCIPAL:   BACTERICIDA E GERMICIDA; PRINCIPIO ATIVO (1):   CLORETO DE BENZALCONIO MINIMO 0,28%; PRINCIPIO ATIVO (2):   TENSOATIVOS NAO IONICOS; ODOR:   CONFORME SOLICITADO PELO ORGAO/ENTIDADE; APRESENTACAO:   EMBALAGEM 5 L;";GALAO;1251;3017;19,0;10,76;204,44
1250 - POLICIA MILITAR DE MINAS GERAIS;Nota fiscal;07.432.517/0001-07;SIMPRESS COMERCIO LOCACAO E SERVICOS LTDA;454755;1;1;Serviço;Despesa orçamentária;1;89796;IMPRESSAO/COPIA MONOCROMATICA FORMATO A4 - (OUTSOURCING), PAPEL NAO INCLUSO;1,00 UNIDADE;1251;3919;1342,0;0,0219;29,52
1260 - SECRETARIA DE ESTADO DE EDUCACAO;Nota fiscal;49.397.537/0001-26;IMPORT TECH COMERCIO IMPORTACAO E EXPORTACAO LTDA;1229;1;1;Consumo;Despesa extra orçamentária;1;1983520;"KIT DE MATERIAL ESCOLAR (DISTRIBUICAO GRATUITA) -  COMPONENTES:   1 MOCHILA ESCOLAR; COMPONENTES (2):   1 ESTOJO ESCOLAR;";UNIDADE;1261;3007;118,0;33,98;4009,64
2300 - DEPARTAMENTO DE ESTRADAS DE RODAGEM;Nota fiscal;26.368.565/0001-10;G S COSTA CONSTRUTORA LTDA;202645;;1;Serviço;Despesa orçamentária;1;1740;SERVICOS DE IMPLANTACAO E PAVIMENTACAO ASFALTICA;1,00 UNIDADE;2301;5107;0,0001;2193800,0;219,38
2270 - FUNDACAO HOSPITALAR DO ESTADO DE MINAS GERAIS;Nota fiscal;39.928.043/0001-77;SAUDE FARMA LTDA;333;;1;Consumo;Despesa extra orçamentária;1;1511254;"FORMULA OU ASSOCIACAO MANIPULADA -  PRINCIPIO ATIVO:   ACIDO ACETICO; CONCENTRACAO/DOSAGEM:   20 MG/ML (2%); FORMA FARMACEUTICA:   SOLUCAO TOPICA; APRESENTACAO:   FRASCO 200 ML; COMPONENTE:   .;";1,00 UNIDADE;2271;3012;10,0;10,0;100,0
2270 - FUNDACAO HOSPITALAR DO ESTADO DE MINAS GERAIS;Nota fiscal;20.858.411/0001-20;AMGS COMERCIO E REPRESENTACOES LTDA;645353;2;1;Consumo;Despesa orçamentária;1;283401;"PARAFUSO DE FIXACAO USO MEDICO CIRURGICO -  IDENTIFICACAO:   CANULADO; MATERIA-PRIMA:   ACO INOXIDAVEL; TAMANHO:   7,0MM DE DIAMETRO;";1,00 UNIDADE;2271;3010;2,0;129,75;259,5
2320 - FUNDACAO CENTRO DE HEMATOLOGIA E HEMOTERAPIA DE MG;Nota fiscal;11.065.582/0001-00;B&C PRODUTOS DE LIMPEZA E EMBALAGENS LTDA -ME;149501;1;1;Consumo;Despesa orçamentária;1;1260677;"FIBRA PARA LIMPEZA -  FINALIDADE:   PARA SUPERFICIES DELICADAS; MATERIA-PRIMA:   NAO TECIDO A BASE DE FIBRAS SINTETICAS; DIMENSOES:   110 X 225MM E ESPESSURA DE APROX. 6,5 A 10,5MM; COR:   VERDE;";1,00 UNIDADE;2321;3017;1500,0;1,24;1860,0
2320 - FUNDACAO CENTRO DE HEMATOLOGIA E HEMOTERAPIA DE MG;Nota fiscal;11.065.582/0001-00;B&C PRODUTOS DE LIMPEZA E EMBALAGENS LTDA -ME;149501;1;1;Consumo;Despesa orçamentária;2;1875205;"RODO -  CABO:   POLIPROPILENO COM PEGADOR ERGONOMICO, 217MM; BASE:   POLIPROPILENO COM 01 LAMINA DE BORRACHA; DIMENSAO BASE:   160MM;";1,00 UNIDADE;2321;3017;60,0;2,33;139,8
2320 - FUNDACAO CENTRO DE HEMATOLOGIA E HEMOTERAPIA DE MG;Nota fiscal;11.065.582/0001-00;B&C PRODUTOS DE LIMPEZA E EMBALAGENS LTDA -ME;149501;1;1;Consumo;Despesa orçamentária;3;1695819;"VASSOURA -   COMPRIMENTO CABO:   1,50 M; MATERIAL CABO:   MADEIRA REVESTIDO PLASTICO; LARGURA BASE:   NUMERO 5, MINIMO 13 CM DE BASE; TIPO DAS CERDAS:   PIACAVA NATURAL; MATERIAL BASE:   MADEIRA; ALTURA DAS CERDAS:   NAO APLICAVEL; TIPO DO CABO:   ROSQUEAVEL;";1,00 UNIDADE;2321;3017;40,0;21,05;842,0
1250 - POLICIA MILITAR DE MINAS GERAIS;Nota fiscal;02.881.877/0004-07;POLAR FIX INDUSTRIA E COMERCIO DE PRODUTOS HOSPITALARES LTDA;62720;1;1;Consumo;Despesa orçamentária;1;1668919;"AVENTAL PARA USO MEDICO/ODONTOLOGICO -  MATERIA-PRIMA:   NAO TECIDO - SMS, 100% POLIPROPILENO; TIPO:   CIRURGICO DESCARTAVEL, MANGA LONGA, COM REFORCO; COMPRIMENTO:   130 CM X 150 LARGURA; MEDIDAS APROXIMADAS;";1,00 UNIDADE;1251;3010;800,0;12,5;10000,0
1320 - SECRETARIA DE ESTADO DA SAUDE;Outros;07.432.517/0001-07;SIMPRESS COMERCIO LOCACAO E SERVICOS LTDA;454625;;1;Serviço;Despesa orçamentária;1;89796;IMPRESSAO/COPIA MONOCROMATICA FORMATO A4 - (OUTSOURCING), PAPEL NAO INCLUSO;1,00 UNIDADE;4291;3919;17890,0;0,02;357,8
2300 - DEPARTAMENTO DE ESTRADAS DE RODAGEM;Nota fiscal;16.873.137/0001-90;LF ENGENHARIA RODOVIARIA LTDA;2026145;;1;Serviço;Despesa orçamentária;1;1872;SERVICOS DE RECUPERACAO DE RODOVIAS;1,00 UNIDADE;2301;5107;1,0;11825,66;11825,66
2300 - DEPARTAMENTO DE ESTRADAS DE RODAGEM;Nota fiscal;16.873.137/0001-90;LF ENGENHARIA RODOVIARIA LTDA;2026146;;1;Serviço;Despesa orçamentária;1;1872;SERVICOS DE RECUPERACAO DE RODOVIAS;1,00 UNIDADE;2301;5107;1,0;57727,87;57727,87
2300 - DEPARTAMENTO DE ESTRADAS DE RODAGEM;Nota fiscal;16.873.137/0001-90;LF ENGENHARIA RODOVIARIA LTDA;2026147;;1;Serviço;Despesa orçamentária;1;1872;SERVICOS DE RECUPERACAO DE RODOVIAS;1,00 UNIDADE;2301;5107;1,0;18332,03;18332,03
2300 - DEPARTAMENTO DE ESTRADAS DE RODAGEM;Nota fiscal;16.873.137/0001-90;LF ENGENHARIA RODOVIARIA LTDA;2026148;;1;Serviço;Despesa orçamentária;1;1872;SERVICOS DE RECUPERACAO DE RODOVIAS;1,00 UNIDADE;2301;5107;1,0;25116,23;25116,23
2270 - FUNDACAO HOSPITALAR DO ESTADO DE MINAS GERAIS;Nota fiscal;39.928.043/0001-77;SAUDE FARMA LTDA;332;;1;Consumo;Despesa extra orçamentária;1;1510347;"FORMULA OU ASSOCIACAO MANIPULADA -  PRINCIPIO ATIVO:   ESPIRONOLACTONA; CONCENTRACAO/DOSAGEM:   1 MG/ML; FORMA FARMACEUTICA:   SOLUCAO ORAL; APRESENTACAO:   FRASCO 50 ML; COMPONENTE:   .;";FRASCO;2271;3012;6,0;8,0;48,0
2300 - DEPARTAMENTO DE ESTRADAS DE RODAGEM;Nota fiscal;16.873.137/0001-90;LF ENGENHARIA RODOVIARIA LTDA;2026150;;1;Serviço;Despesa orçamentária;1;1872;SERVICOS DE RECUPERACAO DE RODOVIAS;1,00 UNIDADE;2301;5107;1,0;42365,36;42365,36
2300 - DEPARTAMENTO DE ESTRADAS DE RODAGEM;Nota fiscal;16.873.137/0001-90;LF ENGENHARIA RODOVIARIA LTDA;2026151;;1;Serviço;Despesa orçamentária;1;1872;SERVICOS DE RECUPERACAO DE RODOVIAS;1,00 UNIDADE;2301;5107;1,0;47527,58;47527,58
2300 - DEPARTAMENTO DE ESTRADAS DE RODAGEM;Nota fiscal;16.873.137/0001-90;LF ENGENHARIA RODOVIARIA LTDA;2026152;;1;Serviço;Despesa orçamentária;1;1872;SERVICOS DE RECUPERACAO DE RODOVIAS;1,00 UNIDADE;2301;5107;1,0;1483,41;1483,41
2300 - DEPARTAMENTO DE ESTRADAS DE RODAGEM;Nota fiscal;16.873.137/0001-90;LF ENGENHARIA RODOVIARIA LTDA;2026153;;1;Serviço;Despesa orçamentária;1;1872;SERVICOS DE RECUPERACAO DE RODOVIAS;1,00 UNIDADE;2301;5107;1,0;319304,24;319304,24
2300 - DEPARTAMENTO DE ESTRADAS DE RODAGEM;Nota fiscal;16.873.137/0001-90;LF ENGENHARIA RODOVIARIA LTDA;2026154;;1;Serviço;Despesa orçamentária;1;1872;SERVICOS DE RECUPERACAO DE RODOVIAS;1,00 UNIDADE;2301;5107;1,0;81400,84;81400,84
2270 - FUNDACAO HOSPITALAR DO ESTADO DE MINAS GERAIS;Nota fiscal;20.858.411/0001-20;AMGS COMERCIO E REPRESENTACOES LTDA;645364;2;1;Consumo;Despesa orçamentária;1;605328;"PARAFUSO DE FIXACAO USO MEDICO CIRURGICO -  IDENTIFICACAO:   MINI PARAFUSO DE AUTO COMPRESSAO; MATERIA-PRIMA:   ACO INOXIDAVEL; TAMANHO:   -;";1,00 UNIDADE;2271;3010;2,0;221,85;443,7
2300 - DEPARTAMENTO DE ESTRADAS DE RODAGEM;Nota fiscal;16.873.137/0001-90;LF ENGENHARIA RODOVIARIA LTDA;2026155;;1;Serviço;Despesa orçamentária;1;1872;SERVICOS DE RECUPERACAO DE RODOVIAS;1,00 UNIDADE;2301;5107;1,0;33947,65;33947,65
1320 - SECRETARIA DE ESTADO DA SAUDE;Outros;07.432.517/0001-07;SIMPRESS COMERCIO LOCACAO E SERVICOS LTDA;454626;;1;Serviço;Despesa orçamentária;1;89796;IMPRESSAO/COPIA MONOCROMATICA FORMATO A4 - (OUTSOURCING), PAPEL NAO INCLUSO;1,00 UNIDADE;4291;3919;31264,0;0,02;625,28
2330 - INSTITUTO DE METROLOGIA E QUALIDADE DE MG;Nota fiscal;06.981.180/0001-16;CEMIG DISTRIBUICAO S.A.;418084899;;1;Serviço;Despesa orçamentária;1;108472;FORNECIMENTO DE ENERGIA ELETRICA EM BAIXA TENSAO ;1,00 MES;2331;3969;1,0;547,6;547,6
2300 - DEPARTAMENTO DE ESTRADAS DE RODAGEM;Nota fiscal;16.873.137/0001-90;LF ENGENHARIA RODOVIARIA LTDA;2026156;;1;Serviço;Despesa orçamentária;1;1872;SERVICOS DE RECUPERACAO DE RODOVIAS;1,00 UNIDADE;2301;5107;1,0;32246,54;32246,54
1370 - SECRETARIA ESTADO DE MEIO AMB.DESENV SUSTENTAVEL;Outros;01.017.250/0001-05;VOETUR TURISMO E REPRESENTACOES LTDA;1361252;;1;Serviço;Despesa orçamentária;1;133272;EMISSAO,REMARCACAO OU ALTERACAO PASSAGEM AEREA E RODOVIARIA, VIA TELEFONE OU SISTEMA INFORMATIZADO (TAXA POR TRANSACAO);1,00 UNIDADE;1371;3304;1,0;15,78;15,78
1370 - SECRETARIA ESTADO DE MEIO AMB.DESENV SUSTENTAVEL;Outros;01.017.250/0001-05;VOETUR TURISMO E REPRESENTACOES LTDA;1361252;;1;Serviço;Despesa orçamentária;2;133280;PASSAGEM AEREA E / OU RODOVIARIA (BILHETE);1,00 UNIDADE;1371;3304;1,0;446,95;446,95
2300 - DEPARTAMENTO DE ESTRADAS DE RODAGEM;Nota fiscal;16.873.137/0001-90;LF ENGENHARIA RODOVIARIA LTDA;2026157;;1;Serviço;Despesa orçamentária;1;1872;SERVICOS DE RECUPERACAO DE RODOVIAS;1,00 UNIDADE;2301;5107;1,0;6535,52;6535,52
2300 - DEPARTAMENTO DE ESTRADAS DE RODAGEM;Nota fiscal;16.873.137/0001-90;LF ENGENHARIA RODOVIARIA LTDA;2026158;;1;Serviço;Despesa orçamentária;1;1872;SERVICOS DE RECUPERACAO DE RODOVIAS;1,00 UNIDADE;2301;5107;1,0;207,26;207,26
2270 - FUNDACAO HOSPITALAR DO ESTADO DE MINAS GERAIS;Nota fiscal;04.522.343/0001-77;FARMACIA DE MANIPULACAO IDEAL FORMULAS LTDA;8627;;1;Consumo;Despesa extra orçamentária;1;1511416;"FORMULA OU ASSOCIACAO MANIPULADA -  PRINCIPIO ATIVO:   FUROSEMIDA; CONCENTRACAO/DOSAGEM:   2 MG/ML; FORMA FARMACEUTICA:   SOLUCAO ORAL; APRESENTACAO:   FRASCO 80 ML; COMPONENTE:   .;";FRASCO;2271;3012;4,0;19,9;79,6
2300 - DEPARTAMENTO DE ESTRADAS DE RODAGEM;Nota fiscal;06.981.180/0001-16;CEMIG DISTRIBUICAO S.A.;424992361;;1;Serviço;Despesa orçamentária;1;108472;FORNECIMENTO DE ENERGIA ELETRICA EM BAIXA TENSAO ;1,00 MES;2301;3969;1,0;1982,41;1982,41
2370 - INSTITUTO MINEIRO DE AGROPECUARIA;Nota fiscal;33.224.254/0001-42;MGS MINAS GERAIS ADMINISTRACAO E SERVICOS S/A;32028;1;1;Serviço;Despesa orçamentária;1;106089;AUXILIAR DE LIMPEZA - 22H, 30H, 36H, 40H OU 44H;CARGA HORARIA 22,00 HORAS POR SEMANA;2371;3703;1,0;2412,34;2412,34
2370 - INSTITUTO MINEIRO DE AGROPECUARIA;Nota fiscal;33.224.254/0001-42;MGS MINAS GERAIS ADMINISTRACAO E SERVICOS S/A;32028;1;1;Serviço;Despesa orçamentária;2;64483;ADICIONAL INSALUBRIDADE 40%;1,00 UNIDADE;2371;3705;1,0;1372,85;1372,85
2270 - FUNDACAO HOSPITALAR DO ESTADO DE MINAS GERAIS;Nota fiscal;20.858.411/0001-20;AMGS COMERCIO E REPRESENTACOES LTDA;645368;2;1;Consumo;Despesa orçamentária;1;1239759;"PLACA DE FIXACAO USO MEDICO CIRURGICO -  IDENTIFICACAO:   MINI PLACA 2,0MM; MATERIA-PRIMA:   ACO;";1,00 UNIDADE;2271;3010;1,0;207,74;207,74
1260 - SECRETARIA DE ESTADO DE EDUCACAO;Outros;00.914.711/0001-71;LAGE & LAGE LTDA-ME;90124;;1;Serviço;Despesa orçamentária;1;4740;SERVICOS DE VIGILANCIA E SEGURANCA ELETRONICA;1,00 UNIDADE;1261;3962;1,0;469,26;469,26
1250 - POLICIA MILITAR DE MINAS GERAIS;Nota fiscal;07.432.517/0001-07;SIMPRESS COMERCIO LOCACAO E SERVICOS LTDA;454739;1;1;Serviço;Despesa orçamentária;1;97292;LOCACAO DE IMPRESSORA MULTIFUNCIOAL MONOCROMATICA 38 PPM (OUTSOURCING ), PAPEL NAO INCLUSO;1,00 UNIDADE;1251;3919;1,0;130,07;130,07
1320 - SECRETARIA DE ESTADO DA SAUDE;Nota fiscal;33.224.254/0001-42;MGS MINAS GERAIS ADMINISTRACAO E SERVICOS S/A;32217;1;1;Serviço;Despesa orçamentária;1;64459;DIARIA DE VIAGEM;1,00 UNIDADE;4291;3705;1,0;3148,48;3148,48
2270 - FUNDACAO HOSPITALAR DO ESTADO DE MINAS GERAIS;Nota fiscal;67.729.178/0002-20;COMERCIAL CIRURGICA RIOCLARENSE LTDA;943109;1;1;Consumo;Despesa orçamentária;1;1489585;"DEXAMETASONA -  PRINCIPIO ATIVO:   DEXAMETASONA, FOSFATO DISSODICO; CONCENTRACAO/DOSAGEM:   4 MG/ML; FORMA FARMACEUTICA:   SOLUCAO INJETAVEL; APRESENTACAO:   AMPOLA OU FRASCO-AMPOLA 2,5 ML; COMPONENTE:   .;";1,00 UNIDADE;2271;3012;2700,0;0,686;1852,2
1250 - POLICIA MILITAR DE MINAS GERAIS;Nota fiscal;34.274.233/0025-71;VIBRA ENERGIA S.A;4977694;;1;Consumo;Despesa orçamentária;1;14516;"ALCOOL COMBUSTIVEL AUTOMOTIVO -  TIPO:   HIDRATADO;";1,00 LITRO;1251;3026;5000,0;2,9333;14666,88
2270 - FUNDACAO HOSPITALAR DO ESTADO DE MINAS GERAIS;Nota fiscal;20.858.411/0001-20;AMGS COMERCIO E REPRESENTACOES LTDA;645379;2;1;Consumo;Despesa orçamentária;1;1239660;"PARAFUSO DE FIXACAO USO MEDICO CIRURGICO -  IDENTIFICACAO:   PARAFUSO DE BLOQUEIO, AUTOROSQUEANTE; MATERIA-PRIMA:   ACO INOXIDAVEL ANTIMAGNETICO; TAMANHO:   14MM A 60MM;";1,00 UNIDADE;2271;3010;11,0;105,75;1163,25
2270 - FUNDACAO HOSPITALAR DO ESTADO DE MINAS GERAIS;Nota fiscal;20.858.411/0001-20;AMGS COMERCIO E REPRESENTACOES LTDA;645379;2;1;Consumo;Despesa orçamentária;2;1384899;"PLACA DE FIXACAO USO MEDICO CIRURGICO -  IDENTIFICACAO:   TIPO VOLAR, PARA RADIO DISTAL; MATERIA-PRIMA:   ACO INOXIDAVEL;";1,00 UNIDADE;2271;3010;1,0;1378,63;1378,63
2470 - AGENCIA REGULADORA DE TRANSPORTES;Nota fiscal;52.635.422/0001-37;SYSTRA ENGENHARIA E CONSULTORIA LTDA;202613987;0;1;Serviço;Despesa orçamentária;1;11207;SERVICOS DE SUPERVISAO DE OBRAS E SERVICOS DO SISTEMA VIARIO;1,00 UNIDADE;2471;3951;1,0;191887,93;191887,93
1260 - SECRETARIA DE ESTADO DE EDUCACAO;Nota fiscal;07.432.517/0001-07;SIMPRESS COMERCIO LOCACAO E SERVICOS LTDA;403273;;1;Serviço;Despesa orçamentária;1;97292;LOCACAO DE IMPRESSORA MULTIFUNCIOAL MONOCROMATICA 38 PPM (OUTSOURCING ), PAPEL NAO INCLUSO;1,00 UNIDADE;1261;4002;3,0;118,07;354,21
1260 - SECRETARIA DE ESTADO DE EDUCACAO;Nota fiscal;07.432.517/0001-07;SIMPRESS COMERCIO LOCACAO E SERVICOS LTDA;403273;;1;Serviço;Despesa orçamentária;2;127680;LOCACAO DE IMPRESSORA COLORIDA 22 PPM (OUTSOURCING), PAPEL NAO INCLUSO;1,00 UNIDADE;1261;4002;1,0;153,0;153,0
1250 - POLICIA MILITAR DE MINAS GERAIS;Nota fiscal;07.432.517/0001-07;SIMPRESS COMERCIO LOCACAO E SERVICOS LTDA;454740;1;1;Serviço;Despesa orçamentária;1;89796;IMPRESSAO/COPIA MONOCROMATICA FORMATO A4 - (OUTSOURCING), PAPEL NAO INCLUSO;1,00 UNIDADE;1251;3919;904,0;0,0219;19,88
2270 - FUNDACAO HOSPITALAR DO ESTADO DE MINAS GERAIS;Nota fiscal;04.522.343/0001-77;FARMACIA DE MANIPULACAO IDEAL FORMULAS LTDA;8617;;1;Consumo;Despesa orçamentária;1;1511408;"FORMULA OU ASSOCIACAO MANIPULADA -  PRINCIPIO ATIVO:   FOSFATO TRICALCICO; CONCENTRACAO/DOSAGEM:   106 MG/ML (EQUIVALENTE A 42,2 MG DE CALCIO/ML); FORMA FARMACEUTICA:   SUSPENSAO ORAL; APRESENTACAO:   FRASCO 100 ML; COMPONENTE:   .;";FRASCO;2271;3012;5,0;21,9;109,5
2370 - INSTITUTO MINEIRO DE AGROPECUARIA;Outros;33.224.254/0001-42;MGS MINAS GERAIS ADMINISTRACAO E SERVICOS S/A;705556;;1;Serviço;Despesa orçamentária;1;66311;VALE-ALIMENTACAO - MGS;1,00 UNIDADE;2371;3705;1,0;472,44;472,44
2300 - DEPARTAMENTO DE ESTRADAS DE RODAGEM;Nota fiscal;26.368.565/0001-10;G S COSTA CONSTRUTORA LTDA;202645;1;1;Serviço;Despesa orçamentária;1;1740;SERVICOS DE IMPLANTACAO E PAVIMENTACAO ASFALTICA;1,00 UNIDADE;2301;5107;0,0001;205470900,0;20547,09
1250 - POLICIA MILITAR DE MINAS GERAIS;Nota fiscal;07.432.517/0001-07;SIMPRESS COMERCIO LOCACAO E SERVICOS LTDA;447361;;1;Serviço;Despesa orçamentária;1;97292;LOCACAO DE IMPRESSORA MULTIFUNCIOAL MONOCROMATICA 38 PPM (OUTSOURCING ), PAPEL NAO INCLUSO;1,00 UNIDADE;1251;3919;1,0;129,05;129,05
1260 - SECRETARIA DE ESTADO DE EDUCACAO;Nota fiscal;13.183.077/0001-96;UNITEC VAZANTE LTDA;45;;1;Serviço;Despesa orçamentária;1;109460;CURSO TECNICO PROFISSIONALIZANTE  EM ATENDIMENTO AO PROGRAMA TRILHAS DE FUTURO ;UNIDADE;1261;3949;1,0;2893,15;2893,15
2010 - INST.DE PREVIDENCIA DOS SERVIDORES DO EST.M.GERAIS;Nota fiscal;21.681.325/0001-57;MULTIFARMA COMERCIO E REPRESENTACOES LTDA.;299789;1;1;Consumo;Despesa orçamentária;1;1490150;"FUROSEMIDA -  PRINCIPIO ATIVO:   FUROSEMIDA; CONCENTRACAO/DOSAGEM:   40 MG; FORMA FARMACEUTICA:   COMPRIMIDO; APRESENTACAO:   .; COMPONENTE:   .;";1,00 UNIDADE;2011;3012;3500,0;0,044;154,0
1260 - SECRETARIA DE ESTADO DE EDUCACAO;Outros;***.259.626-**;NILTON FARIA;9468682;13;1;Serviço;Despesa orçamentária;1;4065;LOCACAO DE IMOVEL COMERCIAL -;1,00 MES;1261;3611;1,0;10000,0;10000,0
2270 - FUNDACAO HOSPITALAR DO ESTADO DE MINAS GERAIS;Nota fiscal;12.927.876/0001-67;SOMA/MG PRODUTOS HOSPITALARES LTDA;385441;;1;Consumo;Despesa orçamentária;1;1489372;"BENZILPENICILINA PROCAINA + ASSOCIACOES -  PRINCIPIO ATIVO (1):   BENZILPENICILINA PROCAINA; PRINCIPIO ATIVO (2):   BENZILPENICILINA POTASSICA; CONCENTRACAO/DOSAGEM:   300.000 UI + 100.000 UI; FORMA FARMACEUTICA:   PO PARA SUSPENSAO INJETAVEL; APRESENTACAO:   FRASCO-AMPOLA; COMPONENTE:   AMPOLA DILUENTE;";FRASCO-AMPOLA;2271;3012;100,0;5,0789;507,89
2350 - UNIVERSIDADE DO ESTADO DE MINAS GERAIS;Outros;33.224.254/0001-42;MGS MINAS GERAIS ADMINISTRACAO E SERVICOS S/A;202632150;;1;Serviço;Despesa orçamentária;1;66290;ACERTOS RETROATIVOS;1,00 UNIDADE;2351;3705;1,0;153,79;153,79
2150 - FUNDACAO HELENA ANTIPOFF;Nota fiscal;33.224.254/0001-42;MGS MINAS GERAIS ADMINISTRACAO E SERVICOS S/A;31325;1;2;Serviço;Despesa orçamentária;1;106399;ANALISTA  ESPECIALIZADO  EM INFRAESTRUTURA - 30H, 36H, 40H  OU 44H;CARGA HORARIA 40,00 HORAS POR SEMANA;2151;3704;1,0;26832,17;26832,17
2150 - FUNDACAO HELENA ANTIPOFF;Nota fiscal;33.224.254/0001-42;MGS MINAS GERAIS ADMINISTRACAO E SERVICOS S/A;31325;1;2;Serviço;Despesa orçamentária;2;106461;ANALISTA ESPECIALIZADO EM SAUDE E MEIO AMBIENTE II- 20H, 22H, 30H, 36H, 40H OU 44H;CARGA HORARIA 40,00 HORAS POR SEMANA;2151;3704;1,0;8062,59;8062,59
1020 - TRIBUNAL DE CONTAS DO ESTADO DE MINAS GERAIS;Nota fiscal;***.996.866-**;FABRICIO SOUZA DUARTE;1;;1;Serviço;Despesa orçamentária;1;100021;CONTRATACAO DE PROFESSOR PARA CURSO DE POS-GRADUACAO -;1,00 UNIDADE;1021;3631;1,0;7179,84;7179,84
2270 - FUNDACAO HOSPITALAR DO ESTADO DE MINAS GERAIS;Nota fiscal;24.638.170/0001-64;DISTRIBUIDORA MENDONCA E MIRANDA LTDA;2457;;1;Consumo;Despesa orçamentária;1;944165;"DISPOSITIVO DE INFUSAO INTRAVENOSA COLETA SANGUE -  TAMANHO:   23 G; AGULHA:   20X6 MM OU 19X6 MM, COM DISPOSITIVO DE SEGURANCA;";1,00 UNIDADE;2271;3013;4100,0;0,823;3374,3
2270 - FUNDACAO HOSPITALAR DO ESTADO DE MINAS GERAIS;Nota fiscal;24.638.170/0001-64;DISTRIBUIDORA MENDONCA E MIRANDA LTDA;2457;;1;Consumo;Despesa orçamentária;2;1194674;"AGULHAS PARA COLETA DE SANGUE -  TIPO:   COLETA MULTIPLA, A VACUO, C/ADAPTADOR DE USO UNIDO; MEDIDAS:   21G, MEDIDAS APROXIMADAS 25 X 8 MM;";1,00 UNIDADE;2271;3013;3000,0;0,752;2256,0
1250 - POLICIA MILITAR DE MINAS GERAIS;Nota fiscal;34.274.233/0025-71;VIBRA ENERGIA S.A;4977408;;1;Consumo;Despesa orçamentária;1;14516;"ALCOOL COMBUSTIVEL AUTOMOTIVO -  TIPO:   HIDRATADO;";1,00 LITRO;1251;3026;5000,0;2,9333;14666,88
1320 - SECRETARIA DE ESTADO DA SAUDE;Nota fiscal;18.285.097/0001-91;BRUMADINHO PAPEL E COMERCIO LTDA - ME;16879;1;1;Consumo;Despesa orçamentária;1;1698907;"DESINFETANTE  -   DILUICAO:   1:300; TIPO:   CONCENTRADO; ACAO PRINCIPAL:   BACTERICIDA E GERMICIDA; PRINCIPIO ATIVO (1):   QUATERNARIO DE AMONIO; PRINCIPIO ATIVO (2):   TENSOATIVOS CATIONICOS; ODOR:   CONFORME SOLICITADO PELO ORGAO/ENTIDADE; APRESENTACAO:   FRASCO 1 L;";FRASCO;4291;3017;10,0;28,058;280,58
1320 - SECRETARIA DE ESTADO DA SAUDE;Nota fiscal;18.285.097/0001-91;BRUMADINHO PAPEL E COMERCIO LTDA - ME;16879;1;1;Consumo;Despesa orçamentária;2;1687530;"AGUA SANITARIA -  TEOR:   2%  a 2,5% CLORO ATIVO;";FRASCO 5,00 LITRO;4291;3017;12,0;14,6133;175,36
1320 - SECRETARIA DE ESTADO DA SAUDE;Nota fiscal;18.285.097/0001-91;BRUMADINHO PAPEL E COMERCIO LTDA - ME;16879;1;1;Consumo;Despesa orçamentária;3;470120;"DESODORIZADOR DE AMBIENTES -  APRESENTACAO:   AEROSOL; ESSENCIA:   TALCO;";LATA 300,00 MILILITRO;4291;3017;3,0;11,1033;33,31
1320 - SECRETARIA DE ESTADO DA SAUDE;Nota fiscal;18.285.097/0001-91;BRUMADINHO PAPEL E COMERCIO LTDA - ME;16879;1;1;Consumo;Despesa orçamentária;4;367664;"DETERGENTE  USO DOMESTICO -  APRESENTACAO:   SEMI-PASTOSO; FRAGRANCIA:   NEUTRO;";GALAO 5,00 LITRO;4291;3017;7,0;11,86;83,02
1320 - SECRETARIA DE ESTADO DA SAUDE;Nota fiscal;18.285.097/0001-91;BRUMADINHO PAPEL E COMERCIO LTDA - ME;16879;1;1;Consumo;Despesa orçamentária;5;320242;"RODO -  BASE:   MADEIRA, COM DUAS BORRACHAS; DIMENSAO BASE:   30CM; CABO:   MADEIRA, DE 120CM;";1,00 UNIDADE;4291;3017;3,0;5,4;16,2
1320 - SECRETARIA DE ESTADO DA SAUDE;Nota fiscal;18.285.097/0001-91;BRUMADINHO PAPEL E COMERCIO LTDA - ME;16879;1;1;Consumo;Despesa orçamentária;6;765570;"LIMPADOR INSTANTANEO -  TIPO:   LIMPEZA PESADA; APRESENTACAO:   LIQUIDO; FRAGRANCIA:   PINHO;";1,00 LITRO;4291;3017;17,0;7,0;119,0
1320 - SECRETARIA DE ESTADO DA SAUDE;Nota fiscal;18.285.097/0001-91;BRUMADINHO PAPEL E COMERCIO LTDA - ME;16879;1;1;Consumo;Despesa orçamentária;7;1698923;"DESINFETANTE  -   TIPO:   CONCENTRADO; ACAO PRINCIPAL:   BACTERICIDA E GERMICIDA; PRINCIPIO ATIVO (1):   CLORETO DE BENZALCONIO 2,0%; PRINCIPIO ATIVO (2):   TENSOATIVOS NAO IONICOS; ODOR:   CONFORME SOLICITADO PELO ORGAO/ENTIDADE; APRESENTACAO:   FRASCO 5 L; DILUICAO:   1:300;";GALAO;4291;3017;20,0;10,5215;210,43
1320 - SECRETARIA DE ESTADO DA SAUDE;Nota fiscal;18.285.097/0001-91;BRUMADINHO PAPEL E COMERCIO LTDA - ME;16879;1;1;Consumo;Despesa orçamentária;8;141232;"DETERGENTE  USO DOMESTICO -  APRESENTACAO:   LIQUIDO; FRAGRANCIA:   NEUTRO;";FRASCO 500,00 MILILITRO;4291;3017;18,0;2,15;38,7
1320 - SECRETARIA DE ESTADO DA SAUDE;Nota fiscal;18.285.097/0001-91;BRUMADINHO PAPEL E COMERCIO LTDA - ME;16879;1;1;Consumo;Despesa orçamentária;9;765031;"RODO -  BASE:   MADEIRA, COM DUAS BORRACHAS; DIMENSAO BASE:   50CM; CABO:   MADEIRA, DE 125CM;";1,00 UNIDADE;4291;3017;3,0;8,75;26,25
1320 - SECRETARIA DE ESTADO DA SAUDE;Nota fiscal;18.285.097/0001-91;BRUMADINHO PAPEL E COMERCIO LTDA - ME;16879;1;1;Consumo;Despesa orçamentária;10;761273;"DETERGENTE  USO DOMESTICO -  APRESENTACAO:   LIQUIDO E CONCENTRADO; FRAGRANCIA:   NEUTRO;";GALAO 5,00 LITRO;4291;3017;10,0;14,25;142,5
1320 - SECRETARIA DE ESTADO DA SAUDE;Nota fiscal;18.285.097/0001-91;BRUMADINHO PAPEL E COMERCIO LTDA - ME;16879;1;1;Consumo;Despesa orçamentária;11;46884;"HIPOCLORITO DE SODIO PARA LIMPEZA -  APLICACAO:   DESINFETANTE DE PISOS E SUPERFICIES; BASE:   DICLOROISOCIANURETO DE SODIO, C/1% DE CLORO ATIVO;";BALDE 5,00 LITRO;4291;3017;10,0;16,367;163,67
1320 - SECRETARIA DE ESTADO DA SAUDE;Nota fiscal;18.285.097/0001-91;BRUMADINHO PAPEL E COMERCIO LTDA - ME;16879;1;1;Consumo;Despesa orçamentária;12;614980;"AGUA SANITARIA -  TEOR:   10 A 12 POR CENTO DE CLORO ATIVO;";FRASCO 5,00 LITRO;4291;3017;20,0;15,198;303,96
1320 - SECRETARIA DE ESTADO DA SAUDE;Nota fiscal;18.285.097/0001-91;BRUMADINHO PAPEL E COMERCIO LTDA - ME;16906;1;1;Consumo;Despesa orçamentária;1;208744;"RODO -  BASE:   MADEIRA, UM LADO UMA BORRACHA, OUTRO UMA ESPONJA; DIMENSAO BASE:   20CM; CABO:   MADEIRA, DE 120CM;";1,00 UNIDADE;4291;3017;10,0;26,65;266,5
1320 - SECRETARIA DE ESTADO DA SAUDE;Nota fiscal;18.285.097/0001-91;BRUMADINHO PAPEL E COMERCIO LTDA - ME;16906;1;1;Consumo;Despesa orçamentária;2;765570;"LIMPADOR INSTANTANEO -  TIPO:   LIMPEZA PESADA; APRESENTACAO:   LIQUIDO; FRAGRANCIA:   PINHO;";1,00 LITRO;4291;3017;42,0;7,0;294,0
1320 - SECRETARIA DE ESTADO DA SAUDE;Nota fiscal;18.285.097/0001-91;BRUMADINHO PAPEL E COMERCIO LTDA - ME;16906;1;1;Consumo;Despesa orçamentária;3;1260731;"DESENCROSTANTE LIQUIDO -  TIPO:   CONCENTRADO, BIODEGRADAVEL, DILUICAO 1/50; COMPOSICAO:   1-OCTIL PIRROLIDONA, ACIDO HIDROACETICO ETC; ALCALINIDADE:   NAO APLICAVEL; PH:   IGUAL 1,00-2,00; DENSIDADE:   RELATIVA IGUAL 1 AGUA=1; APLICACAO:   LIMPADOR RAPIDA ACAO NA LIMPEZA E REMOCAO RESIDUOS; FINALIDADE:   ESPUMA DE SABAO, RESIDUOS DE GORDURA EM BANHEIROS;";BALDE 5,00 LITRO;4291;3017;10,0;33,0;330,0
1320 - SECRETARIA DE ESTADO DA SAUDE;Nota fiscal;18.285.097/0001-91;BRUMADINHO PAPEL E COMERCIO LTDA - ME;16906;1;1;Consumo;Despesa orçamentária;4;1698907;"DESINFETANTE  -   DILUICAO:   1:300; TIPO:   CONCENTRADO; ACAO PRINCIPAL:   BACTERICIDA E GERMICIDA; PRINCIPIO ATIVO (1):   QUATERNARIO DE AMONIO; PRINCIPIO ATIVO (2):   TENSOATIVOS CATIONICOS; ODOR:   CONFORME SOLICITADO PELO ORGAO/ENTIDADE; APRESENTACAO:   FRASCO 1 L;";FRASCO;4291;3017;20,0;28,058;561,16
1320 - SECRETARIA DE ESTADO DA SAUDE;Nota fiscal;44.373.705/0001-20;SOS SERVICOS DE DESENTUPIMENTOS E DEDETIZACAO LTDA;83;;1;Serviço;Despesa orçamentária;1;13048;SERVICOS DE LIMPEZA E TRATAMENTO DE CAIXAS DAGUA E RESERVATORIOS.;1,00 UNIDADE;4291;3961;1,0;1199,0;1199,0
2300 - DEPARTAMENTO DE ESTRADAS DE RODAGEM;Nota fiscal;26.368.565/0001-10;G S COSTA CONSTRUTORA LTDA;202643;;1;Serviço;Despesa orçamentária;1;1740;SERVICOS DE IMPLANTACAO E PAVIMENTACAO ASFALTICA;1,00 UNIDADE;2301;5107;0,0001;1139118000,0;113911,8
1030 - TRIBUNAL DE JUSTICA DO ESTADO DE MINAS GERAIS;Nota fiscal;19.527.639/0001-58;ENERGISA MINAS RIO - DISTRIBUIDORA DE ENERGIA S.A.;7439166;JUL;1;Serviço;Despesa orçamentária;1;4880;FORNECIMENTO DE ENERGIA ELETRICA EM MEDIA TENSAO;1,00 UNIDADE;4031;3969;1,0;11186,1;11186,1
1260 - SECRETARIA DE ESTADO DE EDUCACAO;Outros;20.624.433/0001-25;ASSOCIACAO DE PROTECAO A MATERNIDADE E A INFANCIA DE GOVERNADOR VALADARES;9372871;123;1;Serviço;Despesa orçamentária;1;4065;LOCACAO DE IMOVEL COMERCIAL -;1,00 MES;1261;3920;1,0;6207,04;6207,04
2270 - FUNDACAO HOSPITALAR DO ESTADO DE MINAS GERAIS;Nota fiscal;17.700.763/0001-48;MEDFUTURA DISTRIBUIDORA DE MEDICAMENTOS E PRODUTOS DE SAUDE LTDA;152845;;1;Consumo;Despesa orçamentária;1;1799177;"IMUNOGLOBULINA ANTI-RHO(D) -  PRINCIPIO ATIVO:   IMUNOGLOBULINA ANTI-RHO(D); CONCENTRACAO/DOSAGEM:   300 MCG; FORMA FARMACEUTICA:   SOLUCAO INJETAVEL; APRESENTACAO:   SERINGA PREENCHIDA OU FRASCO-AMPOLA 2 ML; COMPONENTE:   .;";UNIDADE;2271;3012;100,0;233,16;23316,0
2300 - DEPARTAMENTO DE ESTRADAS DE RODAGEM;Nota fiscal;01.466.431/0001-00;GCT - GERENCIAMENTO E CONTROLE DE TRANSITO S/A;20261786;;1;Serviço;Despesa orçamentária;1;66419;SERVICO DE VIGILANCIA ELETRONICA DE TRANSITO E TRAFEGO E    TRATAMENTO DAS IMAGENS;1,00 UNIDADE;4381;3971;1,0;48965,75;48965,75
1190 - SECRETARIA DE ESTADO DE FAZENDA DE MINAS GERAIS;Outros;42.422.253/0001-01;EMPRESA DE TECNOLOGIA E INFORMACOES DA PREVIDENCIA S.A. - DATAPREV;31958;;1;Serviço;Despesa orçamentária;1;104442;SERVICO DE DISTRIBUICAO DE CADASTRO COM TECNOLOGIA BLOCKCHAIN B - CPF;1,00 UNIDADE;1191;4002;1,0;975,58;975,58
1320 - SECRETARIA DE ESTADO DA SAUDE;Nota fiscal;33.224.254/0001-42;MGS MINAS GERAIS ADMINISTRACAO E SERVICOS S/A;32004;1;1;Serviço;Despesa orçamentária;1;64416;PORTEIRO - 12X36 DIURNO - 44H;CARGA HORARIA 44,00 HORAS POR SEMANA;4291;3704;3,0;6258,43;18775,29
1320 - SECRETARIA DE ESTADO DA SAUDE;Nota fiscal;33.224.254/0001-42;MGS MINAS GERAIS ADMINISTRACAO E SERVICOS S/A;32004;1;1;Serviço;Despesa orçamentária;2;63975;PORTEIRO - 12X36 NOTURNO - 44H;CARGA HORARIA 44,00 HORAS POR SEMANA;4291;3704;4,0334;7643,7744;30830,4
1320 - SECRETARIA DE ESTADO DA SAUDE;Nota fiscal;33.224.254/0001-42;MGS MINAS GERAIS ADMINISTRACAO E SERVICOS S/A;32004;1;1;Serviço;Despesa orçamentária;3;106089;AUXILIAR DE LIMPEZA - 22H, 30H, 36H, 40H OU 44H;CARGA HORARIA 44,00 HORAS POR SEMANA;4291;3703;1,1334;4528,4012;5132,49
1260 - SECRETARIA DE ESTADO DE EDUCACAO;Outros;***.419.006-**;SEBASTIAO GOMES DA SILVA;9240596;56;1;Serviço;Despesa orçamentária;1;4065;LOCACAO DE IMOVEL COMERCIAL -;1,00 MES;1261;3611;1,0;1134,0;1134,0
2010 - INST.DE PREVIDENCIA DOS SERVIDORES DO EST.M.GERAIS;Nota fiscal;31.673.254/0010-95;LABORATORIOS B BRAUN SA;1109650;;1;Consumo;Despesa orçamentária;1;284173;"CATETER -  TAMANHO/NUMERO:   18G; IDENTIFICACAO:   EPIDURAL DESCARTAVEL; MATERIA-PRIMA:   NYLON POLIAMIDA;";1,00 UNIDADE;2011;3010;100,0;30,46;3046,0
2300 - DEPARTAMENTO DE ESTRADAS DE RODAGEM;Nota fiscal;26.368.565/0001-10;G S COSTA CONSTRUTORA LTDA;202644;;1;Serviço;Despesa orçamentária;1;1740;SERVICOS DE IMPLANTACAO E PAVIMENTACAO ASFALTICA;1,00 UNIDADE;2301;5107;0,0001;1136170200,0;113617,02
2270 - FUNDACAO HOSPITALAR DO ESTADO DE MINAS GERAIS;Nota fiscal;12.927.876/0001-67;SOMA/MG PRODUTOS HOSPITALARES LTDA;386299;;1;Consumo;Despesa orçamentária;1;1511971;"DILUENTE -  IDENTIFICACAO:   AGUA BIDESTILADA; TIPO:   ESTERIL; APRESENTACAO:   AMPOLA 10 ML;";AMPOLA;2271;3012;10000,0;0,1489;1489,0
2270 - FUNDACAO HOSPITALAR DO ESTADO DE MINAS GERAIS;Nota fiscal;21.681.325/0001-57;MULTIFARMA COMERCIO E REPRESENTACOES LTDA.;299674;;1;Consumo;Despesa orçamentária;1;1797000;"FENTANILA -  CONCENTRACAO/DOSAGEM:   0,0785 MG/ML (0,05 MG/ML); PRINCIPIO ATIVO:   FENTANILA, CITRATO SEM CONSERVANTES; COMPONENTE:   .; FORMA FARMACEUTICA:   SOLUCAO INJETAVEL; APRESENTACAO:   AMPOLA 2 ML;";AMPOLA;2271;3012;650,0;1,65;1072,5
2270 - FUNDACAO HOSPITALAR DO ESTADO DE MINAS GERAIS;Nota fiscal;21.681.325/0001-57;MULTIFARMA COMERCIO E REPRESENTACOES LTDA.;299674;;1;Consumo;Despesa orçamentária;2;1509276;"SIMETICONA -  PRINCIPIO ATIVO:   SIMETICONA; CONCENTRACAO/DOSAGEM:   75 MG/ML; FORMA FARMACEUTICA:   EMULSAO ORAL; APRESENTACAO:   FRASCO CONTA-GOTAS 10 ML; COMPONENTE:   .;";FRASCO;2271;3012;400,0;1,27;508,0
2270 - FUNDACAO HOSPITALAR DO ESTADO DE MINAS GERAIS;Nota fiscal;21.681.325/0001-57;MULTIFARMA COMERCIO E REPRESENTACOES LTDA.;299674;;1;Consumo;Despesa orçamentária;3;1515110;"MUPIROCINA -  PRINCIPIO ATIVO:   MUPIROCINA; CONCENTRACAO/DOSAGEM:   20 MG/G; FORMA FARMACEUTICA:   CREME DERMATOLOGICO OU POMADA; APRESENTACAO:   BISNAGA 15 G; COMPONENTE:   .;";BISNAGA;2271;3012;5,0;13,4;67,0
1260 - SECRETARIA DE ESTADO DE EDUCACAO;Outros;18.034.025/0001-71;INDUMENTARIA INDUSTRIA E COMERCIO LTDA - ME;9054099;165;1;Serviço;Despesa orçamentária;1;4065;LOCACAO DE IMOVEL COMERCIAL -;1,00 MES;1261;3920;1,0;41510,14;41510,14
2010 - INST.DE PREVIDENCIA DOS SERVIDORES DO EST.M.GERAIS;Nota fiscal;15.800.545/0004-00;ABBVIE FARMACEUTICA LTDA.;176075;1;1;Consumo;Despesa orçamentária;1;1549561;"DEXAMETASONA -  PRINCIPIO ATIVO:   DEXAMETASONA; CONCENTRACAO/DOSAGEM:   0,7 MG; FORMA FARMACEUTICA:   BASTAO; APRESENTACAO:   CAIXA; COMPONENTE:   APLICADOR;";CAIXA;2011;3012;1,0;2748,22;2748,22
1450 - SECRETARIA DE ESTADO DE JUSTICA E SEGURANCA PUBLIC;Nota fiscal;11.319.926/0001-60;KSM MANUTENCAO DE MAQUINAS E EQUIPAMENTOS LTDA -ME;134;ABD;1;Serviço;Despesa orçamentária;1;21580;MANUTENCAO E REPARO EM EQUIPAMENTOS DE LAVANDERIA;1,00 UNIDADE;1451;3921;1,0;7000,0;7000,0
2300 - DEPARTAMENTO DE ESTRADAS DE RODAGEM;Nota fiscal;01.466.431/0001-00;GCT - GERENCIAMENTO E CONTROLE DE TRANSITO S/A;20261787;;1;Serviço;Despesa orçamentária;1;66419;SERVICO DE VIGILANCIA ELETRONICA DE TRANSITO E TRAFEGO E    TRATAMENTO DAS IMAGENS;1,00 UNIDADE;4381;3971;1,0;23259,81;23259,81
2270 - FUNDACAO HOSPITALAR DO ESTADO DE MINAS GERAIS;Nota fiscal;12.927.876/0001-67;SOMA/MG PRODUTOS HOSPITALARES LTDA;385977;;1;Consumo;Despesa orçamentária;1;1490532;"METFORMINA -  PRINCIPIO ATIVO:   METFORMINA, CLORIDRATO; CONCENTRACAO/DOSAGEM:   850 MG; FORMA FARMACEUTICA:   COMPRIMIDO; APRESENTACAO:   .; COMPONENTE:   .;";1,00 UNIDADE;2271;3012;200,0;0,098;19,6
1450 - SECRETARIA DE ESTADO DE JUSTICA E SEGURANCA PUBLIC;Nota fiscal;08.624.977/0001-91;TERRAVIVA AMBIENTAL LTDA;5497;1;1;Serviço;Despesa orçamentária;1;30074;SERVICOS DE COLETA, TRANSPORTE, SELECAO, TRATAMENTO  E DESTINACAO DE RESIDUO LIXO HOSPITALAR E IML;1,00 UNIDADE;1451;3959;1,0;343,32;343,32
2270 - FUNDACAO HOSPITALAR DO ESTADO DE MINAS GERAIS;Nota fiscal;20.858.411/0001-20;AMGS COMERCIO E REPRESENTACOES LTDA;645405;2;1;Consumo;Despesa orçamentária;1;587389;"PARAFUSO DE FIXACAO USO MEDICO CIRURGICO -  IDENTIFICACAO:   CORTICAL; MATERIA-PRIMA:   ACO INOXIDAVEL; TAMANHO:   2,7MM;";1,00 UNIDADE;2271;3010;1,0;28,33;28,33
2270 - FUNDACAO HOSPITALAR DO ESTADO DE MINAS GERAIS;Nota fiscal;20.858.411/0001-20;AMGS COMERCIO E REPRESENTACOES LTDA;645405;2;1;Consumo;Despesa orçamentária;2;1239660;"PARAFUSO DE FIXACAO USO MEDICO CIRURGICO -  IDENTIFICACAO:   PARAFUSO DE BLOQUEIO, AUTOROSQUEANTE; MATERIA-PRIMA:   ACO INOXIDAVEL ANTIMAGNETICO; TAMANHO:   14MM A 60MM;";1,00 UNIDADE;2271;3010;7,0;105,75;740,25
2270 - FUNDACAO HOSPITALAR DO ESTADO DE MINAS GERAIS;Nota fiscal;20.858.411/0001-20;AMGS COMERCIO E REPRESENTACOES LTDA;645405;2;1;Consumo;Despesa orçamentária;3;1384899;"PLACA DE FIXACAO USO MEDICO CIRURGICO -  IDENTIFICACAO:   TIPO VOLAR, PARA RADIO DISTAL; MATERIA-PRIMA:   ACO INOXIDAVEL;";1,00 UNIDADE;2271;3010;1,0;1378,63;1378,63
2330 - INSTITUTO DE METROLOGIA E QUALIDADE DE MG;Nota fiscal;06.981.180/0001-16;CEMIG DISTRIBUICAO S.A.;413897335;;1;Serviço;Despesa orçamentária;1;108472;FORNECIMENTO DE ENERGIA ELETRICA EM BAIXA TENSAO ;1,00 UNIDADE;2331;3969;1,0;197,47;197,47
1300 - SECRET. DE ESTADO DE INFRAESTRUTURA E MOBILIDADE;Outros;28.065.090/0002-07;SALES CONSTRUCOES E EMPREENDIMENTOS LTDA;58;;1;Serviço;Despesa orçamentária;1;1856;SERVICOS DE GALERIAS E DRENAGEM;1,00 UNIDADE;1301;5107;1,0;179333,37;179333,37
1190 - SECRETARIA DE ESTADO DE FAZENDA DE MINAS GERAIS;Outros;42.422.253/0001-01;EMPRESA DE TECNOLOGIA E INFORMACOES DA PREVIDENCIA S.A. - DATAPREV;31973;;1;Serviço;Despesa orçamentária;1;104434;SERVICO DE DISTRIBUICAO DE CADASTRO COM TECNOLOGIA BLOCKCHAIN B- CNPJ;1,00 UNIDADE;1191;4002;1,0;975,58;975,58
2270 - FUNDACAO HOSPITALAR DO ESTADO DE MINAS GERAIS;Nota fiscal;01.571.702/0001-98;HALEX ISTAR INDUSTRIA FARMACEUTICA SA;469738;;1;Consumo;Despesa orçamentária;1;1490990;"SOLUCAO DE RINGER -  COMPOSICAO:   COM LACTATO; FORMA FARMACEUTICA:   SOLUCAO INJETAVEL INTRAVENOSA; APRESENTACAO:   BOLSA OU FRASCO SISTEMA FECHADO 500ML; COMPONENTE:   .;";1,00 UNIDADE;2271;3012;150,0;4,37;655,5
2100 - INSTITUTO ESTADUAL DE FLORESTAS-IEF;Outros;33.224.254/0001-42;MGS MINAS GERAIS ADMINISTRACAO E SERVICOS S/A;705422;1;1;Serviço;Despesa orçamentária;1;66311;VALE-ALIMENTACAO - MGS;1,00 UNIDADE;2101;3705;1,0;2615,14;2615,14
1260 - SECRETARIA DE ESTADO DE EDUCACAO;Nota fiscal;33.224.254/0001-42;MGS MINAS GERAIS ADMINISTRACAO E SERVICOS S/A;32041;NF;1;Serviço;Despesa orçamentária;1;106399;ANALISTA  ESPECIALIZADO  EM INFRAESTRUTURA - 30H, 36H, 40H  OU 44H;CARGA HORARIA 40,00 HORAS POR SEMANA;1261;3704;1,4606;24292,3935;35481,47
1260 - SECRETARIA DE ESTADO DE EDUCACAO;Nota fiscal;33.224.254/0001-42;MGS MINAS GERAIS ADMINISTRACAO E SERVICOS S/A;32041;NF;1;Serviço;Despesa orçamentária;2;63363;MOTORISTA DE VEICULO DE SERVICO - 44H;CARGA HORARIA 44,00 HORAS POR SEMANA;1261;3704;2,0;6518,19;13036,38
1260 - SECRETARIA DE ESTADO DE EDUCACAO;Nota fiscal;33.224.254/0001-42;MGS MINAS GERAIS ADMINISTRACAO E SERVICOS S/A;32041;NF;1;Serviço;Despesa orçamentária;3;63525;PORTEIRO - 30H, 40H OU 44H;CARGA HORARIA 40,00 HORAS POR SEMANA;1261;3704;0,9667;5221,5785;5047,7
1260 - SECRETARIA DE ESTADO DE EDUCACAO;Nota fiscal;33.224.254/0001-42;MGS MINAS GERAIS ADMINISTRACAO E SERVICOS S/A;32041;NF;1;Serviço;Despesa orçamentária;4;63584;RECEPCIONISTA - 30H, 36H, 40H OU 44H;CARGA HORARIA 40,00 HORAS POR SEMANA;1261;3704;0,6334;7072,5292;4479,74
1260 - SECRETARIA DE ESTADO DE EDUCACAO;Nota fiscal;33.224.254/0001-42;MGS MINAS GERAIS ADMINISTRACAO E SERVICOS S/A;32041;NF;1;Serviço;Despesa orçamentária;5;63339;SUPORTE ADMINISTRATIVO - 30H, 36H, 40H OU 44H;CARGA HORARIA 40,00 HORAS POR SEMANA;1261;3704;3,8884;6432,4426;25011,91
2100 - INSTITUTO ESTADUAL DE FLORESTAS-IEF;Outros;33.224.254/0001-42;MGS MINAS GERAIS ADMINISTRACAO E SERVICOS S/A;705423;1;1;Serviço;Despesa orçamentária;1;155250;CARTAO CESTA BASICA - MGS;1,00 UNIDADE;2101;3705;1,0;1000,0;1000,0
2270 - FUNDACAO HOSPITALAR DO ESTADO DE MINAS GERAIS;Nota fiscal;09.944.371/0003-68;SULMEDIC COMERCIO DE MEDICAMENTOS LTDA;88414;3;1;Consumo;Despesa orçamentária;1;1547410;"LOSARTANA POTASSICA -  PRINCIPIO ATIVO:   LOSARTANA POSTASSICA; CONCENTRACAO/DOSAGEM:   25 MG; FORMA FARMACEUTICA:   COMPRIMIDO REVESTIDO; APRESENTACAO:   .; COMPONENTE:   .;";1,00 UNIDADE;2271;3012;1200,0;0,1546;185,63
1260 - SECRETARIA DE ESTADO DE EDUCACAO;Outros;***.175.226-**;MAURO SIQUEIRA DE ARANTES;9179788;149;1;Serviço;Despesa orçamentária;1;4065;LOCACAO DE IMOVEL COMERCIAL -;1,00 MES;1261;3611;1,0;5006,46;5006,46
2270 - FUNDACAO HOSPITALAR DO ESTADO DE MINAS GERAIS;Nota fiscal;20.858.411/0001-20;AMGS COMERCIO E REPRESENTACOES LTDA;645412;2;1;Consumo;Despesa orçamentária;1;1239660;"PARAFUSO DE FIXACAO USO MEDICO CIRURGICO -  IDENTIFICACAO:   PARAFUSO DE BLOQUEIO, AUTOROSQUEANTE; MATERIA-PRIMA:   ACO INOXIDAVEL ANTIMAGNETICO; TAMANHO:   14MM A 60MM;";1,00 UNIDADE;2271;3010;7,0;105,75;740,25
2270 - FUNDACAO HOSPITALAR DO ESTADO DE MINAS GERAIS;Nota fiscal;20.858.411/0001-20;AMGS COMERCIO E REPRESENTACOES LTDA;645412;2;1;Consumo;Despesa orçamentária;2;1384899;"PLACA DE FIXACAO USO MEDICO CIRURGICO -  IDENTIFICACAO:   TIPO VOLAR, PARA RADIO DISTAL; MATERIA-PRIMA:   ACO INOXIDAVEL;";1,00 UNIDADE;2271;3010;1,0;1378,63;1378,63
2010 - INST.DE PREVIDENCIA DOS SERVIDORES DO EST.M.GERAIS;Nota fiscal;12.889.035/0002-93;INOVAMED HOSPITALAR LTDA;79376;1;1;Consumo;Despesa orçamentária;1;1512560;"MIDAZOLAM -  PRINCIPIO ATIVO:   MIDAZOLAM; CONCENTRACAO/DOSAGEM:   5 MG/ML; FORMA FARMACEUTICA:   SOLUCAO INJETAVEL; APRESENTACAO:   AMPOLA 3 ML; COMPONENTE:   .;";AMPOLA;2011;3012;900,0;1,515;1363,5
2320 - FUNDACAO CENTRO DE HEMATOLOGIA E HEMOTERAPIA DE MG;Outros;49.601.107/0001-84;FRESENIUS HEMOCARE BRASIL LTDA.;5502706191;;1;Serviço;Despesa orçamentária;1;102911;SERVICO DE LOCACAO, MANUTENCAO PREVENTIVA, CORRETIVA E A CALIBRACAO DE EQUIPAMENTOS DE HEMOTERAPIA;1,00 UNIDADE;2321;3921;1,0;226627,03;226627,03
2320 - FUNDACAO CENTRO DE HEMATOLOGIA E HEMOTERAPIA DE MG;Outros;49.601.107/0001-84;FRESENIUS HEMOCARE BRASIL LTDA.;5502706191;;1;Serviço;Despesa orçamentária;2;102911;SERVICO DE LOCACAO, MANUTENCAO PREVENTIVA, CORRETIVA E A CALIBRACAO DE EQUIPAMENTOS DE HEMOTERAPIA;1,00 UNIDADE;2321;3921;1,0;33150,0;33150,0
2010 - INST.DE PREVIDENCIA DOS SERVIDORES DO EST.M.GERAIS;Nota fiscal;18.917.657/0001-83;MEDH DISTRIBUIDORA DE MEDICAMENTOS LTDA;67048;1;1;Consumo;Despesa orçamentária;1;1518275;"BACLOFENO -  PRINCIPIO ATIVO:   BACLOFENO; CONCENTRACAO/DOSAGEM:   10 MG; FORMA FARMACEUTICA:   COMPRIMIDO; APRESENTACAO:   .; COMPONENTE:   .;";1,00 UNIDADE;2011;3012;700,0;0,105;73,5
1090 - PROCURADORIA GERAL DE JUSTICA;Nota fiscal;24.533.608/0001-40;ALPHAVILLE PRODUTOS E SERVICOS LTDA;1058;1;1;Consumo;Despesa orçamentária;1;1370928;"CAFE -  APRESENTACAO:   TORRADO E MOIDO; IDENTIFICACAO (1):   100% DA ESPECIE ARABICA; IDENTIFICACAO (2):   ORIGEM UNICA OU BLENDADOS; PERFIL SABOR:   BEBIDA MOLE OU DURA; AROMA:   SUAVE OU INTENSO; CORPO:   ENCORPADO; SABOR:   SUAVE OU INTENSO; IDENTIFICACAO (3):   PADRAO DE QUALIDADE GLOBAL ENTRE 7,3 E 10 PONTOS; MOAGEM:   MEDIA A FINA; TORRA:   MAXIMA ATE O PONTO ACHOCOLATADO, SISTEMA AGTRON;";PACOTE 500,00 GRAMA;1091;3008;7300,0;27,31;199363,0
1450 - SECRETARIA DE ESTADO DE JUSTICA E SEGURANCA PUBLIC;Nota fiscal;07.547.143/0001-67;ARTE EVENTOS LIMITADA;71;;1;Serviço;Despesa orçamentária;1;22446;SERVICOS DE ORGANIZACAO,EXECUCAO DE EVENTOS E ATIVIDADES CORRELATAS OU INERENTES;1,00 UNIDADE;4691;3953;1,0;305478,2;305478,2
2300 - DEPARTAMENTO DE ESTRADAS DE RODAGEM;Nota fiscal;01.466.431/0001-00;GCT - GERENCIAMENTO E CONTROLE DE TRANSITO S/A;20261788;;1;Serviço;Despesa orçamentária;1;66419;SERVICO DE VIGILANCIA ELETRONICA DE TRANSITO E TRAFEGO E    TRATAMENTO DAS IMAGENS;1,00 UNIDADE;4381;3971;1,0;3086,45;3086,45
1250 - POLICIA MILITAR DE MINAS GERAIS;Nota fiscal;16.673.998/0001-25;SUPERINTENDENCIA DE LIMPEZA URBANA;568325;;1;Serviço;Despesa orçamentária;1;4685;SERVICOS DE LIMPEZA URBANA, COLETA E TRANSPORTE DE LIXO;1,00 MES;1251;3959;1,0;2984,12;2984,12
2310 - UNIVERSIDADE ESTADUAL DE MONTES CLAROS;Nota fiscal;25.214.560/0001-70;CENTRO DE DIAGNOSTICO E IMAGENS SAO MIGUEL LTDA - EPP;202600000009410;;1;Serviço;Despesa orçamentária;1;84646;EXAME DE TOMOGRAFIA COMPUTADORIZADA,EM VARIAS PARTES DO CORPO, COM SEDACAO. INCLUI FILMES REVELADOS E LAUDOS MEDICOS.;1,00 UNIDADE;2311;3999;1,0;10920,0;10920,0
2270 - FUNDACAO HOSPITALAR DO ESTADO DE MINAS GERAIS;Nota fiscal;04.522.343/0001-77;FARMACIA DE MANIPULACAO IDEAL FORMULAS LTDA;8637;;1;Consumo;Despesa orçamentária;1;1511688;"FORMULA OU ASSOCIACAO MANIPULADA -  PRINCIPIO ATIVO:   BISSULFITO DE SODIO; CONCENTRACAO/DOSAGEM:   50 MG/ML; FORMA FARMACEUTICA:   SOLUCAO TOPICA; APRESENTACAO:   FRASCO 100 ML; COMPONENTE:   .;";FRASCO;2271;3012;2,0;32,9;65,8
1260 - SECRETARIA DE ESTADO DE EDUCACAO;Nota fiscal;51.274.708/0001-71;BFC OBRAS E SOLUCOES INTEGRADAS LTDA;60;B;1;Serviço;Despesa orçamentária;1;1155;ADAPTACOES E REFORMAS;1,00 UNIDADE;1261;5103;1,0;92802,49;92802,49
1320 - SECRETARIA DE ESTADO DA SAUDE;Nota fiscal;21.681.325/0001-57;MULTIFARMA COMERCIO E REPRESENTACOES LTDA.;299285;1;1;Consumo;Despesa orçamentária;1;1517180;"MESALAZINA -  PRINCIPIO ATIVO:   MESALAZINA; CONCENTRACAO/DOSAGEM:   800 MG; FORMA FARMACEUTICA:   COMPRIMIDO REVESTIDO; APRESENTACAO:   .; COMPONENTE:   .;";1,00 UNIDADE;4291;3012;3420,0;0,66;2257,2
2010 - INST.DE PREVIDENCIA DOS SERVIDORES DO EST.M.GERAIS;Nota fiscal;42.799.163/0001-26;BH FARMA COMERCIO LTDA;169244;1;1;Consumo;Despesa orçamentária;1;1487809;"HIDRALAZINA -  PRINCIPIO ATIVO:   HIDRALAZINA, CLORIDRATO; CONCENTRACAO/DOSAGEM:   25 MG; FORMA FARMACEUTICA:   DRAGEA; APRESENTACAO:   .; COMPONENTE:   .;";1,00 UNIDADE;2011;3012;4800,0;0,313;1502,4
2270 - FUNDACAO HOSPITALAR DO ESTADO DE MINAS GERAIS;Outros;33.224.254/0001-42;MGS MINAS GERAIS ADMINISTRACAO E SERVICOS S/A;705658;;1;Serviço;Despesa orçamentária;1;66311;VALE-ALIMENTACAO - MGS;1,00 UNIDADE;2271;3705;1,0;54120,99;54120,99
1510 - POLICIA CIVIL DO ESTADO DE MINAS GERAIS;Nota fiscal;07.418.547/0003-12;HBR AVIACAO S.A.;2026577;;1;Serviço;Despesa orçamentária;1;4022;SERVICOS DE MANUTENCAO, REPAROS, ADAPTACAO E CONSERVACAO DE AERONAVES;1,00 UNIDADE;1511;3935;1,0;15962,0;15962,0
2270 - FUNDACAO HOSPITALAR DO ESTADO DE MINAS GERAIS;Nota fiscal;04.522.343/0001-77;FARMACIA DE MANIPULACAO IDEAL FORMULAS LTDA;8636;;1;Consumo;Despesa orçamentária;1;1511688;"FORMULA OU ASSOCIACAO MANIPULADA -  PRINCIPIO ATIVO:   BISSULFITO DE SODIO; CONCENTRACAO/DOSAGEM:   50 MG/ML; FORMA FARMACEUTICA:   SOLUCAO TOPICA; APRESENTACAO:   FRASCO 100 ML; COMPONENTE:   .;";FRASCO;2271;3012;2,0;32,9;65,8
2010 - INST.DE PREVIDENCIA DOS SERVIDORES DO EST.M.GERAIS;Nota fiscal;44.734.671/0022-86;CRISTALIA PRODUTOS QUIMICOS FARMACEUTICOS LTDA;1088930;10;1;Consumo;Despesa orçamentária;1;1517309;"ESMOLOL -  PRINCIPIO ATIVO:   ESMOLOL, CLORIDRATO; CONCENTRACAO/DOSAGEM:   250 MG/ML; FORMA FARMACEUTICA:   SOLUCAO INJETAVEL; APRESENTACAO:   AMPOLA 10 ML; COMPONENTE:   .;";AMPOLA;2011;3012;20,0;426,81;8536,2
1190 - SECRETARIA DE ESTADO DE FAZENDA DE MINAS GERAIS;Nota fiscal;06.041.386/0001-66;ICT CONSULTORIA EM TECNOLOGIA LTDA;87;;1;Serviço;Despesa orçamentária;1;113557;SERVICO DE MANUTENCAO E SUPORTE TECNICO AO SISTEMA DE SEGURANCA DESCENTRALIZADA - FSEG ;1,00 UNIDADE;1191;4002;1,0;17981,88;17981,88
2270 - FUNDACAO HOSPITALAR DO ESTADO DE MINAS GERAIS;Nota fiscal;09.524.545/0001-71;WF TECNOLOGIA CIENTIFICA LTDA;4940;;1;Serviço;Despesa orçamentária;1;117056;APOIO A GESTAO DE PARQUE TECNOLOGICO E MANUTENCAO DOS EQUIPAMENTOS MEDICOS-HOSPITALARES, INCLUINDO FORNECIMENTO DE PECAS;1,00 UNIDADE;2271;3921;1,0;46,61;46,61
2370 - INSTITUTO MINEIRO DE AGROPECUARIA;Nota fiscal;33.224.254/0001-42;MGS MINAS GERAIS ADMINISTRACAO E SERVICOS S/A;32090;1;1;Serviço;Despesa orçamentária;1;106089;AUXILIAR DE LIMPEZA - 22H, 30H, 36H, 40H OU 44H;CARGA HORARIA 22,00 HORAS POR SEMANA;2371;3703;1,0;689,24;689,24
2370 - INSTITUTO MINEIRO DE AGROPECUARIA;Nota fiscal;33.224.254/0001-42;MGS MINAS GERAIS ADMINISTRACAO E SERVICOS S/A;32090;1;1;Serviço;Despesa orçamentária;2;64483;ADICIONAL INSALUBRIDADE 40%;1,00 UNIDADE;2371;3705;1,0;441,26;441,26
1190 - SECRETARIA DE ESTADO DE FAZENDA DE MINAS GERAIS;Nota fiscal;01.548.339/0001-90;SERTA SERVICOS TECNICOS E ADMINISTRATIVOS LTDA - EM RECUPERACAO JUDICIAL;7843;;1;Serviço;Despesa orçamentária;1;4561;SERVICOS DE CONSERVACAO E LIMPEZA PREDIAL;1,00 ANO;1191;3701;1,0;575,25;575,25
1320 - SECRETARIA DE ESTADO DA SAUDE;Outros;33.224.254/0001-42;MGS MINAS GERAIS ADMINISTRACAO E SERVICOS S/A;705547;1;1;Serviço;Despesa orçamentária;1;155250;CARTAO CESTA BASICA - MGS;1,00 UNIDADE;4291;3705;1,0;1600,0;1600,0
2350 - UNIVERSIDADE DO ESTADO DE MINAS GERAIS;Nota fiscal;33.224.254/0001-42;MGS MINAS GERAIS ADMINISTRACAO E SERVICOS S/A;202632023;;2;Serviço;Despesa orçamentária;1;66290;ACERTOS RETROATIVOS;1,00 UNIDADE;2351;3705;1,0;38,5;38,5
2300 - DEPARTAMENTO DE ESTRADAS DE RODAGEM;Nota fiscal;01.466.431/0001-00;GCT - GERENCIAMENTO E CONTROLE DE TRANSITO S/A;20261789;;1;Serviço;Despesa orçamentária;1;66419;SERVICO DE VIGILANCIA ELETRONICA DE TRANSITO E TRAFEGO E    TRATAMENTO DAS IMAGENS;1,00 UNIDADE;4381;3971;1,0;14477,72;14477,72
2010 - INST.DE PREVIDENCIA DOS SERVIDORES DO EST.M.GERAIS;Nota fiscal;33.224.254/0001-42;MGS MINAS GERAIS ADMINISTRACAO E SERVICOS S/A;30158;;1;Serviço;Despesa orçamentária;1;106089;AUXILIAR DE LIMPEZA - 22H, 30H, 36H, 40H OU 44H;CARGA HORARIA 22,00 HORAS POR SEMANA;2011;3703;0,8;2525,75;2020,6
2010 - INST.DE PREVIDENCIA DOS SERVIDORES DO EST.M.GERAIS;Nota fiscal;33.224.254/0001-42;MGS MINAS GERAIS ADMINISTRACAO E SERVICOS S/A;30158;;1;Serviço;Despesa orçamentária;2;64483;ADICIONAL INSALUBRIDADE 40%;1,00 UNIDADE;2011;3705;1,0;1149,9;1149,9
2010 - INST.DE PREVIDENCIA DOS SERVIDORES DO EST.M.GERAIS;Nota fiscal;33.224.254/0001-42;MGS MINAS GERAIS ADMINISTRACAO E SERVICOS S/A;30158;;1;Serviço;Despesa orçamentária;3;63339;SUPORTE ADMINISTRATIVO - 30H, 36H, 40H OU 44H;CARGA HORARIA 40,00 HORAS POR SEMANA;2011;3704;0,5;6395,86;3197,93
1190 - SECRETARIA DE ESTADO DE FAZENDA DE MINAS GERAIS;Nota fiscal;01.548.339/0001-90;SERTA SERVICOS TECNICOS E ADMINISTRATIVOS LTDA - EM RECUPERACAO JUDICIAL;7844;;1;Serviço;Despesa orçamentária;1;4561;SERVICOS DE CONSERVACAO E LIMPEZA PREDIAL;1,00 ANO;1191;3701;1,0;2042,05;2042,05
1260 - SECRETARIA DE ESTADO DE EDUCACAO;Nota fiscal;49.397.537/0001-26;IMPORT TECH COMERCIO IMPORTACAO E EXPORTACAO LTDA;1534;1;1;Consumo;Despesa extra orçamentária;1;1983520;"KIT DE MATERIAL ESCOLAR (DISTRIBUICAO GRATUITA) -  COMPONENTES:   1 MOCHILA ESCOLAR; COMPONENTES (2):   1 ESTOJO ESCOLAR;";UNIDADE;1261;3007;84,0;34,0;2856,0
2260 - FUNDACAO EZEQUIEL DIAS;Outros;08.273.364/0001-57;TICKET GESTAO EM MANUTENCAO EZC S.A;48699018;;1;Serviço;Despesa orçamentária;1;30252;SERVICO DE GESTAO E MANUTENCAO PREVENTIVA E CORRETIVA DA FROTA DE VEICULOS DO ESTADO;1,00 UNIDADE;2261;3943;1,0;1730,34;1730,34
1320 - SECRETARIA DE ESTADO DA SAUDE;Nota fiscal;07.432.517/0001-07;SIMPRESS COMERCIO LOCACAO E SERVICOS LTDA;454589;;1;Serviço;Despesa orçamentária;1;97292;LOCACAO DE IMPRESSORA MULTIFUNCIOAL MONOCROMATICA 38 PPM (OUTSOURCING ), PAPEL NAO INCLUSO;1,00 UNIDADE;4291;3919;5,0;118,07;590,35
1320 - SECRETARIA DE ESTADO DA SAUDE;Nota fiscal;07.432.517/0001-07;SIMPRESS COMERCIO LOCACAO E SERVICOS LTDA;454589;;1;Serviço;Despesa orçamentária;2;127680;LOCACAO DE IMPRESSORA COLORIDA 22 PPM (OUTSOURCING), PAPEL NAO INCLUSO;1,00 UNIDADE;4291;3919;1,0;153,0;153,0
2270 - FUNDACAO HOSPITALAR DO ESTADO DE MINAS GERAIS;Nota fiscal;18.269.125/0001-87;BIOHOSP PRODUTOS HOSPITALARES SA;791092;1;1;Consumo;Despesa orçamentária;1;1665910;"CURATIVO -  MEDIDA:   FRASCO DE 20 A 30 ML; APRESENTACAO:   SOLUCAO EM SPRAY, ESTERIL, POLIMERO DE ACRILATO;";1,00 UNIDADE;2271;3010;5250,0;35,25;185062,5
1320 - SECRETARIA DE ESTADO DA SAUDE;Nota fiscal;00.874.929/0001-40;MED CENTER COMERCIAL LTDA;724017;1;1;Consumo;Despesa orçamentária;1;1549570;"ALOGLIPTINA -  PRINCIPIO ATIVO:   ALOGLIPTINA, BENZOATO; CONCENTRACAO/DOSAGEM:   25 MG; FORMA FARMACEUTICA:   COMPRIMIDO REVESTIDO; APRESENTACAO:   .; COMPONENTE:   .;";1,00 UNIDADE;4291;3012;2940,0;3,1628;9298,64
2300 - DEPARTAMENTO DE ESTRADAS DE RODAGEM;Nota fiscal;01.466.431/0001-00;GCT - GERENCIAMENTO E CONTROLE DE TRANSITO S/A;20261790;;1;Serviço;Despesa orçamentária;1;66419;SERVICO DE VIGILANCIA ELETRONICA DE TRANSITO E TRAFEGO E    TRATAMENTO DAS IMAGENS;1,00 UNIDADE;4381;3971;1,0;3086,45;3086,45
1450 - SECRETARIA DE ESTADO DE JUSTICA E SEGURANCA PUBLIC;Nota fiscal;11.319.926/0001-60;KSM MANUTENCAO DE MAQUINAS E EQUIPAMENTOS LTDA -ME;121;4;1;Serviço;Despesa orçamentária;1;21580;MANUTENCAO E REPARO EM EQUIPAMENTOS DE LAVANDERIA;1,00 UNIDADE;1451;3921;1,0;3500,0;3500,0
1260 - SECRETARIA DE ESTADO DE EDUCACAO;Nota fiscal;33.224.254/0001-42;MGS MINAS GERAIS ADMINISTRACAO E SERVICOS S/A;32172;1;1;Serviço;Despesa orçamentária;1;105651;PORTEIRO (COM SUBSTITUICA) - 30H, 36H, 40H OU 44H;CARGA HORARIA 40,00 HORAS POR SEMANA;1261;3704;1,0;5243,23;5243,23
1260 - SECRETARIA DE ESTADO DE EDUCACAO;Nota fiscal;33.224.254/0001-42;MGS MINAS GERAIS ADMINISTRACAO E SERVICOS S/A;32172;1;1;Serviço;Despesa orçamentária;2;63339;SUPORTE ADMINISTRATIVO - 30H, 36H, 40H OU 44H;CARGA HORARIA 40,00 HORAS POR SEMANA;1261;3704;2,7334;6395,7013;17482,01
1260 - SECRETARIA DE ESTADO DE EDUCACAO;Nota fiscal;33.224.254/0001-42;MGS MINAS GERAIS ADMINISTRACAO E SERVICOS S/A;32172;1;1;Serviço;Despesa orçamentária;3;106399;ANALISTA  ESPECIALIZADO  EM INFRAESTRUTURA - 30H, 36H, 40H  OU 44H;CARGA HORARIA 40,00 HORAS POR SEMANA;1261;3704;2,0;27137,94;54275,88
1260 - SECRETARIA DE ESTADO DE EDUCACAO;Nota fiscal;33.224.254/0001-42;MGS MINAS GERAIS ADMINISTRACAO E SERVICOS S/A;32172;1;1;Serviço;Despesa orçamentária;4;63363;MOTORISTA DE VEICULO DE SERVICO - 44H;CARGA HORARIA 44,00 HORAS POR SEMANA;1261;3704;1,6;6481,05;10369,68
1260 - SECRETARIA DE ESTADO DE EDUCACAO;Nota fiscal;33.224.254/0001-42;MGS MINAS GERAIS ADMINISTRACAO E SERVICOS S/A;32172;1;1;Serviço;Despesa orçamentária;5;63584;RECEPCIONISTA - 30H, 36H, 40H OU 44H;CARGA HORARIA 40,00 HORAS POR SEMANA;1261;3704;1,0;7032,97;7032,97
2370 - INSTITUTO MINEIRO DE AGROPECUARIA;Outros;33.224.254/0001-42;MGS MINAS GERAIS ADMINISTRACAO E SERVICOS S/A;705561;;1;Serviço;Despesa orçamentária;1;66311;VALE-ALIMENTACAO - MGS;1,00 UNIDADE;2371;3705;1,0;124,33;124,33
2330 - INSTITUTO DE METROLOGIA E QUALIDADE DE MG;Nota fiscal;06.981.180/0001-16;CEMIG DISTRIBUICAO S.A.;409407566;;1;Serviço;Despesa orçamentária;1;108472;FORNECIMENTO DE ENERGIA ELETRICA EM BAIXA TENSAO ;1,00 UNIDADE;2331;3969;1,0;49,55;49,55
2270 - FUNDACAO HOSPITALAR DO ESTADO DE MINAS GERAIS;Nota fiscal;20.858.411/0001-20;AMGS COMERCIO E REPRESENTACOES LTDA;645425;2;1;Consumo;Despesa orçamentária;1;587389;"PARAFUSO DE FIXACAO USO MEDICO CIRURGICO -  IDENTIFICACAO:   CORTICAL; MATERIA-PRIMA:   ACO INOXIDAVEL; TAMANHO:   2,7MM;";1,00 UNIDADE;2271;3010;1,0;28,33;28,33
2270 - FUNDACAO HOSPITALAR DO ESTADO DE MINAS GERAIS;Nota fiscal;20.858.411/0001-20;AMGS COMERCIO E REPRESENTACOES LTDA;645425;2;1;Consumo;Despesa orçamentária;2;1239660;"PARAFUSO DE FIXACAO USO MEDICO CIRURGICO -  IDENTIFICACAO:   PARAFUSO DE BLOQUEIO, AUTOROSQUEANTE; MATERIA-PRIMA:   ACO INOXIDAVEL ANTIMAGNETICO; TAMANHO:   14MM A 60MM;";1,00 UNIDADE;2271;3010;9,0;105,75;951,75
2270 - FUNDACAO HOSPITALAR DO ESTADO DE MINAS GERAIS;Nota fiscal;20.858.411/0001-20;AMGS COMERCIO E REPRESENTACOES LTDA;645425;2;1;Consumo;Despesa orçamentária;3;1384899;"PLACA DE FIXACAO USO MEDICO CIRURGICO -  IDENTIFICACAO:   TIPO VOLAR, PARA RADIO DISTAL; MATERIA-PRIMA:   ACO INOXIDAVEL;";1,00 UNIDADE;2271;3010;1,0;1378,63;1378,63
1260 - SECRETARIA DE ESTADO DE EDUCACAO;Outros;***.315.646-**;WANTUIR LUIZ BOMFIM;9519593;1;1;Serviço;Despesa orçamentária;1;4065;LOCACAO DE IMOVEL COMERCIAL -;1,00 MES;1261;3611;1,0;12580,64;12580,64
1510 - POLICIA CIVIL DO ESTADO DE MINAS GERAIS;Nota fiscal;07.418.547/0003-12;HBR AVIACAO S.A.;2026578;;1;Serviço;Despesa orçamentária;1;4022;SERVICOS DE MANUTENCAO, REPAROS, ADAPTACAO E CONSERVACAO DE AERONAVES;1,00 UNIDADE;1511;3935;1,0;14604,0;14604,0
2270 - FUNDACAO HOSPITALAR DO ESTADO DE MINAS GERAIS;Nota fiscal;04.522.343/0001-77;FARMACIA DE MANIPULACAO IDEAL FORMULAS LTDA;8640;;1;Consumo;Despesa orçamentária;1;1511688;"FORMULA OU ASSOCIACAO MANIPULADA -  PRINCIPIO ATIVO:   BISSULFITO DE SODIO; CONCENTRACAO/DOSAGEM:   50 MG/ML; FORMA FARMACEUTICA:   SOLUCAO TOPICA; APRESENTACAO:   FRASCO 100 ML; COMPONENTE:   .;";FRASCO;2271;3012;2,0;32,9;65,8
2350 - UNIVERSIDADE DO ESTADO DE MINAS GERAIS;Nota fiscal;06.030.279/0001-32;PRO AMBIENTAL TECNOLOGIA LTDA;650216;;1;Serviço;Despesa orçamentária;1;76538;COLETA,TRANSPORTE,TRATAMENTO E DESTINACAO FINAL DE RESIDUOS CLASSE A,B,E;1,00 UNIDADE;2351;3959;1,0;466,5;466,5
1320 - SECRETARIA DE ESTADO DA SAUDE;Outros;33.224.254/0001-42;MGS MINAS GERAIS ADMINISTRACAO E SERVICOS S/A;705548;1;1;Serviço;Despesa orçamentária;1;66311;VALE-ALIMENTACAO - MGS;1,00 UNIDADE;4291;3705;1,0;4266,06;4266,06
2270 - FUNDACAO HOSPITALAR DO ESTADO DE MINAS GERAIS;Nota fiscal;33.224.254/0001-42;MGS MINAS GERAIS ADMINISTRACAO E SERVICOS S/A;32096;1;1;Serviço;Despesa orçamentária;1;64459;DIARIA DE VIAGEM;1,00 UNIDADE;2271;3705;1,0;6491,88;6491,88
2300 - DEPARTAMENTO DE ESTRADAS DE RODAGEM;Nota fiscal;01.466.431/0001-00;GCT - GERENCIAMENTO E CONTROLE DE TRANSITO S/A;20261791;;1;Serviço;Despesa orçamentária;1;66419;SERVICO DE VIGILANCIA ELETRONICA DE TRANSITO E TRAFEGO E    TRATAMENTO DAS IMAGENS;1,00 UNIDADE;4381;3971;1,0;10565,46;10565,46
2270 - FUNDACAO HOSPITALAR DO ESTADO DE MINAS GERAIS;Nota fiscal;44.734.671/0022-86;CRISTALIA PRODUTOS QUIMICOS FARMACEUTICOS LTDA;1087588;;1;Consumo;Despesa orçamentária;1;1489828;"CLORPROMAZINA -  PRINCIPIO ATIVO:   CLORPROMAZINA, CLORIDRATO; CONCENTRACAO/DOSAGEM:   25 MG; FORMA FARMACEUTICA:   COMPRIMIDO; APRESENTACAO:   .; COMPONENTE:   .;";1,00 UNIDADE;2271;3012;200,0;0,239;47,8
1260 - SECRETARIA DE ESTADO DE EDUCACAO;Outros;***.345.517-**;CLAUDIA MARIA MESQUITA PELOSO;9519593;1;1;Serviço;Despesa orçamentária;1;4065;LOCACAO DE IMOVEL COMERCIAL -;1,00 MES;1261;3611;1,0;12580,64;12580,64
2270 - FUNDACAO HOSPITALAR DO ESTADO DE MINAS GERAIS;Nota fiscal;20.858.411/0001-20;AMGS COMERCIO E REPRESENTACOES LTDA;645435;2;1;Consumo;Despesa orçamentária;1;587389;"PARAFUSO DE FIXACAO USO MEDICO CIRURGICO -  IDENTIFICACAO:   CORTICAL; MATERIA-PRIMA:   ACO INOXIDAVEL; TAMANHO:   2,7MM;";1,00 UNIDADE;2271;3010;1,0;28,33;28,33
2270 - FUNDACAO HOSPITALAR DO ESTADO DE MINAS GERAIS;Nota fiscal;20.858.411/0001-20;AMGS COMERCIO E REPRESENTACOES LTDA;645435;2;1;Consumo;Despesa orçamentária;2;1239660;"PARAFUSO DE FIXACAO USO MEDICO CIRURGICO -  IDENTIFICACAO:   PARAFUSO DE BLOQUEIO, AUTOROSQUEANTE; MATERIA-PRIMA:   ACO INOXIDAVEL ANTIMAGNETICO; TAMANHO:   14MM A 60MM;";1,00 UNIDADE;2271;3010;6,0;105,75;634,5
2270 - FUNDACAO HOSPITALAR DO ESTADO DE MINAS GERAIS;Nota fiscal;20.858.411/0001-20;AMGS COMERCIO E REPRESENTACOES LTDA;645435;2;1;Consumo;Despesa orçamentária;3;1384899;"PLACA DE FIXACAO USO MEDICO CIRURGICO -  IDENTIFICACAO:   TIPO VOLAR, PARA RADIO DISTAL; MATERIA-PRIMA:   ACO INOXIDAVEL;";1,00 UNIDADE;2271;3010;1,0;1378,63;1378,63
1190 - SECRETARIA DE ESTADO DE FAZENDA DE MINAS GERAIS;Outros;***.476.336-**;ALCEBIADES BARBOSA DA FONSECA;92026;;1;Serviço;Despesa orçamentária;1;4065;LOCACAO DE IMOVEL COMERCIAL -;1,00 MES;1191;3611;1,0;22086,2;22086,2
1440 - DEFENSORIA PUBLICA DO ESTADO DE MINAS GERAIS;Nota fiscal;56.910.385/0001-89;56.910.385 BEATRIZ AGUIAR BOVENDORP VELOSO;7;;1;Serviço;Despesa extra orçamentária;1;6939;SERVICO DE MINISTRACAO DE CURSO DE CAPACITACAO DE PESSOAL NA AREA ADMINISTRATIVA.;HORA;1441;3948;1,0;7520,0;7520,0
2300 - DEPARTAMENTO DE ESTRADAS DE RODAGEM;Nota fiscal;17.281.106/0001-03;COMPANHIA DE SANEAMENTO DE MINAS GERAIS COPASA MG;126635411971;;1;Serviço;Despesa orçamentária;1;43540;FORNECIMENTO DE AGUA, COLETA E TRATAMENTO DE ESGOTO;UNIDADE;2301;3972;1,0;281,24;281,24
1510 - POLICIA CIVIL DO ESTADO DE MINAS GERAIS;Nota fiscal;07.418.547/0003-12;HBR AVIACAO S.A.;2026579;;1;Serviço;Despesa orçamentária;1;4022;SERVICOS DE MANUTENCAO, REPAROS, ADAPTACAO E CONSERVACAO DE AERONAVES;1,00 UNIDADE;1511;3935;1,0;1020,0;1020,0
2270 - FUNDACAO HOSPITALAR DO ESTADO DE MINAS GERAIS;Nota fiscal;21.595.464/0001-68;UNI HOSPITALAR CEARA LTDA;48285;;1;Consumo;Despesa orçamentária;1;1504070;"FULVESTRANTO -  PRINCIPIO ATIVO:   FULVESTRANTO; CONCENTRACAO/DOSAGEM:   250 MG; FORMA FARMACEUTICA:   SOLUCAO INJETAVEL; APRESENTACAO:   SERINGA PREENCHIDA 5 ML; COMPONENTE:   02 AGULHAS;";SERINGA PREENCHIDA;2271;3012;10,0;165,98;1659,8
1320 - SECRETARIA DE ESTADO DA SAUDE;Nota fiscal;07.432.517/0001-07;SIMPRESS COMERCIO LOCACAO E SERVICOS LTDA;454590;;1;Serviço;Despesa orçamentária;1;89796;IMPRESSAO/COPIA MONOCROMATICA FORMATO A4 - (OUTSOURCING), PAPEL NAO INCLUSO;1,00 UNIDADE;4291;3919;8529,0;0,02;170,58
1320 - SECRETARIA DE ESTADO DA SAUDE;Nota fiscal;07.432.517/0001-07;SIMPRESS COMERCIO LOCACAO E SERVICOS LTDA;454590;;1;Serviço;Despesa orçamentária;2;89800;IMPRESSAO COLORIDA FORMATO A4 - (OUTSOURCING), PAPEL NAO INCLUSO;1,00 UNIDADE;4291;3919;33,0;0,14;4,62
1260 - SECRETARIA DE ESTADO DE EDUCACAO;Nota fiscal;49.397.537/0001-26;IMPORT TECH COMERCIO IMPORTACAO E EXPORTACAO LTDA;1461;1;1;Consumo;Despesa extra orçamentária;1;1983520;"KIT DE MATERIAL ESCOLAR (DISTRIBUICAO GRATUITA) -  COMPONENTES:   1 MOCHILA ESCOLAR; COMPONENTES (2):   1 ESTOJO ESCOLAR;";UNIDADE;1261;3007;271,0;34,0;9214,0
2300 - DEPARTAMENTO DE ESTRADAS DE RODAGEM;Nota fiscal;17.281.106/0001-03;COMPANHIA DE SANEAMENTO DE MINAS GERAIS COPASA MG;126635411962;;1;Serviço;Despesa orçamentária;1;43540;FORNECIMENTO DE AGUA, COLETA E TRATAMENTO DE ESGOTO;UNIDADE;2301;3972;1,0;62,08;62,08
1260 - SECRETARIA DE ESTADO DE EDUCACAO;Nota fiscal;04.067.367/0001-83;ARE ENGENHARIA LTDA;40;B;1;Serviço;Despesa orçamentária;1;1015;REPARO, RESTAURACAO E RECUPERACAO DE BENS IMOVEIS;1,00 UNIDADE;1261;5103;1,0;188627,2;188627,2
2270 - FUNDACAO HOSPITALAR DO ESTADO DE MINAS GERAIS;Nota fiscal;12.889.035/0002-93;INOVAMED HOSPITALAR LTDA;79156;;1;Consumo;Despesa orçamentária;1;1512560;"MIDAZOLAM -  PRINCIPIO ATIVO:   MIDAZOLAM; CONCENTRACAO/DOSAGEM:   5 MG/ML; FORMA FARMACEUTICA:   SOLUCAO INJETAVEL; APRESENTACAO:   AMPOLA 3 ML; COMPONENTE:   .;";AMPOLA;2271;3012;200,0;1,515;303,0
2270 - FUNDACAO HOSPITALAR DO ESTADO DE MINAS GERAIS;Nota fiscal;20.858.411/0001-20;AMGS COMERCIO E REPRESENTACOES LTDA;645436;2;1;Consumo;Despesa orçamentária;1;1239660;"PARAFUSO DE FIXACAO USO MEDICO CIRURGICO -  IDENTIFICACAO:   PARAFUSO DE BLOQUEIO, AUTOROSQUEANTE; MATERIA-PRIMA:   ACO INOXIDAVEL ANTIMAGNETICO; TAMANHO:   14MM A 60MM;";1,00 UNIDADE;2271;3010;6,0;105,75;634,5
2270 - FUNDACAO HOSPITALAR DO ESTADO DE MINAS GERAIS;Nota fiscal;20.858.411/0001-20;AMGS COMERCIO E REPRESENTACOES LTDA;645436;2;1;Consumo;Despesa orçamentária;2;1384899;"PLACA DE FIXACAO USO MEDICO CIRURGICO -  IDENTIFICACAO:   TIPO VOLAR, PARA RADIO DISTAL; MATERIA-PRIMA:   ACO INOXIDAVEL;";1,00 UNIDADE;2271;3010;1,0;1378,63;1378,63
1270 - SECRETARIA DE ESTADO DE CULTURA E TURISMO;Outros;33.224.254/0001-42;MGS MINAS GERAIS ADMINISTRACAO E SERVICOS S/A;705189;;1;Serviço;Despesa orçamentária;1;66311;VALE-ALIMENTACAO - MGS;1,00 UNIDADE;1271;3705;1,0;2455,98;2455,98
2350 - UNIVERSIDADE DO ESTADO DE MINAS GERAIS;Nota fiscal;06.030.279/0001-32;PRO AMBIENTAL TECNOLOGIA LTDA;650215;;1;Serviço;Despesa orçamentária;1;76538;COLETA,TRANSPORTE,TRATAMENTO E DESTINACAO FINAL DE RESIDUOS CLASSE A,B,E;1,00 UNIDADE;2351;3959;1,0;466,5;466,5
1450 - SECRETARIA DE ESTADO DE JUSTICA E SEGURANCA PUBLIC;Nota fiscal;08.624.977/0001-91;TERRAVIVA AMBIENTAL LTDA;8848;;1;Serviço;Despesa orçamentária;1;30074;SERVICOS DE COLETA, TRANSPORTE, SELECAO, TRATAMENTO  E DESTINACAO DE RESIDUO LIXO HOSPITALAR E IML;1,00 UNIDADE;1451;3959;1,0;419,52;419,52
1510 - POLICIA CIVIL DO ESTADO DE MINAS GERAIS;Nota fiscal;07.418.547/0003-12;HBR AVIACAO S.A.;2026580;;1;Serviço;Despesa orçamentária;1;4022;SERVICOS DE MANUTENCAO, REPAROS, ADAPTACAO E CONSERVACAO DE AERONAVES;1,00 UNIDADE;1511;3935;1,0;37173,6;37173,6
1260 - SECRETARIA DE ESTADO DE EDUCACAO;Nota fiscal;49.397.537/0001-26;IMPORT TECH COMERCIO IMPORTACAO E EXPORTACAO LTDA;1544;1;1;Consumo;Despesa extra orçamentária;1;1983520;"KIT DE MATERIAL ESCOLAR (DISTRIBUICAO GRATUITA) -  COMPONENTES:   1 MOCHILA ESCOLAR; COMPONENTES (2):   1 ESTOJO ESCOLAR;";UNIDADE;1261;3007;132,0;34,0;4488,0
1260 - SECRETARIA DE ESTADO DE EDUCACAO;Nota fiscal;49.397.537/0001-26;IMPORT TECH COMERCIO IMPORTACAO E EXPORTACAO LTDA;1462;1;1;Consumo;Despesa extra orçamentária;1;1983520;"KIT DE MATERIAL ESCOLAR (DISTRIBUICAO GRATUITA) -  COMPONENTES:   1 MOCHILA ESCOLAR; COMPONENTES (2):   1 ESTOJO ESCOLAR;";UNIDADE;1261;3007;37,0;34,0;1258,0
1270 - SECRETARIA DE ESTADO DE CULTURA E TURISMO;Outros;33.224.254/0001-42;MGS MINAS GERAIS ADMINISTRACAO E SERVICOS S/A;705195;;1;Serviço;Despesa orçamentária;1;66311;VALE-ALIMENTACAO - MGS;1,00 UNIDADE;1271;3705;1,0;3175,69;3175,69
2100 - INSTITUTO ESTADUAL DE FLORESTAS-IEF;Outros;07.432.517/0001-07;SIMPRESS COMERCIO LOCACAO E SERVICOS LTDA;194443;;1;Serviço;Despesa orçamentária;1;97306;LOCACAO DE IMPRESSORA MULTIFUNCIONAL COLORIDA 30 PPM /A3 (OUTSOURCING), PAPEL NAO INCLUSO;1,00 UNIDADE;2101;3919;1,0;403,42;403,42
1320 - SECRETARIA DE ESTADO DA SAUDE;Nota fiscal;02.913.444/0012-04;REDE SOL FUEL DISTRIBUIDORA S/A;114559;;2;Consumo;Despesa orçamentária;1;14559;"QUEROSENE -  UTILIDADE:   COMBUSTIVEL ESPECIAL PARA AVIACAO, QAV-1;";1,00 LITRO;4291;3033;10000,0;7,25;72500,0
1270 - SECRETARIA DE ESTADO DE CULTURA E TURISMO;Outros;33.224.254/0001-42;MGS MINAS GERAIS ADMINISTRACAO E SERVICOS S/A;705194;;1;Serviço;Despesa orçamentária;1;66311;VALE-ALIMENTACAO - MGS;1,00 UNIDADE;1271;3705;1,0;3484,84;3484,84
2270 - FUNDACAO HOSPITALAR DO ESTADO DE MINAS GERAIS;Nota fiscal;33.764.881/0001-76;EXCEL MED PRODUTOS HOSPITALARES LTDA;13903;;1;Consumo;Despesa orçamentária;1;737038;"CESTA RETIRADA ESPECIME VIDEOLAPAROSCOPIA -  MEDIDAS:   CAPACIDADE 200ML APROXIMADAMENTE; HASTE:   TAMANHO MEDIO; EMBALAGEM:   ESTERIL; TIPO:   DESCARTAVEL, CONFECCIONADA EM NYLON REFORCADO;";1,00 UNIDADE;2271;3010;5,0;150,0;750,0
1260 - SECRETARIA DE ESTADO DE EDUCACAO;Nota fiscal;49.397.537/0001-26;IMPORT TECH COMERCIO IMPORTACAO E EXPORTACAO LTDA;1463;1;1;Consumo;Despesa extra orçamentária;1;1983520;"KIT DE MATERIAL ESCOLAR (DISTRIBUICAO GRATUITA) -  COMPONENTES:   1 MOCHILA ESCOLAR; COMPONENTES (2):   1 ESTOJO ESCOLAR;";UNIDADE;1261;3007;309,0;34,0;10506,0
1320 - SECRETARIA DE ESTADO DA SAUDE;Nota fiscal;02.913.444/0012-04;REDE SOL FUEL DISTRIBUIDORA S/A;114873;;1;Consumo;Despesa orçamentária;1;14559;"QUEROSENE -  UTILIDADE:   COMBUSTIVEL ESPECIAL PARA AVIACAO, QAV-1;";1,00 LITRO;4291;3033;10000,0;7,25;72500,0
1250 - POLICIA MILITAR DE MINAS GERAIS;Outros;21.074.398/0001-80;CLOVISCAR LTDA - EPP;260;;1;Serviço;Despesa orçamentária;1;25615;MANUTENCAO E REPARO EM VEICULOS MEDIOS;HORA;1251;3918;5,0665;129,997;658,63
1260 - SECRETARIA DE ESTADO DE EDUCACAO;Outros;33.224.254/0001-42;MGS MINAS GERAIS ADMINISTRACAO E SERVICOS S/A;705509;;1;Serviço;Despesa orçamentária;1;66311;VALE-ALIMENTACAO - MGS;1,00 UNIDADE;1261;3705;1,0;4555,08;4555,08
2010 - INST.DE PREVIDENCIA DOS SERVIDORES DO EST.M.GERAIS;Nota fiscal;49.324.221/0016-90;FRESENIUS KABI BRASIL LTDA.;154816;;1;Consumo;Despesa orçamentária;1;1513516;"SOLUCAO PARA IRRIGACAO  -  COMPOSICAO:   SORBITOL + MANITOL; CONCENTRACAO/DOSAGEM:   27,0 G/L + 5,4 G/L; FORMA FARMACEUTICA:   SOLUCAO PARA IRRIGACAO; APRESENTACAO:   BOLSA OU FRASCO 1000 ML; COMPONENTE:   .;";1,00 UNIDADE;2011;3012;560,0;22,0;12320,0
1260 - SECRETARIA DE ESTADO DE EDUCACAO;Nota fiscal;49.397.537/0001-26;IMPORT TECH COMERCIO IMPORTACAO E EXPORTACAO LTDA;1465;1;1;Consumo;Despesa extra orçamentária;1;1983520;"KIT DE MATERIAL ESCOLAR (DISTRIBUICAO GRATUITA) -  COMPONENTES:   1 MOCHILA ESCOLAR; COMPONENTES (2):   1 ESTOJO ESCOLAR;";UNIDADE;1261;3007;147,0;34,0;4998,0
2300 - DEPARTAMENTO DE ESTRADAS DE RODAGEM;Nota fiscal;01.466.431/0001-00;GCT - GERENCIAMENTO E CONTROLE DE TRANSITO S/A;20261792;;1;Serviço;Despesa orçamentária;1;66419;SERVICO DE VIGILANCIA ELETRONICA DE TRANSITO E TRAFEGO E    TRATAMENTO DAS IMAGENS;1,00 UNIDADE;4381;3971;1,0;1913,83;1913,83
1260 - SECRETARIA DE ESTADO DE EDUCACAO;Nota fiscal;49.397.537/0001-26;IMPORT TECH COMERCIO IMPORTACAO E EXPORTACAO LTDA;1537;1;1;Consumo;Despesa extra orçamentária;1;1983520;"KIT DE MATERIAL ESCOLAR (DISTRIBUICAO GRATUITA) -  COMPONENTES:   1 MOCHILA ESCOLAR; COMPONENTES (2):   1 ESTOJO ESCOLAR;";UNIDADE;1261;3007;233,0;34,0;7922,0
1510 - POLICIA CIVIL DO ESTADO DE MINAS GERAIS;Nota fiscal;07.418.547/0003-12;HBR AVIACAO S.A.;2026581;;1;Serviço;Despesa orçamentária;1;4022;SERVICOS DE MANUTENCAO, REPAROS, ADAPTACAO E CONSERVACAO DE AERONAVES;1,00 UNIDADE;1511;3935;1,0;3000,0;3000,0
1270 - SECRETARIA DE ESTADO DE CULTURA E TURISMO;Outros;33.224.254/0001-42;MGS MINAS GERAIS ADMINISTRACAO E SERVICOS S/A;705190;;1;Serviço;Despesa orçamentária;1;66311;VALE-ALIMENTACAO - MGS;1,00 UNIDADE;1271;3705;1,0;2679,42;2679,42
1030 - TRIBUNAL DE JUSTICA DO ESTADO DE MINAS GERAIS;Nota fiscal;19.527.639/0001-58;ENERGISA MINAS RIO - DISTRIBUIDORA DE ENERGIA S.A.;7439312;JUL;2;Serviço;Despesa orçamentária;1;4880;FORNECIMENTO DE ENERGIA ELETRICA EM MEDIA TENSAO;1,00 UNIDADE;4031;3969;1,0;760,7;760,7
1260 - SECRETARIA DE ESTADO DE EDUCACAO;Nota fiscal;49.397.537/0001-26;IMPORT TECH COMERCIO IMPORTACAO E EXPORTACAO LTDA;1464;1;1;Consumo;Despesa extra orçamentária;1;1983520;"KIT DE MATERIAL ESCOLAR (DISTRIBUICAO GRATUITA) -  COMPONENTES:   1 MOCHILA ESCOLAR; COMPONENTES (2):   1 ESTOJO ESCOLAR;";UNIDADE;1261;3007;188,0;34,0;6392,0
2270 - FUNDACAO HOSPITALAR DO ESTADO DE MINAS GERAIS;Nota fiscal;58.950.775/0001-08;COTACAO COM REPRESENTACAO IMPORTACAO E EXPORTACAO LTDA;42959;;1;Consumo;Despesa orçamentária;1;1439049;"MASCARA FACIAL ANATOMICA -  TIPO:   ADULTO; NUMERO/TAMANHO:   5; MATERIA-PRIMA:   COXIM DE SILICONE MACIO E INFLAVEL;";1,00 UNIDADE;2271;3010;5,0;8,57;42,85
1260 - SECRETARIA DE ESTADO DE EDUCACAO;Outros;07.329.219/0001-88;ALFA IMOVEIS CONSTRUCOES LTDA;38;;2;Serviço;Despesa orçamentária;1;4065;LOCACAO DE IMOVEL COMERCIAL -;1,00 MES;1261;3920;1,0;40945,64;40945,64
1260 - SECRETARIA DE ESTADO DE EDUCACAO;Outros;61.797.748/0001-51;CONSORCIO E&P MINAS;60;;1;Serviço;Despesa extra orçamentária;1;60;ESTUDOS E PROJETOS DE ARQUITETURA.;1,00 UNIDADE;1261;5101;1,0;3430,68;3430,68
1450 - SECRETARIA DE ESTADO DE JUSTICA E SEGURANCA PUBLIC;Nota fiscal;08.624.977/0001-91;TERRAVIVA AMBIENTAL LTDA;8849;;1;Serviço;Despesa orçamentária;1;30074;SERVICOS DE COLETA, TRANSPORTE, SELECAO, TRATAMENTO  E DESTINACAO DE RESIDUO LIXO HOSPITALAR E IML;1,00 UNIDADE;1451;3959;1,0;1258,56;1258,56
1510 - POLICIA CIVIL DO ESTADO DE MINAS GERAIS;Nota fiscal;07.418.547/0003-12;HBR AVIACAO S.A.;2026582;;1;Serviço;Despesa orçamentária;1;4022;SERVICOS DE MANUTENCAO, REPAROS, ADAPTACAO E CONSERVACAO DE AERONAVES;1,00 UNIDADE;1511;3935;1,0;331,2;331,2
1270 - SECRETARIA DE ESTADO DE CULTURA E TURISMO;Outros;33.224.254/0001-42;MGS MINAS GERAIS ADMINISTRACAO E SERVICOS S/A;705196;;1;Serviço;Despesa orçamentária;1;155250;CARTAO CESTA BASICA - MGS;1,00 UNIDADE;1271;3705;1,0;1091,38;1091,38
2010 - INST.DE PREVIDENCIA DOS SERVIDORES DO EST.M.GERAIS;Outros;33.224.254/0001-42;MGS MINAS GERAIS ADMINISTRACAO E SERVICOS S/A;703280;;1;Serviço;Despesa orçamentária;1;66311;VALE-ALIMENTACAO - MGS;1,00 UNIDADE;2011;3705;1,0;646,84;646,84
2010 - INST.DE PREVIDENCIA DOS SERVIDORES DO EST.M.GERAIS;Nota fiscal;12.889.035/0002-93;INOVAMED HOSPITALAR LTDA;79032;1;1;Consumo;Despesa orçamentária;1;1488414;"METOPROLOL -  PRINCIPIO ATIVO:   METOPROLOL, SUCCINATO; CONCENTRACAO/DOSAGEM:   25 MG; FORMA FARMACEUTICA:   COMPRIMIDO DE LIBERACAO PROLONGADA; APRESENTACAO:   .; COMPONENTE:   .;";1,00 UNIDADE;2011;3012;4200,0;0,225;945,0
1300 - SECRET. DE ESTADO DE INFRAESTRUTURA E MOBILIDADE;Nota fiscal;33.224.254/0001-42;MGS MINAS GERAIS ADMINISTRACAO E SERVICOS S/A;31668;;1;Serviço;Despesa orçamentária;1;66290;ACERTOS RETROATIVOS;1,00 UNIDADE;1301;3705;1,0;13,2;13,2
1320 - SECRETARIA DE ESTADO DA SAUDE;Nota fiscal;07.432.517/0001-07;SIMPRESS COMERCIO LOCACAO E SERVICOS LTDA;454621;;1;Serviço;Despesa orçamentária;1;89800;IMPRESSAO COLORIDA FORMATO A4 - (OUTSOURCING), PAPEL NAO INCLUSO;1,00 UNIDADE;4291;3919;497,0;0,0715;35,56
1320 - SECRETARIA DE ESTADO DA SAUDE;Nota fiscal;07.432.517/0001-07;SIMPRESS COMERCIO LOCACAO E SERVICOS LTDA;454621;;1;Serviço;Despesa orçamentária;2;89796;IMPRESSAO/COPIA MONOCROMATICA FORMATO A4 - (OUTSOURCING), PAPEL NAO INCLUSO;1,00 UNIDADE;4291;3919;6476,0;0,02;129,52
2270 - FUNDACAO HOSPITALAR DO ESTADO DE MINAS GERAIS;Nota fiscal;08.250.880/0001-66;INSTITUTO DE ACREDITACAO E GESTAO, CONSULTORIA E SISTEMAS DE INFORMACAO LTDA;3116;;1;Serviço;Despesa orçamentária;1;117420;SERVICO DE ANALISE DE SAIDAS HOSPITALARES POR SUBSCRICAO DE LICENCA DE SISTEMAS PELA METODOLOGIA DRG ;1,00 UNIDADE;2271;4002;1,0;10147,35;10147,35
1260 - SECRETARIA DE ESTADO DE EDUCACAO;Outros;07.329.219/0001-88;ALFA IMOVEIS CONSTRUCOES LTDA;8;;1;Serviço;Despesa orçamentária;1;4065;LOCACAO DE IMOVEL COMERCIAL -;1,00 MES;1261;3920;1,0;10500,0;10500,0
2270 - FUNDACAO HOSPITALAR DO ESTADO DE MINAS GERAIS;Nota fiscal;02.881.877/0004-07;POLAR FIX INDUSTRIA E COMERCIO DE PRODUTOS HOSPITALARES LTDA;63066;;1;Consumo;Despesa orçamentária;1;157287;"MALHA TUBULAR -  APRESENTACAO:   ROLO DE 15CM X 25METROS; FINALIDADE:   TRATAMENTO SEQUELAS DE QUEILADURAS E OUTRAS LESOES;";1,00 UNIDADE;2271;3010;40,0;17,0;680,0
2300 - DEPARTAMENTO DE ESTRADAS DE RODAGEM;Nota fiscal;01.466.431/0001-00;GCT - GERENCIAMENTO E CONTROLE DE TRANSITO S/A;20261793;;1;Serviço;Despesa orçamentária;1;66419;SERVICO DE VIGILANCIA ELETRONICA DE TRANSITO E TRAFEGO E    TRATAMENTO DAS IMAGENS;1,00 UNIDADE;4381;3971;1,0;8860,0;8860,0
1270 - SECRETARIA DE ESTADO DE CULTURA E TURISMO;Outros;33.224.254/0001-42;MGS MINAS GERAIS ADMINISTRACAO E SERVICOS S/A;705192;;1;Serviço;Despesa orçamentária;1;155250;CARTAO CESTA BASICA - MGS;1,00 UNIDADE;1271;3705;1,0;969,7;969,7
2270 - FUNDACAO HOSPITALAR DO ESTADO DE MINAS GERAIS;Outros;33.224.254/0001-42;MGS MINAS GERAIS ADMINISTRACAO E SERVICOS S/A;705659;;1;Serviço;Despesa orçamentária;1;155250;CARTAO CESTA BASICA - MGS;1,00 UNIDADE;2271;3705;1,0;727,24;727,24
1260 - SECRETARIA DE ESTADO DE EDUCACAO;Outros;20.139.994/0001-39;IGREJA PRESBITERIANA DE ALTO JEQUITIBA;48;;1;Serviço;Despesa orçamentária;1;4065;LOCACAO DE IMOVEL COMERCIAL -;1,00 MES;1261;3920;1,0;9250,0;9250,0
2010 - INST.DE PREVIDENCIA DOS SERVIDORES DO EST.M.GERAIS;Nota fiscal;25.031.668/0001-27;SAMEH SOLUCOES HOSPITALARES LTDA;143258;1;1;Consumo;Despesa orçamentária;1;1491636;"HIDROXIUREIA -  PRINCIPIO ATIVO:   HIDROXIUREIA; CONCENTRACAO/DOSAGEM:   500 MG; FORMA FARMACEUTICA:   CAPSULA GELATINOSA DURA; APRESENTACAO:   .; COMPONENTE:   .;";1,00 UNIDADE;2011;3012;9300,0;0,759;7058,7
1260 - SECRETARIA DE ESTADO DE EDUCACAO;Nota fiscal;52.415.705/0001-73;THALIA PEREIRA DE OLIVEIRA;45;;1;Serviço;Despesa orçamentária;1;137936;SERVICO DE DESINSTALACAO, INSTALACAO E MANUTENCAO DE AR CONDICIONADO, INCLUINDO AS PECAS NECESSARIAS;1,00 UNIDADE;1261;3921;1,0;23160,0;23160,0
2330 - INSTITUTO DE METROLOGIA E QUALIDADE DE MG;Outros;17.281.106/0001-03;COMPANHIA DE SANEAMENTO DE MINAS GERAIS COPASA MG;126618231081;;1;Serviço;Despesa orçamentária;1;43540;FORNECIMENTO DE AGUA, COLETA E TRATAMENTO DE ESGOTO;UNIDADE;2331;3972;1,0;165,0;165,0
2010 - INST.DE PREVIDENCIA DOS SERVIDORES DO EST.M.GERAIS;Outros;33.224.254/0001-42;MGS MINAS GERAIS ADMINISTRACAO E SERVICOS S/A;703279;;1;Serviço;Despesa orçamentária;1;155250;CARTAO CESTA BASICA - MGS;1,00 UNIDADE;2011;3705;1,0;381,82;381,82
1270 - SECRETARIA DE ESTADO DE CULTURA E TURISMO;Outros;33.224.254/0001-42;MGS MINAS GERAIS ADMINISTRACAO E SERVICOS S/A;705188;;1;Serviço;Despesa orçamentária;1;155250;CARTAO CESTA BASICA - MGS;1,00 UNIDADE;1271;3705;1,0;563,64;563,64
1260 - SECRETARIA DE ESTADO DE EDUCACAO;Nota fiscal;49.397.537/0001-26;IMPORT TECH COMERCIO IMPORTACAO E EXPORTACAO LTDA;1539;1;1;Consumo;Despesa extra orçamentária;1;1983520;"KIT DE MATERIAL ESCOLAR (DISTRIBUICAO GRATUITA) -  COMPONENTES:   1 MOCHILA ESCOLAR; COMPONENTES (2):   1 ESTOJO ESCOLAR;";UNIDADE;1261;3007;26,0;34,0;884,0
1020 - TRIBUNAL DE CONTAS DO ESTADO DE MINAS GERAIS;Nota fiscal;23.248.665/0001-14;HOMEMURBANO EIRELI;637;;1;Serviço;Despesa orçamentária;1;43443;SERVICO DE ENVIO E HOSPEDAGEM DE EMAIL MARKETING;1,00 UNIDADE;1021;3968;1,0;511,91;511,91
1450 - SECRETARIA DE ESTADO DE JUSTICA E SEGURANCA PUBLIC;Nota fiscal;05.151.226/0001-07;EXPRESSO MINAS FRIOS LTDA;89547;2;1;Serviço;Despesa orçamentária;1;2461;SERVICO DE TRANSPORTE DE CARGA VIA RODOVIA;1,00 UNIDADE;1451;3906;336,0;8,75;2940,0
1450 - SECRETARIA DE ESTADO DE JUSTICA E SEGURANCA PUBLIC;Nota fiscal;11.319.926/0001-60;KSM MANUTENCAO DE MAQUINAS E EQUIPAMENTOS LTDA -ME;128;AB;1;Serviço;Despesa orçamentária;1;21580;MANUTENCAO E REPARO EM EQUIPAMENTOS DE LAVANDERIA;1,00 UNIDADE;1451;3921;1,0;3225,0;3225,0
2270 - FUNDACAO HOSPITALAR DO ESTADO DE MINAS GERAIS;Nota fiscal;48.791.685/0001-68;C.B.S. MEDICO CIENTIFICA LTDA;1773694;;1;Consumo;Despesa orçamentária;1;312711;"PINCA CHERON DESCARTAVEL -  MATERIA-PRIMA:   PLASTICO RESISTENTE; MEDIDAS APROXIMADAS:   18CM;";1,00 UNIDADE;2271;3010;1220,0;1,92;2342,4
2010 - INST.DE PREVIDENCIA DOS SERVIDORES DO EST.M.GERAIS;Nota fiscal;05.194.502/0001-14;ALFALAGOS LTDA ;435563;1;1;Consumo;Despesa orçamentária;1;1490311;"HIDROCLOROTIAZIDA -  PRINCIPIO ATIVO:   HIDROCLOROTIAZIDA; CONCENTRACAO/DOSAGEM:   25 MG; FORMA FARMACEUTICA:   COMPRIMIDO; APRESENTACAO:   .; COMPONENTE:   .;";1,00 UNIDADE;2011;3012;1860,0;0,03;55,8
2270 - FUNDACAO HOSPITALAR DO ESTADO DE MINAS GERAIS;Nota fiscal;20.858.411/0001-20;AMGS COMERCIO E REPRESENTACOES LTDA;645437;2;1;Consumo;Despesa orçamentária;1;587389;"PARAFUSO DE FIXACAO USO MEDICO CIRURGICO -  IDENTIFICACAO:   CORTICAL; MATERIA-PRIMA:   ACO INOXIDAVEL; TAMANHO:   2,7MM;";1,00 UNIDADE;2271;3010;1,0;28,33;28,33
2270 - FUNDACAO HOSPITALAR DO ESTADO DE MINAS GERAIS;Nota fiscal;20.858.411/0001-20;AMGS COMERCIO E REPRESENTACOES LTDA;645437;2;1;Consumo;Despesa orçamentária;2;1239660;"PARAFUSO DE FIXACAO USO MEDICO CIRURGICO -  IDENTIFICACAO:   PARAFUSO DE BLOQUEIO, AUTOROSQUEANTE; MATERIA-PRIMA:   ACO INOXIDAVEL ANTIMAGNETICO; TAMANHO:   14MM A 60MM;";1,00 UNIDADE;2271;3010;7,0;105,75;740,25
2270 - FUNDACAO HOSPITALAR DO ESTADO DE MINAS GERAIS;Nota fiscal;20.858.411/0001-20;AMGS COMERCIO E REPRESENTACOES LTDA;645437;2;1;Consumo;Despesa orçamentária;3;1384899;"PLACA DE FIXACAO USO MEDICO CIRURGICO -  IDENTIFICACAO:   TIPO VOLAR, PARA RADIO DISTAL; MATERIA-PRIMA:   ACO INOXIDAVEL;";1,00 UNIDADE;2271;3010;1,0;1378,63;1378,63
2300 - DEPARTAMENTO DE ESTRADAS DE RODAGEM;Nota fiscal;01.466.431/0001-00;GCT - GERENCIAMENTO E CONTROLE DE TRANSITO S/A;20261794;;1;Serviço;Despesa orçamentária;1;66419;SERVICO DE VIGILANCIA ELETRONICA DE TRANSITO E TRAFEGO E    TRATAMENTO DAS IMAGENS;1,00 UNIDADE;4381;3971;1,0;2815,97;2815,97
1300 - SECRET. DE ESTADO DE INFRAESTRUTURA E MOBILIDADE;Nota fiscal;33.224.254/0001-42;MGS MINAS GERAIS ADMINISTRACAO E SERVICOS S/A;31717;0;1;Serviço;Despesa orçamentária;1;66290;ACERTOS RETROATIVOS;1,00 UNIDADE;1301;3705;1,0;273,73;273,73
1450 - SECRETARIA DE ESTADO DE JUSTICA E SEGURANCA PUBLIC;Nota fiscal;61.451.654/0009-83;ITURRI COIMPAR INDUSTRIA E COMERCIO DE EPI'S LTDA;65701;;1;Consumo;Despesa extra orçamentária;1;1873199;"CONJUNTO ESPECIAL COMBATE INCENDIO -  CAMADAS DE PROTECAO:   CAMADA UNICA COM REFORCOS; COMPOSICAO:   JAQUETA E CALCA; IDENTIFICACAO:   EPI MULTIMISSAO;";1,00 UNIDADE;4691;3025;207,0;2870,0;594090,0
2100 - INSTITUTO ESTADUAL DE FLORESTAS-IEF;Outros;07.432.517/0001-07;SIMPRESS COMERCIO LOCACAO E SERVICOS LTDA;200751;;1;Serviço;Despesa orçamentária;1;97306;LOCACAO DE IMPRESSORA MULTIFUNCIONAL COLORIDA 30 PPM /A3 (OUTSOURCING), PAPEL NAO INCLUSO;1,00 UNIDADE;2101;3919;1,0;403,42;403,42
1450 - SECRETARIA DE ESTADO DE JUSTICA E SEGURANCA PUBLIC;Outros;76.535.764/0001-43;OI S.A. - EM RECUPERACAO JUDICIAL;1700461824673;;1;Serviço;Despesa orçamentária;1;121070;SERVICO TELEFONIA FIXA COMUTADA,LINHA INDIVIDUAL, REGIAO 13, LOCAL,FIXO-FIXO, FIXO-MOVEL,DDR INSTALACAO OU TRANSFERENCIA;1,00 UNIDADE;1451;4004;1,0;51,92;51,92
1260 - SECRETARIA DE ESTADO DE EDUCACAO;Nota fiscal;10.246.424/0001-94;MODULOS CONSTRUCOES E EMPREENDIMENTOS LTDA;52;B;1;Serviço;Despesa orçamentária;1;1490;SERVICOS DE CONSTRUCAO DE EDIFICACOES COMERCIAIS E/OU ADMI  NISTRATIVAS;1,00 UNIDADE;1261;5103;1,0;43553,92;43553,92
2010 - INST.DE PREVIDENCIA DOS SERVIDORES DO EST.M.GERAIS;Nota fiscal;25.031.668/0001-27;SAMEH SOLUCOES HOSPITALARES LTDA;143276;1;1;Consumo;Despesa orçamentária;1;1490060;"ESPIRONOLACTONA -  PRINCIPIO ATIVO:   ESPIRONOLACTONA; CONCENTRACAO/DOSAGEM:   25 MG; FORMA FARMACEUTICA:   COMPRIMIDO; APRESENTACAO:   .; COMPONENTE:   .;";1,00 UNIDADE;2011;3012;1980,0;0,16;316,8
1260 - SECRETARIA DE ESTADO DE EDUCACAO;Outros;***.413.156-**;NOE MAGALHAES JUNIOR;41;;2;Serviço;Despesa orçamentária;1;4065;LOCACAO DE IMOVEL COMERCIAL -;1,00 MES;1261;3611;1,0;17763,29;17763,29
2370 - INSTITUTO MINEIRO DE AGROPECUARIA;Nota fiscal;33.224.254/0001-42;MGS MINAS GERAIS ADMINISTRACAO E SERVICOS S/A;32043;1;1;Serviço;Despesa orçamentária;1;106089;AUXILIAR DE LIMPEZA - 22H, 30H, 36H, 40H OU 44H;CARGA HORARIA 22,00 HORAS POR SEMANA;2371;3703;1,0;2540,22;2540,22
2370 - INSTITUTO MINEIRO DE AGROPECUARIA;Nota fiscal;33.224.254/0001-42;MGS MINAS GERAIS ADMINISTRACAO E SERVICOS S/A;32043;1;1;Serviço;Despesa orçamentária;2;64483;ADICIONAL INSALUBRIDADE 40%;1,00 UNIDADE;2371;3705;1,0;1445,62;1445,62
1450 - SECRETARIA DE ESTADO DE JUSTICA E SEGURANCA PUBLIC;Outros;76.535.764/0001-43;OI S.A. - EM RECUPERACAO JUDICIAL;1700461825831;;1;Serviço;Despesa orçamentária;1;121061;SERVICO TELEFONIA FIXA COMUTADA,LINHA INDIVIDUAL, REGIAO 12, LOCAL,FIXO-FIXO, FIXO-MOVEL,DDR INSTALACAO OU TRANSFERENCIA;1,00 UNIDADE;1451;4004;1,0;12113,28;12113,28
1090 - PROCURADORIA GERAL DE JUSTICA;Nota fiscal;24.533.608/0001-40;ALPHAVILLE PRODUTOS E SERVICOS LTDA;1058;2;1;Consumo;Despesa orçamentária;1;1370928;"CAFE -  APRESENTACAO:   TORRADO E MOIDO; IDENTIFICACAO (1):   100% DA ESPECIE ARABICA; IDENTIFICACAO (2):   ORIGEM UNICA OU BLENDADOS; PERFIL SABOR:   BEBIDA MOLE OU DURA; AROMA:   SUAVE OU INTENSO; CORPO:   ENCORPADO; SABOR:   SUAVE OU INTENSO; IDENTIFICACAO (3):   PADRAO DE QUALIDADE GLOBAL ENTRE 7,3 E 10 PONTOS; MOAGEM:   MEDIA A FINA; TORRA:   MAXIMA ATE O PONTO ACHOCOLATADO, SISTEMA AGTRON;";PACOTE 500,00 GRAMA;1091;3008;10,0;27,31;273,1
2270 - FUNDACAO HOSPITALAR DO ESTADO DE MINAS GERAIS;Nota fiscal;58.950.775/0001-08;COTACAO COM REPRESENTACAO IMPORTACAO E EXPORTACAO LTDA;42958;;1;Consumo;Despesa orçamentária;1;155608;"EXTENSOR DESCARTAVEL DE EQUIPO MEDICO CIRURGICO -  COMPONENTES:   PINCA CORTA FLUXO; COMPRIMENTO:   60 CM; MATERIA-PRIMA:   PVC TRANSPARENTE; CONECTOR:   MACHO LUER LOCK, FEMEA LUER COM TAMPAS PROTETORAS;";1,00 UNIDADE;2271;3010;30,0;1,82;54,6
2270 - FUNDACAO HOSPITALAR DO ESTADO DE MINAS GERAIS;Nota fiscal;20.858.411/0001-20;AMGS COMERCIO E REPRESENTACOES LTDA;645482;2;1;Consumo;Despesa orçamentária;1;237167;"PLACA DE COMPRESSAO DINAMICA-  ESPESSURA:   4,5MM ESTREITA; MATERIA PRIMA:   ACO_INOXIDAVEL;";1,00 UNIDADE;2271;3010;1,0;338,97;338,97
2270 - FUNDACAO HOSPITALAR DO ESTADO DE MINAS GERAIS;Nota fiscal;20.858.411/0001-20;AMGS COMERCIO E REPRESENTACOES LTDA;645482;2;1;Consumo;Despesa orçamentária;2;537454;"PARAFUSO DE FIXACAO USO MEDICO CIRURGICO -  IDENTIFICACAO:   ASSOCIAVEIS A PLACA, CORTICAL; MATERIA-PRIMA:   ACO INOXIDAVEL; TAMANHO:   3,5MM DE DIAMETRO;";1,00 UNIDADE;2271;3010;6,0;20,04;120,24
2270 - FUNDACAO HOSPITALAR DO ESTADO DE MINAS GERAIS;Nota fiscal;23.836.281/0001-12;PROCIMED HOSPITALAR E CIENTIFICA LTDA;33557;1;1;Consumo;Despesa orçamentária;1;1136054;"PLACA ELETROCIRURGICA UNIVERSAL AUTO-ADESIVA -  TIPO:   BIPARTIDA, DESCARTAVEL; ADAPTACAO:   ADAPTAVEL A QUALQUER EQUIPAMENTO DE BISTURI;";1,00 UNIDADE;2271;3010;500,0;5,13;2565,0
2270 - FUNDACAO HOSPITALAR DO ESTADO DE MINAS GERAIS;Nota fiscal;23.836.281/0001-12;PROCIMED HOSPITALAR E CIENTIFICA LTDA;33557;1;1;Consumo;Despesa orçamentária;2;1302400;"PINCA BIPOLAR -  TIPO:   BAIONETA PONTA RETA COM 0,5 MM; MEDIDAS:   COM APROXIMADAMENTE 20 CM DE COMPRIMENTO; DETALHES:   EM ACO INOX COM ISOLACAO EM POLIAMIDA;";1,00 UNIDADE;2271;3010;10,0;574,3;5743,0
2260 - FUNDACAO EZEQUIEL DIAS;Outros;29.511.607/0001-18;CONTROL LAB CONTROLE DE QUALIDADE P LABORATORIOS LTDA;29658;;1;Serviço;Despesa orçamentária;1;20036;SERVICOS DE CONTROLE DE QUALIDADE ATRAVES DE ENSAIOS DE  PROFICIENCIA E BOAS PRATICAS;1,00 UNIDADE;2261;3998;1,0;498,0;498,0
1450 - SECRETARIA DE ESTADO DE JUSTICA E SEGURANCA PUBLIC;Outros;76.535.764/0001-43;OI S.A. - EM RECUPERACAO JUDICIAL;1700461825663;;1;Serviço;Despesa orçamentária;1;121061;SERVICO TELEFONIA FIXA COMUTADA,LINHA INDIVIDUAL, REGIAO 12, LOCAL,FIXO-FIXO, FIXO-MOVEL,DDR INSTALACAO OU TRANSFERENCIA;1,00 UNIDADE;1451;4004;1,0;103,93;103,93
2270 - FUNDACAO HOSPITALAR DO ESTADO DE MINAS GERAIS;Nota fiscal;20.858.411/0001-20;AMGS COMERCIO E REPRESENTACOES LTDA;645486;2;1;Consumo;Despesa orçamentária;1;587184;"HASTES DE FIXACAO USO MEDICO CIRURGICO -  IDENTIFICACAO:   INTRAMEDULAR BLOQUEADA DE FEMUR; MATERIA-PRIMA:   ACO INOXIDAVEL;";1,00 UNIDADE;2271;3010;1,0;1244,13;1244,13
2270 - FUNDACAO HOSPITALAR DO ESTADO DE MINAS GERAIS;Nota fiscal;03.812.429/0001-71;POLYSUTURE INDUSTRIA E COMERCIO LTDA;189263;;1;Consumo;Despesa orçamentária;1;306673;"FIOS DE SUTURA USO MEDICO HOSPITALAR -  TIPO:   ABSORVIVEL; MATERIA-PRIMA:   ACIDO POLIGLICOLICO OU POLIGLATINA 910; NUMERO:   2-0; MEDIDAS:   FIO DE 70CM; AGULHA:   C/AGULHA 1/2 CIRCULO CILINDRICA 3,5A3,7CM ROBUSTA;";ENVELOPE 1,00 UNIDADE;2271;3010;420,0;5,0;2100,0
1450 - SECRETARIA DE ESTADO DE JUSTICA E SEGURANCA PUBLIC;Outros;76.535.764/0001-43;OI S.A. - EM RECUPERACAO JUDICIAL;1700461825841;;1;Serviço;Despesa orçamentária;1;121070;SERVICO TELEFONIA FIXA COMUTADA,LINHA INDIVIDUAL, REGIAO 13, LOCAL,FIXO-FIXO, FIXO-MOVEL,DDR INSTALACAO OU TRANSFERENCIA;1,00 UNIDADE;1451;4004;1,0;623,98;623,98
2370 - INSTITUTO MINEIRO DE AGROPECUARIA;Outros;33.224.254/0001-42;MGS MINAS GERAIS ADMINISTRACAO E SERVICOS S/A;705558;;1;Serviço;Despesa orçamentária;1;66311;VALE-ALIMENTACAO - MGS;1,00 UNIDADE;2371;3705;1,0;522,18;522,18
2270 - FUNDACAO HOSPITALAR DO ESTADO DE MINAS GERAIS;Nota fiscal;49.324.221/0016-90;FRESENIUS KABI BRASIL LTDA.;154823;;1;Consumo;Despesa orçamentária;1;1513516;"SOLUCAO PARA IRRIGACAO  -  COMPOSICAO:   SORBITOL + MANITOL; CONCENTRACAO/DOSAGEM:   27,0 G/L + 5,4 G/L; FORMA FARMACEUTICA:   SOLUCAO PARA IRRIGACAO; APRESENTACAO:   BOLSA OU FRASCO 1000 ML; COMPONENTE:   .;";1,00 UNIDADE;2271;3012;128,0;22,0;2816,0
2010 - INST.DE PREVIDENCIA DOS SERVIDORES DO EST.M.GERAIS;Nota fiscal;07.967.038/0001-87;BIOCONTROL LTDA - EPP;2172;1;1;Serviço;Despesa orçamentária;1;20036;SERVICOS DE CONTROLE DE QUALIDADE ATRAVES DE ENSAIOS DE  PROFICIENCIA E BOAS PRATICAS;1,00 UNIDADE;2011;3998;1,0;1080,0;1080,0
1450 - SECRETARIA DE ESTADO DE JUSTICA E SEGURANCA PUBLIC;Nota fiscal;05.151.226/0001-07;EXPRESSO MINAS FRIOS LTDA;89542;2;1;Serviço;Despesa orçamentária;1;2461;SERVICO DE TRANSPORTE DE CARGA VIA RODOVIA;1,00 UNIDADE;1451;3906;205,0;8,75;1793,75
1320 - SECRETARIA DE ESTADO DA SAUDE;Outros;***.272.136-**;BRENDA GUIMARAES MARQUES;2272026;;1;Serviço;Despesa orçamentária;1;4057;LOCACAO DE IMOVEL RESIDENCIAL -;1,00 MES;4291;3611;1,0;6663,35;6663,35
2270 - FUNDACAO HOSPITALAR DO ESTADO DE MINAS GERAIS;Nota fiscal;20.858.411/0001-20;AMGS COMERCIO E REPRESENTACOES LTDA;645489;2;1;Consumo;Despesa orçamentária;1;5871743;"HASTES DE FIXACAO USO MEDICO CIRURGICO -  IDENTIFICACAO:   INTRAMEDULAR BLOQUEADA DE TIBIA; MATERIA-PRIMA:   ACO INOXIDAVEL;";1,00 UNIDADE;2271;3010;1,0;1242,27;1242,27
1510 - POLICIA CIVIL DO ESTADO DE MINAS GERAIS;Nota fiscal;***.433.746-**;MARIZA GASPAR FONSECA;82026;;1;Serviço;Despesa orçamentária;1;4065;LOCACAO DE IMOVEL COMERCIAL -;1,00 MES;1511;3611;1,0;2614,71;2614,71
1450 - SECRETARIA DE ESTADO DE JUSTICA E SEGURANCA PUBLIC;Outros;76.535.764/0001-43;OI S.A. - EM RECUPERACAO JUDICIAL;1700461825840;;1;Serviço;Despesa orçamentária;1;121070;SERVICO TELEFONIA FIXA COMUTADA,LINHA INDIVIDUAL, REGIAO 13, LOCAL,FIXO-FIXO, FIXO-MOVEL,DDR INSTALACAO OU TRANSFERENCIA;1,00 UNIDADE;1451;4004;1,0;103,99;103,99
1260 - SECRETARIA DE ESTADO DE EDUCACAO;Nota fiscal;49.397.537/0001-26;IMPORT TECH COMERCIO IMPORTACAO E EXPORTACAO LTDA;1541;1;1;Consumo;Despesa extra orçamentária;1;1983520;"KIT DE MATERIAL ESCOLAR (DISTRIBUICAO GRATUITA) -  COMPONENTES:   1 MOCHILA ESCOLAR; COMPONENTES (2):   1 ESTOJO ESCOLAR;";UNIDADE;1261;3007;22,0;34,0;748,0
1260 - SECRETARIA DE ESTADO DE EDUCACAO;Nota fiscal;33.224.254/0001-42;MGS MINAS GERAIS ADMINISTRACAO E SERVICOS S/A;32170;1;1;Serviço;Despesa orçamentária;1;64459;DIARIA DE VIAGEM;1,00 UNIDADE;1261;3705;1,0;2715,36;2715,36
2270 - FUNDACAO HOSPITALAR DO ESTADO DE MINAS GERAIS;Nota fiscal;00.028.682/0001-40;PROMEDON DO BRASIL PRODUTOS MEDICO HOSPITALARES LTDA;561900;;1;Consumo;Despesa orçamentária;1;813095;"DISPOSITIVO PARA INCONTINENCIA URINARIA FEMININO -  MATERIA-PRIMA:   POLIPROPILENO, P/ACESSO CIRURGICO TRANSOBTURATORIO;";1,00 UNIDADE;2271;3010;15,0;615,0;9225,0
2370 - INSTITUTO MINEIRO DE AGROPECUARIA;Outros;33.224.254/0001-42;MGS MINAS GERAIS ADMINISTRACAO E SERVICOS S/A;705557;;1;Serviço;Despesa orçamentária;1;155250;CARTAO CESTA BASICA - MGS;1,00 UNIDADE;2371;3705;1,0;100,0;100,0
2270 - FUNDACAO HOSPITALAR DO ESTADO DE MINAS GERAIS;Nota fiscal;20.858.411/0001-20;AMGS COMERCIO E REPRESENTACOES LTDA;645490;2;1;Consumo;Despesa orçamentária;1;5871743;"HASTES DE FIXACAO USO MEDICO CIRURGICO -  IDENTIFICACAO:   INTRAMEDULAR BLOQUEADA DE TIBIA; MATERIA-PRIMA:   ACO INOXIDAVEL;";1,00 UNIDADE;2271;3010;1,0;1242,27;1242,27
1450 - SECRETARIA DE ESTADO DE JUSTICA E SEGURANCA PUBLIC;Outros;76.535.764/0001-43;OI S.A. - EM RECUPERACAO JUDICIAL;1700461825843;;1;Serviço;Despesa orçamentária;1;121061;SERVICO TELEFONIA FIXA COMUTADA,LINHA INDIVIDUAL, REGIAO 12, LOCAL,FIXO-FIXO, FIXO-MOVEL,DDR INSTALACAO OU TRANSFERENCIA;1,00 UNIDADE;1451;4004;1,0;228,5;228,5
1450 - SECRETARIA DE ESTADO DE JUSTICA E SEGURANCA PUBLIC;Nota fiscal;11.319.926/0001-60;KSM MANUTENCAO DE MAQUINAS E EQUIPAMENTOS LTDA -ME;122;1;1;Serviço;Despesa orçamentária;1;21580;MANUTENCAO E REPARO EM EQUIPAMENTOS DE LAVANDERIA;1,00 UNIDADE;1451;3921;1,0;10500,0;10500,0
2270 - FUNDACAO HOSPITALAR DO ESTADO DE MINAS GERAIS;Nota fiscal;33.224.254/0001-42;MGS MINAS GERAIS ADMINISTRACAO E SERVICOS S/A;32095;1;1;Serviço;Despesa orçamentária;1;106178;COPEIRO - 12X36 DIURNO - 44H;CARGA HORARIA 44,00 HORAS POR SEMANA;2271;3703;3,2667;4780,0624;15615,03
2270 - FUNDACAO HOSPITALAR DO ESTADO DE MINAS GERAIS;Nota fiscal;33.224.254/0001-42;MGS MINAS GERAIS ADMINISTRACAO E SERVICOS S/A;32095;1;1;Serviço;Despesa orçamentária;2;106186;COPEIRO - 12X36 NOTURNO - 44H;CARGA HORARIA 44,00 HORAS POR SEMANA;2271;3703;4,7001;5910,1636;27778,36
2270 - FUNDACAO HOSPITALAR DO ESTADO DE MINAS GERAIS;Nota fiscal;33.224.254/0001-42;MGS MINAS GERAIS ADMINISTRACAO E SERVICOS S/A;32095;1;1;Serviço;Despesa orçamentária;3;106062;AUXILIAR DE LIMPEZA - 12X36 DIURNO - 44H;CARGA HORARIA 44,00 HORAS POR SEMANA;2271;3703;39,1675;4349,1129;170343,88
2270 - FUNDACAO HOSPITALAR DO ESTADO DE MINAS GERAIS;Nota fiscal;33.224.254/0001-42;MGS MINAS GERAIS ADMINISTRACAO E SERVICOS S/A;32095;1;1;Serviço;Despesa orçamentária;4;106070;AUXILIAR DE LIMPEZA - 12X36 NOTURNO - 44H;CARGA HORARIA 44,00 HORAS POR SEMANA;2271;3703;5,7335;5720,0331;32795,81
2270 - FUNDACAO HOSPITALAR DO ESTADO DE MINAS GERAIS;Nota fiscal;33.224.254/0001-42;MGS MINAS GERAIS ADMINISTRACAO E SERVICOS S/A;32095;1;1;Serviço;Despesa orçamentária;5;106089;AUXILIAR DE LIMPEZA - 22H, 30H, 36H, 40H OU 44H;CARGA HORARIA 44,00 HORAS POR SEMANA;2271;3703;4,4001;4599,0863;20236,44
2270 - FUNDACAO HOSPITALAR DO ESTADO DE MINAS GERAIS;Nota fiscal;33.224.254/0001-42;MGS MINAS GERAIS ADMINISTRACAO E SERVICOS S/A;32095;1;1;Serviço;Despesa orçamentária;6;64076;AUXILIAR DE SERVICOS - 12X36 NOTURNO - 44H;CARGA HORARIA 44,00 HORAS POR SEMANA;2271;3704;0,5334;6155,718;3283,46
2270 - FUNDACAO HOSPITALAR DO ESTADO DE MINAS GERAIS;Nota fiscal;33.224.254/0001-42;MGS MINAS GERAIS ADMINISTRACAO E SERVICOS S/A;32095;1;1;Serviço;Despesa orçamentária;7;105600;ASSISTENTE OPERACIONAL NIVEL II - 30H, 36H 40H OU 44H;CARGA HORARIA 40,00 HORAS POR SEMANA;2271;3704;1,0;5861,29;5861,29
2270 - FUNDACAO HOSPITALAR DO ESTADO DE MINAS GERAIS;Nota fiscal;33.224.254/0001-42;MGS MINAS GERAIS ADMINISTRACAO E SERVICOS S/A;32095;1;1;Serviço;Despesa orçamentária;8;63401;MOTORISTA DE AMBULANCIA - 44H;CARGA HORARIA 44,00 HORAS POR SEMANA;2271;3704;1,3334;8885,5257;11847,96
2270 - FUNDACAO HOSPITALAR DO ESTADO DE MINAS GERAIS;Nota fiscal;33.224.254/0001-42;MGS MINAS GERAIS ADMINISTRACAO E SERVICOS S/A;32095;1;1;Serviço;Despesa orçamentária;9;64041;RECEPCIONISTA - 12X36 DIURNO - 44H;CARGA HORARIA 44,00 HORAS POR SEMANA;2271;3704;3,1001;7883,3876;24439,29
2270 - FUNDACAO HOSPITALAR DO ESTADO DE MINAS GERAIS;Nota fiscal;33.224.254/0001-42;MGS MINAS GERAIS ADMINISTRACAO E SERVICOS S/A;32095;1;1;Serviço;Despesa orçamentária;10;64050;RECEPCIONISTA - 12X36 NOTURNO - 44H;CARGA HORARIA 44,00 HORAS POR SEMANA;2271;3704;0,2667;6143,232;1638,4
2270 - FUNDACAO HOSPITALAR DO ESTADO DE MINAS GERAIS;Nota fiscal;33.224.254/0001-42;MGS MINAS GERAIS ADMINISTRACAO E SERVICOS S/A;32095;1;1;Serviço;Despesa orçamentária;11;64270;MOTORISTA DE AMBULANCIA - 12X36 DIURNO - 44H;CARGA HORARIA 44,00 HORAS POR SEMANA;2271;3704;3,8;9319,6763;35414,77
2270 - FUNDACAO HOSPITALAR DO ESTADO DE MINAS GERAIS;Nota fiscal;33.224.254/0001-42;MGS MINAS GERAIS ADMINISTRACAO E SERVICOS S/A;32095;1;1;Serviço;Despesa orçamentária;12;63894;MOTORISTA DE AMBULANCIA - 12X36 NOTURNO - 44H;CARGA HORARIA 44,00 HORAS POR SEMANA;2271;3704;2,0;11809,36;23618,72
2270 - FUNDACAO HOSPITALAR DO ESTADO DE MINAS GERAIS;Nota fiscal;33.224.254/0001-42;MGS MINAS GERAIS ADMINISTRACAO E SERVICOS S/A;32095;1;1;Serviço;Despesa orçamentária;13;63657;AUXILIAR DE SERVICOS - 40H OU 44H;CARGA HORARIA 40,00 HORAS POR SEMANA;2271;3704;2,0;4584,97;9169,94
2270 - FUNDACAO HOSPITALAR DO ESTADO DE MINAS GERAIS;Nota fiscal;33.224.254/0001-42;MGS MINAS GERAIS ADMINISTRACAO E SERVICOS S/A;32095;1;1;Serviço;Despesa orçamentária;14;105554;ENCARREGADO  - 30H, 36H, 40H OU 44H;CARGA HORARIA 40,00 HORAS POR SEMANA;2271;3704;1,2;5351,3833;6421,66
2270 - FUNDACAO HOSPITALAR DO ESTADO DE MINAS GERAIS;Nota fiscal;33.224.254/0001-42;MGS MINAS GERAIS ADMINISTRACAO E SERVICOS S/A;32095;1;1;Serviço;Despesa orçamentária;15;105678;PORTEIRO (COM SUBSTITUICAO) - 12X36 NOTURNO - 44H;CARGA HORARIA 44,00 HORAS POR SEMANA;2271;3704;5,4001;7847,7972;42378,89
2270 - FUNDACAO HOSPITALAR DO ESTADO DE MINAS GERAIS;Nota fiscal;33.224.254/0001-42;MGS MINAS GERAIS ADMINISTRACAO E SERVICOS S/A;32095;1;1;Serviço;Despesa orçamentária;16;64386;AUXILIAR DE SERVICOS - 12X36 DIURNO - 44H;CARGA HORARIA 44,00 HORAS POR SEMANA;2271;3704;4,0;4160,63;16642,52
2270 - FUNDACAO HOSPITALAR DO ESTADO DE MINAS GERAIS;Nota fiscal;33.224.254/0001-42;MGS MINAS GERAIS ADMINISTRACAO E SERVICOS S/A;32095;1;1;Serviço;Despesa orçamentária;17;105660;PORTEIRO (COM SUBSTITUICAO) - 12X36 DIURNO - 44H;CARGA HORARIA 44,00 HORAS POR SEMANA;2271;3704;9,3334;6281,6219;58628,89
2270 - FUNDACAO HOSPITALAR DO ESTADO DE MINAS GERAIS;Nota fiscal;33.224.254/0001-42;MGS MINAS GERAIS ADMINISTRACAO E SERVICOS S/A;32095;1;1;Serviço;Despesa orçamentária;18;63584;RECEPCIONISTA - 30H, 36H, 40H OU 44H;CARGA HORARIA 44,00 HORAS POR SEMANA;2271;3704;1,0;7873,12;7873,12
2270 - FUNDACAO HOSPITALAR DO ESTADO DE MINAS GERAIS;Nota fiscal;33.224.254/0001-42;MGS MINAS GERAIS ADMINISTRACAO E SERVICOS S/A;32095;1;1;Serviço;Despesa orçamentária;19;63584;RECEPCIONISTA - 30H, 36H, 40H OU 44H;CARGA HORARIA 40,00 HORAS POR SEMANA;2271;3704;1,0;7197,0;7197,0
2270 - FUNDACAO HOSPITALAR DO ESTADO DE MINAS GERAIS;Nota fiscal;33.224.254/0001-42;MGS MINAS GERAIS ADMINISTRACAO E SERVICOS S/A;32095;1;1;Serviço;Despesa orçamentária;20;63681;EDUCADOR INFANTIL - 44 H (EXCETO SEE);CARGA HORARIA 44,00 HORAS POR SEMANA;2271;3704;14,1336;5608,9941;79275,28
2270 - FUNDACAO HOSPITALAR DO ESTADO DE MINAS GERAIS;Nota fiscal;33.224.254/0001-42;MGS MINAS GERAIS ADMINISTRACAO E SERVICOS S/A;32095;1;1;Serviço;Despesa orçamentária;21;64475;ADICIONAL INSALUBRIDADE 20%;1,00 UNIDADE;2271;3705;1,0;22809,14;22809,14
2270 - FUNDACAO HOSPITALAR DO ESTADO DE MINAS GERAIS;Nota fiscal;33.224.254/0001-42;MGS MINAS GERAIS ADMINISTRACAO E SERVICOS S/A;32095;1;1;Serviço;Despesa orçamentária;22;64483;ADICIONAL INSALUBRIDADE 40%;1,00 UNIDADE;2271;3705;1,0;88913,66;88913,66
2270 - FUNDACAO HOSPITALAR DO ESTADO DE MINAS GERAIS;Nota fiscal;20.858.411/0001-20;AMGS COMERCIO E REPRESENTACOES LTDA;645493;2;1;Consumo;Despesa orçamentária;1;5871743;"HASTES DE FIXACAO USO MEDICO CIRURGICO -  IDENTIFICACAO:   INTRAMEDULAR BLOQUEADA DE TIBIA; MATERIA-PRIMA:   ACO INOXIDAVEL;";1,00 UNIDADE;2271;3010;1,0;1242,27;1242,27
2270 - FUNDACAO HOSPITALAR DO ESTADO DE MINAS GERAIS;Nota fiscal;20.235.404/0001-71;DCB DISTRIBUIDORA CIRURGICA BRASILEIRA LTDA;108850;1;1;Consumo;Despesa orçamentária;1;228761;"COMPRESSA TIPO CAMPO OPERATORIO -  MATERIA-PRIMA:   100% ALGODAO COM FILAMENTO RADIOPACO; DIMENSOES (L X C ):   MINIMA DE 25 CM X 28 CM, EM REPOUSO; ESTERIL:   SIM; APRESENTACAO:   PACOTE 5 UN; CAMADAS:   4 CAMADAS SOBREPOSTAS; PESO:   20 G POR UNIDADE; BORDAS:   COSTURADAS COM CADARCO NO MINIMO 18 CM;";PACOTES;2271;3010;10030,0;5,6661;56831,98
1260 - SECRETARIA DE ESTADO DE EDUCACAO;Outros;33.224.254/0001-42;MGS MINAS GERAIS ADMINISTRACAO E SERVICOS S/A;705473;REC;1;Serviço;Despesa orçamentária;1;66311;VALE-ALIMENTACAO - MGS;1,00 UNIDADE;1261;3705;1,0;4005,68;4005,68
1320 - SECRETARIA DE ESTADO DA SAUDE;Outros;***.750.576-**;STAEL GUIMARAES MARQUES NASSER;2252026;;1;Serviço;Despesa orçamentária;1;4057;LOCACAO DE IMOVEL RESIDENCIAL -;1,00 MES;4291;3611;1,0;6663,35;6663,35
1450 - SECRETARIA DE ESTADO DE JUSTICA E SEGURANCA PUBLIC;Outros;76.535.764/0001-43;OI S.A. - EM RECUPERACAO JUDICIAL;1700461824671;;1;Serviço;Despesa orçamentária;1;121070;SERVICO TELEFONIA FIXA COMUTADA,LINHA INDIVIDUAL, REGIAO 13, LOCAL,FIXO-FIXO, FIXO-MOVEL,DDR INSTALACAO OU TRANSFERENCIA;1,00 UNIDADE;1451;4004;1,0;51,92;51,92
1270 - SECRETARIA DE ESTADO DE CULTURA E TURISMO;Nota fiscal;33.224.254/0001-42;MGS MINAS GERAIS ADMINISTRACAO E SERVICOS S/A;31540;A;1;Serviço;Despesa orçamentária;1;155250;CARTAO CESTA BASICA - MGS;1,00 UNIDADE;1271;3705;1,0;21851,91;21851,91
1190 - SECRETARIA DE ESTADO DE FAZENDA DE MINAS GERAIS;Nota fiscal;40.432.544/0112-62;CLARO S.A.;260824636;;1;Serviço;Despesa orçamentária;1;120987;SERVICO DE TELEFONIA FIXA COMUTADA - LINK E1 - REGIAO 3 - LOCAL, FIXO-FIXO, FIXO-MOVEL, DDR, INSTALACAO OU TRANSFERENCIA;1,00 ANO;1191;4004;1,0;124,52;124,52
1450 - SECRETARIA DE ESTADO DE JUSTICA E SEGURANCA PUBLIC;Nota fiscal;05.151.226/0001-07;EXPRESSO MINAS FRIOS LTDA;89543;2;1;Serviço;Despesa orçamentária;1;2461;SERVICO DE TRANSPORTE DE CARGA VIA RODOVIA;1,00 UNIDADE;1451;3906;24,0;8,75;210,0
2270 - FUNDACAO HOSPITALAR DO ESTADO DE MINAS GERAIS;Nota fiscal;20.858.411/0001-20;AMGS COMERCIO E REPRESENTACOES LTDA;645497;2;1;Consumo;Despesa orçamentária;1;5871743;"HASTES DE FIXACAO USO MEDICO CIRURGICO -  IDENTIFICACAO:   INTRAMEDULAR BLOQUEADA DE TIBIA; MATERIA-PRIMA:   ACO INOXIDAVEL;";1,00 UNIDADE;2271;3010;1,0;1242,27;1242,27
1450 - SECRETARIA DE ESTADO DE JUSTICA E SEGURANCA PUBLIC;Outros;76.535.764/0001-43;OI S.A. - EM RECUPERACAO JUDICIAL;1700461824672;;1;Serviço;Despesa orçamentária;1;121070;SERVICO TELEFONIA FIXA COMUTADA,LINHA INDIVIDUAL, REGIAO 13, LOCAL,FIXO-FIXO, FIXO-MOVEL,DDR INSTALACAO OU TRANSFERENCIA;1,00 UNIDADE;1451;4004;1,0;51,92;51,92
1260 - SECRETARIA DE ESTADO DE EDUCACAO;Outros;33.224.254/0001-42;MGS MINAS GERAIS ADMINISTRACAO E SERVICOS S/A;705474;1;1;Serviço;Despesa orçamentária;1;155250;CARTAO CESTA BASICA - MGS;1,00 UNIDADE;1261;3705;1,0;606,07;606,07
1270 - SECRETARIA DE ESTADO DE CULTURA E TURISMO;Nota fiscal;33.224.254/0001-42;MGS MINAS GERAIS ADMINISTRACAO E SERVICOS S/A;31542;;1;Serviço;Despesa orçamentária;1;64459;DIARIA DE VIAGEM;1,00 UNIDADE;1271;3705;1,0;643,74;643,74
2270 - FUNDACAO HOSPITALAR DO ESTADO DE MINAS GERAIS;Nota fiscal;22.426.666/0001-49;BE CARE SOLUCOES E TECNOLOGIA LTDA;968;;2;Serviço;Despesa orçamentária;1;117056;APOIO A GESTAO DE PARQUE TECNOLOGICO E MANUTENCAO DOS EQUIPAMENTOS MEDICOS-HOSPITALARES, INCLUINDO FORNECIMENTO DE PECAS;1,00 UNIDADE;2271;3921;1,0;20225,28;20225,28
2320 - FUNDACAO CENTRO DE HEMATOLOGIA E HEMOTERAPIA DE MG;Nota fiscal;03.015.471/0001-61;POPULAR CENTER LTDA -EPP;2136;;1;Serviço;Despesa orçamentária;1;7064;SERVICOS DE FORNECIMENTO DE LANCHES PREPARADOS POR TERCEIROS, PRESTADOS POR PESSOA JURIDICA;1,00 UNIDADE;2321;3903;1,0;382,5;382,5
1450 - SECRETARIA DE ESTADO DE JUSTICA E SEGURANCA PUBLIC;Nota fiscal;05.151.226/0001-07;EXPRESSO MINAS FRIOS LTDA;89544;2;1;Serviço;Despesa orçamentária;1;2461;SERVICO DE TRANSPORTE DE CARGA VIA RODOVIA;1,00 UNIDADE;1451;3906;66,0;8,75;577,5
1320 - SECRETARIA DE ESTADO DA SAUDE;Outros;***.471.266-**;MARIA EMIRENA GUIMARAES;2262026;;1;Serviço;Despesa orçamentária;1;4057;LOCACAO DE IMOVEL RESIDENCIAL -;1,00 MES;4291;3611;1,0;13326,71;13326,71
1260 - SECRETARIA DE ESTADO DE EDUCACAO;Nota fiscal;49.397.537/0001-26;IMPORT TECH COMERCIO IMPORTACAO E EXPORTACAO LTDA;1543;1;1;Consumo;Despesa extra orçamentária;1;1983520;"KIT DE MATERIAL ESCOLAR (DISTRIBUICAO GRATUITA) -  COMPONENTES:   1 MOCHILA ESCOLAR; COMPONENTES (2):   1 ESTOJO ESCOLAR;";UNIDADE;1261;3007;19,0;34,0;646,0
2010 - INST.DE PREVIDENCIA DOS SERVIDORES DO EST.M.GERAIS;Nota fiscal;22.261.473/0001-85;COMPANHIA DE GAS DE MINAS GERAIS GASMIG;1216089;;1;Serviço;Despesa orçamentária;1;55174;FORNECIMENTO DE GAS NATURAL CANALIZADO;1,00 UNIDADE;2011;3999;1,0;67313,86;67313,86
1270 - SECRETARIA DE ESTADO DE CULTURA E TURISMO;Nota fiscal;33.224.254/0001-42;MGS MINAS GERAIS ADMINISTRACAO E SERVICOS S/A;31552;A;1;Serviço;Despesa orçamentária;1;105651;PORTEIRO (COM SUBSTITUICA) - 30H, 36H, 40H OU 44H;CARGA HORARIA 40,00 HORAS POR SEMANA;1271;3704;1,9;5365,521;10194,49
1270 - SECRETARIA DE ESTADO DE CULTURA E TURISMO;Nota fiscal;33.224.254/0001-42;MGS MINAS GERAIS ADMINISTRACAO E SERVICOS S/A;31552;A;1;Serviço;Despesa orçamentária;2;105651;PORTEIRO (COM SUBSTITUICA) - 30H, 36H, 40H OU 44H;CARGA HORARIA 44,00 HORAS POR SEMANA;1271;3704;0,8;5862,6875;4690,15
1270 - SECRETARIA DE ESTADO DE CULTURA E TURISMO;Nota fiscal;33.224.254/0001-42;MGS MINAS GERAIS ADMINISTRACAO E SERVICOS S/A;31552;A;1;Serviço;Despesa orçamentária;3;63339;SUPORTE ADMINISTRATIVO - 30H, 36H, 40H OU 44H;CARGA HORARIA 40,00 HORAS POR SEMANA;1271;3704;0,3334;6543,7312;2181,68
1270 - SECRETARIA DE ESTADO DE CULTURA E TURISMO;Nota fiscal;33.224.254/0001-42;MGS MINAS GERAIS ADMINISTRACAO E SERVICOS S/A;31552;A;1;Serviço;Despesa orçamentária;4;106089;AUXILIAR DE LIMPEZA - 22H, 30H, 36H, 40H OU 44H;CARGA HORARIA 30,00 HORAS POR SEMANA;1271;3703;1,0;3329,8;3329,8
1270 - SECRETARIA DE ESTADO DE CULTURA E TURISMO;Nota fiscal;33.224.254/0001-42;MGS MINAS GERAIS ADMINISTRACAO E SERVICOS S/A;31552;A;1;Serviço;Despesa orçamentária;5;64483;ADICIONAL INSALUBRIDADE 40%;1,00 UNIDADE;1271;3705;1,0;1470,91;1470,91
1270 - SECRETARIA DE ESTADO DE CULTURA E TURISMO;Nota fiscal;33.224.254/0001-42;MGS MINAS GERAIS ADMINISTRACAO E SERVICOS S/A;31552;A;1;Serviço;Despesa orçamentária;6;105694;PORTEIRO NOTURNO (COM SUBSTITUICAO) - (22H AS 6H) - 44H ;CARGA HORARIA 44,00 HORAS POR SEMANA;1271;3704;1,0;7836,12;7836,12
2270 - FUNDACAO HOSPITALAR DO ESTADO DE MINAS GERAIS;Nota fiscal;00.610.681/0005-33;HOSP-PHARMA MANIPULACAO E SUPRIMENTOS LTDA;22642;;1;Consumo;Despesa orçamentária;1;1656090;"FORMULA NUTRICAO PARENTERAL -  IDENTIFICACAO:   PARA NEONATO E LACTENTE COM LIPIDEO; FORMA FARMACEUTICA:   EMULSAO INJETAVEL ESTERIL E APIROGENICA; APRESENTACAO:   BOLSA PLASTICA (E.V.A.) ATE 600 ML;";MILILITRO;2271;3012;583,9699;2,33;1360,65
1260 - SECRETARIA DE ESTADO DE EDUCACAO;Nota fiscal;19.325.547/0001-95;FUNDACAO EDUCACIONAL DE CARATINGA FUNEC;3120;NAC;1;Serviço;Despesa orçamentária;1;109460;CURSO TECNICO PROFISSIONALIZANTE  EM ATENDIMENTO AO PROGRAMA TRILHAS DE FUTURO ;UNIDADE;1261;3949;4,0;62923,0625;251692,25
1260 - SECRETARIA DE ESTADO DE EDUCACAO;Nota fiscal;01.779.585/0001-52;CENTRO EDUCACIONAL CONEXAO LTDA;124;;1;Serviço;Despesa orçamentária;1;109460;CURSO TECNICO PROFISSIONALIZANTE  EM ATENDIMENTO AO PROGRAMA TRILHAS DE FUTURO ;UNIDADE;1261;3949;2,0;5941,92;11883,84
1260 - SECRETARIA DE ESTADO DE EDUCACAO;Nota fiscal;33.224.254/0001-42;MGS MINAS GERAIS ADMINISTRACAO E SERVICOS S/A;31983;1;1;Serviço;Despesa orçamentária;1;146277;ENCARREGADO DE CAMPO - 40H OU 44H;CARGA HORARIA 40,00 HORAS POR SEMANA;1261;3704;1,0;7111,84;7111,84
2350 - UNIVERSIDADE DO ESTADO DE MINAS GERAIS;Nota fiscal;33.224.254/0001-42;MGS MINAS GERAIS ADMINISTRACAO E SERVICOS S/A;2026705744;;1;Serviço;Despesa orçamentária;1;66290;ACERTOS RETROATIVOS;1,00 UNIDADE;2351;3705;1,0;2,37;2,37
1450 - SECRETARIA DE ESTADO DE JUSTICA E SEGURANCA PUBLIC;Nota fiscal;05.151.226/0001-07;EXPRESSO MINAS FRIOS LTDA;89545;2;1;Serviço;Despesa orçamentária;1;2461;SERVICO DE TRANSPORTE DE CARGA VIA RODOVIA;1,00 UNIDADE;1451;3906;89,0;8,75;778,75
2330 - INSTITUTO DE METROLOGIA E QUALIDADE DE MG;Nota fiscal;06.981.180/0001-16;CEMIG DISTRIBUICAO S.A.;417821473;;1;Serviço;Despesa orçamentária;1;108472;FORNECIMENTO DE ENERGIA ELETRICA EM BAIXA TENSAO ;1,00 UNIDADE;2331;3969;1,0;1522,33;1522,33
1190 - SECRETARIA DE ESTADO DE FAZENDA DE MINAS GERAIS;Nota fiscal;40.432.544/0112-62;CLARO S.A.;260824730;;1;Serviço;Despesa orçamentária;1;120987;SERVICO DE TELEFONIA FIXA COMUTADA - LINK E1 - REGIAO 3 - LOCAL, FIXO-FIXO, FIXO-MOVEL, DDR, INSTALACAO OU TRANSFERENCIA;1,00 ANO;1191;4004;1,0;124,52;124,52
2270 - FUNDACAO HOSPITALAR DO ESTADO DE MINAS GERAIS;Nota fiscal;01.676.274/0001-68;EMPRESA DE TRANSPORTES SANTAFE LTDA;116;;2;Serviço;Despesa orçamentária;1;7030;SERVICOS DE FORNECIMENTO DE VALE-TRANSPORTE;1,00 UNIDADE;2271;4904;1,0;3342,5;3342,5
1260 - SECRETARIA DE ESTADO DE EDUCACAO;Nota fiscal;01.779.585/0001-52;CENTRO EDUCACIONAL CONEXAO LTDA;126;;1;Serviço;Despesa orçamentária;1;109460;CURSO TECNICO PROFISSIONALIZANTE  EM ATENDIMENTO AO PROGRAMA TRILHAS DE FUTURO ;UNIDADE;1261;3949;1,0;15898,06;15898,06
1450 - SECRETARIA DE ESTADO DE JUSTICA E SEGURANCA PUBLIC;Nota fiscal;05.151.226/0001-07;EXPRESSO MINAS FRIOS LTDA;89548;2;1;Serviço;Despesa orçamentária;1;2461;SERVICO DE TRANSPORTE DE CARGA VIA RODOVIA;1,00 UNIDADE;1451;3906;66,0;8,75;577,5
1250 - POLICIA MILITAR DE MINAS GERAIS;Nota fiscal;34.274.233/0025-71;VIBRA ENERGIA S.A;4977374;;1;Consumo;Despesa orçamentária;1;14516;"ALCOOL COMBUSTIVEL AUTOMOTIVO -  TIPO:   HIDRATADO;";1,00 LITRO;1251;3026;5000,0;2,9333;14666,88
1260 - SECRETARIA DE ESTADO DE EDUCACAO;Nota fiscal;33.224.254/0001-42;MGS MINAS GERAIS ADMINISTRACAO E SERVICOS S/A;202600032021;;1;Serviço;Despesa orçamentária;1;106399;ANALISTA  ESPECIALIZADO  EM INFRAESTRUTURA - 30H, 36H, 40H  OU 44H;CARGA HORARIA 40,00 HORAS POR SEMANA;1261;3704;3,0;26832,17;80496,51
1260 - SECRETARIA DE ESTADO DE EDUCACAO;Nota fiscal;33.224.254/0001-42;MGS MINAS GERAIS ADMINISTRACAO E SERVICOS S/A;202600032021;;1;Serviço;Despesa orçamentária;2;63525;PORTEIRO - 30H, 40H OU 44H;CARGA HORARIA 40,00 HORAS POR SEMANA;1261;3704;1,0;5133,51;5133,51
1260 - SECRETARIA DE ESTADO DE EDUCACAO;Nota fiscal;33.224.254/0001-42;MGS MINAS GERAIS ADMINISTRACAO E SERVICOS S/A;202600032021;;1;Serviço;Despesa orçamentária;3;63363;MOTORISTA DE VEICULO DE SERVICO - 44H;CARGA HORARIA 44,00 HORAS POR SEMANA;1261;3704;2,7667;6407,9517;17728,88
1260 - SECRETARIA DE ESTADO DE EDUCACAO;Nota fiscal;33.224.254/0001-42;MGS MINAS GERAIS ADMINISTRACAO E SERVICOS S/A;202600032021;;1;Serviço;Despesa orçamentária;4;63584;RECEPCIONISTA - 30H, 36H, 40H OU 44H;CARGA HORARIA 40,00 HORAS POR SEMANA;1261;3704;1,0;6953,73;6953,73
1260 - SECRETARIA DE ESTADO DE EDUCACAO;Nota fiscal;33.224.254/0001-42;MGS MINAS GERAIS ADMINISTRACAO E SERVICOS S/A;202600032021;;1;Serviço;Despesa orçamentária;5;63339;SUPORTE ADMINISTRATIVO - 30H, 36H, 40H OU 44H;CARGA HORARIA 40,00 HORAS POR SEMANA;1261;3704;6,4;6323,8;40472,32
2270 - FUNDACAO HOSPITALAR DO ESTADO DE MINAS GERAIS;Nota fiscal;00.610.681/0005-33;HOSP-PHARMA MANIPULACAO E SUPRIMENTOS LTDA;22522;;1;Consumo;Despesa orçamentária;1;1656090;"FORMULA NUTRICAO PARENTERAL -  IDENTIFICACAO:   PARA NEONATO E LACTENTE COM LIPIDEO; FORMA FARMACEUTICA:   EMULSAO INJETAVEL ESTERIL E APIROGENICA; APRESENTACAO:   BOLSA PLASTICA (E.V.A.) ATE 600 ML;";MILILITRO;2271;3012;774,5278;2,33;1804,65
2270 - FUNDACAO HOSPITALAR DO ESTADO DE MINAS GERAIS;Nota fiscal;18.269.125/0001-87;BIOHOSP PRODUTOS HOSPITALARES SA;791027;1;1;Consumo;Despesa orçamentária;1;1949586;"SOLUCAO PROTETORA CUTANEA -  APRESENTACAO:   CREME BARREIRA; COMPONENTE:   CICLOMETICONA E/OU DIMETICONA, AGENTES EMOLIENTES;";1,00 UNIDADE;2271;3010;2900,0;15,28;44312,0
2270 - FUNDACAO HOSPITALAR DO ESTADO DE MINAS GERAIS;Nota fiscal;18.269.125/0001-87;BIOHOSP PRODUTOS HOSPITALARES SA;791027;1;1;Consumo;Despesa orçamentária;2;1667416;"DISPOSITIVO FIXACAO USO MEDICO-HOSPITALAR -  IDENTIFICACAO:   FIXACAO DE TUBOS E SONDAS NASAIS ; TIPO:   DESCARTAVEL;";1,00 UNIDADE;2271;3010;14900,0;2,79;41571,0
1320 - SECRETARIA DE ESTADO DA SAUDE;Nota fiscal;33.224.254/0001-42;MGS MINAS GERAIS ADMINISTRACAO E SERVICOS S/A;202630398;;2;Serviço;Despesa orçamentária;1;106291;TRABALHADOR DA MANUTENCAO PREDIAL E INSTALACOES - 40H OU 44H;CARGA HORARIA 44,00 HORAS POR SEMANA;4291;3703;1,0;6862,65;6862,65
1320 - SECRETARIA DE ESTADO DA SAUDE;Nota fiscal;33.224.254/0001-42;MGS MINAS GERAIS ADMINISTRACAO E SERVICOS S/A;202630398;;2;Serviço;Despesa orçamentária;2;106089;AUXILIAR DE LIMPEZA - 22H, 30H, 36H, 40H OU 44H;CARGA HORARIA 44,00 HORAS POR SEMANA;4291;3703;13,8;4634,2985;63953,32
1320 - SECRETARIA DE ESTADO DA SAUDE;Nota fiscal;33.224.254/0001-42;MGS MINAS GERAIS ADMINISTRACAO E SERVICOS S/A;202630398;;2;Serviço;Despesa orçamentária;3;63827;SUPORTE ADMINISTRATIVO, 12X36, DIURNO - 44H;CARGA HORARIA 44,00 HORAS POR SEMANA;4291;3704;0,0243;7166,2551;174,14
1320 - SECRETARIA DE ESTADO DA SAUDE;Nota fiscal;33.224.254/0001-42;MGS MINAS GERAIS ADMINISTRACAO E SERVICOS S/A;202630398;;2;Serviço;Despesa orçamentária;4;63312;TELEFONISTA - 30H;CARGA HORARIA 30,00 HORAS POR SEMANA;4291;3704;7,0334;5729,4054;40297,2
1320 - SECRETARIA DE ESTADO DA SAUDE;Nota fiscal;33.224.254/0001-42;MGS MINAS GERAIS ADMINISTRACAO E SERVICOS S/A;202630398;;2;Serviço;Despesa orçamentária;5;63339;SUPORTE ADMINISTRATIVO - 30H, 36H, 40H OU 44H;CARGA HORARIA 40,00 HORAS POR SEMANA;4291;3704;166,5709;6545,0387;1090213,0
1320 - SECRETARIA DE ESTADO DA SAUDE;Nota fiscal;33.224.254/0001-42;MGS MINAS GERAIS ADMINISTRACAO E SERVICOS S/A;202630398;;2;Serviço;Despesa orçamentária;6;63339;SUPORTE ADMINISTRATIVO - 30H, 36H, 40H OU 44H;CARGA HORARIA 30,00 HORAS POR SEMANA;4291;3704;25,9001;5005,5015;129642,99
1320 - SECRETARIA DE ESTADO DA SAUDE;Nota fiscal;33.224.254/0001-42;MGS MINAS GERAIS ADMINISTRACAO E SERVICOS S/A;202630398;;2;Serviço;Despesa orçamentária;7;63517;TECNICO ESPECIALIZADO - 40H OU 44H;CARGA HORARIA 40,00 HORAS POR SEMANA;4291;3704;8,747;7930,0434;69364,09
1320 - SECRETARIA DE ESTADO DA SAUDE;Nota fiscal;33.224.254/0001-42;MGS MINAS GERAIS ADMINISTRACAO E SERVICOS S/A;202630398;;2;Serviço;Despesa orçamentária;8;63886;MOTORISTA DE CAMINHAO - 44H;CARGA HORARIA 44,00 HORAS POR SEMANA;4291;3704;1,0;7058,79;7058,79
1320 - SECRETARIA DE ESTADO DA SAUDE;Nota fiscal;33.224.254/0001-42;MGS MINAS GERAIS ADMINISTRACAO E SERVICOS S/A;202630398;;2;Serviço;Despesa orçamentária;9;64106;ASSISTENTE DE LOGISTICA - 40H OU 44H;CARGA HORARIA 40,00 HORAS POR SEMANA;4291;3704;4,8667;5774,5104;28102,81
1320 - SECRETARIA DE ESTADO DA SAUDE;Nota fiscal;33.224.254/0001-42;MGS MINAS GERAIS ADMINISTRACAO E SERVICOS S/A;202630398;;2;Serviço;Despesa orçamentária;10;106399;ANALISTA  ESPECIALIZADO  EM INFRAESTRUTURA - 30H, 36H, 40H  OU 44H;CARGA HORARIA 40,00 HORAS POR SEMANA;4291;3704;2,4;27770,9;66650,16
1320 - SECRETARIA DE ESTADO DA SAUDE;Nota fiscal;33.224.254/0001-42;MGS MINAS GERAIS ADMINISTRACAO E SERVICOS S/A;202630398;;2;Serviço;Despesa orçamentária;11;106453;ANALISTA ESPECIALIZADO EM SAUDE E MEIO AMBIENTE I - 20H,22H,30H, 36H, 40H OU 44H;CARGA HORARIA 44,00 HORAS POR SEMANA;4291;3704;4,0334;16245,7777;65525,72
1320 - SECRETARIA DE ESTADO DA SAUDE;Nota fiscal;33.224.254/0001-42;MGS MINAS GERAIS ADMINISTRACAO E SERVICOS S/A;202630398;;2;Serviço;Despesa orçamentária;12;106453;ANALISTA ESPECIALIZADO EM SAUDE E MEIO AMBIENTE I - 20H,22H,30H, 36H, 40H OU 44H;CARGA HORARIA 40,00 HORAS POR SEMANA;4291;3704;5,0334;14785,6339;74422,01
1320 - SECRETARIA DE ESTADO DA SAUDE;Nota fiscal;33.224.254/0001-42;MGS MINAS GERAIS ADMINISTRACAO E SERVICOS S/A;202630398;;2;Serviço;Despesa orçamentária;13;105554;ENCARREGADO  - 30H, 36H, 40H OU 44H;CARGA HORARIA 40,00 HORAS POR SEMANA;4291;3704;1,0;6421,66;6421,66
1320 - SECRETARIA DE ESTADO DA SAUDE;Nota fiscal;33.224.254/0001-42;MGS MINAS GERAIS ADMINISTRACAO E SERVICOS S/A;202630398;;2;Serviço;Despesa orçamentária;14;105660;PORTEIRO (COM SUBSTITUICAO) - 12X36 DIURNO - 44H;CARGA HORARIA 44,00 HORAS POR SEMANA;4291;3704;8,1;6466,4197;52378,0
1320 - SECRETARIA DE ESTADO DA SAUDE;Nota fiscal;33.224.254/0001-42;MGS MINAS GERAIS ADMINISTRACAO E SERVICOS S/A;202630398;;2;Serviço;Despesa orçamentária;15;105678;PORTEIRO (COM SUBSTITUICAO) - 12X36 NOTURNO - 44H;CARGA HORARIA 44,00 HORAS POR SEMANA;4291;3704;8,7;7896,6896;68701,2
1320 - SECRETARIA DE ESTADO DA SAUDE;Nota fiscal;33.224.254/0001-42;MGS MINAS GERAIS ADMINISTRACAO E SERVICOS S/A;202630398;;2;Serviço;Despesa orçamentária;16;105651;PORTEIRO (COM SUBSTITUICA) - 30H, 36H, 40H OU 44H;CARGA HORARIA 44,00 HORAS POR SEMANA;4291;3704;3,0;5862,69;17588,07
1320 - SECRETARIA DE ESTADO DA SAUDE;Nota fiscal;33.224.254/0001-42;MGS MINAS GERAIS ADMINISTRACAO E SERVICOS S/A;202630398;;2;Serviço;Despesa orçamentária;17;63657;AUXILIAR DE SERVICOS - 40H OU 44H;CARGA HORARIA 44,00 HORAS POR SEMANA;4291;3704;0,0334;4976,6467;166,22
1320 - SECRETARIA DE ESTADO DA SAUDE;Nota fiscal;33.224.254/0001-42;MGS MINAS GERAIS ADMINISTRACAO E SERVICOS S/A;202630398;;2;Serviço;Despesa orçamentária;18;64262;ELETRICISTA (PERICULOSIDADE) - 40H OU 44H;CARGA HORARIA 44,00 HORAS POR SEMANA;4291;3704;1,0;8396,44;8396,44
1320 - SECRETARIA DE ESTADO DA SAUDE;Nota fiscal;33.224.254/0001-42;MGS MINAS GERAIS ADMINISTRACAO E SERVICOS S/A;202630398;;2;Serviço;Despesa orçamentária;19;64467;HORA EXTRA;1,00 UNIDADE;4291;3705;1,0;3491,0;3491,0
1320 - SECRETARIA DE ESTADO DA SAUDE;Nota fiscal;33.224.254/0001-42;MGS MINAS GERAIS ADMINISTRACAO E SERVICOS S/A;202630398;;2;Serviço;Despesa orçamentária;20;64491;GRATIFICACAO DE FUNCAO;1,00 UNIDADE;4291;3705;1,0;16287,98;16287,98
1320 - SECRETARIA DE ESTADO DA SAUDE;Nota fiscal;33.224.254/0001-42;MGS MINAS GERAIS ADMINISTRACAO E SERVICOS S/A;202630398;;2;Serviço;Despesa orçamentária;21;64483;ADICIONAL INSALUBRIDADE 40%;1,00 UNIDADE;4291;3705;1,0;6226,85;6226,85
1320 - SECRETARIA DE ESTADO DA SAUDE;Nota fiscal;33.224.254/0001-42;MGS MINAS GERAIS ADMINISTRACAO E SERVICOS S/A;202630398;;2;Serviço;Despesa orçamentária;22;64475;ADICIONAL INSALUBRIDADE 20%;1,00 UNIDADE;4291;3705;1,0;47559,01;47559,01
1450 - SECRETARIA DE ESTADO DE JUSTICA E SEGURANCA PUBLIC;Nota fiscal;05.151.226/0001-07;EXPRESSO MINAS FRIOS LTDA;89546;2;1;Serviço;Despesa orçamentária;1;2461;SERVICO DE TRANSPORTE DE CARGA VIA RODOVIA;1,00 UNIDADE;1451;3906;43,0;8,75;376,25
1320 - SECRETARIA DE ESTADO DA SAUDE;Nota fiscal;07.432.517/0001-07;SIMPRESS COMERCIO LOCACAO E SERVICOS LTDA;454622;;1;Serviço;Despesa orçamentária;1;97292;LOCACAO DE IMPRESSORA MULTIFUNCIOAL MONOCROMATICA 38 PPM (OUTSOURCING ), PAPEL NAO INCLUSO;1,00 UNIDADE;4291;3919;4,0;118,07;472,28
1320 - SECRETARIA DE ESTADO DA SAUDE;Nota fiscal;07.432.517/0001-07;SIMPRESS COMERCIO LOCACAO E SERVICOS LTDA;454622;;1;Serviço;Despesa orçamentária;2;127680;LOCACAO DE IMPRESSORA COLORIDA 22 PPM (OUTSOURCING), PAPEL NAO INCLUSO;1,00 UNIDADE;4291;3919;1,0;153,0;153,0
1260 - SECRETARIA DE ESTADO DE EDUCACAO;Nota fiscal;01.779.585/0001-52;CENTRO EDUCACIONAL CONEXAO LTDA;127;;1;Serviço;Despesa orçamentária;1;109460;CURSO TECNICO PROFISSIONALIZANTE  EM ATENDIMENTO AO PROGRAMA TRILHAS DE FUTURO ;UNIDADE;1261;3949;2,0;13650,0;27300,0
1260 - SECRETARIA DE ESTADO DE EDUCACAO;Outros;***.378.046-**;LUIZ CARLOS DA CUNHA;8;;1;Serviço;Despesa orçamentária;1;4065;LOCACAO DE IMOVEL COMERCIAL -;1,00 MES;1261;3611;1,0;994,08;994,08
1260 - SECRETARIA DE ESTADO DE EDUCACAO;Nota fiscal;13.025.124/0001-73;IRMEP - INSTITUTO REGINA MATER DE EDUCACAO PROFISSIONAL LTDA ;202600000031992;;1;Serviço;Despesa orçamentária;1;109460;CURSO TECNICO PROFISSIONALIZANTE  EM ATENDIMENTO AO PROGRAMA TRILHAS DE FUTURO ;UNIDADE;1261;3949;3,0;13344,5333;40033,6
2270 - FUNDACAO HOSPITALAR DO ESTADO DE MINAS GERAIS;Nota fiscal;00.610.681/0005-33;HOSP-PHARMA MANIPULACAO E SUPRIMENTOS LTDA;22436;;1;Consumo;Despesa orçamentária;1;1656090;"FORMULA NUTRICAO PARENTERAL -  IDENTIFICACAO:   PARA NEONATO E LACTENTE COM LIPIDEO; FORMA FARMACEUTICA:   EMULSAO INJETAVEL ESTERIL E APIROGENICA; APRESENTACAO:   BOLSA PLASTICA (E.V.A.) ATE 600 ML;";MILILITRO;2271;3012;667,9184;2,33;1556,25
2270 - FUNDACAO HOSPITALAR DO ESTADO DE MINAS GERAIS;Nota fiscal;13.008.903/0001-60;MILLENIUM COMERCIO SERVICO LTDA - EPP;7045;1;1;Consumo;Despesa orçamentária;1;512931;"SUPORTE PARA COLETOR MATERIAL PERFUROCORTANTE -  MATERIA-PRIMA:   EM ARAME NA MEDIDA PADRAO DO COLETOR; APLICACAO:   COLETOR COM CAPACIDADE DE 13 LITROS; BASE:   BASE PARA FIXACAO NA PAREDE; COR:   CONFORME SOLICITADO PELO ORGAO/ENTIDADE;";1,00 UNIDADE;2271;3010;10,0;64,72;647,2
1250 - POLICIA MILITAR DE MINAS GERAIS;Nota fiscal;34.274.233/0025-71;VIBRA ENERGIA S.A;4977407;;1;Consumo;Despesa orçamentária;1;1325876;"OLEO DIESEL COMBUSTIVEL AUTOMOTIVO -  TIPO:   S10 (MENOS ENXOFRE);";1,00 LITRO;1251;3026;5000,0;4,3962;21981,0
1260 - SECRETARIA DE ESTADO DE EDUCACAO;Outros;33.224.254/0001-42;MGS MINAS GERAIS ADMINISTRACAO E SERVICOS S/A;705519;;1;Serviço;Despesa orçamentária;1;66311;VALE-ALIMENTACAO - MGS;1,00 UNIDADE;1261;3705;1,0;526,51;526,51
2060 - FUNDACAO JOAO PINHEIRO;Nota fiscal;61.797.924/0001-55;HEWLETT-PACKARD BRASIL LTDA;708065;;1;Serviço;Despesa orçamentária;1;27448;SERVICOS DE EXTENSAO DE GARANTIA DE SERVIDORES;1,00 UNIDADE;2061;4002;1,0;261,47;261,47
1260 - SECRETARIA DE ESTADO DE EDUCACAO;Nota fiscal;33.224.254/0001-42;MGS MINAS GERAIS ADMINISTRACAO E SERVICOS S/A;202600032017;;1;Serviço;Despesa orçamentária;1;64459;DIARIA DE VIAGEM;1,00 UNIDADE;1261;3705;1,0;5467,49;5467,49
1260 - SECRETARIA DE ESTADO DE EDUCACAO;Nota fiscal;01.779.585/0001-52;CENTRO EDUCACIONAL CONEXAO LTDA;128;;1;Serviço;Despesa orçamentária;1;109460;CURSO TECNICO PROFISSIONALIZANTE  EM ATENDIMENTO AO PROGRAMA TRILHAS DE FUTURO ;UNIDADE;1261;3949;2,0;7500,0;15000,0
2270 - FUNDACAO HOSPITALAR DO ESTADO DE MINAS GERAIS;Nota fiscal;00.610.681/0005-33;HOSP-PHARMA MANIPULACAO E SUPRIMENTOS LTDA;22313;;1;Consumo;Despesa orçamentária;1;1656090;"FORMULA NUTRICAO PARENTERAL -  IDENTIFICACAO:   PARA NEONATO E LACTENTE COM LIPIDEO; FORMA FARMACEUTICA:   EMULSAO INJETAVEL ESTERIL E APIROGENICA; APRESENTACAO:   BOLSA PLASTICA (E.V.A.) ATE 600 ML;";MILILITRO;2271;3012;230,02;2,33;535,95
1250 - POLICIA MILITAR DE MINAS GERAIS;Nota fiscal;34.274.233/0387-62;VIBRA ENERGIA S.A;270290;;1;Consumo;Despesa orçamentária;1;14516;"ALCOOL COMBUSTIVEL AUTOMOTIVO -  TIPO:   HIDRATADO;";1,00 LITRO;1251;3026;5000,0;2,9333;14666,88
2060 - FUNDACAO JOAO PINHEIRO;Nota fiscal;61.797.924/0001-55;HEWLETT-PACKARD BRASIL LTDA;708064;;1;Serviço;Despesa orçamentária;1;27448;SERVICOS DE EXTENSAO DE GARANTIA DE SERVIDORES;1,00 UNIDADE;2061;4002;1,0;1921,24;1921,24
1510 - POLICIA CIVIL DO ESTADO DE MINAS GERAIS;Nota fiscal;67.729.178/0002-20;COMERCIAL CIRURGICA RIOCLARENSE LTDA;943426;;1;Consumo;Despesa orçamentária;1;1696785;"COMPRESSA DE GAZE HIDROFILA -  MATERIA-PRIMA:   100% ALGODAO; ESTERIL:   SIM; DIMENSOES (L X C ):   7,5 CM X 7,5 CM FECHADA - 15 CM X 30 CM ABERTA; NUMERO DE FIOS:   13 FIOS/CM2; DOBRAS:   5; CAMADAS:   8; APRESENTACAO:   PACOTE 10 UN;";PACOTES;1511;3010;2100,0;0,546;1146,6
1260 - SECRETARIA DE ESTADO DE EDUCACAO;Outros;33.224.254/0001-42;MGS MINAS GERAIS ADMINISTRACAO E SERVICOS S/A;705508;;1;Serviço;Despesa orçamentária;1;66311;VALE-ALIMENTACAO - MGS;1,00 UNIDADE;1261;3705;1,0;7366,84;7366,84
2270 - FUNDACAO HOSPITALAR DO ESTADO DE MINAS GERAIS;Nota fiscal;05.194.502/0001-14;ALFALAGOS LTDA ;435596;1;1;Consumo;Despesa orçamentária;1;1233882;"AGULHA DESCARTAVEL -  MEDIDAS (C X D):   13 X 0,45 MM COM DISPOSITIVO DE SEGURANCA; ESTERIL:   SIM;";1,00 UNIDADE;2271;3010;14600,0;0,29;4234,0
1260 - SECRETARIA DE ESTADO DE EDUCACAO;Nota fiscal;01.282.149/0001-73;EDUCACIONAL MARTINS ANDRADE LTDA;33497;;1;Serviço;Despesa orçamentária;1;109460;CURSO TECNICO PROFISSIONALIZANTE  EM ATENDIMENTO AO PROGRAMA TRILHAS DE FUTURO ;UNIDADE;1261;3949;1,0;18612,72;18612,72
1250 - POLICIA MILITAR DE MINAS GERAIS;Nota fiscal;34.274.233/0387-62;VIBRA ENERGIA S.A;270291;;1;Consumo;Despesa orçamentária;1;1325876;"OLEO DIESEL COMBUSTIVEL AUTOMOTIVO -  TIPO:   S10 (MENOS ENXOFRE);";1,00 LITRO;1251;3026;5000,0;4,3962;21981,0
1250 - POLICIA MILITAR DE MINAS GERAIS;Nota fiscal;48.500.033/0001-27;OFICINA MART CAR ASSINTENCIA TECNICA AUTOMOTIVA LTDA;186;;1;Serviço;Despesa orçamentária;1;25593;MANUTENCAO E REPARO EM VEICULOS LEVES;HORA;1251;3918;1,0;307,35;307,35
1260 - SECRETARIA DE ESTADO DE EDUCACAO;Nota fiscal;01.779.585/0001-52;CENTRO EDUCACIONAL CONEXAO LTDA;123;;1;Serviço;Despesa orçamentária;1;109460;CURSO TECNICO PROFISSIONALIZANTE  EM ATENDIMENTO AO PROGRAMA TRILHAS DE FUTURO ;UNIDADE;1261;3949;1,0;18224,72;18224,72
1090 - PROCURADORIA GERAL DE JUSTICA;Nota fiscal;21.306.287/0001-52;TECNO 2000 INDUSTRIA E COMERCIO LTDA;59163;1;1;Permanente;Despesa orçamentária;1;1848062;"CADEIRA PARA ESCRITORIO -  APOIA-BRACOS:   PULIORETANO; CONTRA-ENCOSTO:   TELA; PES:   RODIZIOS; TIPO:   GIRATORIA; FINALIDADE:   FUNCIONARIO; CONTRA-ASSENTO:   PRE MOLDADO EM SINTETICO; REGULAGEM:   ASSENTO; ENCOSTO E BRACOS;";1,00 UNIDADE;1091;5214;300,0;1286,31;385893,0
2270 - FUNDACAO HOSPITALAR DO ESTADO DE MINAS GERAIS;Nota fiscal;00.610.681/0005-33;HOSP-PHARMA MANIPULACAO E SUPRIMENTOS LTDA;22311;;1;Consumo;Despesa orçamentária;1;1656090;"FORMULA NUTRICAO PARENTERAL -  IDENTIFICACAO:   PARA NEONATO E LACTENTE COM LIPIDEO; FORMA FARMACEUTICA:   EMULSAO INJETAVEL ESTERIL E APIROGENICA; APRESENTACAO:   BOLSA PLASTICA (E.V.A.) ATE 600 ML;";MILILITRO;2271;3012;594,618;2,33;1385,46
1300 - SECRET. DE ESTADO DE INFRAESTRUTURA E MOBILIDADE;Nota fiscal;02.189.924/0006-18;DELOITTE TOUCHE TOHMATSU CONSULTORES LTDA.;524;;1;Serviço;Despesa orçamentária;1;23116;SERVICOS ESPECIALIZADOS EM MONITORAMENTO E ANALISE DE  DESEMPENHO DE CONCESSIONARIA EM PARCERIA PUBLICO PRIVADA - PPP;1,00 UNIDADE;1301;3975;1,0;16262,27;16262,27
2270 - FUNDACAO HOSPITALAR DO ESTADO DE MINAS GERAIS;Nota fiscal;20.858.411/0001-20;AMGS COMERCIO E REPRESENTACOES LTDA;645501;2;1;Consumo;Despesa orçamentária;1;5871743;"HASTES DE FIXACAO USO MEDICO CIRURGICO -  IDENTIFICACAO:   INTRAMEDULAR BLOQUEADA DE TIBIA; MATERIA-PRIMA:   ACO INOXIDAVEL;";1,00 UNIDADE;2271;3010;1,0;1242,27;1242,27
1500 - SECRETARIA DE ESTADO DE PLANEJAMENTO E GESTAO;Nota fiscal;16.636.540/0001-04;COMPANHIA DE TECNOLOGIA DA INFORMACAO DO ESTADO DE MINAS GERAIS-PRODEMGE;71372026;;1;Serviço;Despesa orçamentária;1;97144;DESENVOLVIMENTO E MANUTENCAO DE SISTEMAS DE INFORMACAO UTILIZANDO METODOLOGIA AGIL -;HORA;1501;4009;1409,0;167,0;235303,0
1260 - SECRETARIA DE ESTADO DE EDUCACAO;Nota fiscal;01.779.585/0001-52;CENTRO EDUCACIONAL CONEXAO LTDA;125;;1;Serviço;Despesa orçamentária;1;109460;CURSO TECNICO PROFISSIONALIZANTE  EM ATENDIMENTO AO PROGRAMA TRILHAS DE FUTURO ;UNIDADE;1261;3949;2,0;9818,53;19637,06
2270 - FUNDACAO HOSPITALAR DO ESTADO DE MINAS GERAIS;Nota fiscal;20.858.411/0001-20;AMGS COMERCIO E REPRESENTACOES LTDA;645508;2;1;Consumo;Despesa orçamentária;1;422436;"PLACA DE FIXACAO USO MEDICO CIRURGICO -  IDENTIFICACAO:   ANATOMICA, MINIMAMENTE INVASIVA, PARA TIBIA DISTAL; MATERIA-PRIMA:   ACO INOXIDAVEL ANTIMAGNETICO;";1,00 UNIDADE;2271;3010;1,0;1378,63;1378,63
2270 - FUNDACAO HOSPITALAR DO ESTADO DE MINAS GERAIS;Nota fiscal;20.858.411/0001-20;AMGS COMERCIO E REPRESENTACOES LTDA;645508;2;1;Consumo;Despesa orçamentária;2;537454;"PARAFUSO DE FIXACAO USO MEDICO CIRURGICO -  IDENTIFICACAO:   ASSOCIAVEIS A PLACA, CORTICAL; MATERIA-PRIMA:   ACO INOXIDAVEL; TAMANHO:   3,5MM DE DIAMETRO;";1,00 UNIDADE;2271;3010;1,0;20,04;20,04
2270 - FUNDACAO HOSPITALAR DO ESTADO DE MINAS GERAIS;Nota fiscal;20.858.411/0001-20;AMGS COMERCIO E REPRESENTACOES LTDA;645508;2;1;Consumo;Despesa orçamentária;3;998508;"PARAFUSO DE FIXACAO USO MEDICO CIRURGICO -  IDENTIFICACAO:   PARAFUSO DE BLOQUEIO STARDRIVE, AUTO-ROSQUEANTE; MATERIA-PRIMA:   ACO INOXIDAVEL; TAMANHO:   DIVERSOS; DIAMETRO 3,5MM;";1,00 UNIDADE;2271;3010;7,0;110,48;773,36
1250 - POLICIA MILITAR DE MINAS GERAIS;Nota fiscal;21.074.398/0001-80;CLOVISCAR LTDA - EPP;13234;1;1;Serviço;Despesa orçamentária;1;25615;MANUTENCAO E REPARO EM VEICULOS MEDIOS;HORA;1251;3918;20,8248;130,0002;2707,23
2270 - FUNDACAO HOSPITALAR DO ESTADO DE MINAS GERAIS;Nota fiscal;00.610.681/0005-33;HOSP-PHARMA MANIPULACAO E SUPRIMENTOS LTDA;22204;;1;Consumo;Despesa orçamentária;1;1656090;"FORMULA NUTRICAO PARENTERAL -  IDENTIFICACAO:   PARA NEONATO E LACTENTE COM LIPIDEO; FORMA FARMACEUTICA:   EMULSAO INJETAVEL ESTERIL E APIROGENICA; APRESENTACAO:   BOLSA PLASTICA (E.V.A.) ATE 600 ML;";MILILITRO;2271;3012;811,266;2,33;1890,25
1260 - SECRETARIA DE ESTADO DE EDUCACAO;Nota fiscal;49.397.537/0001-26;IMPORT TECH COMERCIO IMPORTACAO E EXPORTACAO LTDA;1550;1;1;Consumo;Despesa extra orçamentária;1;1983520;"KIT DE MATERIAL ESCOLAR (DISTRIBUICAO GRATUITA) -  COMPONENTES:   1 MOCHILA ESCOLAR; COMPONENTES (2):   1 ESTOJO ESCOLAR;";UNIDADE;1261;3007;403,0;34,0;13702,0
2270 - FUNDACAO HOSPITALAR DO ESTADO DE MINAS GERAIS;Nota fiscal;00.610.681/0005-33;HOSP-PHARMA MANIPULACAO E SUPRIMENTOS LTDA;22097;;1;Consumo;Despesa orçamentária;1;1656090;"FORMULA NUTRICAO PARENTERAL -  IDENTIFICACAO:   PARA NEONATO E LACTENTE COM LIPIDEO; FORMA FARMACEUTICA:   EMULSAO INJETAVEL ESTERIL E APIROGENICA; APRESENTACAO:   BOLSA PLASTICA (E.V.A.) ATE 600 ML;";MILILITRO;2271;3012;776,1888;2,33;1808,52
1220 - SECRETARIA DE DESENVOLVIMENTO ECONOMICO;Outros;02.421.421/0001-11;TIM S A;5833992505;;1;Serviço;Despesa orçamentária;1;132276;PLANO DE VOZ NACIONAL ILIMITADO E DADOS 50 GB - ACESSO A INTERNET - COM COMODATO DE APARELHO CELULAR PADRAO;1,00 UNIDADE;1221;4004;21,0;31,03;651,63
1220 - SECRETARIA DE DESENVOLVIMENTO ECONOMICO;Outros;02.421.421/0001-11;TIM S A;5833992505;;1;Serviço;Despesa orçamentária;2;132284;PLANO DE VOZ NACIONAL ILIMITADO E DADOS 100 GB - ACESSO A INTERNET - COM COMODATO DE APARELHO CELULAR PADRAO;1,00 UNIDADE;1221;4004;30,0;32,25;967,5
1220 - SECRETARIA DE DESENVOLVIMENTO ECONOMICO;Outros;02.421.421/0001-11;TIM S A;5833992505;;1;Serviço;Despesa orçamentária;3;132314;PLANO DADOS - 100 GB - ACESSO A INTERNET - COM COMODATO DE MODEM MOVEL;1,00 UNIDADE;1221;4004;50,0;8,6;430,0
2270 - FUNDACAO HOSPITALAR DO ESTADO DE MINAS GERAIS;Nota fiscal;20.858.411/0001-20;AMGS COMERCIO E REPRESENTACOES LTDA;645509;2;1;Consumo;Despesa orçamentária;1;237132;"PLACA DE COMPRESSAO DINAMICA-  ESPESSURA:   3,5MM; MATERIA PRIMA:   ACO;";1,00 UNIDADE;2271;3010;1,0;240,13;240,13
1250 - POLICIA MILITAR DE MINAS GERAIS;Nota fiscal;26.395.502/0001-52;DENTAL UNIVERSO LTDA;18063;;1;Consumo;Despesa orçamentária;1;286664;"MATERIAL PARA POLIMENTO/ACABAMENTO ODONTOLOGICO  -  IDENTIFICACAO:   KIT DE PONTAS DE BORRACHA SILICONIZADA; APRESENTACAO:   KIT COM 6 UNIDADES; APLICACAO:   ACABAMENTO DE RESINAS TODAS AS CLASSES;";KIT 1,00 KIT;1251;3011;70,0;32,67;2286,9
1260 - SECRETARIA DE ESTADO DE EDUCACAO;Outros;33.224.254/0001-42;MGS MINAS GERAIS ADMINISTRACAO E SERVICOS S/A;705518;;1;Serviço;Despesa orçamentária;1;66290;ACERTOS RETROATIVOS;1,00 UNIDADE;1261;3705;1,0;54,54;54,54
1260 - SECRETARIA DE ESTADO DE EDUCACAO;Outros;***.055.856-**;ADEMAR RIBEIRO;8;;1;Serviço;Despesa orçamentária;1;4065;LOCACAO DE IMOVEL COMERCIAL -;1,00 MES;1261;3611;1,0;750,0;750,0
2330 - INSTITUTO DE METROLOGIA E QUALIDADE DE MG;Outros;17.281.106/0001-03;COMPANHIA DE SANEAMENTO DE MINAS GERAIS COPASA MG;126605872562;;1;Serviço;Despesa orçamentária;1;43540;FORNECIMENTO DE AGUA, COLETA E TRATAMENTO DE ESGOTO;UNIDADE;2331;3972;1,0;98,7;98,7
2270 - FUNDACAO HOSPITALAR DO ESTADO DE MINAS GERAIS;Nota fiscal;20.858.411/0001-20;AMGS COMERCIO E REPRESENTACOES LTDA;645511;2;1;Consumo;Despesa orçamentária;1;26972;"PARAFUSO DE FIXACAO USO MEDICO CIRURGICO -  IDENTIFICACAO:   PARAFUSO DE BLOQUEIO AUTOROSCANTE; MATERIA-PRIMA:   ACO INOXIDAVEL ANTIMAGNETICO; TAMANHO:   14MM A 60MM;";1,00 UNIDADE;2271;3010;5,0;110,48;552,4
2270 - FUNDACAO HOSPITALAR DO ESTADO DE MINAS GERAIS;Nota fiscal;20.858.411/0001-20;AMGS COMERCIO E REPRESENTACOES LTDA;645511;2;1;Consumo;Despesa orçamentária;2;1233580;"PLACA DE FIXACAO USO MEDICO CIRURGICO -  IDENTIFICACAO:   RETA, LARGA PARA SISTEMA GRANDES FRAGMENTOS 4.5MM; MATERIA-PRIMA:   EM ACO INOXIDAVEL ANTIMAGNETICO;";1,00 UNIDADE;2271;3010;1,0;1435,5;1435,5
2270 - FUNDACAO HOSPITALAR DO ESTADO DE MINAS GERAIS;Nota fiscal;20.858.411/0001-20;AMGS COMERCIO E REPRESENTACOES LTDA;645511;2;1;Consumo;Despesa orçamentária;3;537462;"PARAFUSO DE FIXACAO USO MEDICO CIRURGICO -  IDENTIFICACAO:   ASSOCIAVEIS A PLACA, CORTICAL; MATERIA-PRIMA:   ACO INOXIDAVEL; TAMANHO:   4,5MM DE DIAMETRO;";1,00 UNIDADE;2271;3010;3,0;25,95;77,85
2320 - FUNDACAO CENTRO DE HEMATOLOGIA E HEMOTERAPIA DE MG;Nota fiscal;50.429.810/0001-36;SAPRA LANDAUER SERVICO DE ASSESSORIA E PROTECAO RADIOLOGICA LTDA.;43744;;1;Serviço;Despesa orçamentária;1;22314;SERVICOS DE MONITORAMENTO RADIOLOGICO;1,00 UNIDADE;2321;3998;1,0;219,52;219,52
1250 - POLICIA MILITAR DE MINAS GERAIS;Nota fiscal;26.395.502/0001-52;DENTAL UNIVERSO LTDA;18101;;1;Consumo;Despesa orçamentária;1;132438;"PAPEL DE ARTICULACAO USO ODONTO -  FINALIDADE:   REGISTRO OCLUSAL APOS REALIZACAO DE RESTAURACOES; ESPESSURA:   0,01MM A 0,03MM; TIPO:   ARCADA PARCIAL;";CAIXA 280,00 UNIDADE;1251;3011;147,0;144,42;21229,74
1250 - POLICIA MILITAR DE MINAS GERAIS;Nota fiscal;26.395.502/0001-52;DENTAL UNIVERSO LTDA;18101;;1;Consumo;Despesa orçamentária;2;773298;"PINO PRE-FABRICADO USO ODONTO -  MATERIA PRIMA:   FIBRA DE VIDRO-RADIOPACO; APRESENTACAO:   ENVELOPE COM 05 UNIDADES (REPOSICAO); TAMANHO:   20MM; DIAMETRO CERVICAL:   1,1MM(PEQUENO); DIAMETRO APICAL:   0,7MM;";1,00 UNIDADE;1251;3011;58,0;30,04;1742,32
1250 - POLICIA MILITAR DE MINAS GERAIS;Nota fiscal;26.395.502/0001-52;DENTAL UNIVERSO LTDA;18101;;1;Consumo;Despesa orçamentária;3;147320;"SUPORTE PARA APOIO DE LIMAS ENDODONTICAS -  APLICACAO:   ACONDICIONAR LIMAS ENDODONTICAS; MATERIA PRIMA:   PLASTICO RESISTENTE AUTOCLAVAVEL; EMBALAGEM:   01 UNIDADE E 30 REFIS PARA APOIO;";1,00 UNIDADE;1251;3011;70,0;20,59;1441,3
1260 - SECRETARIA DE ESTADO DE EDUCACAO;Nota fiscal;01.282.149/0001-73;EDUCACIONAL MARTINS ANDRADE LTDA;33496;;1;Serviço;Despesa orçamentária;1;109460;CURSO TECNICO PROFISSIONALIZANTE  EM ATENDIMENTO AO PROGRAMA TRILHAS DE FUTURO ;UNIDADE;1261;3949;1,0;7523,34;7523,34
2010 - INST.DE PREVIDENCIA DOS SERVIDORES DO EST.M.GERAIS;Nota fiscal;00.331.788/0031-34;AIR LIQUIDE BRASIL LTDA;482730;200;1;Consumo;Despesa orçamentária;1;1083678;"OXIGENIO -  TIPO:   MEDICINAL LIQUEFEITO, GRAU DE PUREZA: MINIMO 99,5%; ARMAZENAMENTO:   EM TANQUE CRIOGENICO DE OXIGENIO MEDICINAL; FORMULA MOLECULAR:   O2; PESO MOLECULAR:   32,00; APARENCIA E ODOR:   GAS INCOLOR E INODORO; FINALIDADE:   RESP. HUMANA, OXIGENOTERAPIA, TERAPIA HIPERBARICA;";1,00 METRO CUBICO;2011;3013;4665,0;2,15;10029,75
2270 - FUNDACAO HOSPITALAR DO ESTADO DE MINAS GERAIS;Nota fiscal;76.619.113/0001-31;LABORCLIN PROD PARA LABORATORIOS LIMITADA;5703;;1;Consumo;Despesa orçamentária;1;305430;"BASE AGAR COLUMBIA -  APRESENTACAO:   PLACA 90 X 15MM; FINALIDADE:   IDENTIFICACAO DE BACTERIAS HEMOLITICAS; COMPOSICAO (1):   COLUMBIA; COMPOSICAO (2):   MAIS 5 PORCENTO DE SANGUE DE CARNEIRO;";1,00 UNIDADE;2271;3013;200,0;3,259;651,8
1090 - PROCURADORIA GERAL DE JUSTICA;Nota fiscal;08.804.604/0001-00;AVOHAI EVENTOS LTDA -ME;124;;1;Serviço;Despesa orçamentária;1;19925;SERVICOS DE IMPRESSAO GRAFICA;1,00 UNIDADE;1091;3931;1,0;1000,0;1000,0
2270 - FUNDACAO HOSPITALAR DO ESTADO DE MINAS GERAIS;Nota fiscal;76.619.113/0001-31;LABORCLIN PROD PARA LABORATORIOS LIMITADA;5578;;1;Consumo;Despesa orçamentária;1;272710;"AGAR CHOCOLATE -  APRESENTACAO:   EM PLACAS DE PETRI; FINALIDADE:   MEIO DE ISOLAMENTO BACTERIA NEICERIA/HAEMOFITOS;";1,00 UNIDADE;2271;3013;50,0;3,8;190,0
2270 - FUNDACAO HOSPITALAR DO ESTADO DE MINAS GERAIS;Nota fiscal;76.619.113/0001-31;LABORCLIN PROD PARA LABORATORIOS LIMITADA;5578;;1;Consumo;Despesa orçamentária;2;807702;"AGAR SAL MANITOL -  APRESENTACAO:   PLACA 90 X 15, CONTENDO 6,5 % DE NACL; FINALIDADE:   IDENTIFICACAO DE STAPHYLOCOCUS SP;";1,00 UNIDADE;2271;3013;50,0;3,999;199,95
2010 - INST.DE PREVIDENCIA DOS SERVIDORES DO EST.M.GERAIS;Nota fiscal;67.423.152/0001-78;IBG INDUSTRIA BRASILEIRA DE GASES S.A.;573610;;1;Consumo;Despesa orçamentária;1;1705598;"GASES MEDICINAIS -  ASPECTO:   GAS INCOLOR; IDENTIFICACAO:   OXIGENIO COMPRIMIDO CAS: 7782-44-7; APRESENTACAO:   CILINDRO; CONCENTRACAO:   MINIMO 99,5%; COMPOSICAO:   OXIGENIO;";METRO CUBICO;2011;3010;7,0;115,55;808,85
1260 - SECRETARIA DE ESTADO DE EDUCACAO;Nota fiscal;49.397.537/0001-26;IMPORT TECH COMERCIO IMPORTACAO E EXPORTACAO LTDA;1547;1;1;Consumo;Despesa extra orçamentária;1;1983520;"KIT DE MATERIAL ESCOLAR (DISTRIBUICAO GRATUITA) -  COMPONENTES:   1 MOCHILA ESCOLAR; COMPONENTES (2):   1 ESTOJO ESCOLAR;";UNIDADE;1261;3007;165,0;34,0;5610,0
2010 - INST.DE PREVIDENCIA DOS SERVIDORES DO EST.M.GERAIS;Nota fiscal;06.025.158/0001-00;OX-GENIUM EQUIPAMENTOS MEDICOS HOSPITALARES LTDA - EPP;403;900;1;Serviço;Despesa orçamentária;1;3948;MANUTENCAO, REPAROS, ADAPTACAO E CONSERVACAO  EM FORNOS, CENTRAIS DE VAPOR E EQUIPAMENTOS PARA SECAGEM;1,00 UNIDADE;2011;3921;1,0;1458,33;1458,33
1250 - POLICIA MILITAR DE MINAS GERAIS;Outros;21.074.398/0001-80;CLOVISCAR LTDA - EPP;259;;1;Serviço;Despesa orçamentária;1;25615;MANUTENCAO E REPARO EM VEICULOS MEDIOS;HORA;1251;3918;6,3833;130,0001;829,83
2010 - INST.DE PREVIDENCIA DOS SERVIDORES DO EST.M.GERAIS;Nota fiscal;07.904.585/0001-13;MINASFAR COMERCIO, IMPORTACAO E EXPORTACAO DE MATERIAIS HOSPITALARES LTDA;169298;1;1;Consumo;Despesa orçamentária;1;1317253;"PROTESE -  IDENTIFICACAO:   KIT ENDOPROTESE BIFURCADA P/ANEURISNA AORTA ABDOM.; MATERIA-PRIMA:   DACRON,PTFE OU SIMILAR/ACO INOX,NITINOL OU SIMILAR;";UNIDADE;2011;3010;1,0;42900,0;42900,0
2010 - INST.DE PREVIDENCIA DOS SERVIDORES DO EST.M.GERAIS;Nota fiscal;07.904.585/0001-13;MINASFAR COMERCIO, IMPORTACAO E EXPORTACAO DE MATERIAIS HOSPITALARES LTDA;169298;1;1;Consumo;Despesa orçamentária;2;1317270;"PROTESE -  IDENTIFICACAO:   EXTENSAO DE ENDOPROTESE PARA ANEURISMA DE AORTA; MATERIA-PRIMA:   DACRON,PTFE OU SIMILAR/ACO INOX,NITINOL OU SIMILAR;";UNIDADE;2011;3010;1,0;9180,0;9180,0
1260 - SECRETARIA DE ESTADO DE EDUCACAO;Outros;33.224.254/0001-42;MGS MINAS GERAIS ADMINISTRACAO E SERVICOS S/A;705507;;1;Serviço;Despesa orçamentária;1;155250;CARTAO CESTA BASICA - MGS;1,00 UNIDADE;1261;3705;1,0;1557,83;1557,83
2270 - FUNDACAO HOSPITALAR DO ESTADO DE MINAS GERAIS;Nota fiscal;00.874.929/0001-40;MED CENTER COMERCIAL LTDA;724951;;2;Consumo;Despesa orçamentária;1;1524313;"LEUPRORRELINA -  PRINCIPIO ATIVO:   LEUPRORRELINA, ACETATO; CONCENTRACAO/DOSAGEM:   3,75 MG; FORMA FARMACEUTICA:   PO LIOFILIZADO PARA SOLUCAO INJETAVEL; APRESENTACAO:   FRASCO-AMPOLA; COMPONENTE:   AMPOLA DILUENTE + SERINGA + AGULHA;";FRASCO-AMPOLA;2271;3012;2,0;258,0;516,0
2010 - INST.DE PREVIDENCIA DOS SERVIDORES DO EST.M.GERAIS;Nota fiscal;08.051.684/0001-62;A & C COMERCIO, IMPORTACAO, EXPORTACAO E REPRESENTACAO DE PRODUTOS MEDICO HOSPITALAR LTDA;39665;1;1;Consumo;Despesa orçamentária;1;1750380;"KIT CANULA -  IDENTIFICACAO:   KIT DE RASPAGEM OSSEA, DESCARTAVEL; FINALIDADE:   ENDOSCOPIA DE COLUNA;";1,00 UNIDADE;2011;3010;1,0;15394,89;15394,89
2010 - INST.DE PREVIDENCIA DOS SERVIDORES DO EST.M.GERAIS;Nota fiscal;08.051.684/0001-62;A & C COMERCIO, IMPORTACAO, EXPORTACAO E REPRESENTACAO DE PRODUTOS MEDICO HOSPITALAR LTDA;39665;1;1;Consumo;Despesa orçamentária;2;1703420;"BROCA USO MEDICO CIRURGICO -  MEDIDAS:   DIAMETRO 3.5 MM, COMPRIMENTO: 330 A 360 MM; MATERIA-PRIMA:   ACO INOX; IDENTIFICACAO:   FRESA DIAMANTADA PARA DESGASTE OSSEO DE COLUNA;";1,00 UNIDADE;2011;3010;1,0;476,09;476,09
1260 - SECRETARIA DE ESTADO DE EDUCACAO;Nota fiscal;01.282.149/0001-73;EDUCACIONAL MARTINS ANDRADE LTDA;33495;;1;Serviço;Despesa orçamentária;1;109460;CURSO TECNICO PROFISSIONALIZANTE  EM ATENDIMENTO AO PROGRAMA TRILHAS DE FUTURO ;UNIDADE;1261;3949;1,0;10909,2;10909,2
1250 - POLICIA MILITAR DE MINAS GERAIS;Nota fiscal;21.074.398/0001-80;CLOVISCAR LTDA - EPP;13233;1;1;Serviço;Despesa orçamentária;1;25615;MANUTENCAO E REPARO EM VEICULOS MEDIOS;HORA;1251;3918;37,2127;130,0002;4837,66
1190 - SECRETARIA DE ESTADO DE FAZENDA DE MINAS GERAIS;Outros;***.340.746-**;WALTER SILVEIRA SILVA;92026;;1;Serviço;Despesa orçamentária;1;4065;LOCACAO DE IMOVEL COMERCIAL -;1,00 MES;1191;3611;1,0;756,67;756,67
2010 - INST.DE PREVIDENCIA DOS SERVIDORES DO EST.M.GERAIS;Nota fiscal;01.437.707/0001-22;SCITECH PRODUTOS MEDICOS SA;618870;55;1;Consumo;Despesa orçamentária;1;1403125;"STENT -  TIPO:   CORONARIANO DE TROCA RAPIDA, FARMACOLOGICO; MATERIA-PRIMA:   LIGA METALICA CROMO COBALTO OU PLATINA-CROMO;";1,00 UNIDADE;2011;3010;1,0;1147,22;1147,22
2270 - FUNDACAO HOSPITALAR DO ESTADO DE MINAS GERAIS;Nota fiscal;12.927.876/0001-67;SOMA/MG PRODUTOS HOSPITALARES LTDA;386759;1;1;Consumo;Despesa orçamentária;1;1527703;"LIDOCAINA -  PRINCIPIO ATIVO:   LIDOCAINA, CLORIDRATO; CONCENTRACAO/DOSAGEM:   2%; FORMA FARMACEUTICA:   SOLUCAO INJETAVEL; APRESENTACAO:   AMPOLA 5 ML; COMPONENTE:   .;";AMPOLA;2271;3012;1500,0;0,998;1497,0
2310 - UNIVERSIDADE ESTADUAL DE MONTES CLAROS;Nota fiscal;14.563.038/0001-87;VALENTINA PET SHOP LTDA - ME;202600000001056;;1;Serviço;Despesa orçamentária;1;153931;PRESTACAO DE SERVICO ESPECIALIZADO DE LABORATORIO PARA AULAS PRATICAS PARA O CURSO DE MEDICINA VETERINARIA;DIA;2311;3998;22,0;1200,0;26400,0
1260 - SECRETARIA DE ESTADO DE EDUCACAO;Outros;***.172.296-**;GABRIELA ALVES DE LIMA;8;;1;Serviço;Despesa orçamentária;1;4065;LOCACAO DE IMOVEL COMERCIAL -;1,00 MES;1261;3611;1,0;6311,07;6311,07
2010 - INST.DE PREVIDENCIA DOS SERVIDORES DO EST.M.GERAIS;Nota fiscal;08.787.799/0001-10;MEDTECH BRASIL COMERCIO DE MATERIAIS HOSPITALARES LTDA;448426;1;1;Consumo;Despesa orçamentária;1;1400754;"CATETER -  IDENTIFICACAO:   DIAGNOST. C/CURVA PROPRIA P/ACESSO RADIAL TIPO TIG; MATERIA-PRIMA:   NYLON; TAMANHO/NUMERO:   DIAMETRO 5 FR E COMPRIMENTO MINIMO DE 100 CM;";1,00 UNIDADE;2011;3010;1,0;79,16;79,16
2270 - FUNDACAO HOSPITALAR DO ESTADO DE MINAS GERAIS;Nota fiscal;40.855.730/0001-99;ENDOMINAS MATERIAL HOSPITALAR LTDA;76;;1;Serviço;Despesa orçamentária;1;137189;SERVICOS MEDICOS ESPECIALIZADOS NAS AREAS DE NEUROLOGIA E NEUROCIRURGIA;1,00 UNIDADE;2271;3998;1,0;9200,0;9200,0
1250 - POLICIA MILITAR DE MINAS GERAIS;Nota fiscal;05.872.814/0007-25;VOGEL SOLUCOES EM TELECOMUNICACOES E INFORMATICA S.A.;54808;;1;Serviço;Despesa orçamentária;1;135712;REDE IP MULTISSERVICOS ;1,00 UNIDADE;1251;4005;1,0;8499,73;8499,73
1220 - SECRETARIA DE DESENVOLVIMENTO ECONOMICO;Nota fiscal;33.224.254/0001-42;MGS MINAS GERAIS ADMINISTRACAO E SERVICOS S/A;202631740;;1;Serviço;Despesa orçamentária;1;145009;ASSESSOR V - 40 H ;CARGA HORARIA 40,00 HORAS POR SEMANA;1221;3704;1,9;16369,7894;31102,6
2010 - INST.DE PREVIDENCIA DOS SERVIDORES DO EST.M.GERAIS;Nota fiscal;08.787.799/0001-10;MEDTECH BRASIL COMERCIO DE MATERIAIS HOSPITALARES LTDA;448427;1;1;Consumo;Despesa orçamentária;1;1400754;"CATETER -  IDENTIFICACAO:   DIAGNOST. C/CURVA PROPRIA P/ACESSO RADIAL TIPO TIG; MATERIA-PRIMA:   NYLON; TAMANHO/NUMERO:   DIAMETRO 5 FR E COMPRIMENTO MINIMO DE 100 CM;";1,00 UNIDADE;2011;3010;1,0;79,16;79,16
1260 - SECRETARIA DE ESTADO DE EDUCACAO;Nota fiscal;97.541.725/0001-29;PONTUAL ELEVADORES LTDA -ME;3373;;1;Serviço;Despesa orçamentária;1;3611;MANUTENCAO, REPAROS E ADAPTACOES EM ELEVADORES;1,00 UNIDADE;1261;3921;1,0;449,0;449,0
1090 - PROCURADORIA GERAL DE JUSTICA;Outros;06.981.180/0001-16;CEMIG DISTRIBUICAO S.A.;74802202689;;1;Serviço;Despesa orçamentária;1;4880;FORNECIMENTO DE ENERGIA ELETRICA EM MEDIA TENSAO;1,00 UNIDADE;1091;3969;1,0;62495,19;62495,19
1260 - SECRETARIA DE ESTADO DE EDUCACAO;Nota fiscal;49.397.537/0001-26;IMPORT TECH COMERCIO IMPORTACAO E EXPORTACAO LTDA;1548;1;1;Consumo;Despesa extra orçamentária;1;1983520;"KIT DE MATERIAL ESCOLAR (DISTRIBUICAO GRATUITA) -  COMPONENTES:   1 MOCHILA ESCOLAR; COMPONENTES (2):   1 ESTOJO ESCOLAR;";UNIDADE;1261;3007;697,0;34,0;23698,0
2260 - FUNDACAO EZEQUIEL DIAS;Outros;07.833.675/0001-60;DELTAMED ELETROMEDICINA LTDA -ME;109;;1;Serviço;Despesa orçamentária;1;122386;SERVICO DE REGENERACAO DE RESINA CATIONICA, ANIONICA E MISTA E ASSISTENCIA PARA SISTEMA DE TRATAMENTO DE AGUA.;1,00 UNIDADE;2261;3999;1,0;7965,92;7965,92
2010 - INST.DE PREVIDENCIA DOS SERVIDORES DO EST.M.GERAIS;Nota fiscal;20.059.388/0001-03;ENDOLIFE IMPORTACAO, EXPORTACAO, COMERCIO E REPRESENTACAO DE MATERIAL HOSPITALAR LTDA;84793;1;1;Consumo;Despesa orçamentária;1;1402994;"CATETER -  IDENTIFICACAO:   BALAO DE TROCA RAPIDA COM HIPOTUBO P/USO CORONARIA; MATERIA-PRIMA:   MATERIAL NAO COMPLACENTE BIOCOMPATIVEL E ATOXICO; TAMANHO/NUMERO:   DIAMETROS E COMPRIMENTOS VARIADOS;";1,00 UNIDADE;2011;3010;1,0;210,0;210,0
1220 - SECRETARIA DE DESENVOLVIMENTO ECONOMICO;Nota fiscal;33.224.254/0001-42;MGS MINAS GERAIS ADMINISTRACAO E SERVICOS S/A;202631741;;1;Serviço;Despesa orçamentária;1;66311;VALE-ALIMENTACAO - MGS;1,00 UNIDADE;1221;3705;1,0;1055,66;1055,66
1260 - SECRETARIA DE ESTADO DE EDUCACAO;Nota fiscal;42.927.327/0001-53;E F PROJETOS E ENGENHARIA LTDA;109;;1;Serviço;Despesa orçamentária;1;1155;ADAPTACOES E REFORMAS;1,00 UNIDADE;1261;5103;1,0;143854,38;143854,38
2260 - FUNDACAO EZEQUIEL DIAS;Outros;07.833.675/0001-60;DELTAMED ELETROMEDICINA LTDA -ME;112;;1;Serviço;Despesa orçamentária;1;122386;SERVICO DE REGENERACAO DE RESINA CATIONICA, ANIONICA E MISTA E ASSISTENCIA PARA SISTEMA DE TRATAMENTO DE AGUA.;1,00 UNIDADE;2261;3999;1,0;55,8;55,8
1030 - TRIBUNAL DE JUSTICA DO ESTADO DE MINAS GERAIS;Nota fiscal;03.143.181/0011-75;CAST INFORMATICA S/A;692026;;1;Serviço;Despesa orçamentária;1;70890;MANUTENCAO SOLUCAO BUSINESS INTELLIGENCE;1,00 UNIDADE;4031;4002;1,0;938216,04;938216,04
1250 - POLICIA MILITAR DE MINAS GERAIS;Nota fiscal;20.258.461/0001-76;CSO FACILITIES LTDA;47;1;1;Serviço;Despesa orçamentária;1;4561;SERVICOS DE CONSERVACAO E LIMPEZA PREDIAL;1,00 ANO;1251;3701;1,0;21142,77;21142,77
1260 - SECRETARIA DE ESTADO DE EDUCACAO;Nota fiscal;33.224.254/0001-42;MGS MINAS GERAIS ADMINISTRACAO E SERVICOS S/A;32210;;1;Serviço;Despesa orçamentária;1;64459;DIARIA DE VIAGEM;1,00 UNIDADE;1261;3705;1,0;2424,23;2424,23
2010 - INST.DE PREVIDENCIA DOS SERVIDORES DO EST.M.GERAIS;Nota fiscal;20.059.388/0001-03;ENDOLIFE IMPORTACAO, EXPORTACAO, COMERCIO E REPRESENTACAO DE MATERIAL HOSPITALAR LTDA;84792;1;1;Consumo;Despesa orçamentária;1;1402994;"CATETER -  IDENTIFICACAO:   BALAO DE TROCA RAPIDA COM HIPOTUBO P/USO CORONARIA; MATERIA-PRIMA:   MATERIAL NAO COMPLACENTE BIOCOMPATIVEL E ATOXICO; TAMANHO/NUMERO:   DIAMETROS E COMPRIMENTOS VARIADOS;";1,00 UNIDADE;2011;3010;4,0;210,0;840,0
1260 - SECRETARIA DE ESTADO DE EDUCACAO;Nota fiscal;49.397.537/0001-26;IMPORT TECH COMERCIO IMPORTACAO E EXPORTACAO LTDA;1551;1;1;Consumo;Despesa extra orçamentária;1;1983520;"KIT DE MATERIAL ESCOLAR (DISTRIBUICAO GRATUITA) -  COMPONENTES:   1 MOCHILA ESCOLAR; COMPONENTES (2):   1 ESTOJO ESCOLAR;";UNIDADE;1261;3007;70,0;34,0;2380,0
1090 - PROCURADORIA GERAL DE JUSTICA;Outros;06.981.180/0001-16;CEMIG DISTRIBUICAO S.A.;74802202689;1;1;Serviço;Despesa orçamentária;1;4880;FORNECIMENTO DE ENERGIA ELETRICA EM MEDIA TENSAO;1,00 UNIDADE;1091;3969;1,0;122288,46;122288,46
1220 - SECRETARIA DE DESENVOLVIMENTO ECONOMICO;Nota fiscal;33.224.254/0001-42;MGS MINAS GERAIS ADMINISTRACAO E SERVICOS S/A;202631742;;1;Serviço;Despesa orçamentária;1;155250;CARTAO CESTA BASICA - MGS;1,00 UNIDADE;1221;3705;1,0;191,39;191,39
1250 - POLICIA MILITAR DE MINAS GERAIS;Nota fiscal;18.652.337/0001-49;TEMPUS CONSERVADORA E ADMINISTRADORA LTDA;254;;1;Serviço;Despesa orçamentária;1;4561;SERVICOS DE CONSERVACAO E LIMPEZA PREDIAL;1,00 UNIDADE;1251;3701;1,0;13408,74;13408,74
2010 - INST.DE PREVIDENCIA DOS SERVIDORES DO EST.M.GERAIS;Nota fiscal;08.787.799/0001-10;MEDTECH BRASIL COMERCIO DE MATERIAIS HOSPITALARES LTDA;448425;1;1;Consumo;Despesa orçamentária;1;1400754;"CATETER -  IDENTIFICACAO:   DIAGNOST. C/CURVA PROPRIA P/ACESSO RADIAL TIPO TIG; MATERIA-PRIMA:   NYLON; TAMANHO/NUMERO:   DIAMETRO 5 FR E COMPRIMENTO MINIMO DE 100 CM;";1,00 UNIDADE;2011;3010;1,0;79,16;79,16
1260 - SECRETARIA DE ESTADO DE EDUCACAO;Outros;33.224.254/0001-42;MGS MINAS GERAIS ADMINISTRACAO E SERVICOS S/A;705516;;1;Serviço;Despesa orçamentária;1;66311;VALE-ALIMENTACAO - MGS;1,00 UNIDADE;1261;3705;1,0;3053,96;3053,96
1440 - DEFENSORIA PUBLICA DO ESTADO DE MINAS GERAIS;Outros;02.421.421/0001-11;TIM S A;5834097821;;1;Serviço;Despesa orçamentária;1;132276;PLANO DE VOZ NACIONAL ILIMITADO E DADOS 50 GB - ACESSO A INTERNET - COM COMODATO DE APARELHO CELULAR PADRAO;1,00 UNIDADE;1441;4004;864,9906;31,03;26840,66
1440 - DEFENSORIA PUBLICA DO ESTADO DE MINAS GERAIS;Outros;02.421.421/0001-11;TIM S A;5834097821;;1;Serviço;Despesa orçamentária;2;132314;PLANO DADOS - 100 GB - ACESSO A INTERNET - COM COMODATO DE MODEM MOVEL;1,00 UNIDADE;1441;4004;50,0;8,6;430,0
1260 - SECRETARIA DE ESTADO DE EDUCACAO;Nota fiscal;42.927.327/0001-53;E F PROJETOS E ENGENHARIA LTDA;110;;1;Serviço;Despesa orçamentária;1;1155;ADAPTACOES E REFORMAS;1,00 UNIDADE;1261;5103;1,0;104786,51;104786,51
1260 - SECRETARIA DE ESTADO DE EDUCACAO;Outros;33.224.254/0001-42;MGS MINAS GERAIS ADMINISTRACAO E SERVICOS S/A;705515;;1;Serviço;Despesa orçamentária;1;155250;CARTAO CESTA BASICA - MGS;1,00 UNIDADE;1261;3705;1,0;727,27;727,27
2270 - FUNDACAO HOSPITALAR DO ESTADO DE MINAS GERAIS;Nota fiscal;00.610.681/0005-33;HOSP-PHARMA MANIPULACAO E SUPRIMENTOS LTDA;21989;;1;Consumo;Despesa orçamentária;1;1656090;"FORMULA NUTRICAO PARENTERAL -  IDENTIFICACAO:   PARA NEONATO E LACTENTE COM LIPIDEO; FORMA FARMACEUTICA:   EMULSAO INJETAVEL ESTERIL E APIROGENICA; APRESENTACAO:   BOLSA PLASTICA (E.V.A.) ATE 600 ML;";MILILITRO;2271;3012;1007,7596;2,33;2348,08
1260 - SECRETARIA DE ESTADO DE EDUCACAO;Nota fiscal;49.397.537/0001-26;IMPORT TECH COMERCIO IMPORTACAO E EXPORTACAO LTDA;1552;1;1;Consumo;Despesa extra orçamentária;1;1983520;"KIT DE MATERIAL ESCOLAR (DISTRIBUICAO GRATUITA) -  COMPONENTES:   1 MOCHILA ESCOLAR; COMPONENTES (2):   1 ESTOJO ESCOLAR;";UNIDADE;1261;3007;75,0;34,0;2550,0
1250 - POLICIA MILITAR DE MINAS GERAIS;Outros;21.074.398/0001-80;CLOVISCAR LTDA - EPP;257;;1;Serviço;Despesa orçamentária;1;25615;MANUTENCAO E REPARO EM VEICULOS MEDIOS;HORA;1251;3918;7,3333;130,0001;953,33
1270 - SECRETARIA DE ESTADO DE CULTURA E TURISMO;Nota fiscal;33.224.254/0001-42;MGS MINAS GERAIS ADMINISTRACAO E SERVICOS S/A;31551;A;1;Serviço;Despesa orçamentária;1;64483;ADICIONAL INSALUBRIDADE 40%;1,00 UNIDADE;1271;3705;1,0;1437,38;1437,38
1270 - SECRETARIA DE ESTADO DE CULTURA E TURISMO;Nota fiscal;33.224.254/0001-42;MGS MINAS GERAIS ADMINISTRACAO E SERVICOS S/A;31551;A;1;Serviço;Despesa orçamentária;2;63975;PORTEIRO - 12X36 NOTURNO - 44H;CARGA HORARIA 44,00 HORAS POR SEMANA;1271;3704;2,1173;7643,4326;16183,44
1270 - SECRETARIA DE ESTADO DE CULTURA E TURISMO;Nota fiscal;33.224.254/0001-42;MGS MINAS GERAIS ADMINISTRACAO E SERVICOS S/A;31551;A;1;Serviço;Despesa orçamentária;3;63584;RECEPCIONISTA - 30H, 36H, 40H OU 44H;CARGA HORARIA 36,00 HORAS POR SEMANA;1271;3704;1,0;6372,26;6372,26
1270 - SECRETARIA DE ESTADO DE CULTURA E TURISMO;Nota fiscal;33.224.254/0001-42;MGS MINAS GERAIS ADMINISTRACAO E SERVICOS S/A;31551;A;1;Serviço;Despesa orçamentária;4;63339;SUPORTE ADMINISTRATIVO - 30H, 36H, 40H OU 44H;CARGA HORARIA 36,00 HORAS POR SEMANA;1271;3704;0,9422;5793,7805;5458,9
1270 - SECRETARIA DE ESTADO DE CULTURA E TURISMO;Nota fiscal;33.224.254/0001-42;MGS MINAS GERAIS ADMINISTRACAO E SERVICOS S/A;31551;A;1;Serviço;Despesa orçamentária;5;106216;JARDINEIRO - 40H OU 44H;CARGA HORARIA 40,00 HORAS POR SEMANA;1271;3703;1,0;5604,01;5604,01
1270 - SECRETARIA DE ESTADO DE CULTURA E TURISMO;Nota fiscal;33.224.254/0001-42;MGS MINAS GERAIS ADMINISTRACAO E SERVICOS S/A;31551;A;1;Serviço;Despesa orçamentária;6;106089;AUXILIAR DE LIMPEZA - 22H, 30H, 36H, 40H OU 44H;CARGA HORARIA 44,00 HORAS POR SEMANA;1271;3703;1,0;4528,67;4528,67
2270 - FUNDACAO HOSPITALAR DO ESTADO DE MINAS GERAIS;Nota fiscal;00.610.681/0005-33;HOSP-PHARMA MANIPULACAO E SUPRIMENTOS LTDA;21904;;1;Consumo;Despesa orçamentária;1;1656090;"FORMULA NUTRICAO PARENTERAL -  IDENTIFICACAO:   PARA NEONATO E LACTENTE COM LIPIDEO; FORMA FARMACEUTICA:   EMULSAO INJETAVEL ESTERIL E APIROGENICA; APRESENTACAO:   BOLSA PLASTICA (E.V.A.) ATE 600 ML;";MILILITRO;2271;3012;964,2832;2,33;2246,78
1260 - SECRETARIA DE ESTADO DE EDUCACAO;Nota fiscal;49.397.537/0001-26;IMPORT TECH COMERCIO IMPORTACAO E EXPORTACAO LTDA;1553;1;1;Consumo;Despesa extra orçamentária;1;1983520;"KIT DE MATERIAL ESCOLAR (DISTRIBUICAO GRATUITA) -  COMPONENTES:   1 MOCHILA ESCOLAR; COMPONENTES (2):   1 ESTOJO ESCOLAR;";UNIDADE;1261;3007;462,0;34,0;15708,0
1250 - POLICIA MILITAR DE MINAS GERAIS;Nota fiscal;21.074.398/0001-80;CLOVISCAR LTDA - EPP;13231;1;1;Serviço;Despesa orçamentária;1;25615;MANUTENCAO E REPARO EM VEICULOS MEDIOS;HORA;1251;3918;8,9758;130,0006;1166,86
1260 - SECRETARIA DE ESTADO DE EDUCACAO;Nota fiscal;29.163.778/0001-01;GT POLO DE ENSINO EIRELI - EPP;426;;1;Serviço;Despesa orçamentária;1;109460;CURSO TECNICO PROFISSIONALIZANTE  EM ATENDIMENTO AO PROGRAMA TRILHAS DE FUTURO ;UNIDADE;1261;3949;1,0;13252,35;13252,35
2010 - INST.DE PREVIDENCIA DOS SERVIDORES DO EST.M.GERAIS;Nota fiscal;16.714.263/0001-00;TERMIL TERMO INSTALACOES LTDA -EPP;36;700;1;Serviço;Despesa orçamentária;1;84603;MANUTENCAO E REPARO EM CALDEIRA, TANQUE DE CONDENSADO, TROCADOR DE CALOR E INSTRUMENTOS DE MEDICAO;1,00 UNIDADE;2011;3921;1,0;30295,83;30295,83
2260 - FUNDACAO EZEQUIEL DIAS;Nota fiscal;18.285.097/0001-91;BRUMADINHO PAPEL E COMERCIO LTDA - ME;16912;1;1;Consumo;Despesa orçamentária;1;205;"SABONETE TABLETE -  APRESENTACAO:   TABLETE; COMPOSICAO:   GLICERINA; TIPO:   COMUM;";1,00 UNIDADE;2261;3017;60,0;2,0;120,0
2260 - FUNDACAO EZEQUIEL DIAS;Nota fiscal;18.285.097/0001-91;BRUMADINHO PAPEL E COMERCIO LTDA - ME;16912;1;1;Consumo;Despesa orçamentária;2;28428;"BORRIFADOR/PULVERIZADOR -  APLICACAO:   DISPERSAO DE PRODUTOS; MATERIA-PRIMA:   PLASTICO, COM GATILHO PARA ACIONAMENTO MANUAL; CAPACIDADE:   500ML;";1,00 UNIDADE;2261;3017;75,0;5,0;375,0
1190 - SECRETARIA DE ESTADO DE FAZENDA DE MINAS GERAIS;Nota fiscal;33.224.254/0001-42;MGS MINAS GERAIS ADMINISTRACAO E SERVICOS S/A;322492026;;1;Serviço;Despesa orçamentária;1;63363;MOTORISTA DE VEICULO DE SERVICO - 44H;CARGA HORARIA 44,00 HORAS POR SEMANA;1191;3704;1,0;6408,03;6408,03
1190 - SECRETARIA DE ESTADO DE FAZENDA DE MINAS GERAIS;Nota fiscal;33.224.254/0001-42;MGS MINAS GERAIS ADMINISTRACAO E SERVICOS S/A;322492026;;1;Serviço;Despesa orçamentária;2;105660;PORTEIRO (COM SUBSTITUICAO) - 12X36 DIURNO - 44H;CARGA HORARIA 44,00 HORAS POR SEMANA;1191;3704;2,6667;6247,7519;16660,88
1260 - SECRETARIA DE ESTADO DE EDUCACAO;Nota fiscal;49.397.537/0001-26;IMPORT TECH COMERCIO IMPORTACAO E EXPORTACAO LTDA;1555;1;1;Consumo;Despesa extra orçamentária;1;1983520;"KIT DE MATERIAL ESCOLAR (DISTRIBUICAO GRATUITA) -  COMPONENTES:   1 MOCHILA ESCOLAR; COMPONENTES (2):   1 ESTOJO ESCOLAR;";UNIDADE;1261;3007;358,0;34,0;12172,0
2010 - INST.DE PREVIDENCIA DOS SERVIDORES DO EST.M.GERAIS;Nota fiscal;00.539.054/0001-20;MAURICIO JOSE GOMIDE & CIA LTDA;82026;;1;Serviço;Despesa orçamentária;1;4065;LOCACAO DE IMOVEL COMERCIAL -;1,00 MES;2011;3920;1,0;1683,68;1683,68
2260 - FUNDACAO EZEQUIEL DIAS;Nota fiscal;18.285.097/0001-91;BRUMADINHO PAPEL E COMERCIO LTDA - ME;16903;1;1;Consumo;Despesa orçamentária;1;620360;"DESODORIZADOR DE AMBIENTES -  APRESENTACAO:   AEROSOL; ESSENCIA:   LAVANDA;";FRASCO 500,00 MILILITRO;2261;3017;100,0;12,86;1286,0
2270 - FUNDACAO HOSPITALAR DO ESTADO DE MINAS GERAIS;Nota fiscal;00.610.681/0005-33;HOSP-PHARMA MANIPULACAO E SUPRIMENTOS LTDA;21681;;1;Consumo;Despesa orçamentária;1;1656090;"FORMULA NUTRICAO PARENTERAL -  IDENTIFICACAO:   PARA NEONATO E LACTENTE COM LIPIDEO; FORMA FARMACEUTICA:   EMULSAO INJETAVEL ESTERIL E APIROGENICA; APRESENTACAO:   BOLSA PLASTICA (E.V.A.) ATE 600 ML;";MILILITRO;2271;3012;945,6609;2,33;2203,39
2260 - FUNDACAO EZEQUIEL DIAS;Nota fiscal;18.285.097/0001-91;BRUMADINHO PAPEL E COMERCIO LTDA - ME;16907;1;1;Consumo;Despesa orçamentária;1;28428;"BORRIFADOR/PULVERIZADOR -  APLICACAO:   DISPERSAO DE PRODUTOS; MATERIA-PRIMA:   PLASTICO, COM GATILHO PARA ACIONAMENTO MANUAL; CAPACIDADE:   500ML;";1,00 UNIDADE;2261;3017;75,0;5,0;375,0
2260 - FUNDACAO EZEQUIEL DIAS;Nota fiscal;18.285.097/0001-91;BRUMADINHO PAPEL E COMERCIO LTDA - ME;16907;1;1;Consumo;Despesa orçamentária;2;620360;"DESODORIZADOR DE AMBIENTES -  APRESENTACAO:   AEROSOL; ESSENCIA:   LAVANDA;";FRASCO 500,00 MILILITRO;2261;3017;100,0;12,86;1286,0
2260 - FUNDACAO EZEQUIEL DIAS;Nota fiscal;18.285.097/0001-91;BRUMADINHO PAPEL E COMERCIO LTDA - ME;16907;1;1;Consumo;Despesa orçamentária;3;1884301;"SABAO -   ASPECTO:   BARRA; PRINCIPIO ATIVO:   BASE DE ACIDOS GRAXOS E GLICERINA; APRESENTACAO:   PACOTE 5 UNIDADES 200 G CADA;";PACOTE;2261;3017;100,0;10,6;1060,0
1010 - ASSEMBLEIA LEGISLATIVA DO ESTADO DE MINAS GERAIS;Nota fiscal;41.684.846/0001-75;CENTRAL TECNICA PECAS SERVICOS E EQUIPAMENTOS ODONTOLOGICOS LTDA;3722026;;1;Serviço;Despesa orçamentária;1;2674;MANUTENCAO, REPARO, CONSERVACAO E ADAPTACAO EM EQUIPAMENTOS E INSTRUMENTOS MEDICOS;1,00 ANO;1011;3921;1,0;1639,12;1639,12
2270 - FUNDACAO HOSPITALAR DO ESTADO DE MINAS GERAIS;Nota fiscal;00.610.681/0005-33;HOSP-PHARMA MANIPULACAO E SUPRIMENTOS LTDA;21588;;1;Consumo;Despesa orçamentária;1;1656090;"FORMULA NUTRICAO PARENTERAL -  IDENTIFICACAO:   PARA NEONATO E LACTENTE COM LIPIDEO; FORMA FARMACEUTICA:   EMULSAO INJETAVEL ESTERIL E APIROGENICA; APRESENTACAO:   BOLSA PLASTICA (E.V.A.) ATE 600 ML;";MILILITRO;2271;3012;697,6781;2,33;1625,59
2270 - FUNDACAO HOSPITALAR DO ESTADO DE MINAS GERAIS;Nota fiscal;23.688.733/0001-66;JP CIRURGICA LTDA;20341;;1;Consumo;Despesa orçamentária;1;199877;"MICROTUBOS PARA USO LABORATORIO -  TIPO:   PARA MICROCOLETA DE SANGUE; CAPACIDADE:   500 MICROLITRO (0,5 ML), MEDINDO 13 X 75 MM; MATERIA-PRIMA:   PLASTICO TRANSPARENTE; TAMPA:   PLASTICA, ROSQUEAVEL, PERFURAVEL, COR LAVANDA; GRADUACAO:   SEM GRADUACAO; CARACTERISTICAS GERAIS:   COM ANTICOAGULANTE K3 OU K2;";1,00 UNIDADE;2271;3013;1500,0;0,65;975,0
2420 - INSTITUTO DE DESENVOLVIMENTO NORTE E NORDESTE MG;Nota fiscal;42.828.145/0001-25;PERIM IMOVEIS LTDA -ME;9263661082026;;1;Serviço;Despesa orçamentária;1;4065;LOCACAO DE IMOVEL COMERCIAL -;1,00 MES;2421;3920;1,0;4281,51;4281,51
1260 - SECRETARIA DE ESTADO DE EDUCACAO;Nota fiscal;49.397.537/0001-26;IMPORT TECH COMERCIO IMPORTACAO E EXPORTACAO LTDA;1554;1;1;Consumo;Despesa extra orçamentária;1;1983520;"KIT DE MATERIAL ESCOLAR (DISTRIBUICAO GRATUITA) -  COMPONENTES:   1 MOCHILA ESCOLAR; COMPONENTES (2):   1 ESTOJO ESCOLAR;";UNIDADE;1261;3007;87,0;34,0;2958,0
1370 - SECRETARIA ESTADO DE MEIO AMB.DESENV SUSTENTAVEL;Nota fiscal;33.224.254/0001-42;MGS MINAS GERAIS ADMINISTRACAO E SERVICOS S/A;202631874;;1;Serviço;Despesa orçamentária;1;63339;SUPORTE ADMINISTRATIVO - 30H, 36H, 40H OU 44H;CARGA HORARIA 40,00 HORAS POR SEMANA;1371;3704;0,7334;6544,4368;4799,69
1370 - SECRETARIA ESTADO DE MEIO AMB.DESENV SUSTENTAVEL;Nota fiscal;33.224.254/0001-42;MGS MINAS GERAIS ADMINISTRACAO E SERVICOS S/A;202631874;;1;Serviço;Despesa orçamentária;2;63339;SUPORTE ADMINISTRATIVO - 30H, 36H, 40H OU 44H;CARGA HORARIA 40,00 HORAS POR SEMANA;1371;3704;1,0;6545,04;6545,04
1260 - SECRETARIA DE ESTADO DE EDUCACAO;Nota fiscal;49.397.537/0001-26;IMPORT TECH COMERCIO IMPORTACAO E EXPORTACAO LTDA;1556;1;1;Consumo;Despesa extra orçamentária;1;1983520;"KIT DE MATERIAL ESCOLAR (DISTRIBUICAO GRATUITA) -  COMPONENTES:   1 MOCHILA ESCOLAR; COMPONENTES (2):   1 ESTOJO ESCOLAR;";UNIDADE;1261;3007;14,0;34,0;476,0
2270 - FUNDACAO HOSPITALAR DO ESTADO DE MINAS GERAIS;Nota fiscal;00.610.681/0005-33;HOSP-PHARMA MANIPULACAO E SUPRIMENTOS LTDA;22437;;1;Consumo;Despesa orçamentária;1;1657933;"FORMULA NUTRICAO PARENTERAL -  IDENTIFICACAO:   PARA NEONATO E LACTENTE SEM LIPIDIOS; FORMA FARMACEUTICA:   SOLUCAO INJETAVEL ESTERIL E APIROGENICA; APRESENTACAO:   BOLSA PLASTICA (E.V.A.) ATE 600 ML;";MILILITRO;2271;3012;89,96;1,9599;176,32
1320 - SECRETARIA DE ESTADO DA SAUDE;Nota fiscal;07.432.517/0001-07;SIMPRESS COMERCIO LOCACAO E SERVICOS LTDA;454660;;1;Serviço;Despesa orçamentária;1;89800;IMPRESSAO COLORIDA FORMATO A4 - (OUTSOURCING), PAPEL NAO INCLUSO;1,00 UNIDADE;4291;3919;72,0;0,14;10,08
1320 - SECRETARIA DE ESTADO DA SAUDE;Nota fiscal;07.432.517/0001-07;SIMPRESS COMERCIO LOCACAO E SERVICOS LTDA;454660;;1;Serviço;Despesa orçamentária;2;89796;IMPRESSAO/COPIA MONOCROMATICA FORMATO A4 - (OUTSOURCING), PAPEL NAO INCLUSO;1,00 UNIDADE;4291;3919;13958,0;0,0199;279,12
1020 - TRIBUNAL DE CONTAS DO ESTADO DE MINAS GERAIS;Outros;59.249.384/0001-23;REDREX CONSULTORIA E TREINAMENTOS EM DADOS E TECNOLOGIA LTDA;30;;1;Serviço;Despesa orçamentária;1;143740;CURSO DE CAPACITACAO E TREINAMENTO EM PLATAFORMA DATA LAKE;1,00 UNIDADE;1021;3953;1,0;32666,0;32666,0
2270 - FUNDACAO HOSPITALAR DO ESTADO DE MINAS GERAIS;Nota fiscal;22.460.323/0001-09;MEDTEC SUPRIMENTOS MEDICO HOSPITALARES LTDA -EPP;175;;1;Serviço;Despesa orçamentária;1;10758;MANUTENCAO, REPARO, CONSERVACAO E ADAPTACAO EM EQUIPAMENTOS E INSTRUMENTOS HOSPITALARES;1,00 UNIDADE;2271;3921;1,0;5750,0;5750,0
1260 - SECRETARIA DE ESTADO DE EDUCACAO;Nota fiscal;49.397.537/0001-26;IMPORT TECH COMERCIO IMPORTACAO E EXPORTACAO LTDA;1557;1;1;Consumo;Despesa extra orçamentária;1;1983520;"KIT DE MATERIAL ESCOLAR (DISTRIBUICAO GRATUITA) -  COMPONENTES:   1 MOCHILA ESCOLAR; COMPONENTES (2):   1 ESTOJO ESCOLAR;";UNIDADE;1261;3007;35,0;34,0;1190,0
2270 - FUNDACAO HOSPITALAR DO ESTADO DE MINAS GERAIS;Nota fiscal;00.610.681/0005-33;HOSP-PHARMA MANIPULACAO E SUPRIMENTOS LTDA;22366;;1;Consumo;Despesa orçamentária;1;1657933;"FORMULA NUTRICAO PARENTERAL -  IDENTIFICACAO:   PARA NEONATO E LACTENTE SEM LIPIDIOS; FORMA FARMACEUTICA:   SOLUCAO INJETAVEL ESTERIL E APIROGENICA; APRESENTACAO:   BOLSA PLASTICA (E.V.A.) ATE 600 ML;";MILILITRO;2271;3012;70,0;1,96;137,2
1260 - SECRETARIA DE ESTADO DE EDUCACAO;Outros;29.163.778/0001-01;GT POLO DE ENSINO EIRELI - EPP;202609;;1;Serviço;Despesa orçamentária;1;109460;CURSO TECNICO PROFISSIONALIZANTE  EM ATENDIMENTO AO PROGRAMA TRILHAS DE FUTURO ;UNIDADE;1261;3949;1,0;32209,94;32209,94
2160 - FUNDACAO EDUCACIONAL CAIO MARTINS;Nota fiscal;33.224.254/0001-42;MGS MINAS GERAIS ADMINISTRACAO E SERVICOS S/A;202630831;;1;Serviço;Despesa orçamentária;1;63339;SUPORTE ADMINISTRATIVO - 30H, 36H, 40H OU 44H;CARGA HORARIA 40,00 HORAS POR SEMANA;2161;3704;1,0;6469,61;6469,61
2270 - FUNDACAO HOSPITALAR DO ESTADO DE MINAS GERAIS;Nota fiscal;00.610.681/0005-33;HOSP-PHARMA MANIPULACAO E SUPRIMENTOS LTDA;22312;;1;Consumo;Despesa orçamentária;1;1657933;"FORMULA NUTRICAO PARENTERAL -  IDENTIFICACAO:   PARA NEONATO E LACTENTE SEM LIPIDIOS; FORMA FARMACEUTICA:   SOLUCAO INJETAVEL ESTERIL E APIROGENICA; APRESENTACAO:   BOLSA PLASTICA (E.V.A.) ATE 600 ML;";MILILITRO;2271;3012;89,96;1,9599;176,32
1440 - DEFENSORIA PUBLICA DO ESTADO DE MINAS GERAIS;Nota fiscal;07.094.346/0001-45;G4F SOLUCOES CORPORATIVAS LTDA;20351;;1;Serviço;Despesa orçamentária;1;134651;PRESTACAO DE SERVICO DE ANALISTA DE REDES E DE COMUNICACAO DE DADOS DE NIVEL JUNIOR;1,00 UNIDADE;1441;4002;1,0;2454,36;2454,36
1440 - DEFENSORIA PUBLICA DO ESTADO DE MINAS GERAIS;Nota fiscal;07.094.346/0001-45;G4F SOLUCOES CORPORATIVAS LTDA;20351;;1;Serviço;Despesa orçamentária;2;134686;PRESTACAO DE SERVICO DE TECNICO EM REDE TELECOMUNICACOES NIVEL PLENO ;1,00 UNIDADE;1441;4002;1,0;1326,36;1326,36
1440 - DEFENSORIA PUBLICA DO ESTADO DE MINAS GERAIS;Nota fiscal;07.094.346/0001-45;G4F SOLUCOES CORPORATIVAS LTDA;20351;;1;Serviço;Despesa orçamentária;3;134600;PRESTACAO DE SERVICO DE ADMINISTRADOR DE SEGURANCA DA INFORMACAO DE NIVEL PLENO;1,00 UNIDADE;1441;4002;1,0;2315,4;2315,4
1320 - SECRETARIA DE ESTADO DA SAUDE;Nota fiscal;07.432.517/0001-07;SIMPRESS COMERCIO LOCACAO E SERVICOS LTDA;454657;;1;Serviço;Despesa orçamentária;1;97292;LOCACAO DE IMPRESSORA MULTIFUNCIOAL MONOCROMATICA 38 PPM (OUTSOURCING ), PAPEL NAO INCLUSO;1,00 UNIDADE;4291;3919;5,0;118,07;590,35
1320 - SECRETARIA DE ESTADO DA SAUDE;Nota fiscal;07.432.517/0001-07;SIMPRESS COMERCIO LOCACAO E SERVICOS LTDA;454657;;1;Serviço;Despesa orçamentária;2;127680;LOCACAO DE IMPRESSORA COLORIDA 22 PPM (OUTSOURCING), PAPEL NAO INCLUSO;1,00 UNIDADE;4291;3919;1,0;153,0;153,0
1270 - SECRETARIA DE ESTADO DE CULTURA E TURISMO;Nota fiscal;33.224.254/0001-42;MGS MINAS GERAIS ADMINISTRACAO E SERVICOS S/A;31550;A;1;Serviço;Despesa orçamentária;1;105660;PORTEIRO (COM SUBSTITUICAO) - 12X36 DIURNO - 44H;CARGA HORARIA 44,00 HORAS POR SEMANA;1271;3704;1,8;6466,4222;11639,56
1270 - SECRETARIA DE ESTADO DE CULTURA E TURISMO;Nota fiscal;33.224.254/0001-42;MGS MINAS GERAIS ADMINISTRACAO E SERVICOS S/A;31550;A;1;Serviço;Despesa orçamentária;2;105678;PORTEIRO (COM SUBSTITUICAO) - 12X36 NOTURNO - 44H;CARGA HORARIA 44,00 HORAS POR SEMANA;1271;3704;2,1334;7896,4422;16846,27
1270 - SECRETARIA DE ESTADO DE CULTURA E TURISMO;Nota fiscal;33.224.254/0001-42;MGS MINAS GERAIS ADMINISTRACAO E SERVICOS S/A;31550;A;1;Serviço;Despesa orçamentária;3;106089;AUXILIAR DE LIMPEZA - 22H, 30H, 36H, 40H OU 44H;CARGA HORARIA 44,00 HORAS POR SEMANA;1271;3703;1,1334;4634,0303;5252,21
1270 - SECRETARIA DE ESTADO DE CULTURA E TURISMO;Nota fiscal;33.224.254/0001-42;MGS MINAS GERAIS ADMINISTRACAO E SERVICOS S/A;31550;A;1;Serviço;Despesa orçamentária;4;64483;ADICIONAL INSALUBRIDADE 40%;1,00 UNIDADE;1271;3705;1,0;1875,35;1875,35
2270 - FUNDACAO HOSPITALAR DO ESTADO DE MINAS GERAIS;Nota fiscal;00.610.681/0005-33;HOSP-PHARMA MANIPULACAO E SUPRIMENTOS LTDA;22205;;1;Consumo;Despesa orçamentária;1;1657933;"FORMULA NUTRICAO PARENTERAL -  IDENTIFICACAO:   PARA NEONATO E LACTENTE SEM LIPIDIOS; FORMA FARMACEUTICA:   SOLUCAO INJETAVEL ESTERIL E APIROGENICA; APRESENTACAO:   BOLSA PLASTICA (E.V.A.) ATE 600 ML;";MILILITRO;2271;3012;192,66;1,9599;377,61
1260 - SECRETARIA DE ESTADO DE EDUCACAO;Nota fiscal;49.397.537/0001-26;IMPORT TECH COMERCIO IMPORTACAO E EXPORTACAO LTDA;1560;1;1;Consumo;Despesa extra orçamentária;1;1983520;"KIT DE MATERIAL ESCOLAR (DISTRIBUICAO GRATUITA) -  COMPONENTES:   1 MOCHILA ESCOLAR; COMPONENTES (2):   1 ESTOJO ESCOLAR;";UNIDADE;1261;3007;537,0;34,0;18258,0
2270 - FUNDACAO HOSPITALAR DO ESTADO DE MINAS GERAIS;Nota fiscal;00.610.681/0005-33;HOSP-PHARMA MANIPULACAO E SUPRIMENTOS LTDA;22098;;1;Consumo;Despesa orçamentária;1;1657933;"FORMULA NUTRICAO PARENTERAL -  IDENTIFICACAO:   PARA NEONATO E LACTENTE SEM LIPIDIOS; FORMA FARMACEUTICA:   SOLUCAO INJETAVEL ESTERIL E APIROGENICA; APRESENTACAO:   BOLSA PLASTICA (E.V.A.) ATE 600 ML;";MILILITRO;2271;3012;118,24;1,9599;231,75
1090 - PROCURADORIA GERAL DE JUSTICA;Nota fiscal;07.132.995/0001-93;KEPLER VIAGENS, EVENTOS E TURISMO LTDA;874;;1;Serviço;Despesa orçamentária;1;35947;DESPESAS REFERENTES AO PACOTE DE HOSPEDAGEM, SALAS DE REUNI AO E FORNECIMENTO DE COFFEE BREAK.;1,00 UNIDADE;1091;3304;1,0;4687,2;4687,2
1260 - SECRETARIA DE ESTADO DE EDUCACAO;Nota fiscal;49.397.537/0001-26;IMPORT TECH COMERCIO IMPORTACAO E EXPORTACAO LTDA;1559;1;1;Consumo;Despesa extra orçamentária;1;1983520;"KIT DE MATERIAL ESCOLAR (DISTRIBUICAO GRATUITA) -  COMPONENTES:   1 MOCHILA ESCOLAR; COMPONENTES (2):   1 ESTOJO ESCOLAR;";UNIDADE;1261;3007;118,0;34,0;4012,0
1320 - SECRETARIA DE ESTADO DA SAUDE;Outros;***.692.096-**;ROBERTO OLAVO FERREIRA DE OLIVEIRA;826;;1;Serviço;Despesa orçamentária;1;4065;LOCACAO DE IMOVEL COMERCIAL -;1,00 MES;4291;3611;1,0;30712,86;30712,86
2270 - FUNDACAO HOSPITALAR DO ESTADO DE MINAS GERAIS;Nota fiscal;67.729.178/0002-20;COMERCIAL CIRURGICA RIOCLARENSE LTDA;943679;;1;Consumo;Despesa orçamentária;1;1512544;"MIDAZOLAM -  PRINCIPIO ATIVO:   MIDAZOLAM; CONCENTRACAO/DOSAGEM:   1 MG/ML; FORMA FARMACEUTICA:   SOLUCAO INJETAVEL; APRESENTACAO:   AMPOLA 5 ML; COMPONENTE:   .;";AMPOLA;2271;3012;300,0;1,457;437,1
1090 - PROCURADORIA GERAL DE JUSTICA;Outros;17.281.106/0001-03;COMPANHIA DE SANEAMENTO DE MINAS GERAIS COPASA MG;74652202665;;1;Serviço;Despesa orçamentária;1;43540;FORNECIMENTO DE AGUA, COLETA E TRATAMENTO DE ESGOTO;1,00 MES;1091;3972;1,0;95511,9;95511,9
2270 - FUNDACAO HOSPITALAR DO ESTADO DE MINAS GERAIS;Nota fiscal;00.610.681/0005-33;HOSP-PHARMA MANIPULACAO E SUPRIMENTOS LTDA;21905;;1;Consumo;Despesa orçamentária;1;1657933;"FORMULA NUTRICAO PARENTERAL -  IDENTIFICACAO:   PARA NEONATO E LACTENTE SEM LIPIDIOS; FORMA FARMACEUTICA:   SOLUCAO INJETAVEL ESTERIL E APIROGENICA; APRESENTACAO:   BOLSA PLASTICA (E.V.A.) ATE 600 ML;";MILILITRO;2271;3012;112,1;1,96;219,72
1270 - SECRETARIA DE ESTADO DE CULTURA E TURISMO;Nota fiscal;33.224.254/0001-42;MGS MINAS GERAIS ADMINISTRACAO E SERVICOS S/A;31546;B;1;Serviço;Despesa orçamentária;1;63525;PORTEIRO - 30H, 40H OU 44H;CARGA HORARIA 40,00 HORAS POR SEMANA;1271;3704;2,8;5048,0142;14134,44
1270 - SECRETARIA DE ESTADO DE CULTURA E TURISMO;Nota fiscal;33.224.254/0001-42;MGS MINAS GERAIS ADMINISTRACAO E SERVICOS S/A;31546;B;1;Serviço;Despesa orçamentária;2;63754;PORTEIRO - NOTURNO (22H AS 6H) - 44H;CARGA HORARIA 44,00 HORAS POR SEMANA;1271;3704;0,2667;7565,3918;2017,69
1270 - SECRETARIA DE ESTADO DE CULTURA E TURISMO;Nota fiscal;33.224.254/0001-42;MGS MINAS GERAIS ADMINISTRACAO E SERVICOS S/A;31546;B;1;Serviço;Despesa orçamentária;3;106089;AUXILIAR DE LIMPEZA - 22H, 30H, 36H, 40H OU 44H;CARGA HORARIA 40,00 HORAS POR SEMANA;1271;3703;1,0;4164,46;4164,46
1270 - SECRETARIA DE ESTADO DE CULTURA E TURISMO;Nota fiscal;33.224.254/0001-42;MGS MINAS GERAIS ADMINISTRACAO E SERVICOS S/A;31546;B;1;Serviço;Despesa orçamentária;4;64483;ADICIONAL INSALUBRIDADE 40%;1,00 UNIDADE;1271;3705;1,0;1437,38;1437,38
1320 - SECRETARIA DE ESTADO DA SAUDE;Outros;***.701.266-**;LEDA MARIA DE OLIVEIRA VIANA RIBEIRO;826;;1;Serviço;Despesa orçamentária;1;4065;LOCACAO DE IMOVEL COMERCIAL -;1,00 MES;4291;3611;1,0;30712,86;30712,86
1320 - SECRETARIA DE ESTADO DA SAUDE;Outros;***.842.686-**;MARCIO PEREIRA DA SILVA;826;;1;Serviço;Despesa orçamentária;1;4065;LOCACAO DE IMOVEL COMERCIAL -;1,00 MES;4291;3611;1,0;16000,0;16000,0
1260 - SECRETARIA DE ESTADO DE EDUCACAO;Nota fiscal;49.397.537/0001-26;IMPORT TECH COMERCIO IMPORTACAO E EXPORTACAO LTDA;1558;1;1;Consumo;Despesa extra orçamentária;1;1983520;"KIT DE MATERIAL ESCOLAR (DISTRIBUICAO GRATUITA) -  COMPONENTES:   1 MOCHILA ESCOLAR; COMPONENTES (2):   1 ESTOJO ESCOLAR;";UNIDADE;1261;3007;523,0;34,0;17782,0
2270 - FUNDACAO HOSPITALAR DO ESTADO DE MINAS GERAIS;Nota fiscal;00.610.681/0005-33;HOSP-PHARMA MANIPULACAO E SUPRIMENTOS LTDA;21589;;1;Consumo;Despesa orçamentária;1;1657933;"FORMULA NUTRICAO PARENTERAL -  IDENTIFICACAO:   PARA NEONATO E LACTENTE SEM LIPIDIOS; FORMA FARMACEUTICA:   SOLUCAO INJETAVEL ESTERIL E APIROGENICA; APRESENTACAO:   BOLSA PLASTICA (E.V.A.) ATE 600 ML;";MILILITRO;2271;3012;140,0;1,96;274,4
2270 - FUNDACAO HOSPITALAR DO ESTADO DE MINAS GERAIS;Nota fiscal;22.426.666/0001-49;BE CARE SOLUCOES E TECNOLOGIA LTDA;958;;2;Serviço;Despesa orçamentária;1;117056;APOIO A GESTAO DE PARQUE TECNOLOGICO E MANUTENCAO DOS EQUIPAMENTOS MEDICOS-HOSPITALARES, INCLUINDO FORNECIMENTO DE PECAS;1,00 UNIDADE;2271;3921;1,0;22023,85;22023,85
1250 - POLICIA MILITAR DE MINAS GERAIS;Nota fiscal;13.802.791/0001-15;AUTO MECANICA MULT CAR LTDA;13579;;1;Serviço;Despesa orçamentária;1;25615;MANUTENCAO E REPARO EM VEICULOS MEDIOS;HORA;1251;3918;1,0;630,0;630,0
1260 - SECRETARIA DE ESTADO DE EDUCACAO;Nota fiscal;49.397.537/0001-26;IMPORT TECH COMERCIO IMPORTACAO E EXPORTACAO LTDA;1561;1;1;Consumo;Despesa extra orçamentária;1;1983520;"KIT DE MATERIAL ESCOLAR (DISTRIBUICAO GRATUITA) -  COMPONENTES:   1 MOCHILA ESCOLAR; COMPONENTES (2):   1 ESTOJO ESCOLAR;";UNIDADE;1261;3007;110,0;34,0;3740,0
1260 - SECRETARIA DE ESTADO DE EDUCACAO;Nota fiscal;49.397.537/0001-26;IMPORT TECH COMERCIO IMPORTACAO E EXPORTACAO LTDA;1562;1;1;Consumo;Despesa extra orçamentária;1;1983520;"KIT DE MATERIAL ESCOLAR (DISTRIBUICAO GRATUITA) -  COMPONENTES:   1 MOCHILA ESCOLAR; COMPONENTES (2):   1 ESTOJO ESCOLAR;";UNIDADE;1261;3007;10,0;34,0;340,0
1260 - SECRETARIA DE ESTADO DE EDUCACAO;Nota fiscal;49.397.537/0001-26;IMPORT TECH COMERCIO IMPORTACAO E EXPORTACAO LTDA;1549;1;1;Consumo;Despesa extra orçamentária;1;1983520;"KIT DE MATERIAL ESCOLAR (DISTRIBUICAO GRATUITA) -  COMPONENTES:   1 MOCHILA ESCOLAR; COMPONENTES (2):   1 ESTOJO ESCOLAR;";UNIDADE;1261;3007;27,0;34,0;918,0
1250 - POLICIA MILITAR DE MINAS GERAIS;Nota fiscal;13.802.791/0001-15;AUTO MECANICA MULT CAR LTDA;13580;;1;Serviço;Despesa orçamentária;1;25615;MANUTENCAO E REPARO EM VEICULOS MEDIOS;HORA;1251;3918;1,0;243,0;243,0
1260 - SECRETARIA DE ESTADO DE EDUCACAO;Nota fiscal;07.320.383/0001-24;INSTITUTO TECNICO EDUCACIONAL POLIVALENTE LTDA - ME;4;1;1;Serviço;Despesa orçamentária;1;109460;CURSO TECNICO PROFISSIONALIZANTE  EM ATENDIMENTO AO PROGRAMA TRILHAS DE FUTURO ;UNIDADE;1261;3949;4,0;43903,935;175615,74
2270 - FUNDACAO HOSPITALAR DO ESTADO DE MINAS GERAIS;Nota fiscal;00.610.681/0005-33;HOSP-PHARMA MANIPULACAO E SUPRIMENTOS LTDA;18965;;1;Consumo;Despesa orçamentária;1;1711156;"FORMULA NUTRICAO PARENTERAL -  APRESENTACAO:   BOLSA PLASTICA (E.V.A.) ATE 600 ML; IDENTIFICACAO:   NEONATO E LACTENTE COM LIPIDIO CONTENDO OLEO PEIXE; FORMA FARMACEUTICA:   EMULSAO INJETAVEL ESTERIL E APIROGENICA;";MILILITRO;2271;3012;1310,2059;2,67;3498,25
1080 - ADVOCACIA-GERAL DO ESTADO DE MINAS GERAIS;Nota fiscal;02.108.681/0001-31;ATTUS PROCURADORIA DIGITAL LTDA;268;;1;Serviço;Despesa orçamentária;1;129682;SERVICO DE GESTAO DE MUDANCA ORGANIZACIONAL DECORRENTE DA IMPLANTACAO DE NOVA SOLUCAO/SISTEMA;1,00 UNIDADE;1081;4002;1,0;45904,22;45904,22
1450 - SECRETARIA DE ESTADO DE JUSTICA E SEGURANCA PUBLIC;Nota fiscal;08.624.977/0001-91;TERRAVIVA AMBIENTAL LTDA;5550;;1;Serviço;Despesa orçamentária;1;30074;SERVICOS DE COLETA, TRANSPORTE, SELECAO, TRATAMENTO  E DESTINACAO DE RESIDUO LIXO HOSPITALAR E IML;1,00 UNIDADE;1451;3959;1,0;666,48;666,48
2300 - DEPARTAMENTO DE ESTRADAS DE RODAGEM;Nota fiscal;27.424.764/0001-60;FABERMINAS COMERCIO DE MATERIAL HOSPITALAR E HIGIENE EIRELI;1396;1;1;Consumo;Despesa orçamentária;1;1161784;"PANO DE PRATO -  TECIDO:   100% ALGODAO, ASPECTO ALVEJADO; ACABAMENTO:   COM ACABAMENTOS NAS LATERAIS; DIMENSOES:   40X65CM;";1,00 UNIDADE;2301;3003;150,0;2,75;412,5
1190 - SECRETARIA DE ESTADO DE FAZENDA DE MINAS GERAIS;Outros;33.224.254/0001-42;MGS MINAS GERAIS ADMINISTRACAO E SERVICOS S/A;705528;;1;Serviço;Despesa orçamentária;1;66311;VALE-ALIMENTACAO - MGS;1,00 UNIDADE;1191;3705;1,0;1871,03;1871,03
2270 - FUNDACAO HOSPITALAR DO ESTADO DE MINAS GERAIS;Nota fiscal;00.610.681/0005-33;HOSP-PHARMA MANIPULACAO E SUPRIMENTOS LTDA;18965;1;1;Consumo;Despesa orçamentária;1;1711156;"FORMULA NUTRICAO PARENTERAL -  APRESENTACAO:   BOLSA PLASTICA (E.V.A.) ATE 600 ML; IDENTIFICACAO:   NEONATO E LACTENTE COM LIPIDIO CONTENDO OLEO PEIXE; FORMA FARMACEUTICA:   EMULSAO INJETAVEL ESTERIL E APIROGENICA;";MILILITRO;2271;3012;6,3333;2,67;16,91
1260 - SECRETARIA DE ESTADO DE EDUCACAO;Outros;33.224.254/0001-42;MGS MINAS GERAIS ADMINISTRACAO E SERVICOS S/A;705433;;2;Serviço;Despesa orçamentária;1;155250;CARTAO CESTA BASICA - MGS;1,00 UNIDADE;1261;3705;1,0;727,28;727,28
2260 - FUNDACAO EZEQUIEL DIAS;Nota fiscal;21.641.059/0001-39;DISTRIBUIDORA PERES & ARAUJO LTDA - ME;3051;1;1;Permanente;Despesa orçamentária;1;1611801;"SANDUICHEIRA -  ALIMENTACAO:   110 V; AMPERAGEM:   CONFORME FABRICANTE;";1,00 UNIDADE;2261;5225;2,0;71,47;142,94
2260 - FUNDACAO EZEQUIEL DIAS;Nota fiscal;21.641.059/0001-39;DISTRIBUIDORA PERES & ARAUJO LTDA - ME;3051;1;1;Permanente;Despesa orçamentária;2;1935305;"FRITADEIRA SEM OLEO (AIR FRYER) -  VOLTAGEM:   110 V; CAPACIDADE TOTAL:   MINIMO 5 LITROS; TIMER:   MINIMO 30 MINUTOS; MODELO:   CONVENCIONAL; POTENCIA:   1500 W; PAINEL:   ANALOGICO;";1,00 UNIDADE;2261;5225;1,0;322,0;322,0
2270 - FUNDACAO HOSPITALAR DO ESTADO DE MINAS GERAIS;Nota fiscal;00.610.681/0005-33;HOSP-PHARMA MANIPULACAO E SUPRIMENTOS LTDA;19053;;1;Consumo;Despesa orçamentária;1;1711156;"FORMULA NUTRICAO PARENTERAL -  APRESENTACAO:   BOLSA PLASTICA (E.V.A.) ATE 600 ML; IDENTIFICACAO:   NEONATO E LACTENTE COM LIPIDIO CONTENDO OLEO PEIXE; FORMA FARMACEUTICA:   EMULSAO INJETAVEL ESTERIL E APIROGENICA;";MILILITRO;2271;3012;1086,7941;2,6699;2901,74
1250 - POLICIA MILITAR DE MINAS GERAIS;Nota fiscal;13.802.791/0001-15;AUTO MECANICA MULT CAR LTDA;13581;;1;Serviço;Despesa orçamentária;1;25593;MANUTENCAO E REPARO EM VEICULOS LEVES;HORA;1251;3918;1,0;676,8;676,8
2270 - FUNDACAO HOSPITALAR DO ESTADO DE MINAS GERAIS;Nota fiscal;00.610.681/0005-33;HOSP-PHARMA MANIPULACAO E SUPRIMENTOS LTDA;19053;1;2;Consumo;Despesa orçamentária;1;1711156;"FORMULA NUTRICAO PARENTERAL -  APRESENTACAO:   BOLSA PLASTICA (E.V.A.) ATE 600 ML; IDENTIFICACAO:   NEONATO E LACTENTE COM LIPIDIO CONTENDO OLEO PEIXE; FORMA FARMACEUTICA:   EMULSAO INJETAVEL ESTERIL E APIROGENICA;";MILILITRO;2271;3012;130,2359;2,67;347,73
2300 - DEPARTAMENTO DE ESTRADAS DE RODAGEM;Nota fiscal;27.424.764/0001-60;FABERMINAS COMERCIO DE MATERIAL HOSPITALAR E HIGIENE EIRELI;1395;1;1;Consumo;Despesa orçamentária;1;372447;"FLANELA PARA LIMPEZA -  DIMENSOES:   38CM LARGURA X 58CM COMPRIMENTO;";1,00 UNIDADE;2301;3017;200,0;2,81;562,0
2300 - DEPARTAMENTO DE ESTRADAS DE RODAGEM;Nota fiscal;27.424.764/0001-60;FABERMINAS COMERCIO DE MATERIAL HOSPITALAR E HIGIENE EIRELI;1395;1;1;Consumo;Despesa orçamentária;2;1152629;"PANO DE CHAO -  MATERIA-PRIMA:   ALGODAO ALVEJADO; MEDIDAS:   60CM DE LARGURA X 80 CM DE COMPRIMENTO;";1,00 UNIDADE;2301;3017;300,0;5,6;1680,0
1260 - SECRETARIA DE ESTADO DE EDUCACAO;Nota fiscal;33.224.254/0001-42;MGS MINAS GERAIS ADMINISTRACAO E SERVICOS S/A;32042;;1;Serviço;Despesa orçamentária;1;64459;DIARIA DE VIAGEM;1,00 UNIDADE;1261;3705;1,0;5919,81;5919,81
1190 - SECRETARIA DE ESTADO DE FAZENDA DE MINAS GERAIS;Outros;33.224.254/0001-42;MGS MINAS GERAIS ADMINISTRACAO E SERVICOS S/A;705527;;1;Serviço;Despesa orçamentária;1;155250;CARTAO CESTA BASICA - MGS;1,00 UNIDADE;1191;3705;1,0;600,0;600,0
1450 - SECRETARIA DE ESTADO DE JUSTICA E SEGURANCA PUBLIC;Outros;24.605.227/0001-29;SEMPRE TELECOMUNICACOES LTDA;1836072;;1;Serviço;Despesa orçamentária;1;135712;REDE IP MULTISSERVICOS ;1,00 UNIDADE;1451;4005;1,0;1933,2;1933,2
2270 - FUNDACAO HOSPITALAR DO ESTADO DE MINAS GERAIS;Nota fiscal;94.389.400/0001-84;MCW PRODUTOS MEDICOS E HOSPITALARES LTDA;741588;;1;Consumo;Despesa orçamentária;1;228940;"SONDA DE USO MEDICO -  IDENTIFICACAO:   URETRAL; NUMERO/TAMANHO:   N.6; MATERIA-PRIMA:   POLIVINIL ATOXICO;";1,00 UNIDADE;2271;3010;960,0;0,52;499,2
2270 - FUNDACAO HOSPITALAR DO ESTADO DE MINAS GERAIS;Nota fiscal;94.389.400/0001-84;MCW PRODUTOS MEDICOS E HOSPITALARES LTDA;741588;1;1;Consumo;Despesa orçamentária;1;228940;"SONDA DE USO MEDICO -  IDENTIFICACAO:   URETRAL; NUMERO/TAMANHO:   N.6; MATERIA-PRIMA:   POLIVINIL ATOXICO;";1,00 UNIDADE;2271;3010;200,0;0,52;104,0
1450 - SECRETARIA DE ESTADO DE JUSTICA E SEGURANCA PUBLIC;Nota fiscal;08.624.977/0001-91;TERRAVIVA AMBIENTAL LTDA;8850;A;1;Serviço;Despesa orçamentária;1;30074;SERVICOS DE COLETA, TRANSPORTE, SELECAO, TRATAMENTO  E DESTINACAO DE RESIDUO LIXO HOSPITALAR E IML;1,00 UNIDADE;1451;3959;1,0;3673,93;3673,93
1250 - POLICIA MILITAR DE MINAS GERAIS;Nota fiscal;48.500.033/0001-27;OFICINA MART CAR ASSINTENCIA TECNICA AUTOMOTIVA LTDA;504;;1;Serviço;Despesa orçamentária;1;25593;MANUTENCAO E REPARO EM VEICULOS LEVES;HORA;1251;3918;1,0;1197,2;1197,2
1030 - TRIBUNAL DE JUSTICA DO ESTADO DE MINAS GERAIS;Outros;***.971.906-**;THIAGO OTTONI BAMBERG;82026;;1;Serviço;Despesa orçamentária;1;30988;SERVICOS MEDICOS ESPECIALIZADO NAS DIVERSAS AREAS DA SAUDE;1,00 UNIDADE;4031;3630;6,0;490,0;2940,0
1190 - SECRETARIA DE ESTADO DE FAZENDA DE MINAS GERAIS;Nota fiscal;50.948.297/0001-90;EXTREME DIGITAL EXPERIENCE LTDA.;420;;1;Serviço;Despesa extra orçamentária;1;125040;ORIENTACAO TECNICA ESPECIALIZADA EM PLATAFORMA DE RELACIONAMENTO COM O CIDADAO ;UNIDADE SUPORTE TEC;1191;4002;1,0;43760,64;43760,64
1250 - POLICIA MILITAR DE MINAS GERAIS;Nota fiscal;13.802.791/0001-15;AUTO MECANICA MULT CAR LTDA;13582;;1;Serviço;Despesa orçamentária;1;25615;MANUTENCAO E REPARO EM VEICULOS MEDIOS;HORA;1251;3918;1,0;1099,8;1099,8
1190 - SECRETARIA DE ESTADO DE FAZENDA DE MINAS GERAIS;Nota fiscal;01.548.339/0001-90;SERTA SERVICOS TECNICOS E ADMINISTRATIVOS LTDA - EM RECUPERACAO JUDICIAL;7855;;1;Serviço;Despesa extra orçamentária;1;4561;SERVICOS DE CONSERVACAO E LIMPEZA PREDIAL;1,00 ANO;1191;3701;1,0;3231,68;3231,68
2270 - FUNDACAO HOSPITALAR DO ESTADO DE MINAS GERAIS;Nota fiscal;04.307.650/0025-02;ONCO PROD DISTRIBUIDORA DE PRODUTOS HOSPITALARES E ONCOLOGICOS LTDA.;2159248;;1;Consumo;Despesa orçamentária;1;1519565;"BUDESONIDA + ASSOCIACOES -  PRINCIPIO ATIVO:   BUDESONIDA + FUMARATO DE FORMOTEROL; CONCENTRACAO/DOSAGEM:   200 MCG + 6 MCG; FORMA FARMACEUTICA:   SUSPENSAO AEROSOL; APRESENTACAO:   1 TUBO (INALADOR) COM 120 DOSES; COMPONENTE:   .;";TUBO;2271;3012;12,0;91,98;1103,76
1260 - SECRETARIA DE ESTADO DE EDUCACAO;Outros;33.224.254/0001-42;MGS MINAS GERAIS ADMINISTRACAO E SERVICOS S/A;705510;;1;Serviço;Despesa orçamentária;1;155250;CARTAO CESTA BASICA - MGS;1,00 UNIDADE;1261;3705;1,0;736,84;736,84
2010 - INST.DE PREVIDENCIA DOS SERVIDORES DO EST.M.GERAIS;Nota fiscal;21.581.995/0001-00;SUPLEN MEDICAL LTDA;53435;1;1;Consumo;Despesa orçamentária;1;1403451;"FIO GUIA -  MATERIA PRIMA:   ACO INOXIDAVEL E NITINOL; ANGIOPLASTIA CORONARIANA; FINALIDADE:   PARA CRUZAMENTO DE LESOES DIFICEIS E/OU OCLUSIVAS; MEDIDAS:   0,014"" DE DIAMETRO X COMP. APROX. 185CM (+/- 20CM);";1,00 UNIDADE;2011;3010;1,0;290,0;290,0
2270 - FUNDACAO HOSPITALAR DO ESTADO DE MINAS GERAIS;Nota fiscal;44.639.493/0001-80;EUGIA PHARMA INDUSTRIA FARMACEUTICA LIMITADA;22979;;1;Consumo;Despesa orçamentária;1;1523767;"CEFAZOLINA SODICA -  PRINCIPIO ATIVO:   CEFAZOLINA SODICA; CONCENTRACAO/DOSAGEM:   1 G; FORMA FARMACEUTICA:   PO LIOFILIZADO PARA SOLUCAO INJETAVEL; APRESENTACAO:   FRASCO-AMPOLA; COMPONENTE:   .;";FRASCO-AMPOLA;2271;3012;400,0;3,58;1432,0
1370 - SECRETARIA ESTADO DE MEIO AMB.DESENV SUSTENTAVEL;Nota fiscal;33.224.254/0001-42;MGS MINAS GERAIS ADMINISTRACAO E SERVICOS S/A;202631875;;1;Serviço;Despesa orçamentária;1;66311;VALE-ALIMENTACAO - MGS;1,00 UNIDADE;1371;3705;2,0;471,76;943,52
1070 - GABINETE MILITAR DO GOVERNADOR DO ESTADO DE MG;Nota fiscal;66.336.322/0001-14;SACOLAO CENTER SETELAGOANO LTDA -EPP;14352;;1;Consumo;Despesa orçamentária;1;677787;"VERDURAS/HORTALICAS -  IDENTIFICACAO:   ALFACE AMERICANA;";1,00 UNIDADE;1071;3008;4,0;10,87;43,48
1070 - GABINETE MILITAR DO GOVERNADOR DO ESTADO DE MG;Nota fiscal;66.336.322/0001-14;SACOLAO CENTER SETELAGOANO LTDA -EPP;14352;;1;Consumo;Despesa orçamentária;2;239410;"FRUTA IN NATURA -  IDENTIFICACAO:   GOIABA VERMELHA;";1,00 QUILOGRAMA;1071;3008;2,0;24,82;49,64
1070 - GABINETE MILITAR DO GOVERNADOR DO ESTADO DE MG;Nota fiscal;66.336.322/0001-14;SACOLAO CENTER SETELAGOANO LTDA -EPP;14352;;1;Consumo;Despesa orçamentária;3;286516;"LEGUMES FRESCOS -  IDENTIFICACAO:   ABOBRINHA ITALIANA;";1,00 QUILOGRAMA;1071;3008;0,96;9,2395;8,87
1070 - GABINETE MILITAR DO GOVERNADOR DO ESTADO DE MG;Nota fiscal;66.336.322/0001-14;SACOLAO CENTER SETELAGOANO LTDA -EPP;14352;;1;Consumo;Despesa orçamentária;4;1215930;"VERDURAS/HORTALICAS -  IDENTIFICACAO:   BROCOLIS NINJA;";1,00 UNIDADE;1071;3008;2,0;10,89;21,78
1070 - GABINETE MILITAR DO GOVERNADOR DO ESTADO DE MG;Nota fiscal;66.336.322/0001-14;SACOLAO CENTER SETELAGOANO LTDA -EPP;14352;;1;Consumo;Despesa orçamentária;5;1226835;"FRUTA IN NATURA -  IDENTIFICACAO:   ABACAXI PEROLA;";1,00 UNIDADE;1071;3008;5,0;13,91;69,55
1070 - GABINETE MILITAR DO GOVERNADOR DO ESTADO DE MG;Nota fiscal;66.336.322/0001-14;SACOLAO CENTER SETELAGOANO LTDA -EPP;14352;;1;Consumo;Despesa orçamentária;6;837806;"LEGUMES FRESCOS -  IDENTIFICACAO:   TOMATE LONGA VIDA;";1,00 QUILOGRAMA;1071;3008;1,93;12,259;23,66
1070 - GABINETE MILITAR DO GOVERNADOR DO ESTADO DE MG;Nota fiscal;66.336.322/0001-14;SACOLAO CENTER SETELAGOANO LTDA -EPP;14352;;1;Consumo;Despesa orçamentária;7;286575;"LEGUMES FRESCOS -  IDENTIFICACAO:   CHUCHU;";1,00 QUILOGRAMA;1071;3008;2,98;5,9697;17,79
1070 - GABINETE MILITAR DO GOVERNADOR DO ESTADO DE MG;Nota fiscal;66.336.322/0001-14;SACOLAO CENTER SETELAGOANO LTDA -EPP;14352;;1;Consumo;Despesa orçamentária;8;246239;"FRUTA IN NATURA -  IDENTIFICACAO:   MELAO AMARELO;";1,00 QUILOGRAMA;1071;3008;2,0;10,51;21,02
1070 - GABINETE MILITAR DO GOVERNADOR DO ESTADO DE MG;Nota fiscal;66.336.322/0001-14;SACOLAO CENTER SETELAGOANO LTDA -EPP;14352;;1;Consumo;Despesa orçamentária;9;287180;"VERDURAS/HORTALICAS -  IDENTIFICACAO:   COUVE MANTEIGA;";1,00 UNIDADE;1071;3008;3,0;6,37;19,11
1070 - GABINETE MILITAR DO GOVERNADOR DO ESTADO DE MG;Nota fiscal;66.336.322/0001-14;SACOLAO CENTER SETELAGOANO LTDA -EPP;14352;;1;Consumo;Despesa orçamentária;10;306150;"FRUTA IN NATURA -  IDENTIFICACAO:   MAMAO FORMOSO;";1,00 QUILOGRAMA;1071;3008;4,35;13,908;60,5
1070 - GABINETE MILITAR DO GOVERNADOR DO ESTADO DE MG;Nota fiscal;66.336.322/0001-14;SACOLAO CENTER SETELAGOANO LTDA -EPP;14352;;1;Consumo;Despesa orçamentária;11;286540;"LEGUMES FRESCOS -  IDENTIFICACAO:   BETERRABA;";1,00 QUILOGRAMA;1071;3008;0,99;7,5454;7,47
1070 - GABINETE MILITAR DO GOVERNADOR DO ESTADO DE MG;Nota fiscal;66.336.322/0001-14;SACOLAO CENTER SETELAGOANO LTDA -EPP;14352;;1;Consumo;Despesa orçamentária;12;1444611;"FRUTA IN NATURA -  IDENTIFICACAO:   LIMAO TAHITI;";1,00 QUILOGRAMA;1071;3008;1,98;11,3989;22,57
1070 - GABINETE MILITAR DO GOVERNADOR DO ESTADO DE MG;Nota fiscal;66.336.322/0001-14;SACOLAO CENTER SETELAGOANO LTDA -EPP;14352;;1;Consumo;Despesa orçamentária;13;286699;"LEGUMES FRESCOS -  IDENTIFICACAO:   BATATA INGLESA;";1,00 QUILOGRAMA;1071;3008;2,9;10,0793;29,23
1070 - GABINETE MILITAR DO GOVERNADOR DO ESTADO DE MG;Nota fiscal;66.336.322/0001-14;SACOLAO CENTER SETELAGOANO LTDA -EPP;14352;;1;Consumo;Despesa orçamentária;14;286567;"LEGUMES FRESCOS -  IDENTIFICACAO:   CENOURA VERMELHA;";1,00 QUILOGRAMA;1071;3008;5,0;9,36;46,8
1070 - GABINETE MILITAR DO GOVERNADOR DO ESTADO DE MG;Nota fiscal;66.336.322/0001-14;SACOLAO CENTER SETELAGOANO LTDA -EPP;14352;;1;Consumo;Despesa orçamentária;15;243337;"FRUTA IN NATURA -  IDENTIFICACAO:   KIWI NACIONAL;";1,00 QUILOGRAMA;1071;3008;0,99;36,0808;35,72
1070 - GABINETE MILITAR DO GOVERNADOR DO ESTADO DE MG;Nota fiscal;66.336.322/0001-14;SACOLAO CENTER SETELAGOANO LTDA -EPP;14352;;1;Consumo;Despesa orçamentária;16;287245;"VERDURAS/HORTALICAS -  IDENTIFICACAO:   REPOLHO;";1,00 QUILOGRAMA;1071;3008;1,94;5,3195;10,32
1070 - GABINETE MILITAR DO GOVERNADOR DO ESTADO DE MG;Nota fiscal;66.336.322/0001-14;SACOLAO CENTER SETELAGOANO LTDA -EPP;14352;;1;Consumo;Despesa orçamentária;17;286524;"LEGUMES FRESCOS -  IDENTIFICACAO:   ABOBORA MORANGA;";1,00 QUILOGRAMA;1071;3008;2,65;6,8264;18,09
1070 - GABINETE MILITAR DO GOVERNADOR DO ESTADO DE MG;Nota fiscal;66.336.322/0001-14;SACOLAO CENTER SETELAGOANO LTDA -EPP;14352;;1;Consumo;Despesa orçamentária;18;282502;"FRUTA IN NATURA -  IDENTIFICACAO:   MAMAO PAPAYA;";1,00 QUILOGRAMA;1071;3008;1,65;17,9878;29,68
1070 - GABINETE MILITAR DO GOVERNADOR DO ESTADO DE MG;Nota fiscal;66.336.322/0001-14;SACOLAO CENTER SETELAGOANO LTDA -EPP;14352;;1;Consumo;Despesa orçamentária;19;246387;"FRUTA IN NATURA -  IDENTIFICACAO:   UVA MOSCATEL;";1,00 QUILOGRAMA;1071;3008;2,0;35,96;71,92
1070 - GABINETE MILITAR DO GOVERNADOR DO ESTADO DE MG;Nota fiscal;66.336.322/0001-14;SACOLAO CENTER SETELAGOANO LTDA -EPP;14352;;1;Consumo;Despesa orçamentária;20;287130;"VERDURAS/HORTALICAS -  IDENTIFICACAO:   AGRIAO;";MOLHO;1071;3008;1,0;8,01;8,01
1070 - GABINETE MILITAR DO GOVERNADOR DO ESTADO DE MG;Nota fiscal;66.336.322/0001-14;SACOLAO CENTER SETELAGOANO LTDA -EPP;14352;;1;Consumo;Despesa orçamentária;21;1266306;"VERDURAS/HORTALICAS -  IDENTIFICACAO:   ALFACE LISA;";1,00 UNIDADE;1071;3008;3,0;6,89;20,67
1070 - GABINETE MILITAR DO GOVERNADOR DO ESTADO DE MG;Nota fiscal;66.336.322/0001-14;SACOLAO CENTER SETELAGOANO LTDA -EPP;14352;;1;Consumo;Despesa orçamentária;22;287229;"VERDURAS/HORTALICAS -  IDENTIFICACAO:   HORTELA;";1,00 UNIDADE;1071;3008;1,0;6,49;6,49
1070 - GABINETE MILITAR DO GOVERNADOR DO ESTADO DE MG;Nota fiscal;66.336.322/0001-14;SACOLAO CENTER SETELAGOANO LTDA -EPP;14352;;1;Consumo;Despesa orçamentária;23;1270311;"VERDURAS/HORTALICAS -  IDENTIFICACAO:   ALFACE CRESPA ROXA;";1,00 UNIDADE;1071;3008;4,0;7,36;29,44
1070 - GABINETE MILITAR DO GOVERNADOR DO ESTADO DE MG;Nota fiscal;66.336.322/0001-14;SACOLAO CENTER SETELAGOANO LTDA -EPP;14352;;1;Consumo;Despesa orçamentária;24;282430;"FRUTA IN NATURA -  IDENTIFICACAO:   LARANJA PERA;";1,00 QUILOGRAMA;1071;3008;20,0;8,66;173,2
1450 - SECRETARIA DE ESTADO DE JUSTICA E SEGURANCA PUBLIC;Nota fiscal;08.624.977/0001-91;TERRAVIVA AMBIENTAL LTDA;8830;;1;Serviço;Despesa orçamentária;1;30074;SERVICOS DE COLETA, TRANSPORTE, SELECAO, TRATAMENTO  E DESTINACAO DE RESIDUO LIXO HOSPITALAR E IML;1,00 UNIDADE;1451;3959;1,0;3109,92;3109,92
1090 - PROCURADORIA GERAL DE JUSTICA;Outros;73.611.543/0001-19;AGENCIA ENERGIA PROJETOS E CONSULTORIA EM ENGENHARIA LTDA;202608;;1;Serviço;Despesa orçamentária;1;4065;LOCACAO DE IMOVEL COMERCIAL -;1,00 MES;1091;3920;1,0;1279,48;1279,48
1250 - POLICIA MILITAR DE MINAS GERAIS;Nota fiscal;13.802.791/0001-15;AUTO MECANICA MULT CAR LTDA;13585;;1;Serviço;Despesa orçamentária;1;25615;MANUTENCAO E REPARO EM VEICULOS MEDIOS;HORA;1251;3918;1,0;445,5;445,5
1190 - SECRETARIA DE ESTADO DE FAZENDA DE MINAS GERAIS;Nota fiscal;50.948.297/0001-90;EXTREME DIGITAL EXPERIENCE LTDA.;421;;1;Serviço;Despesa orçamentária;1;125008;SUBSCRICAO DE LICENCA DE SOFTWARE CITZEN RELATIONSHIP MANAGEMENT - ATENDENTE;1,00 UNIDADE;1191;4002;1,0;410081,53;410081,53
1190 - SECRETARIA DE ESTADO DE FAZENDA DE MINAS GERAIS;Nota fiscal;50.948.297/0001-90;EXTREME DIGITAL EXPERIENCE LTDA.;421;;1;Serviço;Despesa orçamentária;2;124990;SUBSCRICAO DE LICENCA DE SOFTWARE CITZEN RELATIONSHIP MANAGEMENT RELATORIOS GERENCIAIS.;1,00 UNIDADE;1191;4002;1,0;23721,63;23721,63
2270 - FUNDACAO HOSPITALAR DO ESTADO DE MINAS GERAIS;Nota fiscal;01.640.262/0001-83;CITOPHARMA MANIPULACAO DE MEDICAMENTOS ESPECIAIS LTDA;207372;;1;Consumo;Despesa orçamentária;1;1545248;"FORMULA OU ASSOCIACAO MANIPULADA -  PRINCIPIO ATIVO:   METADONA, CLORIDRATO; CONCENTRACAO/DOSAGEM:   1 MG/ML; FORMA FARMACEUTICA:   SOLUCAO ORAL; APRESENTACAO:   FRASCO 50 ML; COMPONENTE:   .;";1,00 UNIDADE;2271;3012;2,0;49,2;98,4
1370 - SECRETARIA ESTADO DE MEIO AMB.DESENV SUSTENTAVEL;Nota fiscal;33.224.254/0001-42;MGS MINAS GERAIS ADMINISTRACAO E SERVICOS S/A;202631906;;1;Serviço;Despesa orçamentária;1;155250;CARTAO CESTA BASICA - MGS;1,00 UNIDADE;1371;3705;1,0;191,38;191,38
1260 - SECRETARIA DE ESTADO DE EDUCACAO;Nota fiscal;08.458.633/0001-50;ESMARTY ESPECIALISTA EM MANUTENCAO DE ELEVADORES LTDA;7469;;1;Serviço;Despesa orçamentária;1;43346;MANUTENCAO PREVENTIVA E CORRETIVA EM ELEVADOR E PLATAFORMA  ELEVATORIA;1,00 UNIDADE;1261;3921;1,0;1044,89;1044,89
1450 - SECRETARIA DE ESTADO DE JUSTICA E SEGURANCA PUBLIC;Nota fiscal;08.624.977/0001-91;TERRAVIVA AMBIENTAL LTDA;7514;;1;Serviço;Despesa orçamentária;1;30074;SERVICOS DE COLETA, TRANSPORTE, SELECAO, TRATAMENTO  E DESTINACAO DE RESIDUO LIXO HOSPITALAR E IML;1,00 UNIDADE;1451;3959;1,0;653,6;653,6
2100 - INSTITUTO ESTADUAL DE FLORESTAS-IEF;Nota fiscal;33.224.254/0001-42;MGS MINAS GERAIS ADMINISTRACAO E SERVICOS S/A;202600000030181;1;1;Serviço;Despesa orçamentária;1;106232;MANUTENCAO DE AREAS VERDES E VIVEIROS - 40H;CARGA HORARIA 40,00 HORAS POR SEMANA;2101;3703;1,7;4048,2;6881,94
1260 - SECRETARIA DE ESTADO DE EDUCACAO;Nota fiscal;33.224.254/0001-42;MGS MINAS GERAIS ADMINISTRACAO E SERVICOS S/A;32295;;1;Serviço;Despesa orçamentária;1;63525;PORTEIRO - 30H, 40H OU 44H;CARGA HORARIA 40,00 HORAS POR SEMANA;1261;3704;1,0;5313,11;5313,11
1260 - SECRETARIA DE ESTADO DE EDUCACAO;Nota fiscal;33.224.254/0001-42;MGS MINAS GERAIS ADMINISTRACAO E SERVICOS S/A;32295;;1;Serviço;Despesa orçamentária;2;106399;ANALISTA  ESPECIALIZADO  EM INFRAESTRUTURA - 30H, 36H, 40H  OU 44H;CARGA HORARIA 40,00 HORAS POR SEMANA;1261;3704;0,9;27770,9;24993,81
1260 - SECRETARIA DE ESTADO DE EDUCACAO;Nota fiscal;33.224.254/0001-42;MGS MINAS GERAIS ADMINISTRACAO E SERVICOS S/A;32295;;1;Serviço;Despesa orçamentária;3;63517;TECNICO ESPECIALIZADO - 40H OU 44H;CARGA HORARIA 40,00 HORAS POR SEMANA;1261;3704;1,0;7930,05;7930,05
1260 - SECRETARIA DE ESTADO DE EDUCACAO;Nota fiscal;33.224.254/0001-42;MGS MINAS GERAIS ADMINISTRACAO E SERVICOS S/A;32295;;1;Serviço;Despesa orçamentária;4;63584;RECEPCIONISTA - 30H, 36H, 40H OU 44H;CARGA HORARIA 40,00 HORAS POR SEMANA;1261;3704;1,0;7197,0;7197,0
1260 - SECRETARIA DE ESTADO DE EDUCACAO;Nota fiscal;33.224.254/0001-42;MGS MINAS GERAIS ADMINISTRACAO E SERVICOS S/A;32295;;1;Serviço;Despesa orçamentária;5;63339;SUPORTE ADMINISTRATIVO - 30H, 36H, 40H OU 44H;CARGA HORARIA 40,00 HORAS POR SEMANA;1261;3704;3,8551;6544,9015;25231,25
1260 - SECRETARIA DE ESTADO DE EDUCACAO;Nota fiscal;33.224.254/0001-42;MGS MINAS GERAIS ADMINISTRACAO E SERVICOS S/A;32295;;1;Serviço;Despesa orçamentária;6;63363;MOTORISTA DE VEICULO DE SERVICO - 44H;CARGA HORARIA 44,00 HORAS POR SEMANA;1261;3704;1,7667;6632,0824;11716,9
1320 - SECRETARIA DE ESTADO DA SAUDE;Outros;***.446.046-**;SCHIRLEY SANTANA MEDEIROS;9513866;8;1;Serviço;Despesa orçamentária;1;12653;SERVICOS DE MINISTRACAO DE CURSOS DE QUALIFICACAO E CAPACITACAO DE PESSOAL NA AREA DE SAUDE;1,00 UNIDADE;4291;3631;1,0;2800,0;2800,0
1250 - POLICIA MILITAR DE MINAS GERAIS;Nota fiscal;33.224.254/0001-42;MGS MINAS GERAIS ADMINISTRACAO E SERVICOS S/A;31941;;1;Serviço;Despesa orçamentária;1;106089;AUXILIAR DE LIMPEZA - 22H, 30H, 36H, 40H OU 44H;CARGA HORARIA 40,00 HORAS POR SEMANA;1251;3703;1,0;4117,54;4117,54
1320 - SECRETARIA DE ESTADO DA SAUDE;Nota fiscal;21.272.323/0001-04;MONTEZZI CORRETORA E ADMINISTRADORA DE IMOVEIS LTDA;82026;;1;Serviço;Despesa orçamentária;1;4065;LOCACAO DE IMOVEL COMERCIAL -;1,00 MES;4291;3920;1,0;8389,6;8389,6
2320 - FUNDACAO CENTRO DE HEMATOLOGIA E HEMOTERAPIA DE MG;Nota fiscal;00.822.938/0001-97;ELEVADORES MODULO LTDA -ME;403;;1;Serviço;Despesa orçamentária;1;43346;MANUTENCAO PREVENTIVA E CORRETIVA EM ELEVADOR E PLATAFORMA  ELEVATORIA;1,00 UNIDADE;2321;3921;1,0;3090,0;3090,0
1250 - POLICIA MILITAR DE MINAS GERAIS;Nota fiscal;13.802.791/0001-15;AUTO MECANICA MULT CAR LTDA;8553;;1;Serviço;Despesa orçamentária;1;25615;MANUTENCAO E REPARO EM VEICULOS MEDIOS;HORA;1251;3918;1,0;324,45;324,45
1450 - SECRETARIA DE ESTADO DE JUSTICA E SEGURANCA PUBLIC;Nota fiscal;08.624.977/0001-91;TERRAVIVA AMBIENTAL LTDA;8831;;1;Serviço;Despesa orçamentária;1;30074;SERVICOS DE COLETA, TRANSPORTE, SELECAO, TRATAMENTO  E DESTINACAO DE RESIDUO LIXO HOSPITALAR E IML;1,00 UNIDADE;1451;3959;1,0;538,74;538,74
2100 - INSTITUTO ESTADUAL DE FLORESTAS-IEF;Outros;33.224.254/0001-42;MGS MINAS GERAIS ADMINISTRACAO E SERVICOS S/A;703152;1;1;Serviço;Despesa orçamentária;1;66311;VALE-ALIMENTACAO - MGS;1,00 UNIDADE;2101;3705;1,0;876,2;876,2
1260 - SECRETARIA DE ESTADO DE EDUCACAO;Nota fiscal;49.397.537/0001-26;IMPORT TECH COMERCIO IMPORTACAO E EXPORTACAO LTDA;1496;1;1;Consumo;Despesa extra orçamentária;1;1983520;"KIT DE MATERIAL ESCOLAR (DISTRIBUICAO GRATUITA) -  COMPONENTES:   1 MOCHILA ESCOLAR; COMPONENTES (2):   1 ESTOJO ESCOLAR;";UNIDADE;1261;3007;168,0;34,0;5712,0
1250 - POLICIA MILITAR DE MINAS GERAIS;Outros;33.224.254/0001-42;MGS MINAS GERAIS ADMINISTRACAO E SERVICOS S/A;705597;;1;Serviço;Despesa orçamentária;1;66311;VALE-ALIMENTACAO - MGS;1,00 UNIDADE;1251;3705;1,0;547,05;547,05
1250 - POLICIA MILITAR DE MINAS GERAIS;Nota fiscal;48.500.033/0001-27;OFICINA MART CAR ASSINTENCIA TECNICA AUTOMOTIVA LTDA;1882026;;1;Serviço;Despesa orçamentária;1;25593;MANUTENCAO E REPARO EM VEICULOS LEVES;HORA;1251;3918;1,0;128,06;128,06
2100 - INSTITUTO ESTADUAL DE FLORESTAS-IEF;Outros;33.224.254/0001-42;MGS MINAS GERAIS ADMINISTRACAO E SERVICOS S/A;703154;1;1;Serviço;Despesa orçamentária;1;155250;CARTAO CESTA BASICA - MGS;1,00 UNIDADE;2101;3705;1,0;181,82;181,82
1450 - SECRETARIA DE ESTADO DE JUSTICA E SEGURANCA PUBLIC;Nota fiscal;08.624.977/0001-91;TERRAVIVA AMBIENTAL LTDA;8856;;1;Serviço;Despesa orçamentária;1;30074;SERVICOS DE COLETA, TRANSPORTE, SELECAO, TRATAMENTO  E DESTINACAO DE RESIDUO LIXO HOSPITALAR E IML;1,00 UNIDADE;1451;3959;1,0;256,77;256,77
1250 - POLICIA MILITAR DE MINAS GERAIS;Outros;33.224.254/0001-42;MGS MINAS GERAIS ADMINISTRACAO E SERVICOS S/A;705596;;1;Serviço;Despesa orçamentária;1;155250;CARTAO CESTA BASICA - MGS;1,00 UNIDADE;1251;3705;1,0;206,06;206,06
1250 - POLICIA MILITAR DE MINAS GERAIS;Nota fiscal;30.142.119/0001-60;MASTER CLEAN PRESTACAO DE SERVICOS E CONSULTORIA LTDA;485;;1;Serviço;Despesa orçamentária;1;4561;SERVICOS DE CONSERVACAO E LIMPEZA PREDIAL;1,00 ANO;1251;3701;1,0;3986,15;3986,15
2010 - INST.DE PREVIDENCIA DOS SERVIDORES DO EST.M.GERAIS;Nota fiscal;21.581.995/0001-00;SUPLEN MEDICAL LTDA;53436;1;1;Consumo;Despesa orçamentária;1;1403451;"FIO GUIA -  MATERIA PRIMA:   ACO INOXIDAVEL E NITINOL; ANGIOPLASTIA CORONARIANA; FINALIDADE:   PARA CRUZAMENTO DE LESOES DIFICEIS E/OU OCLUSIVAS; MEDIDAS:   0,014"" DE DIAMETRO X COMP. APROX. 185CM (+/- 20CM);";1,00 UNIDADE;2011;3010;1,0;290,0;290,0
2150 - FUNDACAO HELENA ANTIPOFF;Nota fiscal;17.281.106/0001-03;COMPANHIA DE SANEAMENTO DE MINAS GERAIS COPASA MG;37680295;1;1;Serviço;Despesa orçamentária;1;43540;FORNECIMENTO DE AGUA, COLETA E TRATAMENTO DE ESGOTO;UNIDADE;2151;3972;1,0;7267,9;7267,9
2010 - INST.DE PREVIDENCIA DOS SERVIDORES DO EST.M.GERAIS;Nota fiscal;03.606.427/0001-26;FUJITECH EQUIPAMENTOS MEDICOS LTDA;22200;;1;Serviço;Despesa orçamentária;1;2674;MANUTENCAO, REPARO, CONSERVACAO E ADAPTACAO EM EQUIPAMENTOS E INSTRUMENTOS MEDICOS;1,00 ANO;2011;3921;1,0;872,48;872,48
1250 - POLICIA MILITAR DE MINAS GERAIS;Nota fiscal;05.872.814/0007-25;VOGEL SOLUCOES EM TELECOMUNICACOES E INFORMATICA S.A.;54870;;1;Serviço;Despesa orçamentária;1;135712;REDE IP MULTISSERVICOS ;1,00 UNIDADE;1251;4005;1,0;7583,84;7583,84
2010 - INST.DE PREVIDENCIA DOS SERVIDORES DO EST.M.GERAIS;Nota fiscal;21.581.995/0001-00;SUPLEN MEDICAL LTDA;53438;1;1;Consumo;Despesa orçamentária;1;1403451;"FIO GUIA -  MATERIA PRIMA:   ACO INOXIDAVEL E NITINOL; ANGIOPLASTIA CORONARIANA; FINALIDADE:   PARA CRUZAMENTO DE LESOES DIFICEIS E/OU OCLUSIVAS; MEDIDAS:   0,014"" DE DIAMETRO X COMP. APROX. 185CM (+/- 20CM);";1,00 UNIDADE;2011;3010;1,0;290,0;290,0
2270 - FUNDACAO HOSPITALAR DO ESTADO DE MINAS GERAIS;Nota fiscal;11.087.084/0001-69;BIG MINAS COMERCIO E REPRESENTACOES LTDA;30539;0;1;Consumo;Despesa orçamentária;1;1722905;"EMBALAGEM DESCARTAVEL PARA ESTERILIZACAO -   MATERIA-PRIMA:   SMS 100% POLIPROPILENO 45 G/M2; MATERIA-PRIMA 2:   .; DIMENSOES (L X C ):   75 CM X 75 CM; TIPO ESTERILIZACAO:   COMPATIVEL COM A MATERIA-PRIMA; INDICADOR:   NAO POSSUI; APRESENTACAO:   FOLHA 75 CM;";FOLHA;2271;3010;5500,0;1,04;5720,0
2060 - FUNDACAO JOAO PINHEIRO;Nota fiscal;42.738.381/0001-50;CICLO CONTROLE AMBIENTAL LTDA;256;;1;Serviço;Despesa orçamentária;1;6904;SERVICOS ESPECIALIZADOS DE DESINFECCAO, DESRATIZACAO E DEDETIZACAO.;1,00 UNIDADE;2061;3961;1,0;834,09;834,09
2010 - INST.DE PREVIDENCIA DOS SERVIDORES DO EST.M.GERAIS;Nota fiscal;21.581.995/0001-00;SUPLEN MEDICAL LTDA;53437;1;1;Consumo;Despesa orçamentária;1;1403451;"FIO GUIA -  MATERIA PRIMA:   ACO INOXIDAVEL E NITINOL; ANGIOPLASTIA CORONARIANA; FINALIDADE:   PARA CRUZAMENTO DE LESOES DIFICEIS E/OU OCLUSIVAS; MEDIDAS:   0,014"" DE DIAMETRO X COMP. APROX. 185CM (+/- 20CM);";1,00 UNIDADE;2011;3010;1,0;290,0;290,0
2270 - FUNDACAO HOSPITALAR DO ESTADO DE MINAS GERAIS;Nota fiscal;04.522.343/0001-77;FARMACIA DE MANIPULACAO IDEAL FORMULAS LTDA;8639;;1;Consumo;Despesa orçamentária;1;1511688;"FORMULA OU ASSOCIACAO MANIPULADA -  PRINCIPIO ATIVO:   BISSULFITO DE SODIO; CONCENTRACAO/DOSAGEM:   50 MG/ML; FORMA FARMACEUTICA:   SOLUCAO TOPICA; APRESENTACAO:   FRASCO 100 ML; COMPONENTE:   .;";FRASCO;2271;3012;2,0;32,9;65,8
1250 - POLICIA MILITAR DE MINAS GERAIS;Nota fiscal;33.224.254/0001-42;MGS MINAS GERAIS ADMINISTRACAO E SERVICOS S/A;31799;1;1;Serviço;Despesa orçamentária;1;106089;AUXILIAR DE LIMPEZA - 22H, 30H, 36H, 40H OU 44H;CARGA HORARIA 40,00 HORAS POR SEMANA;1251;3703;8,6667;4261,5736;36933,78
1250 - POLICIA MILITAR DE MINAS GERAIS;Nota fiscal;33.224.254/0001-42;MGS MINAS GERAIS ADMINISTRACAO E SERVICOS S/A;31799;1;1;Serviço;Despesa orçamentária;2;63657;AUXILIAR DE SERVICOS - 40H OU 44H;CARGA HORARIA 40,00 HORAS POR SEMANA;1251;3704;1,0;4584,97;4584,97
1250 - POLICIA MILITAR DE MINAS GERAIS;Nota fiscal;33.224.254/0001-42;MGS MINAS GERAIS ADMINISTRACAO E SERVICOS S/A;31799;1;1;Serviço;Despesa orçamentária;3;106437;ANALISTA ESPECIALIZADO EM CIENCIAS HUMANAS - 30H, 36H, 40H E 44H.;CARGA HORARIA 30,00 HORAS POR SEMANA;1251;3704;1,0;7178,14;7178,14
1250 - POLICIA MILITAR DE MINAS GERAIS;Nota fiscal;33.224.254/0001-42;MGS MINAS GERAIS ADMINISTRACAO E SERVICOS S/A;31799;1;1;Serviço;Despesa orçamentária;4;105619;SUPORTE ADMINISTRATIVO COM UNIFORME - 30H, 36H, 40H OU 44H ;CARGA HORARIA 44,00 HORAS POR SEMANA;1251;3704;3,9603;7202,6816;28524,78
1250 - POLICIA MILITAR DE MINAS GERAIS;Nota fiscal;33.224.254/0001-42;MGS MINAS GERAIS ADMINISTRACAO E SERVICOS S/A;31799;1;1;Serviço;Despesa orçamentária;5;105619;SUPORTE ADMINISTRATIVO COM UNIFORME - 30H, 36H, 40H OU 44H ;CARGA HORARIA 30,00 HORAS POR SEMANA;1251;3704;18,7002;5047,2866;94385,27
1250 - POLICIA MILITAR DE MINAS GERAIS;Nota fiscal;33.224.254/0001-42;MGS MINAS GERAIS ADMINISTRACAO E SERVICOS S/A;31799;1;1;Serviço;Despesa orçamentária;6;105619;SUPORTE ADMINISTRATIVO COM UNIFORME - 30H, 36H, 40H OU 44H ;CARGA HORARIA 40,00 HORAS POR SEMANA;1251;3704;41,1002;6586,8282;270719,96
1250 - POLICIA MILITAR DE MINAS GERAIS;Nota fiscal;33.224.254/0001-42;MGS MINAS GERAIS ADMINISTRACAO E SERVICOS S/A;31799;1;1;Serviço;Despesa orçamentária;7;63517;TECNICO ESPECIALIZADO - 40H OU 44H;CARGA HORARIA 40,00 HORAS POR SEMANA;1251;3704;3,0;7930,05;23790,15
1250 - POLICIA MILITAR DE MINAS GERAIS;Nota fiscal;33.224.254/0001-42;MGS MINAS GERAIS ADMINISTRACAO E SERVICOS S/A;31799;1;1;Serviço;Despesa orçamentária;8;106429;ANALISTA ESPECIALIZADO EM CIENCIAS EXATAS E DA TERRA I- 30H,36H, 40H OU 44H;CARGA HORARIA 44,00 HORAS POR SEMANA;1251;3704;0,5;12417,82;6208,91
1250 - POLICIA MILITAR DE MINAS GERAIS;Nota fiscal;33.224.254/0001-42;MGS MINAS GERAIS ADMINISTRACAO E SERVICOS S/A;31799;1;1;Serviço;Despesa orçamentária;9;63312;TELEFONISTA - 30H;CARGA HORARIA 30,00 HORAS POR SEMANA;1251;3704;22,6381;5729,4198;129703,18
1250 - POLICIA MILITAR DE MINAS GERAIS;Nota fiscal;33.224.254/0001-42;MGS MINAS GERAIS ADMINISTRACAO E SERVICOS S/A;31799;1;1;Serviço;Despesa orçamentária;10;64483;ADICIONAL INSALUBRIDADE 40%;1,00 UNIDADE;1251;3705;1,0;12796,92;12796,92
1250 - POLICIA MILITAR DE MINAS GERAIS;Nota fiscal;33.224.254/0001-42;MGS MINAS GERAIS ADMINISTRACAO E SERVICOS S/A;31799;1;1;Serviço;Despesa orçamentária;11;64475;ADICIONAL INSALUBRIDADE 20%;1,00 UNIDADE;1251;3705;1,0;39052,37;39052,37
2150 - FUNDACAO HELENA ANTIPOFF;Nota fiscal;17.281.106/0001-03;COMPANHIA DE SANEAMENTO DE MINAS GERAIS COPASA MG;37680296;1;1;Serviço;Despesa orçamentária;1;43540;FORNECIMENTO DE AGUA, COLETA E TRATAMENTO DE ESGOTO;UNIDADE;2151;3972;1,0;5009,69;5009,69
2270 - FUNDACAO HOSPITALAR DO ESTADO DE MINAS GERAIS;Nota fiscal;08.250.880/0001-66;INSTITUTO DE ACREDITACAO E GESTAO, CONSULTORIA E SISTEMAS DE INFORMACAO LTDA;3523;;3;Serviço;Despesa orçamentária;1;117420;SERVICO DE ANALISE DE SAIDAS HOSPITALARES POR SUBSCRICAO DE LICENCA DE SISTEMAS PELA METODOLOGIA DRG ;1,00 UNIDADE;2271;4002;1,0;1275,35;1275,35
1250 - POLICIA MILITAR DE MINAS GERAIS;Nota fiscal;13.802.791/0001-15;AUTO MECANICA MULT CAR LTDA;8551;;1;Serviço;Despesa orçamentária;1;25593;MANUTENCAO E REPARO EM VEICULOS LEVES;HORA;1251;3918;1,0;1042,78;1042,78
1090 - PROCURADORIA GERAL DE JUSTICA;Outros;***.238.836-**;MARLYMARY BATISTA AGUILLAR GONCALVES OLIVEIRA;63227202662;;1;Serviço;Despesa orçamentária;1;4065;LOCACAO DE IMOVEL COMERCIAL -;1,00 MES;1091;3611;1,0;150,0;150,0
1450 - SECRETARIA DE ESTADO DE JUSTICA E SEGURANCA PUBLIC;Nota fiscal;11.319.926/0001-60;KSM MANUTENCAO DE MAQUINAS E EQUIPAMENTOS LTDA -ME;123;AB;1;Serviço;Despesa orçamentária;1;21580;MANUTENCAO E REPARO EM EQUIPAMENTOS DE LAVANDERIA;1,00 UNIDADE;1451;3921;1,0;4000,0;4000,0
2270 - FUNDACAO HOSPITALAR DO ESTADO DE MINAS GERAIS;Nota fiscal;04.522.343/0001-77;FARMACIA DE MANIPULACAO IDEAL FORMULAS LTDA;8638;;1;Consumo;Despesa orçamentária;1;1511688;"FORMULA OU ASSOCIACAO MANIPULADA -  PRINCIPIO ATIVO:   BISSULFITO DE SODIO; CONCENTRACAO/DOSAGEM:   50 MG/ML; FORMA FARMACEUTICA:   SOLUCAO TOPICA; APRESENTACAO:   FRASCO 100 ML; COMPONENTE:   .;";FRASCO;2271;3012;2,0;32,9;65,8
1260 - SECRETARIA DE ESTADO DE EDUCACAO;Outros;33.224.254/0001-42;MGS MINAS GERAIS ADMINISTRACAO E SERVICOS S/A;706365;REC;1;Serviço;Despesa orçamentária;1;66311;VALE-ALIMENTACAO - MGS;1,00 UNIDADE;1261;3705;1,0;5028,25;5028,25
1090 - PROCURADORIA GERAL DE JUSTICA;Outros;***.488.286-**;AELSON LOPES AGUILAR;63227202662;1;1;Serviço;Despesa orçamentária;1;4065;LOCACAO DE IMOVEL COMERCIAL -;1,00 MES;1091;3611;1,0;150,0;150,0
1250 - POLICIA MILITAR DE MINAS GERAIS;Nota fiscal;30.142.119/0001-60;MASTER CLEAN PRESTACAO DE SERVICOS E CONSULTORIA LTDA;476;;1;Serviço;Despesa orçamentária;1;4561;SERVICOS DE CONSERVACAO E LIMPEZA PREDIAL;1,00 ANO;1251;3701;1,0;3944,03;3944,03
1400 - CORPO DE BOMBEIROS MILITAR DE MINAS GERAIS;Nota fiscal;05.340.639/0001-30;PRIME CONSULTORIA E ASSESSORIA EMPRESARIAL LTDA;3039917;0;1;Serviço;Despesa orçamentária;1;112038;GESTAO DO ABASTECIMENTO DE VEICULOS E EQUIPAMENTOS, ATRAVES DE SISTEMA INFORMATIZADO E INTEGRADO COM CARTAO OU TAG (RFID;1,00 UNIDADE;1401;3987;1,0;177300,69;177300,69
2100 - INSTITUTO ESTADUAL DE FLORESTAS-IEF;Nota fiscal;33.224.254/0001-42;MGS MINAS GERAIS ADMINISTRACAO E SERVICOS S/A;202600000030571;1;1;Serviço;Despesa orçamentária;1;64483;ADICIONAL INSALUBRIDADE 40%;1,00 UNIDADE;2101;3705;1,0;1176,73;1176,73
2100 - INSTITUTO ESTADUAL DE FLORESTAS-IEF;Nota fiscal;33.224.254/0001-42;MGS MINAS GERAIS ADMINISTRACAO E SERVICOS S/A;202600000030571;1;1;Serviço;Despesa orçamentária;2;106089;AUXILIAR DE LIMPEZA - 22H, 30H, 36H, 40H OU 44H;CARGA HORARIA 44,00 HORAS POR SEMANA;2101;3703;0,8;4634,3;3707,44
2100 - INSTITUTO ESTADUAL DE FLORESTAS-IEF;Nota fiscal;33.224.254/0001-42;MGS MINAS GERAIS ADMINISTRACAO E SERVICOS S/A;202600000030571;1;1;Serviço;Despesa orçamentária;3;63665;ORIENTADOR AMBIENTAL - 40H;CARGA HORARIA 40,00 HORAS POR SEMANA;2101;3704;2,0;6210,25;12420,5
2100 - INSTITUTO ESTADUAL DE FLORESTAS-IEF;Nota fiscal;33.224.254/0001-42;MGS MINAS GERAIS ADMINISTRACAO E SERVICOS S/A;202600000030571;1;1;Serviço;Despesa orçamentária;4;63533;VIGIA DE PARQUE - 12X36 DIURNO (PERICULOSIDADE) - 44H;CARGA HORARIA 44,00 HORAS POR SEMANA;2101;3704;1,3334;8278,506;11038,56
2100 - INSTITUTO ESTADUAL DE FLORESTAS-IEF;Nota fiscal;33.224.254/0001-42;MGS MINAS GERAIS ADMINISTRACAO E SERVICOS S/A;202600000030571;1;1;Serviço;Despesa orçamentária;5;64335;VIGIA DE PARQUE - 12X36 NOTURNO (PERICULOSIDADE) - 44H;CARGA HORARIA 44,00 HORAS POR SEMANA;2101;3704;2,0;10308,14;20616,28
2100 - INSTITUTO ESTADUAL DE FLORESTAS-IEF;Nota fiscal;33.224.254/0001-42;MGS MINAS GERAIS ADMINISTRACAO E SERVICOS S/A;202600000030571;1;1;Serviço;Despesa orçamentária;6;95109;AGENTE DE SERVICO DE PARQUE HABILITADO - 44H;CARGA HORARIA 44,00 HORAS POR SEMANA;2101;3704;2,8667;5655,0842;16211,43
1190 - SECRETARIA DE ESTADO DE FAZENDA DE MINAS GERAIS;Nota fiscal;01.548.339/0001-90;SERTA SERVICOS TECNICOS E ADMINISTRATIVOS LTDA - EM RECUPERACAO JUDICIAL;7856;;1;Serviço;Despesa extra orçamentária;1;4561;SERVICOS DE CONSERVACAO E LIMPEZA PREDIAL;1,00 ANO;1191;3701;1,0;508,45;508,45
1250 - POLICIA MILITAR DE MINAS GERAIS;Nota fiscal;48.500.033/0001-27;OFICINA MART CAR ASSINTENCIA TECNICA AUTOMOTIVA LTDA;1892026;;1;Serviço;Despesa orçamentária;1;25593;MANUTENCAO E REPARO EM VEICULOS LEVES;HORA;1251;3918;1,0;153,68;153,68
2270 - FUNDACAO HOSPITALAR DO ESTADO DE MINAS GERAIS;Nota fiscal;33.224.254/0001-42;MGS MINAS GERAIS ADMINISTRACAO E SERVICOS S/A;31872;1;1;Serviço;Despesa orçamentária;1;155250;CARTAO CESTA BASICA - MGS;1,00 UNIDADE;2271;3705;1,0;14592,22;14592,22
1510 - POLICIA CIVIL DO ESTADO DE MINAS GERAIS;Nota fiscal;32.932.291/0001-42;BAVIERA ENGENHARIA LTDA;242026;;1;Serviço;Despesa orçamentária;1;1015;REPARO, RESTAURACAO E RECUPERACAO DE BENS IMOVEIS;UNIDADE DE SERVICO;1511;5107;1,0;46568,49;46568,49
1500 - SECRETARIA DE ESTADO DE PLANEJAMENTO E GESTAO;Outros;33.224.254/0001-42;MGS MINAS GERAIS ADMINISTRACAO E SERVICOS S/A;703637;1;2;Serviço;Despesa orçamentária;1;66311;VALE-ALIMENTACAO - MGS;1,00 UNIDADE;1501;3705;1,0;515,1;515,1
1260 - SECRETARIA DE ESTADO DE EDUCACAO;Nota fiscal;33.224.254/0001-42;MGS MINAS GERAIS ADMINISTRACAO E SERVICOS S/A;32280;1;1;Serviço;Despesa orçamentária;1;64459;DIARIA DE VIAGEM;1,00 UNIDADE;1261;3705;1,0;353,76;353,76
1320 - SECRETARIA DE ESTADO DA SAUDE;Outros;***.708.434-**;VALDIMARY DE SOUZA SANTOS;9502182;8;1;Serviço;Despesa orçamentária;1;12653;SERVICOS DE MINISTRACAO DE CURSOS DE QUALIFICACAO E CAPACITACAO DE PESSOAL NA AREA DE SAUDE;1,00 UNIDADE;4291;3631;1,0;2700,0;2700,0
2270 - FUNDACAO HOSPITALAR DO ESTADO DE MINAS GERAIS;Outros;05.263.842/0001-50;IGC EMPREENDIMENTOS IMOBILIARIOS LTDA;3148;1;1;Serviço;Despesa orçamentária;1;125067;MANUTENCAO PREVENTIVA,CORRETIVA EM INFRAESTRUTURA PREDIAL CIVIL,ELETRICO,HIDRAULICO,ELETROMECANICO, AR E AMBIENTAL;1,00 UNIDADE;2271;3922;1,0;1906,27;1906,27
2150 - FUNDACAO HELENA ANTIPOFF;Nota fiscal;17.281.106/0001-03;COMPANHIA DE SANEAMENTO DE MINAS GERAIS COPASA MG;38152750;1;1;Serviço;Despesa orçamentária;1;43540;FORNECIMENTO DE AGUA, COLETA E TRATAMENTO DE ESGOTO;UNIDADE;2151;3972;1,0;2448,1;2448,1
2270 - FUNDACAO HOSPITALAR DO ESTADO DE MINAS GERAIS;Nota fiscal;60.665.981/0009-75;UNIAO QUIMICA FARMACEUTICA NACIONAL S A;1113556;;1;Consumo;Despesa orçamentária;1;1489496;"CARBAMAZEPINA -  PRINCIPIO ATIVO:   CARBAMAZEPINA; CONCENTRACAO/DOSAGEM:   200 MG; FORMA FARMACEUTICA:   COMPRIMIDO; APRESENTACAO:   .; COMPONENTE:   .;";1,00 UNIDADE;2271;3012;200,0;0,13;26,0
1190 - SECRETARIA DE ESTADO DE FAZENDA DE MINAS GERAIS;Nota fiscal;42.563.692/0001-26;M.I. MONTREAL INFORMATICA S.A;3537;;1;Serviço;Despesa orçamentária;1;127663;SERVICO DE DESENVOLVIMENTO E MANUTENCAO DE SISTEMAS POR ALOCACAO DE PERFIS PROFISSIONAIS;1,00 UNIDADE;1191;4006;49,9865;32433,5482;1621239,56
1250 - POLICIA MILITAR DE MINAS GERAIS;Nota fiscal;13.802.791/0001-15;AUTO MECANICA MULT CAR LTDA;8552;;1;Serviço;Despesa orçamentária;1;25615;MANUTENCAO E REPARO EM VEICULOS MEDIOS;HORA;1251;3918;1,0;1749,23;1749,23
1250 - POLICIA MILITAR DE MINAS GERAIS;Nota fiscal;13.802.791/0001-15;AUTO MECANICA MULT CAR LTDA;8552;;1;Serviço;Despesa orçamentária;2;25593;MANUTENCAO E REPARO EM VEICULOS LEVES;HORA;1251;3918;1,0;451,26;451,26
1500 - SECRETARIA DE ESTADO DE PLANEJAMENTO E GESTAO;Outros;33.224.254/0001-42;MGS MINAS GERAIS ADMINISTRACAO E SERVICOS S/A;703640;1;1;Serviço;Despesa orçamentária;1;66311;VALE-ALIMENTACAO - MGS;1,00 UNIDADE;1501;3705;1,0;515,1;515,1
2270 - FUNDACAO HOSPITALAR DO ESTADO DE MINAS GERAIS;Nota fiscal;33.224.254/0001-42;MGS MINAS GERAIS ADMINISTRACAO E SERVICOS S/A;31806;1;1;Serviço;Despesa orçamentária;1;66311;VALE-ALIMENTACAO - MGS;1,00 UNIDADE;2271;3705;1,0;47922,59;47922,59
1260 - SECRETARIA DE ESTADO DE EDUCACAO;Outros;33.224.254/0001-42;MGS MINAS GERAIS ADMINISTRACAO E SERVICOS S/A;706379;;1;Serviço;Despesa orçamentária;1;155250;CARTAO CESTA BASICA - MGS;1,00 UNIDADE;1261;3705;1,0;1036,37;1036,37
1250 - POLICIA MILITAR DE MINAS GERAIS;Nota fiscal;48.500.033/0001-27;OFICINA MART CAR ASSINTENCIA TECNICA AUTOMOTIVA LTDA;506;;1;Serviço;Despesa orçamentária;1;25593;MANUTENCAO E REPARO EM VEICULOS LEVES;HORA;1251;3918;1,0;182,86;182,86
1190 - SECRETARIA DE ESTADO DE FAZENDA DE MINAS GERAIS;Nota fiscal;01.548.339/0001-90;SERTA SERVICOS TECNICOS E ADMINISTRATIVOS LTDA - EM RECUPERACAO JUDICIAL;7857;;1;Serviço;Despesa extra orçamentária;1;4561;SERVICOS DE CONSERVACAO E LIMPEZA PREDIAL;1,00 ANO;1191;3701;1,0;523,3;523,3
1500 - SECRETARIA DE ESTADO DE PLANEJAMENTO E GESTAO;Outros;33.224.254/0001-42;MGS MINAS GERAIS ADMINISTRACAO E SERVICOS S/A;703647;1;1;Serviço;Despesa orçamentária;1;66311;VALE-ALIMENTACAO - MGS;1,00 UNIDADE;1501;3705;1,0;220,76;220,76
2300 - DEPARTAMENTO DE ESTRADAS DE RODAGEM;Nota fiscal;07.301.055/0001-80;AZIZ SISTEMAS DE SEGURANCA LTDA;2491;700;1;Serviço;Despesa orçamentária;1;104639;INSTALACAO E MONTAGEM DE EQUIPAMENTOS DE SEGURANCA ELETROELETRONICA CFTV, ALARME OU DETECTORES DE METAL;1,00 UNIDADE;2301;3921;1,0;2444,29;2444,29
1250 - POLICIA MILITAR DE MINAS GERAIS;Nota fiscal;05.872.814/0007-25;VOGEL SOLUCOES EM TELECOMUNICACOES E INFORMATICA S.A.;54906;;1;Serviço;Despesa orçamentária;1;135712;REDE IP MULTISSERVICOS ;1,00 UNIDADE;1251;4005;1,0;7425,93;7425,93
1500 - SECRETARIA DE ESTADO DE PLANEJAMENTO E GESTAO;Outros;33.224.254/0001-42;MGS MINAS GERAIS ADMINISTRACAO E SERVICOS S/A;703652;1;1;Serviço;Despesa orçamentária;1;66311;VALE-ALIMENTACAO - MGS;1,00 UNIDADE;1501;3705;1,0;490,57;490,57
1250 - POLICIA MILITAR DE MINAS GERAIS;Nota fiscal;33.224.254/0001-42;MGS MINAS GERAIS ADMINISTRACAO E SERVICOS S/A;31865;1;1;Serviço;Despesa orçamentária;1;66311;VALE-ALIMENTACAO - MGS;1,00 UNIDADE;1251;3705;1,0;55628,37;55628,37
1450 - SECRETARIA DE ESTADO DE JUSTICA E SEGURANCA PUBLIC;Nota fiscal;08.624.977/0001-91;TERRAVIVA AMBIENTAL LTDA;8809;;1;Serviço;Despesa orçamentária;1;30074;SERVICOS DE COLETA, TRANSPORTE, SELECAO, TRATAMENTO  E DESTINACAO DE RESIDUO LIXO HOSPITALAR E IML;1,00 UNIDADE;1451;3959;1,0;1562,0;1562,0
1250 - POLICIA MILITAR DE MINAS GERAIS;Nota fiscal;33.224.254/0001-42;MGS MINAS GERAIS ADMINISTRACAO E SERVICOS S/A;31787;;1;Serviço;Despesa orçamentária;1;155250;CARTAO CESTA BASICA - MGS;1,00 UNIDADE;1251;3705;1,0;12927,52;12927,52
1070 - GABINETE MILITAR DO GOVERNADOR DO ESTADO DE MG;Outros;07.346.478/0001-17;METODO SYSTEM COMERCIO E SERVICOS LTDA;10919;;1;Serviço;Despesa orçamentária;1;4340;SERVICOS DE LOCACAO DE EQUIPAMENTOS DE SEGURANCA ELETRONICA;1,00 UNIDADE;1071;3919;1,0;2748,15;2748,15
2150 - FUNDACAO HELENA ANTIPOFF;Nota fiscal;33.869.831/0001-53;GEBERTE FREIRE SILVA LTDA;1126;1;1;Consumo;Despesa orçamentária;1;522228;"GAS COMBUSTIVEL -  NOMENCLATURA:   GLP; APRESENTACAO:   BOTIJAO DE 45 KG RETORNAVEL;";BOTIJAO 45,00 QUILOGRAMA;2151;3027;19,0;398,84;7577,96
1500 - SECRETARIA DE ESTADO DE PLANEJAMENTO E GESTAO;Outros;33.224.254/0001-42;MGS MINAS GERAIS ADMINISTRACAO E SERVICOS S/A;703657;1;1;Serviço;Despesa orçamentária;1;66311;VALE-ALIMENTACAO - MGS;1,00 UNIDADE;1501;3705;1,0;122,64;122,64
2300 - DEPARTAMENTO DE ESTRADAS DE RODAGEM;Nota fiscal;01.466.431/0001-00;GCT - GERENCIAMENTO E CONTROLE DE TRANSITO S/A;20261795;;1;Serviço;Despesa orçamentária;1;66419;SERVICO DE VIGILANCIA ELETRONICA DE TRANSITO E TRAFEGO E    TRATAMENTO DAS IMAGENS;1,00 UNIDADE;4381;3971;1,0;8304,82;8304,82
2100 - INSTITUTO ESTADUAL DE FLORESTAS-IEF;Outros;33.224.254/0001-42;MGS MINAS GERAIS ADMINISTRACAO E SERVICOS S/A;703873;1;1;Serviço;Despesa orçamentária;1;66311;VALE-ALIMENTACAO - MGS;1,00 UNIDADE;2101;3705;1,0;4617,59;4617,59
1250 - POLICIA MILITAR DE MINAS GERAIS;Nota fiscal;30.142.119/0001-60;MASTER CLEAN PRESTACAO DE SERVICOS E CONSULTORIA LTDA;486;;1;Serviço;Despesa orçamentária;1;4561;SERVICOS DE CONSERVACAO E LIMPEZA PREDIAL;1,00 ANO;1251;3701;1,0;4035,22;4035,22
2270 - FUNDACAO HOSPITALAR DO ESTADO DE MINAS GERAIS;Nota fiscal;08.646.447/0001-44;PRN SERVICOS DE RADIOLOGIA LTDA;70;;4;Serviço;Despesa orçamentária;1;132888;ELABORACAO DE LAUDOS DE EXAMES DE TOMOGRAFIA COMPUTADORIZADA DE URGENCIA, ATRAVES DE TELEMEDICINA;1,00 UNIDADE;2271;3998;1,0;29338,46;29338,46
2270 - FUNDACAO HOSPITALAR DO ESTADO DE MINAS GERAIS;Nota fiscal;08.646.447/0001-44;PRN SERVICOS DE RADIOLOGIA LTDA;70;;4;Serviço;Despesa orçamentária;2;132888;ELABORACAO DE LAUDOS DE EXAMES DE TOMOGRAFIA COMPUTADORIZADA DE URGENCIA, ATRAVES DE TELEMEDICINA;1,00 UNIDADE;2271;3998;1,0;2774,3;2774,3
2270 - FUNDACAO HOSPITALAR DO ESTADO DE MINAS GERAIS;Nota fiscal;08.646.447/0001-44;PRN SERVICOS DE RADIOLOGIA LTDA;70;;4;Serviço;Despesa orçamentária;3;132942;ELABORACAO DE LAUDOS DE EXAMES DE TOMOGRAFIA COMPUTADORIZADA EM ONCOLOGIA DE URGENCIA, ATRAVES DE TELEMEDICINA;1,00 UNIDADE;2271;3998;1,0;2500,0;2500,0
2270 - FUNDACAO HOSPITALAR DO ESTADO DE MINAS GERAIS;Nota fiscal;08.646.447/0001-44;PRN SERVICOS DE RADIOLOGIA LTDA;70;;4;Serviço;Despesa orçamentária;4;132950;ELABORACAO DE LAUDOS DE EXAMES DE TOMOGRAFIA COMPUTADORIZADA EM ONCOLOGIA ELETIVA, ATRAVES DE TELEMEDICINA;1,00 UNIDADE;2271;3998;1,0;123,46;123,46
1320 - SECRETARIA DE ESTADO DA SAUDE;Outros;***.982.392-**;EDMUNDO RINOLINO MAGALHAES FLORES;9494604;8;1;Serviço;Despesa orçamentária;1;12653;SERVICOS DE MINISTRACAO DE CURSOS DE QUALIFICACAO E CAPACITACAO DE PESSOAL NA AREA DE SAUDE;1,00 UNIDADE;4291;3631;1,0;2700,0;2700,0
1250 - POLICIA MILITAR DE MINAS GERAIS;Nota fiscal;33.224.254/0001-42;MGS MINAS GERAIS ADMINISTRACAO E SERVICOS S/A;31970;1;1;Serviço;Despesa orçamentária;1;106089;AUXILIAR DE LIMPEZA - 22H, 30H, 36H, 40H OU 44H;CARGA HORARIA 44,00 HORAS POR SEMANA;1251;3703;1,0;4570,36;4570,36
1250 - POLICIA MILITAR DE MINAS GERAIS;Nota fiscal;33.224.254/0001-42;MGS MINAS GERAIS ADMINISTRACAO E SERVICOS S/A;31970;1;1;Serviço;Despesa orçamentária;2;64483;ADICIONAL INSALUBRIDADE 40%;1,00 UNIDADE;1251;3705;1,0;1450,62;1450,62
2270 - FUNDACAO HOSPITALAR DO ESTADO DE MINAS GERAIS;Nota fiscal;33.224.254/0001-42;MGS MINAS GERAIS ADMINISTRACAO E SERVICOS S/A;31745;1;1;Serviço;Despesa orçamentária;1;106232;MANUTENCAO DE AREAS VERDES E VIVEIROS - 40H;CARGA HORARIA 40,00 HORAS POR SEMANA;2271;3703;1,0;4189,82;4189,82
2270 - FUNDACAO HOSPITALAR DO ESTADO DE MINAS GERAIS;Nota fiscal;33.224.254/0001-42;MGS MINAS GERAIS ADMINISTRACAO E SERVICOS S/A;31745;1;1;Serviço;Despesa orçamentária;2;106070;AUXILIAR DE LIMPEZA - 12X36 NOTURNO - 44H;CARGA HORARIA 44,00 HORAS POR SEMANA;2271;3703;4,0;5720,2;22880,8
2270 - FUNDACAO HOSPITALAR DO ESTADO DE MINAS GERAIS;Nota fiscal;33.224.254/0001-42;MGS MINAS GERAIS ADMINISTRACAO E SERVICOS S/A;31745;1;1;Serviço;Despesa orçamentária;3;106089;AUXILIAR DE LIMPEZA - 22H, 30H, 36H, 40H OU 44H;CARGA HORARIA 44,00 HORAS POR SEMANA;2271;3703;5,0;4634,3;23171,5
2270 - FUNDACAO HOSPITALAR DO ESTADO DE MINAS GERAIS;Nota fiscal;33.224.254/0001-42;MGS MINAS GERAIS ADMINISTRACAO E SERVICOS S/A;31745;1;1;Serviço;Despesa orçamentária;4;106062;AUXILIAR DE LIMPEZA - 12X36 DIURNO - 44H;CARGA HORARIA 44,00 HORAS POR SEMANA;2271;3703;23,5873;4640,1156;109447,8
2270 - FUNDACAO HOSPITALAR DO ESTADO DE MINAS GERAIS;Nota fiscal;33.224.254/0001-42;MGS MINAS GERAIS ADMINISTRACAO E SERVICOS S/A;31745;1;1;Serviço;Despesa orçamentária;5;105651;PORTEIRO (COM SUBSTITUICA) - 30H, 36H, 40H OU 44H;CARGA HORARIA 40,00 HORAS POR SEMANA;2271;3704;1,2667;5365,3824;6796,33
2270 - FUNDACAO HOSPITALAR DO ESTADO DE MINAS GERAIS;Nota fiscal;33.224.254/0001-42;MGS MINAS GERAIS ADMINISTRACAO E SERVICOS S/A;31745;1;1;Serviço;Despesa orçamentária;6;105554;ENCARREGADO  - 30H, 36H, 40H OU 44H;CARGA HORARIA 40,00 HORAS POR SEMANA;2271;3704;1,0;6421,66;6421,66
2270 - FUNDACAO HOSPITALAR DO ESTADO DE MINAS GERAIS;Nota fiscal;33.224.254/0001-42;MGS MINAS GERAIS ADMINISTRACAO E SERVICOS S/A;31745;1;1;Serviço;Despesa orçamentária;7;63681;EDUCADOR INFANTIL - 44 H (EXCETO SEE);CARGA HORARIA 44,00 HORAS POR SEMANA;2271;3704;25,9334;5800,6154;150429,68
2270 - FUNDACAO HOSPITALAR DO ESTADO DE MINAS GERAIS;Nota fiscal;33.224.254/0001-42;MGS MINAS GERAIS ADMINISTRACAO E SERVICOS S/A;31745;1;1;Serviço;Despesa orçamentária;8;105678;PORTEIRO (COM SUBSTITUICAO) - 12X36 NOTURNO - 44H;CARGA HORARIA 44,00 HORAS POR SEMANA;2271;3704;2,0;7896,69;15793,38
2270 - FUNDACAO HOSPITALAR DO ESTADO DE MINAS GERAIS;Nota fiscal;33.224.254/0001-42;MGS MINAS GERAIS ADMINISTRACAO E SERVICOS S/A;31745;1;1;Serviço;Despesa orçamentária;9;105627;SUPORTE ADMINISTRATIVO COM UNIFORME - 12x36 DIURNO - 44H;CARGA HORARIA 44,00 HORAS POR SEMANA;2271;3704;5,0;7212,26;36061,3
2270 - FUNDACAO HOSPITALAR DO ESTADO DE MINAS GERAIS;Nota fiscal;33.224.254/0001-42;MGS MINAS GERAIS ADMINISTRACAO E SERVICOS S/A;31745;1;1;Serviço;Despesa orçamentária;10;105619;SUPORTE ADMINISTRATIVO COM UNIFORME - 30H, 36H, 40H OU 44H ;CARGA HORARIA 44,00 HORAS POR SEMANA;2271;3704;7,6667;7202,6282;55220,39
2270 - FUNDACAO HOSPITALAR DO ESTADO DE MINAS GERAIS;Nota fiscal;33.224.254/0001-42;MGS MINAS GERAIS ADMINISTRACAO E SERVICOS S/A;31745;1;1;Serviço;Despesa orçamentária;11;105635;SUPORTE ADMINISTRATIVO COM UNIFORME - 12x36 NOTURNO - 44H ;CARGA HORARIA 44,00 HORAS POR SEMANA;2271;3704;2,0;8989,45;17978,9
2270 - FUNDACAO HOSPITALAR DO ESTADO DE MINAS GERAIS;Nota fiscal;33.224.254/0001-42;MGS MINAS GERAIS ADMINISTRACAO E SERVICOS S/A;31745;1;1;Serviço;Despesa orçamentária;12;63657;AUXILIAR DE SERVICOS - 40H OU 44H;CARGA HORARIA 44,00 HORAS POR SEMANA;2271;3704;1,1334;4986,1831;5651,34
2270 - FUNDACAO HOSPITALAR DO ESTADO DE MINAS GERAIS;Nota fiscal;33.224.254/0001-42;MGS MINAS GERAIS ADMINISTRACAO E SERVICOS S/A;31745;1;1;Serviço;Despesa orçamentária;13;105660;PORTEIRO (COM SUBSTITUICAO) - 12X36 DIURNO - 44H;CARGA HORARIA 44,00 HORAS POR SEMANA;2271;3704;6,7893;6466,3455;43901,96
2270 - FUNDACAO HOSPITALAR DO ESTADO DE MINAS GERAIS;Nota fiscal;33.224.254/0001-42;MGS MINAS GERAIS ADMINISTRACAO E SERVICOS S/A;31745;1;1;Serviço;Despesa orçamentária;14;105651;PORTEIRO (COM SUBSTITUICA) - 30H, 36H, 40H OU 44H;CARGA HORARIA 44,00 HORAS POR SEMANA;2271;3704;0,8;5862,6875;4690,15
2270 - FUNDACAO HOSPITALAR DO ESTADO DE MINAS GERAIS;Nota fiscal;33.224.254/0001-42;MGS MINAS GERAIS ADMINISTRACAO E SERVICOS S/A;31745;1;1;Serviço;Despesa orçamentária;15;64475;ADICIONAL INSALUBRIDADE 20%;1,00 UNIDADE;2271;3705;1,0;21720,24;21720,24
2270 - FUNDACAO HOSPITALAR DO ESTADO DE MINAS GERAIS;Nota fiscal;33.224.254/0001-42;MGS MINAS GERAIS ADMINISTRACAO E SERVICOS S/A;31745;1;1;Serviço;Despesa orçamentária;16;64483;ADICIONAL INSALUBRIDADE 40%;1,00 UNIDADE;2271;3705;1,0;23485,51;23485,51
2300 - DEPARTAMENTO DE ESTRADAS DE RODAGEM;Nota fiscal;01.466.431/0001-00;GCT - GERENCIAMENTO E CONTROLE DE TRANSITO S/A;20261796;;1;Serviço;Despesa orçamentária;1;66419;SERVICO DE VIGILANCIA ELETRONICA DE TRANSITO E TRAFEGO E    TRATAMENTO DAS IMAGENS;1,00 UNIDADE;4381;3971;1,0;3086,45;3086,45
1400 - CORPO DE BOMBEIROS MILITAR DE MINAS GERAIS;Nota fiscal;13.802.791/0001-15;AUTO MECANICA MULT CAR LTDA;8557;;1;Serviço;Despesa orçamentária;1;25593;MANUTENCAO E REPARO EM VEICULOS LEVES;HORA;1401;3918;2,0;101,85;203,7
1250 - POLICIA MILITAR DE MINAS GERAIS;Nota fiscal;05.872.814/0007-25;VOGEL SOLUCOES EM TELECOMUNICACOES E INFORMATICA S.A.;54935;;1;Serviço;Despesa orçamentária;1;135712;REDE IP MULTISSERVICOS ;1,00 UNIDADE;1251;4005;1,0;7729,9;7729,9
1450 - SECRETARIA DE ESTADO DE JUSTICA E SEGURANCA PUBLIC;Nota fiscal;08.624.977/0001-91;TERRAVIVA AMBIENTAL LTDA;8838;A;1;Serviço;Despesa orçamentária;1;30074;SERVICOS DE COLETA, TRANSPORTE, SELECAO, TRATAMENTO  E DESTINACAO DE RESIDUO LIXO HOSPITALAR E IML;1,00 UNIDADE;1451;3959;1,0;3133,2;3133,2
1500 - SECRETARIA DE ESTADO DE PLANEJAMENTO E GESTAO;Outros;33.224.254/0001-42;MGS MINAS GERAIS ADMINISTRACAO E SERVICOS S/A;703658;1;1;Serviço;Despesa orçamentária;1;66311;VALE-ALIMENTACAO - MGS;1,00 UNIDADE;1501;3705;1,0;122,64;122,64
1450 - SECRETARIA DE ESTADO DE JUSTICA E SEGURANCA PUBLIC;Nota fiscal;11.319.926/0001-60;KSM MANUTENCAO DE MAQUINAS E EQUIPAMENTOS LTDA -ME;109;1;1;Serviço;Despesa orçamentária;1;21580;MANUTENCAO E REPARO EM EQUIPAMENTOS DE LAVANDERIA;1,00 UNIDADE;1451;3921;1,0;3000,0;3000,0
1250 - POLICIA MILITAR DE MINAS GERAIS;Nota fiscal;04.443.182/0001-26;UFFICIO INDUSTRIA E COMERCIO DE MOVEIS LTDA;4851;;1;Permanente;Despesa orçamentária;1;1367170;"MESA PARA ESCRITORIO -  FINALIDADE:   FUNCIONARIO; ESTRUTURA:   CHAPA DE ACO CARBONO; TAMPO:   MDP DE 25 MM, REVESTIDO DE MATERIAL MELAMINICO; TAMPA:   SEM TAMPA; GAVETEIRO/GAVETA:   GAVETEIRO COM 03 GAVETAS; DIMENSOES:   120(LARG) X 70(PROF) X 75(ALT)CM;";1,00 UNIDADE;1251;5214;1,0;516,84;516,84
1250 - POLICIA MILITAR DE MINAS GERAIS;Nota fiscal;04.443.182/0001-26;UFFICIO INDUSTRIA E COMERCIO DE MOVEIS LTDA;4851;;1;Permanente;Despesa orçamentária;2;885649;"ARMARIO PARA ESCRITORIO -  TIPO:   ALTO; MATERIA-PRIMA:   MADEIRA AGLOMERADA REVESTIDA EM MELAMINICO; PRATELEIRAS/SUPORTE:   COM 04 PRATELEIRAS E RODAPE METALICO; GAVETAS:   SEM GAVETAS; PORTAS:   DUAS PORTAS DE GIRO; ESTRUTURA/BASE:   CORPO EM MADEIRA AGLOMERADA REVESTIDA EM MELAMINIC; DIMENSOES:   90CM LARGURA X 49 PROFUNDIDADE X 160CM ALTURA;";1,00 UNIDADE;1251;5214;2,0;781,94;1563,88
1250 - POLICIA MILITAR DE MINAS GERAIS;Nota fiscal;04.443.182/0001-26;UFFICIO INDUSTRIA E COMERCIO DE MOVEIS LTDA;4851;;1;Permanente;Despesa orçamentária;3;848638;"GAVETEIRO USO ESCRITORIO -  TIPO:   VOLANTE; COMPOSICAO:   04 GAVETAS; MATERIA-PRIMA:   MADEIRA AGLOMERADA REVESTIDA EM MELAMINICO; ESTRUTURA:   BASE EM MADEIRA AGLOMERADA REVESTIDA EM MELAMINICO; DIMENSOES:   47CM LARGURA X 55CM PROFUNDIDADE X 70CM ALTURA;";1,00 UNIDADE;1251;5214;1,0;504,57;504,57
1250 - POLICIA MILITAR DE MINAS GERAIS;Nota fiscal;04.443.182/0001-26;UFFICIO INDUSTRIA E COMERCIO DE MOVEIS LTDA;4851;;1;Permanente;Despesa orçamentária;4;1591606;"MESA PARA REUNIAO -  FORMATO:   REDONDA; ESTRUTURA:   ACO PINTADO EM EPOXI; TAMPO:   MDP,REVESTIDA EM LAMINADO MELAMINICO; DIMENSOES:   1200MM(DIAMETRO)X 740MM(ALT.);";1,00 UNIDADE;1251;5214;1,0;432,81;432,81
2100 - INSTITUTO ESTADUAL DE FLORESTAS-IEF;Outros;33.224.254/0001-42;MGS MINAS GERAIS ADMINISTRACAO E SERVICOS S/A;703874;1;1;Serviço;Despesa orçamentária;1;155250;CARTAO CESTA BASICA - MGS;1,00 UNIDADE;2101;3705;1,0;1424,24;1424,24
2300 - DEPARTAMENTO DE ESTRADAS DE RODAGEM;Nota fiscal;01.466.431/0001-00;GCT - GERENCIAMENTO E CONTROLE DE TRANSITO S/A;20261797;;1;Serviço;Despesa orçamentária;1;66419;SERVICO DE VIGILANCIA ELETRONICA DE TRANSITO E TRAFEGO E    TRATAMENTO DAS IMAGENS;1,00 UNIDADE;4381;3971;1,0;2609,18;2609,18
1710 - SECRETARIA DE ESTADO DE COMUNICACAO SOCIAL;Nota fiscal;33.224.254/0001-42;MGS MINAS GERAIS ADMINISTRACAO E SERVICOS S/A;31775;;1;Serviço;Despesa orçamentária;1;63363;MOTORISTA DE VEICULO DE SERVICO - 44H;CARGA HORARIA 44,00 HORAS POR SEMANA;1711;3704;1,0;6632,21;6632,21
1710 - SECRETARIA DE ESTADO DE COMUNICACAO SOCIAL;Nota fiscal;33.224.254/0001-42;MGS MINAS GERAIS ADMINISTRACAO E SERVICOS S/A;31775;;1;Serviço;Despesa orçamentária;2;63339;SUPORTE ADMINISTRATIVO - 30H, 36H, 40H OU 44H;CARGA HORARIA 40,00 HORAS POR SEMANA;1711;3704;2,9418;6544,9452;19253,92
1710 - SECRETARIA DE ESTADO DE COMUNICACAO SOCIAL;Nota fiscal;33.224.254/0001-42;MGS MINAS GERAIS ADMINISTRACAO E SERVICOS S/A;31775;;1;Serviço;Despesa orçamentária;3;105597;ASSISTENTE ADMINISTRATIVO NIVEL II - 30H, 36H, 40H OU 44H ;CARGA HORARIA 40,00 HORAS POR SEMANA;1711;3704;0,9768;10134,9201;9899,79
1710 - SECRETARIA DE ESTADO DE COMUNICACAO SOCIAL;Nota fiscal;33.224.254/0001-42;MGS MINAS GERAIS ADMINISTRACAO E SERVICOS S/A;31775;;1;Serviço;Despesa orçamentária;4;63363;MOTORISTA DE VEICULO DE SERVICO - 44H;CARGA HORARIA 44,00 HORAS POR SEMANA;1711;3704;1,0;6632,21;6632,21
1710 - SECRETARIA DE ESTADO DE COMUNICACAO SOCIAL;Nota fiscal;33.224.254/0001-42;MGS MINAS GERAIS ADMINISTRACAO E SERVICOS S/A;31775;;1;Serviço;Despesa orçamentária;5;63584;RECEPCIONISTA - 30H, 36H, 40H OU 44H;CARGA HORARIA 40,00 HORAS POR SEMANA;1711;3704;0,9884;7196,3577;7112,88
1710 - SECRETARIA DE ESTADO DE COMUNICACAO SOCIAL;Nota fiscal;33.224.254/0001-42;MGS MINAS GERAIS ADMINISTRACAO E SERVICOS S/A;31775;;1;Serviço;Despesa orçamentária;6;105600;ASSISTENTE OPERACIONAL NIVEL II - 30H, 36H 40H OU 44H;CARGA HORARIA 40,00 HORAS POR SEMANA;1711;3704;2,0;6063,4;12126,8
1710 - SECRETARIA DE ESTADO DE COMUNICACAO SOCIAL;Nota fiscal;33.224.254/0001-42;MGS MINAS GERAIS ADMINISTRACAO E SERVICOS S/A;31775;;1;Serviço;Despesa orçamentária;7;63339;SUPORTE ADMINISTRATIVO - 30H, 36H, 40H OU 44H;CARGA HORARIA 40,00 HORAS POR SEMANA;1711;3704;4,8836;6544,9258;31962,8
1710 - SECRETARIA DE ESTADO DE COMUNICACAO SOCIAL;Nota fiscal;33.224.254/0001-42;MGS MINAS GERAIS ADMINISTRACAO E SERVICOS S/A;31775;;1;Serviço;Despesa orçamentária;8;105597;ASSISTENTE ADMINISTRATIVO NIVEL II - 30H, 36H, 40H OU 44H ;CARGA HORARIA 40,00 HORAS POR SEMANA;1711;3704;2,0126;10135,1634;20398,03
1710 - SECRETARIA DE ESTADO DE COMUNICACAO SOCIAL;Nota fiscal;33.224.254/0001-42;MGS MINAS GERAIS ADMINISTRACAO E SERVICOS S/A;31775;;1;Serviço;Despesa orçamentária;9;63517;TECNICO ESPECIALIZADO - 40H OU 44H;CARGA HORARIA 40,00 HORAS POR SEMANA;1711;3704;2,0006;7929,836;15864,43
1710 - SECRETARIA DE ESTADO DE COMUNICACAO SOCIAL;Nota fiscal;33.224.254/0001-42;MGS MINAS GERAIS ADMINISTRACAO E SERVICOS S/A;31775;;1;Serviço;Despesa orçamentária;10;63339;SUPORTE ADMINISTRATIVO - 30H, 36H, 40H OU 44H;CARGA HORARIA 40,00 HORAS POR SEMANA;1711;3704;0,9;6545,0333;5890,53
1710 - SECRETARIA DE ESTADO DE COMUNICACAO SOCIAL;Nota fiscal;33.224.254/0001-42;MGS MINAS GERAIS ADMINISTRACAO E SERVICOS S/A;31775;;1;Serviço;Despesa orçamentária;11;105589;ASSESSOR TECNICO NIVEL II - 30H, 36H, 40H OU  44H;CARGA HORARIA 40,00 HORAS POR SEMANA;1711;3704;3,0;14145,97;42437,91
1710 - SECRETARIA DE ESTADO DE COMUNICACAO SOCIAL;Nota fiscal;33.224.254/0001-42;MGS MINAS GERAIS ADMINISTRACAO E SERVICOS S/A;31775;;1;Serviço;Despesa orçamentária;12;105597;ASSISTENTE ADMINISTRATIVO NIVEL II - 30H, 36H, 40H OU 44H ;CARGA HORARIA 40,00 HORAS POR SEMANA;1711;3704;3,0334;10135,1684;30744,02
1710 - SECRETARIA DE ESTADO DE COMUNICACAO SOCIAL;Nota fiscal;33.224.254/0001-42;MGS MINAS GERAIS ADMINISTRACAO E SERVICOS S/A;31775;;1;Serviço;Despesa orçamentária;13;105490;ASSESSOR ORGANIZACIONAL NIVEL II - 30H, 36H, 40H OU 44H;CARGA HORARIA 40,00 HORAS POR SEMANA;1711;3704;1,6334;21593,8165;35271,34
1710 - SECRETARIA DE ESTADO DE COMUNICACAO SOCIAL;Nota fiscal;33.224.254/0001-42;MGS MINAS GERAIS ADMINISTRACAO E SERVICOS S/A;31775;;1;Serviço;Despesa orçamentária;14;63363;MOTORISTA DE VEICULO DE SERVICO - 44H;CARGA HORARIA 44,00 HORAS POR SEMANA;1711;3704;1,8001;6631,8426;11937,98
1710 - SECRETARIA DE ESTADO DE COMUNICACAO SOCIAL;Nota fiscal;33.224.254/0001-42;MGS MINAS GERAIS ADMINISTRACAO E SERVICOS S/A;31775;;1;Serviço;Despesa orçamentária;15;63517;TECNICO ESPECIALIZADO - 40H OU 44H;CARGA HORARIA 40,00 HORAS POR SEMANA;1711;3704;0,9902;7929,7616;7852,05
1710 - SECRETARIA DE ESTADO DE COMUNICACAO SOCIAL;Nota fiscal;33.224.254/0001-42;MGS MINAS GERAIS ADMINISTRACAO E SERVICOS S/A;31775;;1;Serviço;Despesa orçamentária;16;64467;HORA EXTRA;1,00 UNIDADE;1711;3705;1,0;2544,03;2544,03
1710 - SECRETARIA DE ESTADO DE COMUNICACAO SOCIAL;Nota fiscal;33.224.254/0001-42;MGS MINAS GERAIS ADMINISTRACAO E SERVICOS S/A;31775;;1;Serviço;Despesa orçamentária;17;64491;GRATIFICACAO DE FUNCAO;1,00 UNIDADE;1711;3705;1,0;11342,6;11342,6
1710 - SECRETARIA DE ESTADO DE COMUNICACAO SOCIAL;Nota fiscal;33.224.254/0001-42;MGS MINAS GERAIS ADMINISTRACAO E SERVICOS S/A;31775;;1;Serviço;Despesa orçamentária;18;64491;GRATIFICACAO DE FUNCAO;1,00 UNIDADE;1711;3705;1,0;9300,92;9300,92
1710 - SECRETARIA DE ESTADO DE COMUNICACAO SOCIAL;Nota fiscal;33.224.254/0001-42;MGS MINAS GERAIS ADMINISTRACAO E SERVICOS S/A;31775;;1;Serviço;Despesa orçamentária;19;64491;GRATIFICACAO DE FUNCAO;1,00 UNIDADE;1711;3705;1,0;1224,99;1224,99
1710 - SECRETARIA DE ESTADO DE COMUNICACAO SOCIAL;Nota fiscal;33.224.254/0001-42;MGS MINAS GERAIS ADMINISTRACAO E SERVICOS S/A;31775;;1;Serviço;Despesa orçamentária;20;64467;HORA EXTRA;1,00 UNIDADE;1711;3705;1,0;6040,04;6040,04
1710 - SECRETARIA DE ESTADO DE COMUNICACAO SOCIAL;Nota fiscal;33.224.254/0001-42;MGS MINAS GERAIS ADMINISTRACAO E SERVICOS S/A;31775;;1;Serviço;Despesa orçamentária;21;64467;HORA EXTRA;1,00 UNIDADE;1711;3705;1,0;2611,97;2611,97
1260 - SECRETARIA DE ESTADO DE EDUCACAO;Nota fiscal;33.224.254/0001-42;MGS MINAS GERAIS ADMINISTRACAO E SERVICOS S/A;202631900;;1;Serviço;Despesa orçamentária;1;66311;VALE-ALIMENTACAO - MGS;1,00 UNIDADE;1261;3705;1,0;17660,94;17660,94
2270 - FUNDACAO HOSPITALAR DO ESTADO DE MINAS GERAIS;Outros;33.224.254/0001-42;MGS MINAS GERAIS ADMINISTRACAO E SERVICOS S/A;705649;;1;Serviço;Despesa orçamentária;1;66311;VALE-ALIMENTACAO - MGS;1,00 UNIDADE;2271;3705;1,0;33529,96;33529,96
1260 - SECRETARIA DE ESTADO DE EDUCACAO;Outros;34.028.316/0015-09;EMPRESA BRASILEIRA DE CORREIOS E TELEGRAFOS;2588824;;1;Serviço;Despesa orçamentária;1;4995;CONTRATACAO DE SERVICO POSTAL E TELEGRAFICO;1,00 UNIDADE;1261;3915;1,0;642,07;642,07
2270 - FUNDACAO HOSPITALAR DO ESTADO DE MINAS GERAIS;Nota fiscal;20.858.411/0001-20;AMGS COMERCIO E REPRESENTACOES LTDA;645514;2;1;Consumo;Despesa orçamentária;1;537454;"PARAFUSO DE FIXACAO USO MEDICO CIRURGICO -  IDENTIFICACAO:   ASSOCIAVEIS A PLACA, CORTICAL; MATERIA-PRIMA:   ACO INOXIDAVEL; TAMANHO:   3,5MM DE DIAMETRO;";1,00 UNIDADE;2271;3010;1,0;20,04;20,04
2270 - FUNDACAO HOSPITALAR DO ESTADO DE MINAS GERAIS;Nota fiscal;20.858.411/0001-20;AMGS COMERCIO E REPRESENTACOES LTDA;645514;2;1;Consumo;Despesa orçamentária;2;587370;"PARAFUSO DE FIXACAO USO MEDICO CIRURGICO -  IDENTIFICACAO:   ESPONJOSO; MATERIA-PRIMA:   ACO INOXIDAVEL; TAMANHO:   4,0MM DE DIAMETRO;";1,00 UNIDADE;2271;3010;2,0;36,2;72,4
1400 - CORPO DE BOMBEIROS MILITAR DE MINAS GERAIS;Nota fiscal;08.298.732/0001-11;OLAIR DE JESUS DOS SANTOS;3183;;1;Serviço;Despesa orçamentária;1;25593;MANUTENCAO E REPARO EM VEICULOS LEVES;HORA;1401;3918;1,0;160,0;160,0
1450 - SECRETARIA DE ESTADO DE JUSTICA E SEGURANCA PUBLIC;Nota fiscal;08.624.977/0001-91;TERRAVIVA AMBIENTAL LTDA;7810;;1;Serviço;Despesa orçamentária;1;30074;SERVICOS DE COLETA, TRANSPORTE, SELECAO, TRATAMENTO  E DESTINACAO DE RESIDUO LIXO HOSPITALAR E IML;1,00 UNIDADE;1451;3959;1,0;899,8;899,8
1020 - TRIBUNAL DE CONTAS DO ESTADO DE MINAS GERAIS;Nota fiscal;07.346.478/0001-17;METODO SYSTEM COMERCIO E SERVICOS LTDA;367;;1;Serviço;Despesa orçamentária;1;27863;SERVICOS DE LOCACAO DE EQUIPAMENTOS E INFRA-ESTRUTURA DE TE LECOMUNICACOES;1,00 UNIDADE;1021;3919;1,0;37622,42;37622,42
1250 - POLICIA MILITAR DE MINAS GERAIS;Nota fiscal;26.759.927/0001-01;AC CLEAN COMERCIO DE LIMPEZA LTDA;23816;1;1;Consumo;Despesa orçamentária;1;620360;"DESODORIZADOR DE AMBIENTES -  APRESENTACAO:   AEROSOL; ESSENCIA:   LAVANDA;";FRASCO;1251;3017;9,0;12,26;110,34
1250 - POLICIA MILITAR DE MINAS GERAIS;Nota fiscal;26.759.927/0001-01;AC CLEAN COMERCIO DE LIMPEZA LTDA;23816;1;1;Consumo;Despesa orçamentária;2;1043056;"DESODORIZADOR DE AMBIENTES -  APRESENTACAO:   PEDRA, COM SUPORTE; ESSENCIA:   LAVANDA;";1,00 UNIDADE;1251;3017;30,0;1,68;50,4
1250 - POLICIA MILITAR DE MINAS GERAIS;Nota fiscal;26.759.927/0001-01;AC CLEAN COMERCIO DE LIMPEZA LTDA;23816;1;1;Consumo;Despesa orçamentária;3;620378;"DESODORIZADOR DE AMBIENTES -  APRESENTACAO:   AEROSOL; ESSENCIA:   FLORAL;";FRASCO 360,00 MILILITRO;1251;3017;8,0;10,08;80,64
1250 - POLICIA MILITAR DE MINAS GERAIS;Nota fiscal;26.759.927/0001-01;AC CLEAN COMERCIO DE LIMPEZA LTDA;23816;1;1;Consumo;Despesa orçamentária;4;2020831;"RODO -  CABO:   ALUMINIO, DE 150 CM; BASE:   METAL,  COM BORRACHA QUE PERMITE A TROCA; DIMENSAO BASE:   60 CM ;";1,00 UNIDADE;1251;3017;4,0;43,35;173,4
1250 - POLICIA MILITAR DE MINAS GERAIS;Nota fiscal;26.759.927/0001-01;AC CLEAN COMERCIO DE LIMPEZA LTDA;23816;1;1;Consumo;Despesa orçamentária;5;318620;"ESPANADOR -  MATERIA PRIMA:   PENAS; TAMANHO DO CABO:   50CM;";1,00 UNIDADE;1251;3017;3,0;25,04;75,12
1250 - POLICIA MILITAR DE MINAS GERAIS;Nota fiscal;26.759.927/0001-01;AC CLEAN COMERCIO DE LIMPEZA LTDA;23816;1;1;Consumo;Despesa orçamentária;6;354007;"PALHAS DE ACO -  APRESENTACAO:   PACOTE; NUMERO:   0;";PACOTE 8,00 UNIDADE;1251;3017;10,0;3,37;33,7
1250 - POLICIA MILITAR DE MINAS GERAIS;Nota fiscal;26.759.927/0001-01;AC CLEAN COMERCIO DE LIMPEZA LTDA;23816;1;1;Consumo;Despesa orçamentária;7;56790;"FLANELA PARA LIMPEZA -  DIMENSOES:   40 X 60 CM (LARGURA X COMPRIMENTO);";1,00 UNIDADE;1251;3017;40,0;2,79;111,6
1250 - POLICIA MILITAR DE MINAS GERAIS;Nota fiscal;26.759.927/0001-01;AC CLEAN COMERCIO DE LIMPEZA LTDA;23816;1;1;Consumo;Despesa orçamentária;8;749079;"VASCULHO - (VASSOURA LIMPA TETO) -  TIPO DAS CERDAS:   SISAL; BASE 14 CM DIAMETRO; COMPRIMENTO CABO:   4,0M DE COMPRIMENTO; MATERIAL CABO:   MADEIRA;";1,00 UNIDADE;1251;3017;4,0;18,55;74,2
1250 - POLICIA MILITAR DE MINAS GERAIS;Nota fiscal;26.759.927/0001-01;AC CLEAN COMERCIO DE LIMPEZA LTDA;23816;1;1;Consumo;Despesa orçamentária;9;548375;"LUVA PARA LIMPEZA -  MATERIA-PRIMA:   LATEX NATURAL; TAMANHO:   PEQUENO; CANO:   MEDIO; TIPO:   COM FORRO E ANTIDERRAPANTE;";EMBALAGEM 1,00 PAR;1251;3017;8,0;8,0;64,0
1250 - POLICIA MILITAR DE MINAS GERAIS;Nota fiscal;26.759.927/0001-01;AC CLEAN COMERCIO DE LIMPEZA LTDA;23816;1;1;Consumo;Despesa orçamentária;10;120847;"ESCOVA PARA LIMPEZA -  CERDAS:   NYLON; UTILIDADE:   LIMPEZA DE VASO SANITARIO; APRESENTACAO:   COM CORPO, CABO E ESTOJO EM PLASTICO;";1,00 UNIDADE;1251;3017;4,0;5,33;21,32
1250 - POLICIA MILITAR DE MINAS GERAIS;Nota fiscal;26.759.927/0001-01;AC CLEAN COMERCIO DE LIMPEZA LTDA;23816;1;1;Consumo;Despesa orçamentária;11;13951;"ESCOVA PARA ROUPA -  MATERIA-PRIMA:   BASE PLASTICA, COM CABO E CERDAS DE NYLON;";1,00 UNIDADE;1251;3017;3,0;4,41;13,23
1250 - POLICIA MILITAR DE MINAS GERAIS;Nota fiscal;26.759.927/0001-01;AC CLEAN COMERCIO DE LIMPEZA LTDA;23816;1;1;Consumo;Despesa orçamentária;12;45659;"LA DE ACO -  TIPO:   BIODEGRADAVEL; FRAGRANCIA:   SEM PERFUME; PESO LIQUIDO:   60G;";PACOTE 8,00 UNIDADE;1251;3017;6,0;1,77;10,62
1250 - POLICIA MILITAR DE MINAS GERAIS;Nota fiscal;26.759.927/0001-01;AC CLEAN COMERCIO DE LIMPEZA LTDA;23816;1;1;Consumo;Despesa orçamentária;13;344478;"PA PARA LIXO USO DOMESTICO -  MATERIA PRIMA DA PA:   FOLHA GALVANIZADA; MATERIA PRIMA DO CABO:   MADEIRA; MEDIDA DO CABO:   100CM;";1,00 UNIDADE;1251;3017;4,0;7,1;28,4
1250 - POLICIA MILITAR DE MINAS GERAIS;Nota fiscal;26.759.927/0001-01;AC CLEAN COMERCIO DE LIMPEZA LTDA;23816;1;1;Consumo;Despesa orçamentária;14;56782;"ESPONJA SINTETICA PARA LIMPEZA -  MATERIA-PRIMA:   ESPUMA DE POLIURETANO, COM ABRASIVO EM UMA FACE; TIPO:   DUPLA FACE; FORMATO:   RETANGULAR;";1,00 UNIDADE;1251;3017;50,0;0,83;41,5
1250 - POLICIA MILITAR DE MINAS GERAIS;Nota fiscal;26.759.927/0001-01;AC CLEAN COMERCIO DE LIMPEZA LTDA;23816;1;1;Consumo;Despesa orçamentária;15;548391;"PANO DE CHAO -  MATERIA-PRIMA:   ALGODAO CRU; MEDIDAS:   60 X 80CM;";1,00 UNIDADE;1251;3017;40,0;3,67;146,8
1250 - POLICIA MILITAR DE MINAS GERAIS;Nota fiscal;26.759.927/0001-01;AC CLEAN COMERCIO DE LIMPEZA LTDA;23816;1;1;Consumo;Despesa orçamentária;16;141232;"DETERGENTE  USO DOMESTICO -  APRESENTACAO:   LIQUIDO; FRAGRANCIA:   NEUTRO;";FRASCO 500,00 MILILITRO;1251;3017;15,0;1,73;25,95
1250 - POLICIA MILITAR DE MINAS GERAIS;Nota fiscal;26.759.927/0001-01;AC CLEAN COMERCIO DE LIMPEZA LTDA;23816;1;1;Consumo;Despesa orçamentária;17;761273;"DETERGENTE  USO DOMESTICO -  APRESENTACAO:   LIQUIDO E CONCENTRADO; FRAGRANCIA:   NEUTRO;";GALAO 5,00 LITRO;1251;3017;20,0;22,19;443,8
1250 - POLICIA MILITAR DE MINAS GERAIS;Nota fiscal;26.759.927/0001-01;AC CLEAN COMERCIO DE LIMPEZA LTDA;23816;1;1;Consumo;Despesa orçamentária;18;367664;"DETERGENTE  USO DOMESTICO -  APRESENTACAO:   SEMI-PASTOSO; FRAGRANCIA:   NEUTRO;";FRASCO 5,00 LITRO;1251;3017;6,0;25,02;150,12
1250 - POLICIA MILITAR DE MINAS GERAIS;Nota fiscal;26.759.927/0001-01;AC CLEAN COMERCIO DE LIMPEZA LTDA;23816;1;1;Consumo;Despesa orçamentária;19;50245;"AGUA SANITARIA -  TEOR:   2 PORCENTO DE CLORO ATIVO;";FRASCO 5,00 LITRO;1251;3017;6,0;10,8;64,8
1250 - POLICIA MILITAR DE MINAS GERAIS;Nota fiscal;26.759.927/0001-01;AC CLEAN COMERCIO DE LIMPEZA LTDA;23816;1;1;Consumo;Despesa orçamentária;20;614980;"AGUA SANITARIA -  TEOR:   10 A 12 POR CENTO DE CLORO ATIVO;";FRASCO 5,00 LITRO;1251;3017;21,0;17,16;360,36
1250 - POLICIA MILITAR DE MINAS GERAIS;Nota fiscal;26.759.927/0001-01;AC CLEAN COMERCIO DE LIMPEZA LTDA;23816;1;1;Consumo;Despesa orçamentária;21;39896;"SAPONACEO -  APRESENTACAO:   CREMOSO; FRAGANCIA:   DE LIMAO;";FRASCO 300,00 GRAMA;1251;3017;15,0;6,98;104,7
1250 - POLICIA MILITAR DE MINAS GERAIS;Nota fiscal;26.759.927/0001-01;AC CLEAN COMERCIO DE LIMPEZA LTDA;23816;1;1;Consumo;Despesa orçamentária;22;520950;"LIMPADOR INSTANTANEO -  TIPO:   MULTIUSO, EM SPRAY; APRESENTACAO:   LIQUIDO; FRAGRANCIA:   LAVANDA;";FRASCO 500,00 MILILITRO;1251;3017;25,0;5,95;148,75
1250 - POLICIA MILITAR DE MINAS GERAIS;Nota fiscal;26.759.927/0001-01;AC CLEAN COMERCIO DE LIMPEZA LTDA;23816;1;1;Consumo;Despesa orçamentária;23;676934;"LIMPADOR INSTANTANEO -  TIPO:   MULTIUSO; APRESENTACAO:   LIQUIDO; FRAGRANCIA:   NEUTRA;";FRASCO 500,00 MILILITRO;1251;3017;24,0;3,06;73,44
1250 - POLICIA MILITAR DE MINAS GERAIS;Nota fiscal;26.759.927/0001-01;AC CLEAN COMERCIO DE LIMPEZA LTDA;23816;1;1;Consumo;Despesa orçamentária;24;37001;"AROMATIZANTE DE AR -  AROMA:   LAVANDA, LIMAO, EUCALIPTO; APLICACAO:   COZINHAS, BANHEIROS, ETC;";FRASCO 360,00 MILILITRO;1251;3017;9,0;15,35;138,15
1250 - POLICIA MILITAR DE MINAS GERAIS;Nota fiscal;26.759.927/0001-01;AC CLEAN COMERCIO DE LIMPEZA LTDA;23816;1;1;Consumo;Despesa orçamentária;25;1529110;"HIPOCLORITO DE SODIO PARA LIMPEZA -  APLICACAO:   DESINFECCAO DE SUPERFICIES; BASE:   5% DE CLORO ATIVO;";GALAO 5,00 LITRO;1251;3017;24,0;16,26;390,24
1250 - POLICIA MILITAR DE MINAS GERAIS;Nota fiscal;26.759.927/0001-01;AC CLEAN COMERCIO DE LIMPEZA LTDA;23816;1;1;Consumo;Despesa orçamentária;26;987174;"SACO PLASTICO -  TIPO PLASTICO:   PRETO; FINALIDADE:   LIXO; CAPACIDADE/TAMANHO:   60 LITROS - 0,10MM DE ESPESSURA;";PACOTE 10,00 UNIDADE;1251;3017;10,0;15,0;150,0
1250 - POLICIA MILITAR DE MINAS GERAIS;Nota fiscal;26.759.927/0001-01;AC CLEAN COMERCIO DE LIMPEZA LTDA;23816;1;1;Consumo;Despesa orçamentária;27;1313150;"LIXEIRA INDIVIDUAL -  TAMPA:   COM TAMPA; PEDAL:   COM PEDAL; ALCA:   SEM ALCA; RODAS:   SEM RODAS; TIPO:   RESIDUO COMUM; MATERIAL:   POLIPROPILENO; CAPACIDADE:   30 LITROS; FORMATO:   RETANGULAR; COR:   CINZA;";1,00 UNIDADE;1251;3017;2,0;45,67;91,34
1250 - POLICIA MILITAR DE MINAS GERAIS;Nota fiscal;26.759.927/0001-01;AC CLEAN COMERCIO DE LIMPEZA LTDA;23816;1;1;Consumo;Despesa orçamentária;28;1296647;"LIXEIRA INDIVIDUAL -  TIPO:   COLETA DE COPOS DESCARTAVEIS (AGUA); MATERIAL:   PVC - POLIESTIRENO DE ALTO IMPACTO; CAPACIDADE:   300 COPOS APROXIMADAMENTE; FORMATO:   CILINDRICO; COR:   BRANCA; TAMPA:   SEM TAMPA; PEDAL:   SEM PEDAL; ALCA:   SEM ALCA; RODAS:   SEM RODAS;";1,00 UNIDADE;1251;3017;3,0;36,59;109,77
1250 - POLICIA MILITAR DE MINAS GERAIS;Nota fiscal;26.759.927/0001-01;AC CLEAN COMERCIO DE LIMPEZA LTDA;23816;1;1;Consumo;Despesa orçamentária;29;1811851;"LIXEIRA INDIVIDUAL -  MATERIAL:   POLIETILENO DE ALTA DENSIDADE; CAPACIDADE:   100 LITROS; TAMPA:   COM TAMPA; COR:   AZUL; FORMATO:   CILINDRICO; ALCA:   SEM ALCAS; TIPO:   RESIDUO COMUM; RODAS:   SEM RODAS; PEDAL:   COM PEDAL;";1,00 UNIDADE;1251;3017;4,0;121,41;485,64
1250 - POLICIA MILITAR DE MINAS GERAIS;Nota fiscal;26.759.927/0001-01;AC CLEAN COMERCIO DE LIMPEZA LTDA;23816;1;1;Consumo;Despesa orçamentária;30;1686267;"PAPEL HIGIENICO -   FOLHA:   SIMPLES; COMPOSICAO:   100% CELULOSE VIRGEM, BRANCO; TIPO:   ROLO; ACABAMENTO:   PICOTADO, GOFRADO; FRAGRANCIA:   NEUTRO; APRESENTACAO:   ROLO 60 M; DIAMETRO DO TUBETE:   NAO APLICAVEL;";ROLO;1251;3017;16,0;2,78;44,48
1250 - POLICIA MILITAR DE MINAS GERAIS;Nota fiscal;26.759.927/0001-01;AC CLEAN COMERCIO DE LIMPEZA LTDA;23816;1;1;Consumo;Despesa orçamentária;31;1726129;"PAPEL HIGIENICO -   APRESENTACAO:   ROLO 300 M; COMPOSICAO:   100% CELULOSE VIRGEM, BRANCO; DIAMETRO DO TUBETE:   CONFORME SOLICITADO PELO ORGAO/ENTIDADE; ACABAMENTO:   SEM PICOTE, GOFRADO; TIPO:   ROLAO; FRAGRANCIA:   NEUTRO; FOLHA:   SIMPLES;";ROLO;1251;3017;30,0;4,91;147,3
1250 - POLICIA MILITAR DE MINAS GERAIS;Nota fiscal;26.759.927/0001-01;AC CLEAN COMERCIO DE LIMPEZA LTDA;23816;1;1;Consumo;Despesa orçamentária;32;1690558;"PAPEL TOALHA -  FOLHA:   SIMPLES; APRESENTACAO:   EMBALAGEM 1.000 FOLHAS; TIPO:   INTERFOLHADO, 2 DOBRAS; DIMENSOES (L X C ):   21 CM X 23 CM; COMPOSICAO:   100% CELULOSE VIRGEM, BRANCA; ACABAMENTO:   GOFRADO;";EMBALAGEM;1251;3017;125,0;12,33;1541,25
1250 - POLICIA MILITAR DE MINAS GERAIS;Nota fiscal;26.759.927/0001-01;AC CLEAN COMERCIO DE LIMPEZA LTDA;23816;1;1;Consumo;Despesa orçamentária;33;1687140;"VASSOURA -   TIPO DAS CERDAS:   PIACAVA SINTETICA; MATERIAL BASE:   PLASTICO; LARGURA BASE:   20 CM; MATERIAL CABO:   MADEIRA REVESTIDO PLASTICO; COMPRIMENTO CABO:   1,20 M; ALTURA DAS CERDAS:   .; TIPO DO CABO:   NAO ROSQUEAVEL;";1,00 UNIDADE;1251;3017;6,0;10,51;63,06
1250 - POLICIA MILITAR DE MINAS GERAIS;Nota fiscal;26.759.927/0001-01;AC CLEAN COMERCIO DE LIMPEZA LTDA;23816;1;1;Consumo;Despesa orçamentária;34;2033011;"VASSOURA -   ALTURA DAS CERDAS:   NAO APLICAVEL; TIPO DAS CERDAS:   PIACAVA NATURAL; LARGURA BASE:   60 CM; TIPO DO CABO:   NAO ROSQUEAVEL; COMPRIMENTO CABO:   1,50 M; MATERIAL CABO:   MADEIRA; MATERIAL BASE:   MADEIRA;";1,00 UNIDADE;1251;3017;2,0;45,03;90,06
1250 - POLICIA MILITAR DE MINAS GERAIS;Nota fiscal;26.759.927/0001-01;AC CLEAN COMERCIO DE LIMPEZA LTDA;23816;1;1;Consumo;Despesa orçamentária;35;1693360;"SABAO EM PO -   COMPOSICAO COMPLEMENTAR:   COADJUVANTES, CORANTES, FRAGANCIA, AGUA E CARGA; APRESENTACAO:   EMBALAGEM 1 KG; PRINCIPIO ATIVO:   LINEAR ALQUIL BENZENO SULFONATO DE SODIO; COMPOSICAO BASICA:   TENSOATIVO ANIONICO, BRANQUEADOR OTICO, ENZIMAS;";EMBALAGEM;1251;3017;2,0;6,75;13,5
1250 - POLICIA MILITAR DE MINAS GERAIS;Nota fiscal;26.759.927/0001-01;AC CLEAN COMERCIO DE LIMPEZA LTDA;23816;1;1;Consumo;Despesa orçamentária;36;1692160;"SABONETE LIQUIDO -   INDICACAO:   HIGIENIZACAO DA PELE; BASE DO PRODUTO:   PEROLADA; ASPECTO:   VISCOSO; PH:   FISIOLOGICO; COMPOSICAO:   AGENTES HIDRATANTES E EMOLIENTES; FRAGRANCIA:   FRAGRANCIA SUAVE HIPOALERGENICA; APRESENTACAO:   EMBALAGEM 5 L;";FRASCO;1251;3017;4,0;16,66;66,64
1250 - POLICIA MILITAR DE MINAS GERAIS;Nota fiscal;26.759.927/0001-01;AC CLEAN COMERCIO DE LIMPEZA LTDA;23816;1;1;Consumo;Despesa orçamentária;37;1695061;"SACO DE LIXO -   TIPO PLASTICO:   RECICLADO; CAPACIDADE NOMINAL:   50 L - 10 KG; COR:   PRETO; DIMENSOES (L X A):   63 CM X 80 CM; APRESENTACAO:   EMBALAGEM 100 UN;";EMBALAGEM;1251;3017;6,0;14,49;86,94
1250 - POLICIA MILITAR DE MINAS GERAIS;Nota fiscal;26.759.927/0001-01;AC CLEAN COMERCIO DE LIMPEZA LTDA;23816;1;1;Consumo;Despesa orçamentária;38;1695118;"SACO DE LIXO -   TIPO PLASTICO:   RECICLADO; CAPACIDADE NOMINAL:   100 L - 20 KG; COR:   PRETO; DIMENSOES (L X A):   75 CM X 105 CM; APRESENTACAO:   EMBALAGEM 100 UN;";EMBALAGEM;1251;3017;10,0;28,37;283,7
1250 - POLICIA MILITAR DE MINAS GERAIS;Nota fiscal;26.759.927/0001-01;AC CLEAN COMERCIO DE LIMPEZA LTDA;23816;1;1;Consumo;Despesa orçamentária;39;1698893;"DESINFETANTE  -   DILUICAO:   NAO APLICAVEL; TIPO:   PRONTO USO; ACAO PRINCIPAL:   BACTERICIDA E GERMICIDA; PRINCIPIO ATIVO (1):   CLORETO DE BENZALCONIO MINIMO 0,28%; PRINCIPIO ATIVO (2):   TENSOATIVOS NAO IONICOS; ODOR:   CONFORME SOLICITADO PELO ORGAO/ENTIDADE; APRESENTACAO:   EMBALAGEM 5 L;";FRASCO;1251;3017;13,0;17,16;223,08
2010 - INST.DE PREVIDENCIA DOS SERVIDORES DO EST.M.GERAIS;Nota fiscal;33.224.254/0001-42;MGS MINAS GERAIS ADMINISTRACAO E SERVICOS S/A;31545;1;1;Serviço;Despesa orçamentária;1;106089;AUXILIAR DE LIMPEZA - 22H, 30H, 36H, 40H OU 44H;CARGA HORARIA 40,00 HORAS POR SEMANA;2011;3703;1,0;4261,59;4261,59
2010 - INST.DE PREVIDENCIA DOS SERVIDORES DO EST.M.GERAIS;Nota fiscal;33.224.254/0001-42;MGS MINAS GERAIS ADMINISTRACAO E SERVICOS S/A;31545;1;1;Serviço;Despesa orçamentária;2;64483;ADICIONAL INSALUBRIDADE 40%;1,00 UNIDADE;2011;3705;1,0;1470,91;1470,91
2270 - FUNDACAO HOSPITALAR DO ESTADO DE MINAS GERAIS;Outros;33.224.254/0001-42;MGS MINAS GERAIS ADMINISTRACAO E SERVICOS S/A;705650;;1;Serviço;Despesa orçamentária;1;155250;CARTAO CESTA BASICA - MGS;1,00 UNIDADE;2271;3705;1,0;8629,9;8629,9
1400 - CORPO DE BOMBEIROS MILITAR DE MINAS GERAIS;Nota fiscal;34.274.233/0025-71;VIBRA ENERGIA S.A;4969774;0;1;Consumo;Despesa orçamentária;1;1325876;"OLEO DIESEL COMBUSTIVEL AUTOMOTIVO -  TIPO:   S10 (MENOS ENXOFRE);";1,00 LITRO;1401;3026;5000,0;4,3962;21981,0
1250 - POLICIA MILITAR DE MINAS GERAIS;Nota fiscal;05.872.814/0007-25;VOGEL SOLUCOES EM TELECOMUNICACOES E INFORMATICA S.A.;55001;;1;Serviço;Despesa orçamentária;1;135712;REDE IP MULTISSERVICOS ;1,00 UNIDADE;1251;4005;1,0;7514,3;7514,3
2270 - FUNDACAO HOSPITALAR DO ESTADO DE MINAS GERAIS;Nota fiscal;20.858.411/0001-20;AMGS COMERCIO E REPRESENTACOES LTDA;645522;2;1;Consumo;Despesa orçamentária;1;26972;"PARAFUSO DE FIXACAO USO MEDICO CIRURGICO -  IDENTIFICACAO:   PARAFUSO DE BLOQUEIO AUTOROSCANTE; MATERIA-PRIMA:   ACO INOXIDAVEL ANTIMAGNETICO; TAMANHO:   14MM A 60MM;";1,00 UNIDADE;2271;3010;6,0;110,48;662,88
2270 - FUNDACAO HOSPITALAR DO ESTADO DE MINAS GERAIS;Nota fiscal;20.858.411/0001-20;AMGS COMERCIO E REPRESENTACOES LTDA;645522;2;1;Consumo;Despesa orçamentária;2;1236229;"PLACA DE FIXACAO USO MEDICO CIRURGICO -  IDENTIFICACAO:   PLACA ANATOMICA PARA TIBIA PROXIMAL LATERAL; MATERIA-PRIMA:   ACO INOXIDAVEL ANTIMAGNETICO;";1,00 UNIDADE;2271;3010;1,0;1435,29;1435,29
2270 - FUNDACAO HOSPITALAR DO ESTADO DE MINAS GERAIS;Nota fiscal;20.858.411/0001-20;AMGS COMERCIO E REPRESENTACOES LTDA;645522;2;1;Consumo;Despesa orçamentária;3;537462;"PARAFUSO DE FIXACAO USO MEDICO CIRURGICO -  IDENTIFICACAO:   ASSOCIAVEIS A PLACA, CORTICAL; MATERIA-PRIMA:   ACO INOXIDAVEL; TAMANHO:   4,5MM DE DIAMETRO;";1,00 UNIDADE;2271;3010;1,0;25,95;25,95
1260 - SECRETARIA DE ESTADO DE EDUCACAO;Outros;10.218.371/0001-06;MARISTELA NEGOCIOS IMOBILIARIOS SS LTDA;8;;1;Serviço;Despesa orçamentária;1;4065;LOCACAO DE IMOVEL COMERCIAL -;1,00 MES;1261;3920;1,0;1400,0;1400,0
1320 - SECRETARIA DE ESTADO DA SAUDE;Nota fiscal;07.432.517/0001-07;SIMPRESS COMERCIO LOCACAO E SERVICOS LTDA;2026455272;1;1;Serviço;Despesa orçamentária;1;97292;LOCACAO DE IMPRESSORA MULTIFUNCIOAL MONOCROMATICA 38 PPM (OUTSOURCING ), PAPEL NAO INCLUSO;1,00 UNIDADE;4291;3919;4,0;118,07;472,28
1320 - SECRETARIA DE ESTADO DA SAUDE;Nota fiscal;07.432.517/0001-07;SIMPRESS COMERCIO LOCACAO E SERVICOS LTDA;2026455272;1;1;Serviço;Despesa orçamentária;2;127680;LOCACAO DE IMPRESSORA COLORIDA 22 PPM (OUTSOURCING), PAPEL NAO INCLUSO;1,00 UNIDADE;4291;3919;1,0;153,0;153,0
1260 - SECRETARIA DE ESTADO DE EDUCACAO;Nota fiscal;53.073.552/0001-96;EMBALART DISTRIBUIDORA DE EMBALAGENS LTDA;4272;1;1;Consumo;Despesa orçamentária;1;1695150;"SACO DE LIXO -   TIPO PLASTICO:   RECICLADO; CAPACIDADE NOMINAL:   200 L - 25 KG; COR:   PRETO; DIMENSOES (L X A):   92 CM X 115 CM; APRESENTACAO:   EMBALAGEM 100 UN;";EMBALAGEM;1261;3017;30,0;35,16;1054,8
1260 - SECRETARIA DE ESTADO DE EDUCACAO;Nota fiscal;53.073.552/0001-96;EMBALART DISTRIBUIDORA DE EMBALAGENS LTDA;4272;1;1;Consumo;Despesa orçamentária;2;1695029;"SACO DE LIXO -   TIPO PLASTICO:   RECICLADO; CAPACIDADE NOMINAL:   30 L - 6 KG; COR:   PRETO; DIMENSOES (L X A):   59 CM X 62 CM; APRESENTACAO:   EMBALAGEM 100 UN;";EMBALAGEM;1261;3017;40,0;10,05;402,0
1400 - CORPO DE BOMBEIROS MILITAR DE MINAS GERAIS;Nota fiscal;08.298.732/0001-11;OLAIR DE JESUS DOS SANTOS;3172;;1;Serviço;Despesa orçamentária;1;25593;MANUTENCAO E REPARO EM VEICULOS LEVES;HORA;1401;3918;1,0;371,7;371,7
2300 - DEPARTAMENTO DE ESTRADAS DE RODAGEM;Nota fiscal;01.466.431/0001-00;GCT - GERENCIAMENTO E CONTROLE DE TRANSITO S/A;20261798;;1;Serviço;Despesa orçamentária;1;66419;SERVICO DE VIGILANCIA ELETRONICA DE TRANSITO E TRAFEGO E    TRATAMENTO DAS IMAGENS;1,00 UNIDADE;4381;3971;1,0;3086,45;3086,45
2100 - INSTITUTO ESTADUAL DE FLORESTAS-IEF;Nota fiscal;33.224.254/0001-42;MGS MINAS GERAIS ADMINISTRACAO E SERVICOS S/A;202600000030602;1;1;Serviço;Despesa orçamentária;1;64483;ADICIONAL INSALUBRIDADE 40%;1,00 UNIDADE;2101;3705;1,0;1136,95;1136,95
2100 - INSTITUTO ESTADUAL DE FLORESTAS-IEF;Nota fiscal;33.224.254/0001-42;MGS MINAS GERAIS ADMINISTRACAO E SERVICOS S/A;202600000030602;1;1;Serviço;Despesa orçamentária;2;106089;AUXILIAR DE LIMPEZA - 22H, 30H, 36H, 40H OU 44H;CARGA HORARIA 40,00 HORAS POR SEMANA;2101;3703;0,8;4117,5375;3294,03
2100 - INSTITUTO ESTADUAL DE FLORESTAS-IEF;Nota fiscal;33.224.254/0001-42;MGS MINAS GERAIS ADMINISTRACAO E SERVICOS S/A;202600000030602;1;1;Serviço;Despesa orçamentária;3;95109;AGENTE DE SERVICO DE PARQUE HABILITADO - 44H;CARGA HORARIA 44,00 HORAS POR SEMANA;2101;3704;1,0;5463,99;5463,99
2100 - INSTITUTO ESTADUAL DE FLORESTAS-IEF;Nota fiscal;33.224.254/0001-42;MGS MINAS GERAIS ADMINISTRACAO E SERVICOS S/A;202600000030602;1;1;Serviço;Despesa orçamentária;4;95117;AGENTE DE SERVICO DE PARQUE HABILITADO - (PERICULOSIDADE) - 44H;CARGA HORARIA 44,00 HORAS POR SEMANA;2101;3704;1,0;6873,77;6873,77
2100 - INSTITUTO ESTADUAL DE FLORESTAS-IEF;Nota fiscal;33.224.254/0001-42;MGS MINAS GERAIS ADMINISTRACAO E SERVICOS S/A;202600000030602;1;1;Serviço;Despesa orçamentária;5;106348;ORIENTADOR AMBIENTAL  - 44 HORAS  ;CARGA HORARIA 44,00 HORAS POR SEMANA;2101;3704;1,0;6523,01;6523,01
1450 - SECRETARIA DE ESTADO DE JUSTICA E SEGURANCA PUBLIC;Nota fiscal;08.624.977/0001-91;TERRAVIVA AMBIENTAL LTDA;6641;;1;Serviço;Despesa orçamentária;1;30074;SERVICOS DE COLETA, TRANSPORTE, SELECAO, TRATAMENTO  E DESTINACAO DE RESIDUO LIXO HOSPITALAR E IML;1,00 UNIDADE;1451;3959;1,0;818,44;818,44
1320 - SECRETARIA DE ESTADO DA SAUDE;Outros;***.857.296-**;DANIELLE COSTA CAPISTRANO CHAVES;9494608;8;1;Serviço;Despesa orçamentária;1;12653;SERVICOS DE MINISTRACAO DE CURSOS DE QUALIFICACAO E CAPACITACAO DE PESSOAL NA AREA DE SAUDE;1,00 UNIDADE;4291;3631;1,0;900,0;900,0
2280 - FUNDACAO DE EDUCACAO PARA TRABALHO DE MINAS GERAIS;Outros;90.180.605/0001-02;GENTE SEGURADORA SA;920849015;;1;Serviço;Despesa orçamentária;1;4847;SERVICOS DE SEGURO DE SAUDE;1,00 UNIDADE;2281;3910;12,0;0,5;6,0
2270 - FUNDACAO HOSPITALAR DO ESTADO DE MINAS GERAIS;Nota fiscal;33.224.254/0001-42;MGS MINAS GERAIS ADMINISTRACAO E SERVICOS S/A;31952;;1;Serviço;Despesa orçamentária;1;106062;AUXILIAR DE LIMPEZA - 12X36 DIURNO - 44H;CARGA HORARIA 44,00 HORAS POR SEMANA;2271;3703;23,0312;3715,9405;85582,57
2270 - FUNDACAO HOSPITALAR DO ESTADO DE MINAS GERAIS;Nota fiscal;33.224.254/0001-42;MGS MINAS GERAIS ADMINISTRACAO E SERVICOS S/A;31952;;1;Serviço;Despesa orçamentária;2;106070;AUXILIAR DE LIMPEZA - 12X36 NOTURNO - 44H;CARGA HORARIA 44,00 HORAS POR SEMANA;2271;3703;9,2083;4599,2506;42351,28
2270 - FUNDACAO HOSPITALAR DO ESTADO DE MINAS GERAIS;Nota fiscal;33.224.254/0001-42;MGS MINAS GERAIS ADMINISTRACAO E SERVICOS S/A;31952;;1;Serviço;Despesa orçamentária;3;63584;RECEPCIONISTA - 30H, 36H, 40H OU 44H;CARGA HORARIA 44,00 HORAS POR SEMANA;2271;3704;1,0;7737,76;7737,76
2270 - FUNDACAO HOSPITALAR DO ESTADO DE MINAS GERAIS;Nota fiscal;33.224.254/0001-42;MGS MINAS GERAIS ADMINISTRACAO E SERVICOS S/A;31952;;1;Serviço;Despesa orçamentária;4;64270;MOTORISTA DE AMBULANCIA - 12X36 DIURNO - 44H;CARGA HORARIA 44,00 HORAS POR SEMANA;2271;3704;9,8485;8309,9771;81840,81
2270 - FUNDACAO HOSPITALAR DO ESTADO DE MINAS GERAIS;Nota fiscal;33.224.254/0001-42;MGS MINAS GERAIS ADMINISTRACAO E SERVICOS S/A;31952;;1;Serviço;Despesa orçamentária;5;64041;RECEPCIONISTA - 12X36 DIURNO - 44H;CARGA HORARIA 44,00 HORAS POR SEMANA;2271;3704;9,0;6498,7766;58488,99
2270 - FUNDACAO HOSPITALAR DO ESTADO DE MINAS GERAIS;Nota fiscal;33.224.254/0001-42;MGS MINAS GERAIS ADMINISTRACAO E SERVICOS S/A;31952;;1;Serviço;Despesa orçamentária;6;63401;MOTORISTA DE AMBULANCIA - 44H;CARGA HORARIA 44,00 HORAS POR SEMANA;2271;3704;1,0524;8298,3656;8733,2
2270 - FUNDACAO HOSPITALAR DO ESTADO DE MINAS GERAIS;Nota fiscal;33.224.254/0001-42;MGS MINAS GERAIS ADMINISTRACAO E SERVICOS S/A;31952;;1;Serviço;Despesa orçamentária;7;64416;PORTEIRO - 12X36 DIURNO - 44H;CARGA HORARIA 44,00 HORAS POR SEMANA;2271;3704;5,5759;5117,4016;28534,12
2270 - FUNDACAO HOSPITALAR DO ESTADO DE MINAS GERAIS;Nota fiscal;33.224.254/0001-42;MGS MINAS GERAIS ADMINISTRACAO E SERVICOS S/A;31952;;1;Serviço;Despesa orçamentária;8;63975;PORTEIRO - 12X36 NOTURNO - 44H;CARGA HORARIA 44,00 HORAS POR SEMANA;2271;3704;5,5952;6274,5138;35107,16
2270 - FUNDACAO HOSPITALAR DO ESTADO DE MINAS GERAIS;Nota fiscal;33.224.254/0001-42;MGS MINAS GERAIS ADMINISTRACAO E SERVICOS S/A;31952;;1;Serviço;Despesa orçamentária;9;64076;AUXILIAR DE SERVICOS - 12X36 NOTURNO - 44H;CARGA HORARIA 44,00 HORAS POR SEMANA;2271;3704;1,1547;5240,0103;6050,64
2270 - FUNDACAO HOSPITALAR DO ESTADO DE MINAS GERAIS;Nota fiscal;33.224.254/0001-42;MGS MINAS GERAIS ADMINISTRACAO E SERVICOS S/A;31952;;1;Serviço;Despesa orçamentária;10;63363;MOTORISTA DE VEICULO DE SERVICO - 44H;CARGA HORARIA 44,00 HORAS POR SEMANA;2271;3704;1,1174;5833,3542;6518,19
2270 - FUNDACAO HOSPITALAR DO ESTADO DE MINAS GERAIS;Nota fiscal;33.224.254/0001-42;MGS MINAS GERAIS ADMINISTRACAO E SERVICOS S/A;31952;;1;Serviço;Despesa orçamentária;11;64386;AUXILIAR DE SERVICOS - 12X36 DIURNO - 44H;CARGA HORARIA 44,00 HORAS POR SEMANA;2271;3704;5,6179;4221,645;23716,78
2270 - FUNDACAO HOSPITALAR DO ESTADO DE MINAS GERAIS;Nota fiscal;33.224.254/0001-42;MGS MINAS GERAIS ADMINISTRACAO E SERVICOS S/A;31952;;1;Serviço;Despesa orçamentária;12;63894;MOTORISTA DE AMBULANCIA - 12X36 NOTURNO - 44H;CARGA HORARIA 44,00 HORAS POR SEMANA;2271;3704;2,2307;10405,9981;23212,66
2270 - FUNDACAO HOSPITALAR DO ESTADO DE MINAS GERAIS;Nota fiscal;33.224.254/0001-42;MGS MINAS GERAIS ADMINISTRACAO E SERVICOS S/A;31952;;1;Serviço;Despesa orçamentária;13;64106;ASSISTENTE DE LOGISTICA - 40H OU 44H;CARGA HORARIA 44,00 HORAS POR SEMANA;2271;3704;1,1722;5270,0221;6177,52
2270 - FUNDACAO HOSPITALAR DO ESTADO DE MINAS GERAIS;Nota fiscal;33.224.254/0001-42;MGS MINAS GERAIS ADMINISTRACAO E SERVICOS S/A;31952;;1;Serviço;Despesa orçamentária;14;64050;RECEPCIONISTA - 12X36 NOTURNO - 44H;CARGA HORARIA 44,00 HORAS POR SEMANA;2271;3704;5,0;8502,024;42510,12
2270 - FUNDACAO HOSPITALAR DO ESTADO DE MINAS GERAIS;Nota fiscal;33.224.254/0001-42;MGS MINAS GERAIS ADMINISTRACAO E SERVICOS S/A;31952;;1;Serviço;Despesa orçamentária;15;64483;ADICIONAL INSALUBRIDADE 40%;1,00 UNIDADE;2271;3705;1,0;43513,18;43513,18
2270 - FUNDACAO HOSPITALAR DO ESTADO DE MINAS GERAIS;Nota fiscal;33.224.254/0001-42;MGS MINAS GERAIS ADMINISTRACAO E SERVICOS S/A;31952;;1;Serviço;Despesa orçamentária;16;64475;ADICIONAL INSALUBRIDADE 20%;1,00 UNIDADE;2271;3705;1,0;17325,81;17325,81
1070 - GABINETE MILITAR DO GOVERNADOR DO ESTADO DE MG;Nota fiscal;34.454.477/0001-69;PLANEAR ENGENHARIA DE AR CONDICIONADO LTDA;450;900;1;Serviço;Despesa orçamentária;1;3220;MANUTENCAO E REPARO EM UNIDADES COMPLETAS DE CONDICIONAMENTO DE AR;1,00 UNIDADE;1071;3921;1,0;1135,6;1135,6
1320 - SECRETARIA DE ESTADO DA SAUDE;Nota fiscal;07.432.517/0001-07;SIMPRESS COMERCIO LOCACAO E SERVICOS LTDA;2026455273;1;1;Serviço;Despesa orçamentária;1;89800;IMPRESSAO COLORIDA FORMATO A4 - (OUTSOURCING), PAPEL NAO INCLUSO;1,00 UNIDADE;4291;3919;67,0;0,14;9,38
1320 - SECRETARIA DE ESTADO DA SAUDE;Nota fiscal;07.432.517/0001-07;SIMPRESS COMERCIO LOCACAO E SERVICOS LTDA;2026455273;1;1;Serviço;Despesa orçamentária;2;89796;IMPRESSAO/COPIA MONOCROMATICA FORMATO A4 - (OUTSOURCING), PAPEL NAO INCLUSO;1,00 UNIDADE;4291;3919;9446,0;0,02;188,92
2010 - INST.DE PREVIDENCIA DOS SERVIDORES DO EST.M.GERAIS;Outros;33.224.254/0001-42;MGS MINAS GERAIS ADMINISTRACAO E SERVICOS S/A;705208;;1;Serviço;Despesa orçamentária;1;66311;VALE-ALIMENTACAO - MGS;1,00 UNIDADE;2011;3705;1,0;522,18;522,18
1260 - SECRETARIA DE ESTADO DE EDUCACAO;Nota fiscal;11.502.786/0001-61;ORGANOTRAT CONTROLE DE VETORES E PRAGAS URBANAS LTDA;243;;1;Serviço;Despesa orçamentária;1;13048;SERVICOS DE LIMPEZA E TRATAMENTO DE CAIXAS DAGUA E RESERVATORIOS.;1,00 UNIDADE;1261;3961;1,0;835,0;835,0
2280 - FUNDACAO DE EDUCACAO PARA TRABALHO DE MINAS GERAIS;Outros;90.180.605/0001-02;GENTE SEGURADORA SA;920931717;;1;Serviço;Despesa orçamentária;1;4847;SERVICOS DE SEGURO DE SAUDE;1,00 UNIDADE;2281;3910;12,0;0,5;6,0
1220 - SECRETARIA DE DESENVOLVIMENTO ECONOMICO;Nota fiscal;33.224.254/0001-42;MGS MINAS GERAIS ADMINISTRACAO E SERVICOS S/A;202631763;;1;Serviço;Despesa orçamentária;1;155250;CARTAO CESTA BASICA - MGS;1,00 UNIDADE;1221;3705;1,0;861,21;861,21
1220 - SECRETARIA DE DESENVOLVIMENTO ECONOMICO;Nota fiscal;33.224.254/0001-42;MGS MINAS GERAIS ADMINISTRACAO E SERVICOS S/A;202631763;;1;Serviço;Despesa orçamentária;2;155250;CARTAO CESTA BASICA - MGS;1,00 UNIDADE;1221;3705;1,0;6395,28;6395,28
1220 - SECRETARIA DE DESENVOLVIMENTO ECONOMICO;Nota fiscal;33.224.254/0001-42;MGS MINAS GERAIS ADMINISTRACAO E SERVICOS S/A;202631763;;1;Serviço;Despesa orçamentária;3;155250;CARTAO CESTA BASICA - MGS;1,00 UNIDADE;1221;3705;1,0;1304,57;1304,57
1220 - SECRETARIA DE DESENVOLVIMENTO ECONOMICO;Nota fiscal;33.224.254/0001-42;MGS MINAS GERAIS ADMINISTRACAO E SERVICOS S/A;202631763;;1;Serviço;Despesa orçamentária;4;155250;CARTAO CESTA BASICA - MGS;1,00 UNIDADE;1221;3705;1,0;382,76;382,76
1220 - SECRETARIA DE DESENVOLVIMENTO ECONOMICO;Nota fiscal;33.224.254/0001-42;MGS MINAS GERAIS ADMINISTRACAO E SERVICOS S/A;202631763;;1;Serviço;Despesa orçamentária;5;155250;CARTAO CESTA BASICA - MGS;1,00 UNIDADE;1221;3705;1,0;191,38;191,38
1220 - SECRETARIA DE DESENVOLVIMENTO ECONOMICO;Nota fiscal;33.224.254/0001-42;MGS MINAS GERAIS ADMINISTRACAO E SERVICOS S/A;202631763;;1;Serviço;Despesa orçamentária;6;155250;CARTAO CESTA BASICA - MGS;1,00 UNIDADE;1221;3705;1,0;382,76;382,76
1220 - SECRETARIA DE DESENVOLVIMENTO ECONOMICO;Nota fiscal;33.224.254/0001-42;MGS MINAS GERAIS ADMINISTRACAO E SERVICOS S/A;202631763;;1;Serviço;Despesa orçamentária;7;155250;CARTAO CESTA BASICA - MGS;1,00 UNIDADE;1221;3705;1,0;2819,68;2819,68
1260 - SECRETARIA DE ESTADO DE EDUCACAO;Nota fiscal;33.224.254/0001-42;MGS MINAS GERAIS ADMINISTRACAO E SERVICOS S/A;202631855;;1;Serviço;Despesa orçamentária;1;155250;CARTAO CESTA BASICA - MGS;1,00 UNIDADE;1261;3705;1,0;3916,91;3916,91
2270 - FUNDACAO HOSPITALAR DO ESTADO DE MINAS GERAIS;Nota fiscal;20.858.411/0001-20;AMGS COMERCIO E REPRESENTACOES LTDA;645527;2;1;Consumo;Despesa orçamentária;1;587370;"PARAFUSO DE FIXACAO USO MEDICO CIRURGICO -  IDENTIFICACAO:   ESPONJOSO; MATERIA-PRIMA:   ACO INOXIDAVEL; TAMANHO:   4,0MM DE DIAMETRO;";1,00 UNIDADE;2271;3010;1,0;36,2;36,2
1320 - SECRETARIA DE ESTADO DA SAUDE;Nota fiscal;08.231.734/0005-17;FUTURA COMERCIO DE PRODUTOS MEDICOS E HOSPITALARES LTDA;34751;0;1;Consumo;Despesa orçamentária;1;1492233;"BROMETO DE TIOTROPIO -  PRINCIPIO ATIVO:   BROMETO DE TIOTROPIO; CONCENTRACAO/DOSAGEM:   2,5 MCG/DOSE; FORMA FARMACEUTICA:   SOLUCAO INALATORIA; APRESENTACAO:   .; COMPONENTE:   DISPOSITIVO INALATORIO;";FRASCO;4291;3012;4535,0;307,49;1394467,15
1500 - SECRETARIA DE ESTADO DE PLANEJAMENTO E GESTAO;Outros;33.224.254/0001-42;MGS MINAS GERAIS ADMINISTRACAO E SERVICOS S/A;703653;1;2;Serviço;Despesa orçamentária;1;66311;VALE-ALIMENTACAO - MGS;1,00 UNIDADE;1501;3705;1,0;466,04;466,04
1260 - SECRETARIA DE ESTADO DE EDUCACAO;Nota fiscal;33.224.254/0001-42;MGS MINAS GERAIS ADMINISTRACAO E SERVICOS S/A;202631762;;1;Serviço;Despesa orçamentária;1;106089;AUXILIAR DE LIMPEZA - 22H, 30H, 36H, 40H OU 44H;CARGA HORARIA 44,00 HORAS POR SEMANA;1261;3703;1,3667;4634,1845;6333,54
1260 - SECRETARIA DE ESTADO DE EDUCACAO;Nota fiscal;33.224.254/0001-42;MGS MINAS GERAIS ADMINISTRACAO E SERVICOS S/A;202631762;;1;Serviço;Despesa orçamentária;2;63339;SUPORTE ADMINISTRATIVO - 30H, 36H, 40H OU 44H;CARGA HORARIA 40,00 HORAS POR SEMANA;1261;3704;20,3768;6545,0095;133366,35
1260 - SECRETARIA DE ESTADO DE EDUCACAO;Nota fiscal;33.224.254/0001-42;MGS MINAS GERAIS ADMINISTRACAO E SERVICOS S/A;202631762;;1;Serviço;Despesa orçamentária;3;106399;ANALISTA  ESPECIALIZADO  EM INFRAESTRUTURA - 30H, 36H, 40H  OU 44H;CARGA HORARIA 40,00 HORAS POR SEMANA;1261;3704;3,8;27770,8973;105529,41
1260 - SECRETARIA DE ESTADO DE EDUCACAO;Nota fiscal;33.224.254/0001-42;MGS MINAS GERAIS ADMINISTRACAO E SERVICOS S/A;202631762;;1;Serviço;Despesa orçamentária;4;63517;TECNICO ESPECIALIZADO - 40H OU 44H;CARGA HORARIA 40,00 HORAS POR SEMANA;1261;3704;1,0;7930,05;7930,05
1260 - SECRETARIA DE ESTADO DE EDUCACAO;Nota fiscal;33.224.254/0001-42;MGS MINAS GERAIS ADMINISTRACAO E SERVICOS S/A;202631762;;1;Serviço;Despesa orçamentária;5;63584;RECEPCIONISTA - 30H, 36H, 40H OU 44H;CARGA HORARIA 30,00 HORAS POR SEMANA;1261;3704;2,1;5506,7095;11564,09
1260 - SECRETARIA DE ESTADO DE EDUCACAO;Nota fiscal;33.224.254/0001-42;MGS MINAS GERAIS ADMINISTRACAO E SERVICOS S/A;202631762;;1;Serviço;Despesa orçamentária;6;63363;MOTORISTA DE VEICULO DE SERVICO - 44H;CARGA HORARIA 44,00 HORAS POR SEMANA;1261;3704;3,8001;6632,0359;25202,4
1260 - SECRETARIA DE ESTADO DE EDUCACAO;Nota fiscal;33.224.254/0001-42;MGS MINAS GERAIS ADMINISTRACAO E SERVICOS S/A;202631762;;1;Serviço;Despesa orçamentária;7;64483;ADICIONAL INSALUBRIDADE 40%;1,00 UNIDADE;1261;3705;1,0;1470,91;1470,91
1400 - CORPO DE BOMBEIROS MILITAR DE MINAS GERAIS;Nota fiscal;08.298.732/0001-11;OLAIR DE JESUS DOS SANTOS;5439;1;1;Serviço;Despesa orçamentária;1;25593;MANUTENCAO E REPARO EM VEICULOS LEVES;HORA;1401;3918;1,0;1067,56;1067,56
1400 - CORPO DE BOMBEIROS MILITAR DE MINAS GERAIS;Outros;21.103.315/0001-34;CRISART EVENTOS LTDA - ME;463;;1;Serviço;Despesa orçamentária;1;7064;SERVICOS DE FORNECIMENTO DE LANCHES PREPARADOS POR TERCEIROS, PRESTADOS POR PESSOA JURIDICA;1,00 UNIDADE;1401;3903;1,0;10653,65;10653,65
1260 - SECRETARIA DE ESTADO DE EDUCACAO;Nota fiscal;49.397.537/0001-26;IMPORT TECH COMERCIO IMPORTACAO E EXPORTACAO LTDA;1629;1;2;Consumo;Despesa extra orçamentária;1;1983520;"KIT DE MATERIAL ESCOLAR (DISTRIBUICAO GRATUITA) -  COMPONENTES:   1 MOCHILA ESCOLAR; COMPONENTES (2):   1 ESTOJO ESCOLAR;";UNIDADE;1261;3007;118,0;33,98;4009,64
1080 - ADVOCACIA-GERAL DO ESTADO DE MINAS GERAIS;Nota fiscal;07.432.517/0001-07;SIMPRESS COMERCIO LOCACAO E SERVICOS LTDA;442385;;1;Serviço;Despesa orçamentária;1;127680;LOCACAO DE IMPRESSORA COLORIDA 22 PPM (OUTSOURCING), PAPEL NAO INCLUSO;1,00 UNIDADE;1081;3919;14,0;167,22;2341,08
1080 - ADVOCACIA-GERAL DO ESTADO DE MINAS GERAIS;Nota fiscal;07.432.517/0001-07;SIMPRESS COMERCIO LOCACAO E SERVICOS LTDA;442385;;1;Serviço;Despesa orçamentária;2;127701;LOCACAO DE IMPRESSORA COLORIDA 22/PPM A3 (OUTSOURCING), PAPEL NAO INCLUSO;1,00 UNIDADE;1081;3919;2,0;419,7;839,4
1080 - ADVOCACIA-GERAL DO ESTADO DE MINAS GERAIS;Nota fiscal;07.432.517/0001-07;SIMPRESS COMERCIO LOCACAO E SERVICOS LTDA;442385;;1;Serviço;Despesa orçamentária;3;97306;LOCACAO DE IMPRESSORA MULTIFUNCIONAL COLORIDA 30 PPM /A3 (OUTSOURCING), PAPEL NAO INCLUSO;1,00 UNIDADE;1081;3919;2,0;440,93;881,86
1080 - ADVOCACIA-GERAL DO ESTADO DE MINAS GERAIS;Nota fiscal;07.432.517/0001-07;SIMPRESS COMERCIO LOCACAO E SERVICOS LTDA;442385;;1;Serviço;Despesa orçamentária;4;97292;LOCACAO DE IMPRESSORA MULTIFUNCIOAL MONOCROMATICA 38 PPM (OUTSOURCING ), PAPEL NAO INCLUSO;1,00 UNIDADE;1081;3919;104,9667;129,0399;13544,9
1400 - CORPO DE BOMBEIROS MILITAR DE MINAS GERAIS;Nota fiscal;34.274.233/0025-71;VIBRA ENERGIA S.A;4971742;0;1;Consumo;Despesa orçamentária;1;1325876;"OLEO DIESEL COMBUSTIVEL AUTOMOTIVO -  TIPO:   S10 (MENOS ENXOFRE);";1,00 LITRO;1401;3026;5000,0;4,3962;21981,0
2270 - FUNDACAO HOSPITALAR DO ESTADO DE MINAS GERAIS;Nota fiscal;20.858.411/0001-20;AMGS COMERCIO E REPRESENTACOES LTDA;645538;2;1;Consumo;Despesa orçamentária;1;537454;"PARAFUSO DE FIXACAO USO MEDICO CIRURGICO -  IDENTIFICACAO:   ASSOCIAVEIS A PLACA, CORTICAL; MATERIA-PRIMA:   ACO INOXIDAVEL; TAMANHO:   3,5MM DE DIAMETRO;";1,00 UNIDADE;2271;3010;6,0;20,04;120,24
2270 - FUNDACAO HOSPITALAR DO ESTADO DE MINAS GERAIS;Nota fiscal;20.858.411/0001-20;AMGS COMERCIO E REPRESENTACOES LTDA;645538;2;1;Consumo;Despesa orçamentária;2;1233564;"PLACA DE FIXACAO USO MEDICO CIRURGICO -  IDENTIFICACAO:   ANATOMICA P/ UMERO DISTAL MEDIAL DIREITA/ESQUERDA; MATERIA-PRIMA:   ACO INOXIDAVEL ANTIMAGNETICO;";1,00 UNIDADE;2271;3010;1,0;1378,63;1378,63
2270 - FUNDACAO HOSPITALAR DO ESTADO DE MINAS GERAIS;Nota fiscal;20.858.411/0001-20;AMGS COMERCIO E REPRESENTACOES LTDA;645538;2;1;Consumo;Despesa orçamentária;3;1239597;"PARAFUSO DE FIXACAO USO MEDICO CIRURGICO -  IDENTIFICACAO:   PARAFUSO DE BLOQUEIO, AUTOROSQUEANTE; MATERIA-PRIMA:   ACO INOXIDAVEL ANTIMAGNETICO; TAMANHO:   10MM A 60MM;";1,00 UNIDADE;2271;3010;8,0;105,75;846,0
2270 - FUNDACAO HOSPITALAR DO ESTADO DE MINAS GERAIS;Nota fiscal;20.858.411/0001-20;AMGS COMERCIO E REPRESENTACOES LTDA;645538;2;1;Consumo;Despesa orçamentária;4;1239660;"PARAFUSO DE FIXACAO USO MEDICO CIRURGICO -  IDENTIFICACAO:   PARAFUSO DE BLOQUEIO, AUTOROSQUEANTE; MATERIA-PRIMA:   ACO INOXIDAVEL ANTIMAGNETICO; TAMANHO:   14MM A 60MM;";1,00 UNIDADE;2271;3010;12,0;105,75;1269,0
2270 - FUNDACAO HOSPITALAR DO ESTADO DE MINAS GERAIS;Nota fiscal;20.858.411/0001-20;AMGS COMERCIO E REPRESENTACOES LTDA;645538;2;1;Consumo;Despesa orçamentária;5;1239651;"PLACA DE FIXACAO USO MEDICO CIRURGICO -  IDENTIFICACAO:   ANATOMICA PARA OLECRANO, DIREITA E ESQUERDA; MATERIA-PRIMA:   ACO INOXIDAVEL ANTIMAGNETICO;";1,00 UNIDADE;2271;3010;2,0;1378,63;2757,26
2010 - INST.DE PREVIDENCIA DOS SERVIDORES DO EST.M.GERAIS;Outros;33.224.254/0001-42;MGS MINAS GERAIS ADMINISTRACAO E SERVICOS S/A;705209;;1;Serviço;Despesa orçamentária;1;155250;CARTAO CESTA BASICA - MGS;1,00 UNIDADE;2011;3705;1,0;181,82;181,82
1260 - SECRETARIA DE ESTADO DE EDUCACAO;Nota fiscal;19.561.435/0001-33;AGENES S.DA SILVA SUPRIMENTOS DE INFORMATICA LTDA;3441;;1;Consumo;Despesa orçamentária;1;1993224;"CADERNO -  CAPA:   FLEXIVEL; FOLHAS:   96 FOLHAS; APRESENTACAO:   BROCHURA; NUMERO DE MATERIAS:   1 MATERIA; TAMANHO:   GRANDE; 200 X 275 MM; TIPO:   COM PAUTA;";1,00 UNIDADE;1261;3005;300,0;8,47;2541,0
2270 - FUNDACAO HOSPITALAR DO ESTADO DE MINAS GERAIS;Nota fiscal;30.584.194/0001-80;CROMO COMERCIO E DISTRIBUICAO DE MATERIAIS ODONTO-MEDICO HOSPITALARES LTDA.;22739;1;1;Consumo;Despesa orçamentária;1;1185713;"LANCETA DESCARTAVEL USO LABORATORIO -  MATERIA-PRIMA:   PONTA EM ACO INOXIDAVEL; APLICACAO:   GLICEMIA CAPILAR EM SANGUE VENOSO;";1,00 UNIDADE;2271;3010;15000,0;0,09;1350,0
1250 - POLICIA MILITAR DE MINAS GERAIS;Nota fiscal;30.142.119/0001-60;MASTER CLEAN PRESTACAO DE SERVICOS E CONSULTORIA LTDA;483;;1;Serviço;Despesa orçamentária;1;4561;SERVICOS DE CONSERVACAO E LIMPEZA PREDIAL;1,00 ANO;1251;3701;1,0;3736,6;3736,6
1450 - SECRETARIA DE ESTADO DE JUSTICA E SEGURANCA PUBLIC;Nota fiscal;05.151.226/0001-07;EXPRESSO MINAS FRIOS LTDA;89990;2;1;Serviço;Despesa orçamentária;1;2461;SERVICO DE TRANSPORTE DE CARGA VIA RODOVIA;1,00 UNIDADE;1451;3906;87,0;8,75;761,25
1260 - SECRETARIA DE ESTADO DE EDUCACAO;Nota fiscal;49.397.537/0001-26;IMPORT TECH COMERCIO IMPORTACAO E EXPORTACAO LTDA;1628;1;2;Consumo;Despesa extra orçamentária;1;1983520;"KIT DE MATERIAL ESCOLAR (DISTRIBUICAO GRATUITA) -  COMPONENTES:   1 MOCHILA ESCOLAR; COMPONENTES (2):   1 ESTOJO ESCOLAR;";UNIDADE;1261;3007;95,0;33,98;3228,1
1070 - GABINETE MILITAR DO GOVERNADOR DO ESTADO DE MG;Nota fiscal;34.454.477/0001-69;PLANEAR ENGENHARIA DE AR CONDICIONADO LTDA;445;900;1;Serviço;Despesa orçamentária;1;3220;MANUTENCAO E REPARO EM UNIDADES COMPLETAS DE CONDICIONAMENTO DE AR;1,00 UNIDADE;1071;3921;1,0;1087,02;1087,02
1090 - PROCURADORIA GERAL DE JUSTICA;Nota fiscal;16.894.119/0001-95;RENATA ROVINA;196;E;1;Serviço;Despesa orçamentária;1;96385;SUBSCRICAO DE LICENCA DE SOFTWARE DE GESTAO ARQUIVISTICA;UNIDADE;1091;4002;1,0;447,26;447,26
1450 - SECRETARIA DE ESTADO DE JUSTICA E SEGURANCA PUBLIC;Nota fiscal;08.624.977/0001-91;TERRAVIVA AMBIENTAL LTDA;8818;;1;Serviço;Despesa orçamentária;1;30074;SERVICOS DE COLETA, TRANSPORTE, SELECAO, TRATAMENTO  E DESTINACAO DE RESIDUO LIXO HOSPITALAR E IML;1,00 UNIDADE;1451;3959;1,0;2227,68;2227,68
1220 - SECRETARIA DE DESENVOLVIMENTO ECONOMICO;Nota fiscal;36.876.581/0001-77;TITULAR - REGULARIZACAO IMOBILIARIA INTELIGENTE LTDA;6;;1;Serviço;Despesa extra orçamentária;1;102342;ELABORACAO DE PROJETO DE REGULARIZACAO FUNDIARIA URBANA DE IMOVEIS IRREGULARES E ACOES DE APOIO A IMPLEMENTACAO;1,00 UNIDADE;1221;3963;1,0;102021,0;102021,0
1250 - POLICIA MILITAR DE MINAS GERAIS;Nota fiscal;13.802.791/0001-15;AUTO MECANICA MULT CAR LTDA;8550;;1;Serviço;Despesa orçamentária;1;25593;MANUTENCAO E REPARO EM VEICULOS LEVES;HORA;1251;3918;1,0;550,98;550,98
1080 - ADVOCACIA-GERAL DO ESTADO DE MINAS GERAIS;Nota fiscal;07.432.517/0001-07;SIMPRESS COMERCIO LOCACAO E SERVICOS LTDA;442392;;1;Serviço;Despesa orçamentária;1;89826;IMPRESSAO COLORIDA FORMATO A3 - (OUTSOURCING), PAPEL NAO INCLUSO;1,00 UNIDADE;1081;3919;785,0;0,306;240,21
1080 - ADVOCACIA-GERAL DO ESTADO DE MINAS GERAIS;Nota fiscal;07.432.517/0001-07;SIMPRESS COMERCIO LOCACAO E SERVICOS LTDA;442392;;1;Serviço;Despesa orçamentária;2;89796;IMPRESSAO/COPIA MONOCROMATICA FORMATO A4 - (OUTSOURCING), PAPEL NAO INCLUSO;1,00 UNIDADE;1081;3919;35846,0;0,0219;785,03
1080 - ADVOCACIA-GERAL DO ESTADO DE MINAS GERAIS;Nota fiscal;07.432.517/0001-07;SIMPRESS COMERCIO LOCACAO E SERVICOS LTDA;442392;;1;Serviço;Despesa orçamentária;3;89818;IMPRESSAO/COPIA MONOCROMATICA FORMATO A3 - (OUTSOURCING), PAPEL NAO INCLUSO;1,00 UNIDADE;1081;3919;585,0;0,0436;25,56
1080 - ADVOCACIA-GERAL DO ESTADO DE MINAS GERAIS;Nota fiscal;07.432.517/0001-07;SIMPRESS COMERCIO LOCACAO E SERVICOS LTDA;442392;;1;Serviço;Despesa orçamentária;4;89800;IMPRESSAO COLORIDA FORMATO A4 - (OUTSOURCING), PAPEL NAO INCLUSO;1,00 UNIDADE;1081;3919;3027,0;0,1531;463,44
1450 - SECRETARIA DE ESTADO DE JUSTICA E SEGURANCA PUBLIC;Nota fiscal;05.151.226/0001-07;EXPRESSO MINAS FRIOS LTDA;89989;2;1;Serviço;Despesa orçamentária;1;2461;SERVICO DE TRANSPORTE DE CARGA VIA RODOVIA;1,00 UNIDADE;1451;3906;64,0;8,75;560,0
1710 - SECRETARIA DE ESTADO DE COMUNICACAO SOCIAL;Nota fiscal;33.224.254/0001-42;MGS MINAS GERAIS ADMINISTRACAO E SERVICOS S/A;318012026;;1;Serviço;Despesa orçamentária;1;66311;VALE-ALIMENTACAO - MGS;1,00 UNIDADE;1711;3705;1,0;3323,83;3323,83
1710 - SECRETARIA DE ESTADO DE COMUNICACAO SOCIAL;Nota fiscal;33.224.254/0001-42;MGS MINAS GERAIS ADMINISTRACAO E SERVICOS S/A;318012026;;1;Serviço;Despesa orçamentária;2;66311;VALE-ALIMENTACAO - MGS;1,00 UNIDADE;1711;3705;1,0;6137,52;6137,52
1710 - SECRETARIA DE ESTADO DE COMUNICACAO SOCIAL;Nota fiscal;33.224.254/0001-42;MGS MINAS GERAIS ADMINISTRACAO E SERVICOS S/A;318012026;;1;Serviço;Despesa orçamentária;3;66311;VALE-ALIMENTACAO - MGS;1,00 UNIDADE;1711;3705;1,0;6500,89;6500,89
1710 - SECRETARIA DE ESTADO DE COMUNICACAO SOCIAL;Nota fiscal;33.224.254/0001-42;MGS MINAS GERAIS ADMINISTRACAO E SERVICOS S/A;318012026;;1;Serviço;Despesa orçamentária;4;66311;VALE-ALIMENTACAO - MGS;1,00 UNIDADE;1711;3705;1,0;587,6;587,6
1260 - SECRETARIA DE ESTADO DE EDUCACAO;Nota fiscal;49.397.537/0001-26;IMPORT TECH COMERCIO IMPORTACAO E EXPORTACAO LTDA;1644;0;1;Consumo;Despesa extra orçamentária;1;1983520;"KIT DE MATERIAL ESCOLAR (DISTRIBUICAO GRATUITA) -  COMPONENTES:   1 MOCHILA ESCOLAR; COMPONENTES (2):   1 ESTOJO ESCOLAR;";UNIDADE;1261;3007;111,0;33,98;3771,78
1220 - SECRETARIA DE DESENVOLVIMENTO ECONOMICO;Nota fiscal;33.224.254/0001-42;MGS MINAS GERAIS ADMINISTRACAO E SERVICOS S/A;202631781;;1;Serviço;Despesa orçamentária;1;66311;VALE-ALIMENTACAO - MGS;1,00 UNIDADE;1221;3705;1,0;3291,27;3291,27
1220 - SECRETARIA DE DESENVOLVIMENTO ECONOMICO;Nota fiscal;33.224.254/0001-42;MGS MINAS GERAIS ADMINISTRACAO E SERVICOS S/A;202631781;;1;Serviço;Despesa orçamentária;2;66311;VALE-ALIMENTACAO - MGS;1,00 UNIDADE;1221;3705;1,0;513,54;513,54
1220 - SECRETARIA DE DESENVOLVIMENTO ECONOMICO;Nota fiscal;33.224.254/0001-42;MGS MINAS GERAIS ADMINISTRACAO E SERVICOS S/A;202631781;;1;Serviço;Despesa orçamentária;3;66311;VALE-ALIMENTACAO - MGS;1,00 UNIDADE;1221;3705;1,0;21901,69;21901,69
1220 - SECRETARIA DE DESENVOLVIMENTO ECONOMICO;Nota fiscal;33.224.254/0001-42;MGS MINAS GERAIS ADMINISTRACAO E SERVICOS S/A;202631781;;1;Serviço;Despesa orçamentária;4;66311;VALE-ALIMENTACAO - MGS;1,00 UNIDADE;1221;3705;1,0;3077,08;3077,08
1220 - SECRETARIA DE DESENVOLVIMENTO ECONOMICO;Nota fiscal;33.224.254/0001-42;MGS MINAS GERAIS ADMINISTRACAO E SERVICOS S/A;202631781;;1;Serviço;Despesa orçamentária;5;66311;VALE-ALIMENTACAO - MGS;1,00 UNIDADE;1221;3705;1,0;9497,8;9497,8
1220 - SECRETARIA DE DESENVOLVIMENTO ECONOMICO;Nota fiscal;33.224.254/0001-42;MGS MINAS GERAIS ADMINISTRACAO E SERVICOS S/A;202631781;;1;Serviço;Despesa orçamentária;6;66311;VALE-ALIMENTACAO - MGS;1,00 UNIDADE;1221;3705;1,0;554,22;554,22
1220 - SECRETARIA DE DESENVOLVIMENTO ECONOMICO;Nota fiscal;33.224.254/0001-42;MGS MINAS GERAIS ADMINISTRACAO E SERVICOS S/A;202631781;;1;Serviço;Despesa orçamentária;7;66311;VALE-ALIMENTACAO - MGS;1,00 UNIDADE;1221;3705;1,0;1619,52;1619,52
1220 - SECRETARIA DE DESENVOLVIMENTO ECONOMICO;Nota fiscal;33.224.254/0001-42;MGS MINAS GERAIS ADMINISTRACAO E SERVICOS S/A;202631781;;1;Serviço;Despesa orçamentária;8;66311;VALE-ALIMENTACAO - MGS;1,00 UNIDADE;1221;3705;1,0;1105,98;1105,98
1400 - CORPO DE BOMBEIROS MILITAR DE MINAS GERAIS;Nota fiscal;08.298.732/0001-11;OLAIR DE JESUS DOS SANTOS;3173;;1;Serviço;Despesa orçamentária;1;25593;MANUTENCAO E REPARO EM VEICULOS LEVES;HORA;1401;3918;1,0;371,7;371,7
1320 - SECRETARIA DE ESTADO DA SAUDE;Outros;***.606.507-**;ROSELI GOMES DE ANDRADE;9511192;8;1;Serviço;Despesa orçamentária;1;12653;SERVICOS DE MINISTRACAO DE CURSOS DE QUALIFICACAO E CAPACITACAO DE PESSOAL NA AREA DE SAUDE;1,00 UNIDADE;4291;3631;1,0;2800,0;2800,0
1400 - CORPO DE BOMBEIROS MILITAR DE MINAS GERAIS;Nota fiscal;34.274.233/0025-71;VIBRA ENERGIA S.A;4971743;0;1;Consumo;Despesa orçamentária;1;14516;"ALCOOL COMBUSTIVEL AUTOMOTIVO -  TIPO:   HIDRATADO;";1,00 LITRO;1401;3026;5000,0;2,9333;14666,88
2270 - FUNDACAO HOSPITALAR DO ESTADO DE MINAS GERAIS;Nota fiscal;00.610.681/0005-33;HOSP-PHARMA MANIPULACAO E SUPRIMENTOS LTDA;21786;;2;Consumo;Despesa orçamentária;1;1656090;"FORMULA NUTRICAO PARENTERAL -  IDENTIFICACAO:   PARA NEONATO E LACTENTE COM LIPIDEO; FORMA FARMACEUTICA:   EMULSAO INJETAVEL ESTERIL E APIROGENICA; APRESENTACAO:   BOLSA PLASTICA (E.V.A.) ATE 600 ML;";MILILITRO;2271;3012;1047,2017;2,33;2439,98
1250 - POLICIA MILITAR DE MINAS GERAIS;Nota fiscal;30.142.119/0001-60;MASTER CLEAN PRESTACAO DE SERVICOS E CONSULTORIA LTDA;484;;1;Serviço;Despesa orçamentária;1;4561;SERVICOS DE CONSERVACAO E LIMPEZA PREDIAL;1,00 ANO;1251;3701;1,0;3945,18;3945,18
1220 - SECRETARIA DE DESENVOLVIMENTO ECONOMICO;Nota fiscal;36.876.581/0001-77;TITULAR - REGULARIZACAO IMOBILIARIA INTELIGENTE LTDA;6;1;1;Serviço;Despesa orçamentária;1;102342;ELABORACAO DE PROJETO DE REGULARIZACAO FUNDIARIA URBANA DE IMOVEIS IRREGULARES E ACOES DE APOIO A IMPLEMENTACAO;1,00 UNIDADE;1221;3963;1,0;173979,0;173979,0
1320 - SECRETARIA DE ESTADO DA SAUDE;Outros;05.266.324/0003-51;SERQUIP - TRATAMENTO DE RESIDUOS MG LTDA;10172;;1;Serviço;Despesa orçamentária;1;21393;SERVICOES DE COLETA E TRATAMENTO DE EFLUENTES QUIMICOS E/OU RESIDUOS SOLIDOS;1,00 UNIDADE;4291;3959;1,0;2286,74;2286,74
1250 - POLICIA MILITAR DE MINAS GERAIS;Nota fiscal;41.174.890/0001-35;VIEIRA TRINDADE ENGENHARIA LTDA;63;;1;Serviço;Despesa extra orçamentária;1;1490;SERVICOS DE CONSTRUCAO DE EDIFICACOES COMERCIAIS E/OU ADMI  NISTRATIVAS;1,00 UNIDADE;1251;5103;1,0;59753,11;59753,11
1260 - SECRETARIA DE ESTADO DE EDUCACAO;Nota fiscal;49.397.537/0001-26;IMPORT TECH COMERCIO IMPORTACAO E EXPORTACAO LTDA;1642;1;2;Consumo;Despesa extra orçamentária;1;1983520;"KIT DE MATERIAL ESCOLAR (DISTRIBUICAO GRATUITA) -  COMPONENTES:   1 MOCHILA ESCOLAR; COMPONENTES (2):   1 ESTOJO ESCOLAR;";UNIDADE;1261;3007;103,0;33,98;3499,94
1250 - POLICIA MILITAR DE MINAS GERAIS;Outros;33.224.254/0001-42;MGS MINAS GERAIS ADMINISTRACAO E SERVICOS S/A;705598;;1;Serviço;Despesa orçamentária;1;66311;VALE-ALIMENTACAO - MGS;1,00 UNIDADE;1251;3705;1,0;522,18;522,18
1710 - SECRETARIA DE ESTADO DE COMUNICACAO SOCIAL;Nota fiscal;61.704.482/0004-06;AGENCIA NACIONAL DE PROPAGANDA LTDA;898;;1;Serviço;Despesa extra orçamentária;1;20605;SERVICOS DE PUBLICIDADE;1,00 UNIDADE;1711;3909;1,0;1077,95;1077,95
2100 - INSTITUTO ESTADUAL DE FLORESTAS-IEF;Nota fiscal;33.224.254/0001-42;MGS MINAS GERAIS ADMINISTRACAO E SERVICOS S/A;202600000030599;;1;Serviço;Despesa orçamentária;1;95109;AGENTE DE SERVICO DE PARQUE HABILITADO - 44H;CARGA HORARIA 44,00 HORAS POR SEMANA;2101;3704;0,2667;5463,292;1457,06
2100 - INSTITUTO ESTADUAL DE FLORESTAS-IEF;Nota fiscal;33.224.254/0001-42;MGS MINAS GERAIS ADMINISTRACAO E SERVICOS S/A;202600000030599;;1;Serviço;Despesa orçamentária;2;63665;ORIENTADOR AMBIENTAL - 40H;CARGA HORARIA 40,00 HORAS POR SEMANA;2101;3704;1,0;6000,33;6000,33
2100 - INSTITUTO ESTADUAL DE FLORESTAS-IEF;Nota fiscal;33.224.254/0001-42;MGS MINAS GERAIS ADMINISTRACAO E SERVICOS S/A;202600000030599;;1;Serviço;Despesa orçamentária;3;105660;PORTEIRO (COM SUBSTITUICAO) - 12X36 DIURNO - 44H;CARGA HORARIA 44,00 HORAS POR SEMANA;2101;3704;1,0;6247,83;6247,83
2100 - INSTITUTO ESTADUAL DE FLORESTAS-IEF;Nota fiscal;33.224.254/0001-42;MGS MINAS GERAIS ADMINISTRACAO E SERVICOS S/A;202600000030599;;1;Serviço;Despesa orçamentária;4;105678;PORTEIRO (COM SUBSTITUICAO) - 12X36 NOTURNO - 44H;CARGA HORARIA 44,00 HORAS POR SEMANA;2101;3704;3,9001;7629,5633;29756,06
1710 - SECRETARIA DE ESTADO DE COMUNICACAO SOCIAL;Nota fiscal;33.224.254/0001-42;MGS MINAS GERAIS ADMINISTRACAO E SERVICOS S/A;310082026;;1;Serviço;Despesa orçamentária;1;64459;DIARIA DE VIAGEM;1,00 UNIDADE;1711;3705;1,0;2541,54;2541,54
1710 - SECRETARIA DE ESTADO DE COMUNICACAO SOCIAL;Nota fiscal;33.224.254/0001-42;MGS MINAS GERAIS ADMINISTRACAO E SERVICOS S/A;310082026;;1;Serviço;Despesa orçamentária;2;64459;DIARIA DE VIAGEM;1,00 UNIDADE;1711;3705;1,0;19963,37;19963,37
1710 - SECRETARIA DE ESTADO DE COMUNICACAO SOCIAL;Nota fiscal;33.224.254/0001-42;MGS MINAS GERAIS ADMINISTRACAO E SERVICOS S/A;310082026;;1;Serviço;Despesa orçamentária;3;64459;DIARIA DE VIAGEM;1,00 UNIDADE;1711;3705;1,0;6892,72;6892,72
1400 - CORPO DE BOMBEIROS MILITAR DE MINAS GERAIS;Nota fiscal;08.298.732/0001-11;OLAIR DE JESUS DOS SANTOS;5440;1;1;Serviço;Despesa orçamentária;1;25593;MANUTENCAO E REPARO EM VEICULOS LEVES;HORA;1401;3918;1,0;899,7;899,7
2100 - INSTITUTO ESTADUAL DE FLORESTAS-IEF;Outros;33.224.254/0001-42;MGS MINAS GERAIS ADMINISTRACAO E SERVICOS S/A;703952;1;1;Serviço;Despesa orçamentária;1;66311;VALE-ALIMENTACAO - MGS;1,00 UNIDADE;2101;3705;1,0;2364,86;2364,86
1250 - POLICIA MILITAR DE MINAS GERAIS;Outros;33.224.254/0001-42;MGS MINAS GERAIS ADMINISTRACAO E SERVICOS S/A;705599;;1;Serviço;Despesa orçamentária;1;155250;CARTAO CESTA BASICA - MGS;1,00 UNIDADE;1251;3705;1,0;200,0;200,0
1070 - GABINETE MILITAR DO GOVERNADOR DO ESTADO DE MG;Nota fiscal;34.454.477/0001-69;PLANEAR ENGENHARIA DE AR CONDICIONADO LTDA;444;900;1;Serviço;Despesa orçamentária;1;3220;MANUTENCAO E REPARO EM UNIDADES COMPLETAS DE CONDICIONAMENTO DE AR;1,00 UNIDADE;1071;3921;1,0;1185,84;1185,84
1260 - SECRETARIA DE ESTADO DE EDUCACAO;Outros;***.369.406-**;JOSE BORGES DA CUNHA;8;;1;Serviço;Despesa orçamentária;1;4065;LOCACAO DE IMOVEL COMERCIAL -;1,00 MES;1261;3611;1,0;700,0;700,0
2310 - UNIVERSIDADE ESTADUAL DE MONTES CLAROS;Nota fiscal;08.796.270/0001-62;TABOSA E GUEDES ANALISE CLINICA LTDA -EPP;202600000001290;;1;Serviço;Despesa orçamentária;1;120162;SERVICOS DE REALIZACAO DE EXAMES LABORATORIAIS;1,00 UNIDADE;2311;3998;1,0;13106,89;13106,89
1710 - SECRETARIA DE ESTADO DE COMUNICACAO SOCIAL;Nota fiscal;33.224.254/0001-42;MGS MINAS GERAIS ADMINISTRACAO E SERVICOS S/A;310092026;;1;Serviço;Despesa orçamentária;1;155250;CARTAO CESTA BASICA - MGS;1,00 UNIDADE;1711;3705;1,0;956,9;956,9
1710 - SECRETARIA DE ESTADO DE COMUNICACAO SOCIAL;Nota fiscal;33.224.254/0001-42;MGS MINAS GERAIS ADMINISTRACAO E SERVICOS S/A;310092026;;1;Serviço;Despesa orçamentária;2;155250;CARTAO CESTA BASICA - MGS;1,00 UNIDADE;1711;3705;1,0;2105,18;2105,18
1710 - SECRETARIA DE ESTADO DE COMUNICACAO SOCIAL;Nota fiscal;33.224.254/0001-42;MGS MINAS GERAIS ADMINISTRACAO E SERVICOS S/A;310092026;;1;Serviço;Despesa orçamentária;3;155250;CARTAO CESTA BASICA - MGS;1,00 UNIDADE;1711;3705;1,0;1736,77;1736,77
2010 - INST.DE PREVIDENCIA DOS SERVIDORES DO EST.M.GERAIS;Nota fiscal;07.967.038/0001-87;BIOCONTROL LTDA - EPP;1836;;2;Serviço;Despesa orçamentária;1;20036;SERVICOS DE CONTROLE DE QUALIDADE ATRAVES DE ENSAIOS DE  PROFICIENCIA E BOAS PRATICAS;1,00 UNIDADE;2011;3998;1,0;930,0;930,0
1260 - SECRETARIA DE ESTADO DE EDUCACAO;Nota fiscal;33.224.254/0001-42;MGS MINAS GERAIS ADMINISTRACAO E SERVICOS S/A;202631854;;1;Serviço;Despesa orçamentária;1;64459;DIARIA DE VIAGEM;1,00 UNIDADE;1261;3705;1,0;423,63;423,63
1400 - CORPO DE BOMBEIROS MILITAR DE MINAS GERAIS;Nota fiscal;34.274.233/0025-71;VIBRA ENERGIA S.A;4974083;0;1;Consumo;Despesa orçamentária;1;1325876;"OLEO DIESEL COMBUSTIVEL AUTOMOTIVO -  TIPO:   S10 (MENOS ENXOFRE);";1,00 LITRO;1401;3026;4000,0;4,3962;17584,8
1450 - SECRETARIA DE ESTADO DE JUSTICA E SEGURANCA PUBLIC;Nota fiscal;08.624.977/0001-91;TERRAVIVA AMBIENTAL LTDA;6631;;1;Serviço;Despesa orçamentária;1;30074;SERVICOS DE COLETA, TRANSPORTE, SELECAO, TRATAMENTO  E DESTINACAO DE RESIDUO LIXO HOSPITALAR E IML;1,00 UNIDADE;1451;3959;1,0;653,6;653,6
1400 - CORPO DE BOMBEIROS MILITAR DE MINAS GERAIS;Outros;08.298.732/0001-11;OLAIR DE JESUS DOS SANTOS;3192;;1;Serviço;Despesa orçamentária;1;25593;MANUTENCAO E REPARO EM VEICULOS LEVES;HORA;1401;3918;1,0;1022,18;1022,18
1260 - SECRETARIA DE ESTADO DE EDUCACAO;Nota fiscal;16.588.268/0001-26;CENTRO TECNICO DE EDUCACAO PROFISSIONAL DE ALEM PARAIBA LTDA - ME;242026;;1;Serviço;Despesa orçamentária;1;109460;CURSO TECNICO PROFISSIONALIZANTE  EM ATENDIMENTO AO PROGRAMA TRILHAS DE FUTURO ;UNIDADE;1261;3949;4,0;13072,4775;52289,91
1250 - POLICIA MILITAR DE MINAS GERAIS;Nota fiscal;33.224.254/0001-42;MGS MINAS GERAIS ADMINISTRACAO E SERVICOS S/A;32000;P;1;Serviço;Despesa orçamentária;1;106089;AUXILIAR DE LIMPEZA - 22H, 30H, 36H, 40H OU 44H;CARGA HORARIA 40,00 HORAS POR SEMANA;1251;3703;2,2667;4164,3931;9439,43
1250 - POLICIA MILITAR DE MINAS GERAIS;Nota fiscal;33.224.254/0001-42;MGS MINAS GERAIS ADMINISTRACAO E SERVICOS S/A;32000;P;1;Serviço;Despesa orçamentária;2;64475;ADICIONAL INSALUBRIDADE 20%;1,00 UNIDADE;1251;3705;1,0;790,54;790,54
1250 - POLICIA MILITAR DE MINAS GERAIS;Nota fiscal;33.224.254/0001-42;MGS MINAS GERAIS ADMINISTRACAO E SERVICOS S/A;32000;P;1;Serviço;Despesa orçamentária;3;64483;ADICIONAL INSALUBRIDADE 40%;1,00 UNIDADE;1251;3705;1,0;1724,85;1724,85
2010 - INST.DE PREVIDENCIA DOS SERVIDORES DO EST.M.GERAIS;Nota fiscal;07.967.038/0001-87;BIOCONTROL LTDA - EPP;2121;;1;Serviço;Despesa orçamentária;1;20036;SERVICOS DE CONTROLE DE QUALIDADE ATRAVES DE ENSAIOS DE  PROFICIENCIA E BOAS PRATICAS;1,00 UNIDADE;2011;3998;1,0;780,0;780,0
1220 - SECRETARIA DE DESENVOLVIMENTO ECONOMICO;Nota fiscal;33.224.254/0001-42;MGS MINAS GERAIS ADMINISTRACAO E SERVICOS S/A;202631789;;1;Serviço;Despesa orçamentária;1;64459;DIARIA DE VIAGEM;1,00 UNIDADE;1221;3705;1,0;27736,55;27736,55
1220 - SECRETARIA DE DESENVOLVIMENTO ECONOMICO;Nota fiscal;33.224.254/0001-42;MGS MINAS GERAIS ADMINISTRACAO E SERVICOS S/A;202631789;;1;Serviço;Despesa orçamentária;2;64459;DIARIA DE VIAGEM;1,00 UNIDADE;1221;3705;1,0;4506,8;4506,8
1220 - SECRETARIA DE DESENVOLVIMENTO ECONOMICO;Nota fiscal;33.224.254/0001-42;MGS MINAS GERAIS ADMINISTRACAO E SERVICOS S/A;202631789;;1;Serviço;Despesa orçamentária;3;64459;DIARIA DE VIAGEM;1,00 UNIDADE;1221;3705;1,0;2375,22;2375,22
1220 - SECRETARIA DE DESENVOLVIMENTO ECONOMICO;Nota fiscal;33.224.254/0001-42;MGS MINAS GERAIS ADMINISTRACAO E SERVICOS S/A;202631789;;1;Serviço;Despesa orçamentária;4;64459;DIARIA DE VIAGEM;1,00 UNIDADE;1221;3705;1,0;5012,29;5012,29
1260 - SECRETARIA DE ESTADO DE EDUCACAO;Nota fiscal;33.224.254/0001-42;MGS MINAS GERAIS ADMINISTRACAO E SERVICOS S/A;202631722;;1;Serviço;Despesa orçamentária;1;66290;ACERTOS RETROATIVOS;1,00 UNIDADE;1261;3705;1,0;8,81;8,81
1450 - SECRETARIA DE ESTADO DE JUSTICA E SEGURANCA PUBLIC;Nota fiscal;08.624.977/0001-91;TERRAVIVA AMBIENTAL LTDA;8827;;1;Serviço;Despesa orçamentária;1;30074;SERVICOS DE COLETA, TRANSPORTE, SELECAO, TRATAMENTO  E DESTINACAO DE RESIDUO LIXO HOSPITALAR E IML;1,00 UNIDADE;1451;3959;1,0;441,95;441,95
1260 - SECRETARIA DE ESTADO DE EDUCACAO;Nota fiscal;03.773.700/0001-07;SERVICO NACIONAL DE APRENDIZAGEM INDUSTRIAL - DEPARTAMENTO REGIONAL DE MINAS GERAIS;1256;JUL;1;Serviço;Despesa orçamentária;1;109460;CURSO TECNICO PROFISSIONALIZANTE  EM ATENDIMENTO AO PROGRAMA TRILHAS DE FUTURO ;UNIDADE;1261;3949;7,0;14349,3614;100445,53
1400 - CORPO DE BOMBEIROS MILITAR DE MINAS GERAIS;Nota fiscal;08.298.732/0001-11;OLAIR DE JESUS DOS SANTOS;5457;1;1;Serviço;Despesa orçamentária;1;25593;MANUTENCAO E REPARO EM VEICULOS LEVES;HORA;1401;3918;1,0;739,2;739,2
1710 - SECRETARIA DE ESTADO DE COMUNICACAO SOCIAL;Nota fiscal;24.172.716/0001-34;FLD LTDA;4198;;1;Serviço;Despesa extra orçamentária;1;20605;SERVICOS DE PUBLICIDADE;1,00 UNIDADE;1711;3909;1,0;570,0;570,0
1090 - PROCURADORIA GERAL DE JUSTICA;Outros;33.224.254/0001-42;MGS MINAS GERAIS ADMINISTRACAO E SERVICOS S/A;703630;1;2;Serviço;Despesa orçamentária;1;155250;CARTAO CESTA BASICA - MGS;1,00 UNIDADE;1091;3705;1,0;181,82;181,82
2270 - FUNDACAO HOSPITALAR DO ESTADO DE MINAS GERAIS;Nota fiscal;67.729.178/0002-20;COMERCIAL CIRURGICA RIOCLARENSE LTDA;943783;;1;Consumo;Despesa orçamentária;1;1514105;"SALMETEROL + ASSOCIACOES -  COMPONENTE:   .; PRINCIPIO ATIVO:   SALMETEROL, XINAFOATO + FLUTICASONA, PROPIONATO; CONCENTRACAO/DOSAGEM:   25 MCG + 125 MCG; FORMA FARMACEUTICA:   SUSPENSAO PARA INALACAO; APRESENTACAO:   FRASCO SPRAY 120 DOSES;";FRASCO;2271;3012;37,0;59,0;2183,0
2270 - FUNDACAO HOSPITALAR DO ESTADO DE MINAS GERAIS;Nota fiscal;05.194.502/0001-14;ALFALAGOS LTDA ;435729;;1;Consumo;Despesa orçamentária;1;1525816;"ONDANSETRONA -  PRINCIPIO ATIVO:   ONDANSETRONA, CLORIDRATO; CONCENTRACAO/DOSAGEM:   2 MG/ML; FORMA FARMACEUTICA:   SOLUCAO INJETAVEL; APRESENTACAO:   AMPOLA 4 ML; COMPONENTE:   .;";AMPOLA;2271;3012;1500,0;0,8319;1247,85
1320 - SECRETARIA DE ESTADO DA SAUDE;Outros;***.902.166-**;MARIA CAROLINE SANTOS MACIEL;9494595;8;1;Serviço;Despesa orçamentária;1;12653;SERVICOS DE MINISTRACAO DE CURSOS DE QUALIFICACAO E CAPACITACAO DE PESSOAL NA AREA DE SAUDE;1,00 UNIDADE;4291;3631;1,0;2000,0;2000,0
1250 - POLICIA MILITAR DE MINAS GERAIS;Outros;33.224.254/0001-42;MGS MINAS GERAIS ADMINISTRACAO E SERVICOS S/A;705601;;1;Serviço;Despesa orçamentária;1;66311;VALE-ALIMENTACAO - MGS;1,00 UNIDADE;1251;3705;1,0;1168,69;1168,69
1090 - PROCURADORIA GERAL DE JUSTICA;Outros;33.224.254/0001-42;MGS MINAS GERAIS ADMINISTRACAO E SERVICOS S/A;703632;1;1;Serviço;Despesa orçamentária;1;155250;CARTAO CESTA BASICA - MGS;1,00 UNIDADE;1091;3705;1,0;181,82;181,82
1260 - SECRETARIA DE ESTADO DE EDUCACAO;Nota fiscal;49.397.537/0001-26;IMPORT TECH COMERCIO IMPORTACAO E EXPORTACAO LTDA;1644;1;2;Consumo;Despesa extra orçamentária;1;1983520;"KIT DE MATERIAL ESCOLAR (DISTRIBUICAO GRATUITA) -  COMPONENTES:   1 MOCHILA ESCOLAR; COMPONENTES (2):   1 ESTOJO ESCOLAR;";UNIDADE;1261;3007;111,0;33,98;3771,78
2100 - INSTITUTO ESTADUAL DE FLORESTAS-IEF;Outros;33.224.254/0001-42;MGS MINAS GERAIS ADMINISTRACAO E SERVICOS S/A;703951;1;1;Serviço;Despesa orçamentária;1;155250;CARTAO CESTA BASICA - MGS;1,00 UNIDADE;2101;3705;1,0;781,82;781,82
2270 - FUNDACAO HOSPITALAR DO ESTADO DE MINAS GERAIS;Nota fiscal;20.858.411/0001-20;AMGS COMERCIO E REPRESENTACOES LTDA;645540;2;1;Consumo;Despesa orçamentária;1;543152;"PLACA DE FIXACAO USO MEDICO CIRURGICO -  IDENTIFICACAO:   TUBULAR 1/3, PARA PARAFUSO DE 3,5MM; MATERIA-PRIMA:   ACO INOXIDAVEL;";1,00 UNIDADE;2271;3010;1,0;193,87;193,87
2270 - FUNDACAO HOSPITALAR DO ESTADO DE MINAS GERAIS;Nota fiscal;20.858.411/0001-20;AMGS COMERCIO E REPRESENTACOES LTDA;645540;2;1;Consumo;Despesa orçamentária;2;587370;"PARAFUSO DE FIXACAO USO MEDICO CIRURGICO -  IDENTIFICACAO:   ESPONJOSO; MATERIA-PRIMA:   ACO INOXIDAVEL; TAMANHO:   4,0MM DE DIAMETRO;";1,00 UNIDADE;2271;3010;1,0;36,2;36,2
2270 - FUNDACAO HOSPITALAR DO ESTADO DE MINAS GERAIS;Nota fiscal;20.858.411/0001-20;AMGS COMERCIO E REPRESENTACOES LTDA;645540;2;1;Consumo;Despesa orçamentária;3;1325353;"ARRUELA DE FIXACAO USO MEDICO CIRURGICO -  MATERIA-PRIMA:   ACO INOXIDAVEL; TIPO:   LISA; FINALIDADE:   PARA PARAFUSO 3,5 MM;";1,00 UNIDADE;2271;3010;1,0;10,52;10,52
1450 - SECRETARIA DE ESTADO DE JUSTICA E SEGURANCA PUBLIC;Nota fiscal;08.624.977/0001-91;TERRAVIVA AMBIENTAL LTDA;8836;;1;Serviço;Despesa orçamentária;1;30074;SERVICOS DE COLETA, TRANSPORTE, SELECAO, TRATAMENTO  E DESTINACAO DE RESIDUO LIXO HOSPITALAR E IML;1,00 UNIDADE;1451;3959;1,0;1529,2;1529,2
1250 - POLICIA MILITAR DE MINAS GERAIS;Outros;33.224.254/0001-42;MGS MINAS GERAIS ADMINISTRACAO E SERVICOS S/A;705600;;1;Serviço;Despesa orçamentária;1;155250;CARTAO CESTA BASICA - MGS;1,00 UNIDADE;1251;3705;1,0;206,06;206,06
1070 - GABINETE MILITAR DO GOVERNADOR DO ESTADO DE MG;Outros;07.346.478/0001-17;METODO SYSTEM COMERCIO E SERVICOS LTDA;10920;;1;Serviço;Despesa orçamentária;1;4340;SERVICOS DE LOCACAO DE EQUIPAMENTOS DE SEGURANCA ELETRONICA;1,00 UNIDADE;1071;3919;1,0;23178,13;23178,13
1260 - SECRETARIA DE ESTADO DE EDUCACAO;Nota fiscal;07.432.517/0001-07;SIMPRESS COMERCIO LOCACAO E SERVICOS LTDA;446809;;1;Serviço;Despesa orçamentária;1;97292;LOCACAO DE IMPRESSORA MULTIFUNCIOAL MONOCROMATICA 38 PPM (OUTSOURCING ), PAPEL NAO INCLUSO;1,00 UNIDADE;1261;4002;6,0;118,07;708,42
2270 - FUNDACAO HOSPITALAR DO ESTADO DE MINAS GERAIS;Nota fiscal;02.662.841/0001-90;MASTERMED COMERCIAL LTDA -EPP;14086;1;1;Consumo;Despesa orçamentária;1;229830;"TUBO ENDOTRAQUEAL -  TIPO:   DESCARTAVEL COM BALONETE; NUMERO:   7,5 (32); MATERIA-PRIMA:   PVC TRANSPARENTE, SILICONIZADO;";1,00 UNIDADE;2271;3010;252,0;3,43;864,36
2270 - FUNDACAO HOSPITALAR DO ESTADO DE MINAS GERAIS;Nota fiscal;02.662.841/0001-90;MASTERMED COMERCIAL LTDA -EPP;14086;1;1;Consumo;Despesa orçamentária;2;230006;"TUBO ENDOTRAQUEAL -  TIPO:   DESCARTAVEL SEM BALONETE; NUMERO:   3,0 (14); MATERIA-PRIMA:   PVC TRANSPARENTE, SILICONIZADO;";1,00 UNIDADE;2271;3010;76,0;3,08;234,08
2270 - FUNDACAO HOSPITALAR DO ESTADO DE MINAS GERAIS;Nota fiscal;02.662.841/0001-90;MASTERMED COMERCIAL LTDA -EPP;14086;1;1;Consumo;Despesa orçamentária;3;229857;"TUBO ENDOTRAQUEAL -  TIPO:   DESCARTAVEL COM BALONETE; NUMERO:   8,0 (34); MATERIA-PRIMA:   PVC TRANSPARENTE, SILICONIZADO;";1,00 UNIDADE;2271;3010;300,0;3,64;1092,0
1220 - SECRETARIA DE DESENVOLVIMENTO ECONOMICO;Nota fiscal;33.224.254/0001-42;MGS MINAS GERAIS ADMINISTRACAO E SERVICOS S/A;202631826;;1;Serviço;Despesa orçamentária;1;63339;SUPORTE ADMINISTRATIVO - 30H, 36H, 40H OU 44H;CARGA HORARIA 40,00 HORAS POR SEMANA;1221;3704;6,7272;6545,0365;44029,77
1220 - SECRETARIA DE DESENVOLVIMENTO ECONOMICO;Nota fiscal;33.224.254/0001-42;MGS MINAS GERAIS ADMINISTRACAO E SERVICOS S/A;202631826;;1;Serviço;Despesa orçamentária;2;105589;ASSESSOR TECNICO NIVEL II - 30H, 36H, 40H OU  44H;CARGA HORARIA 40,00 HORAS POR SEMANA;1221;3704;14,5983;14145,9786;206507,24
1220 - SECRETARIA DE DESENVOLVIMENTO ECONOMICO;Nota fiscal;33.224.254/0001-42;MGS MINAS GERAIS ADMINISTRACAO E SERVICOS S/A;202631826;;1;Serviço;Despesa orçamentária;3;63886;MOTORISTA DE CAMINHAO - 44H;CARGA HORARIA 44,00 HORAS POR SEMANA;1221;3704;1,2667;7058,601;8941,13
1220 - SECRETARIA DE DESENVOLVIMENTO ECONOMICO;Nota fiscal;33.224.254/0001-42;MGS MINAS GERAIS ADMINISTRACAO E SERVICOS S/A;202631826;;1;Serviço;Despesa orçamentária;4;105597;ASSISTENTE ADMINISTRATIVO NIVEL II - 30H, 36H, 40H OU 44H ;CARGA HORARIA 40,00 HORAS POR SEMANA;1221;3704;1,0;10135,39;10135,39
1220 - SECRETARIA DE DESENVOLVIMENTO ECONOMICO;Nota fiscal;33.224.254/0001-42;MGS MINAS GERAIS ADMINISTRACAO E SERVICOS S/A;202631826;;1;Serviço;Despesa orçamentária;5;106380;ANALISTA  ESPECIALIZADO  EM CIENCIAS SOCIAIS  APLICADAS II -30H, 36H, 40H OU 44H;CARGA HORARIA 40,00 HORAS POR SEMANA;1221;3704;3,5;9727,0314;34044,61
1220 - SECRETARIA DE DESENVOLVIMENTO ECONOMICO;Nota fiscal;33.224.254/0001-42;MGS MINAS GERAIS ADMINISTRACAO E SERVICOS S/A;202631826;;1;Serviço;Despesa orçamentária;6;106445;ANALISTA ESPECIALIZADO EM CIENCIAS SOCIAIS APLICADAS I - 30H36H, 40H OU 44H;CARGA HORARIA 40,00 HORAS POR SEMANA;1221;3704;2,5617;11977,995;30684,03
1220 - SECRETARIA DE DESENVOLVIMENTO ECONOMICO;Nota fiscal;33.224.254/0001-42;MGS MINAS GERAIS ADMINISTRACAO E SERVICOS S/A;202631826;;1;Serviço;Despesa orçamentária;7;106429;ANALISTA ESPECIALIZADO EM CIENCIAS EXATAS E DA TERRA I- 30H,36H, 40H OU 44H;CARGA HORARIA 40,00 HORAS POR SEMANA;1221;3704;2,9908;11310,4319;33827,24
1220 - SECRETARIA DE DESENVOLVIMENTO ECONOMICO;Nota fiscal;33.224.254/0001-42;MGS MINAS GERAIS ADMINISTRACAO E SERVICOS S/A;202631826;;1;Serviço;Despesa orçamentária;8;63363;MOTORISTA DE VEICULO DE SERVICO - 44H;CARGA HORARIA 44,00 HORAS POR SEMANA;1221;3704;4,7667;6632,1627;31613,53
1220 - SECRETARIA DE DESENVOLVIMENTO ECONOMICO;Nota fiscal;33.224.254/0001-42;MGS MINAS GERAIS ADMINISTRACAO E SERVICOS S/A;202631826;;1;Serviço;Despesa orçamentária;9;106399;ANALISTA  ESPECIALIZADO  EM INFRAESTRUTURA - 30H, 36H, 40H  OU 44H;CARGA HORARIA 40,00 HORAS POR SEMANA;1221;3704;1,0;27770,9;27770,9
1220 - SECRETARIA DE DESENVOLVIMENTO ECONOMICO;Nota fiscal;33.224.254/0001-42;MGS MINAS GERAIS ADMINISTRACAO E SERVICOS S/A;202631826;;1;Serviço;Despesa orçamentária;10;63517;TECNICO ESPECIALIZADO - 40H OU 44H;CARGA HORARIA 40,00 HORAS POR SEMANA;1221;3704;1,0;7930,05;7930,05
1220 - SECRETARIA DE DESENVOLVIMENTO ECONOMICO;Nota fiscal;33.224.254/0001-42;MGS MINAS GERAIS ADMINISTRACAO E SERVICOS S/A;202631826;;1;Serviço;Despesa orçamentária;11;106437;ANALISTA ESPECIALIZADO EM CIENCIAS HUMANAS - 30H, 36H, 40H E 44H.;CARGA HORARIA 40,00 HORAS POR SEMANA;1221;3704;0,2667;9471,991;2526,18
1220 - SECRETARIA DE DESENVOLVIMENTO ECONOMICO;Nota fiscal;33.224.254/0001-42;MGS MINAS GERAIS ADMINISTRACAO E SERVICOS S/A;202631826;;1;Serviço;Despesa orçamentária;12;106445;ANALISTA ESPECIALIZADO EM CIENCIAS SOCIAIS APLICADAS I - 30H36H, 40H OU 44H;CARGA HORARIA 40,00 HORAS POR SEMANA;1221;3704;1,0;11978,1;11978,1
1220 - SECRETARIA DE DESENVOLVIMENTO ECONOMICO;Nota fiscal;33.224.254/0001-42;MGS MINAS GERAIS ADMINISTRACAO E SERVICOS S/A;202631826;;1;Serviço;Despesa orçamentária;13;105589;ASSESSOR TECNICO NIVEL II - 30H, 36H, 40H OU  44H;CARGA HORARIA 40,00 HORAS POR SEMANA;1221;3704;1,999;14145,6828;28277,22
1220 - SECRETARIA DE DESENVOLVIMENTO ECONOMICO;Nota fiscal;33.224.254/0001-42;MGS MINAS GERAIS ADMINISTRACAO E SERVICOS S/A;202631826;;1;Serviço;Despesa orçamentária;14;63339;SUPORTE ADMINISTRATIVO - 30H, 36H, 40H OU 44H;CARGA HORARIA 40,00 HORAS POR SEMANA;1221;3704;1,9767;6545,0498;12937,6
1220 - SECRETARIA DE DESENVOLVIMENTO ECONOMICO;Nota fiscal;33.224.254/0001-42;MGS MINAS GERAIS ADMINISTRACAO E SERVICOS S/A;202631826;;1;Serviço;Despesa orçamentária;15;106445;ANALISTA ESPECIALIZADO EM CIENCIAS SOCIAIS APLICADAS I - 30H36H, 40H OU 44H;CARGA HORARIA 40,00 HORAS POR SEMANA;1221;3704;3,9667;11977,9993;47513,13
1220 - SECRETARIA DE DESENVOLVIMENTO ECONOMICO;Nota fiscal;33.224.254/0001-42;MGS MINAS GERAIS ADMINISTRACAO E SERVICOS S/A;202631826;;1;Serviço;Despesa orçamentária;16;106399;ANALISTA  ESPECIALIZADO  EM INFRAESTRUTURA - 30H, 36H, 40H  OU 44H;CARGA HORARIA 40,00 HORAS POR SEMANA;1221;3704;1,0;27770,9;27770,9
1220 - SECRETARIA DE DESENVOLVIMENTO ECONOMICO;Nota fiscal;33.224.254/0001-42;MGS MINAS GERAIS ADMINISTRACAO E SERVICOS S/A;202631826;;1;Serviço;Despesa orçamentária;17;105589;ASSESSOR TECNICO NIVEL II - 30H, 36H, 40H OU  44H;CARGA HORARIA 40,00 HORAS POR SEMANA;1221;3704;1,9667;14145,7314;27820,41
1220 - SECRETARIA DE DESENVOLVIMENTO ECONOMICO;Nota fiscal;33.224.254/0001-42;MGS MINAS GERAIS ADMINISTRACAO E SERVICOS S/A;202631826;;1;Serviço;Despesa orçamentária;18;106399;ANALISTA  ESPECIALIZADO  EM INFRAESTRUTURA - 30H, 36H, 40H  OU 44H;CARGA HORARIA 40,00 HORAS POR SEMANA;1221;3704;1,0;27770,9;27770,9
1220 - SECRETARIA DE DESENVOLVIMENTO ECONOMICO;Nota fiscal;33.224.254/0001-42;MGS MINAS GERAIS ADMINISTRACAO E SERVICOS S/A;202631826;;1;Serviço;Despesa orçamentária;19;63339;SUPORTE ADMINISTRATIVO - 30H, 36H, 40H OU 44H;CARGA HORARIA 40,00 HORAS POR SEMANA;1221;3704;2,3797;6544,8081;15574,68
1220 - SECRETARIA DE DESENVOLVIMENTO ECONOMICO;Nota fiscal;33.224.254/0001-42;MGS MINAS GERAIS ADMINISTRACAO E SERVICOS S/A;202631826;;1;Serviço;Despesa orçamentária;20;105589;ASSESSOR TECNICO NIVEL II - 30H, 36H, 40H OU  44H;CARGA HORARIA 40,00 HORAS POR SEMANA;1221;3704;1,2;14145,975;16975,17
1220 - SECRETARIA DE DESENVOLVIMENTO ECONOMICO;Nota fiscal;33.224.254/0001-42;MGS MINAS GERAIS ADMINISTRACAO E SERVICOS S/A;202631826;;1;Serviço;Despesa orçamentária;21;106445;ANALISTA ESPECIALIZADO EM CIENCIAS SOCIAIS APLICADAS I - 30H36H, 40H OU 44H;CARGA HORARIA 40,00 HORAS POR SEMANA;1221;3704;1,9962;11977,6174;23909,72
1220 - SECRETARIA DE DESENVOLVIMENTO ECONOMICO;Nota fiscal;33.224.254/0001-42;MGS MINAS GERAIS ADMINISTRACAO E SERVICOS S/A;202631826;;1;Serviço;Despesa orçamentária;22;63339;SUPORTE ADMINISTRATIVO - 30H, 36H, 40H OU 44H;CARGA HORARIA 40,00 HORAS POR SEMANA;1221;3704;3,9098;6544,9127;25589,3
1220 - SECRETARIA DE DESENVOLVIMENTO ECONOMICO;Nota fiscal;33.224.254/0001-42;MGS MINAS GERAIS ADMINISTRACAO E SERVICOS S/A;202631826;;1;Serviço;Despesa orçamentária;23;105589;ASSESSOR TECNICO NIVEL II - 30H, 36H, 40H OU  44H;CARGA HORARIA 40,00 HORAS POR SEMANA;1221;3704;1,0;14145,97;14145,97
1220 - SECRETARIA DE DESENVOLVIMENTO ECONOMICO;Nota fiscal;33.224.254/0001-42;MGS MINAS GERAIS ADMINISTRACAO E SERVICOS S/A;202631826;;1;Serviço;Despesa orçamentária;24;105597;ASSISTENTE ADMINISTRATIVO NIVEL II - 30H, 36H, 40H OU 44H ;CARGA HORARIA 40,00 HORAS POR SEMANA;1221;3704;0,9884;10135,1578;10017,59
1220 - SECRETARIA DE DESENVOLVIMENTO ECONOMICO;Nota fiscal;33.224.254/0001-42;MGS MINAS GERAIS ADMINISTRACAO E SERVICOS S/A;202631826;;1;Serviço;Despesa orçamentária;25;106445;ANALISTA ESPECIALIZADO EM CIENCIAS SOCIAIS APLICADAS I - 30H36H, 40H OU 44H;CARGA HORARIA 40,00 HORAS POR SEMANA;1221;3704;6,5195;11978,0535;78090,92
1220 - SECRETARIA DE DESENVOLVIMENTO ECONOMICO;Nota fiscal;33.224.254/0001-42;MGS MINAS GERAIS ADMINISTRACAO E SERVICOS S/A;202631826;;1;Serviço;Despesa orçamentária;26;106399;ANALISTA  ESPECIALIZADO  EM INFRAESTRUTURA - 30H, 36H, 40H  OU 44H;CARGA HORARIA 40,00 HORAS POR SEMANA;1221;3704;5,0;27770,9;138854,5
1220 - SECRETARIA DE DESENVOLVIMENTO ECONOMICO;Nota fiscal;33.224.254/0001-42;MGS MINAS GERAIS ADMINISTRACAO E SERVICOS S/A;202631826;;1;Serviço;Despesa orçamentária;27;64467;HORA EXTRA;1,00 UNIDADE;1221;3705;1,0;5553,49;5553,49
1220 - SECRETARIA DE DESENVOLVIMENTO ECONOMICO;Nota fiscal;33.224.254/0001-42;MGS MINAS GERAIS ADMINISTRACAO E SERVICOS S/A;202631826;;1;Serviço;Despesa orçamentária;28;64491;GRATIFICACAO DE FUNCAO;1,00 UNIDADE;1221;3705;1,0;9527,77;9527,77
1220 - SECRETARIA DE DESENVOLVIMENTO ECONOMICO;Nota fiscal;33.224.254/0001-42;MGS MINAS GERAIS ADMINISTRACAO E SERVICOS S/A;202631826;;1;Serviço;Despesa orçamentária;29;64491;GRATIFICACAO DE FUNCAO;1,00 UNIDADE;1221;3705;1,0;2722,22;2722,22
1220 - SECRETARIA DE DESENVOLVIMENTO ECONOMICO;Nota fiscal;33.224.254/0001-42;MGS MINAS GERAIS ADMINISTRACAO E SERVICOS S/A;202631826;;1;Serviço;Despesa orçamentária;30;64491;GRATIFICACAO DE FUNCAO;1,00 UNIDADE;1221;3705;1,0;4423,62;4423,62
1260 - SECRETARIA DE ESTADO DE EDUCACAO;Outros;***.461.806-**;LUIZ ANTONIO MANICA;222082026;;1;Serviço;Despesa orçamentária;1;4065;LOCACAO DE IMOVEL COMERCIAL -;1,00 MES;1261;3611;1,0;23656,42;23656,42
1710 - SECRETARIA DE ESTADO DE COMUNICACAO SOCIAL;Nota fiscal;24.172.716/0001-34;FLD LTDA;4215;;1;Serviço;Despesa extra orçamentária;1;20605;SERVICOS DE PUBLICIDADE;1,00 UNIDADE;1711;3909;1,0;26478,4;26478,4
1510 - POLICIA CIVIL DO ESTADO DE MINAS GERAIS;Nota fiscal;10.776.130/0001-74;GERAIS IMOBILIARIA LOCACAO E VENDA LTDA -ME;202608;;1;Serviço;Despesa orçamentária;1;4065;LOCACAO DE IMOVEL COMERCIAL -;1,00 MES;1511;3920;1,0;33598,68;33598,68
1250 - POLICIA MILITAR DE MINAS GERAIS;Nota fiscal;33.224.254/0001-42;MGS MINAS GERAIS ADMINISTRACAO E SERVICOS S/A;32052;;1;Serviço;Despesa orçamentária;1;106089;AUXILIAR DE LIMPEZA - 22H, 30H, 36H, 40H OU 44H;CARGA HORARIA 40,00 HORAS POR SEMANA;1251;3703;1,7667;4117,4619;7274,32
1250 - POLICIA MILITAR DE MINAS GERAIS;Nota fiscal;33.224.254/0001-42;MGS MINAS GERAIS ADMINISTRACAO E SERVICOS S/A;32052;;1;Serviço;Despesa orçamentária;2;64483;ADICIONAL INSALUBRIDADE 40%;1,00 UNIDADE;1251;3705;1,0;2510,77;2510,77
1260 - SECRETARIA DE ESTADO DE EDUCACAO;Outros;01.282.149/0001-73;EDUCACIONAL MARTINS ANDRADE LTDA;9451357;AV;1;Serviço;Despesa orçamentária;1;109460;CURSO TECNICO PROFISSIONALIZANTE  EM ATENDIMENTO AO PROGRAMA TRILHAS DE FUTURO ;UNIDADE;1261;3949;1,0;1500,0;1500,0
1260 - SECRETARIA DE ESTADO DE EDUCACAO;Outros;01.282.149/0001-73;EDUCACIONAL MARTINS ANDRADE LTDA;9451357;AV;1;Serviço;Despesa orçamentária;2;109460;CURSO TECNICO PROFISSIONALIZANTE  EM ATENDIMENTO AO PROGRAMA TRILHAS DE FUTURO ;UNIDADE;1261;3949;1,0;3920,0;3920,0
1260 - SECRETARIA DE ESTADO DE EDUCACAO;Outros;01.282.149/0001-73;EDUCACIONAL MARTINS ANDRADE LTDA;9451357;AV;1;Serviço;Despesa orçamentária;3;109460;CURSO TECNICO PROFISSIONALIZANTE  EM ATENDIMENTO AO PROGRAMA TRILHAS DE FUTURO ;UNIDADE;1261;3949;1,0;2160,0;2160,0
2370 - INSTITUTO MINEIRO DE AGROPECUARIA;Nota fiscal;76.535.764/0001-43;OI S.A. - EM RECUPERACAO JUDICIAL;94329;;1;Serviço;Despesa orçamentária;1;121070;SERVICO TELEFONIA FIXA COMUTADA,LINHA INDIVIDUAL, REGIAO 13, LOCAL,FIXO-FIXO, FIXO-MOVEL,DDR INSTALACAO OU TRANSFERENCIA;1,00 UNIDADE;2371;4004;1,0;50,79;50,79
1090 - PROCURADORIA GERAL DE JUSTICA;Outros;33.224.254/0001-42;MGS MINAS GERAIS ADMINISTRACAO E SERVICOS S/A;703629;1;1;Serviço;Despesa orçamentária;1;66311;VALE-ALIMENTACAO - MGS;1,00 UNIDADE;1091;3705;1,0;515,1;515,1
1260 - SECRETARIA DE ESTADO DE EDUCACAO;Nota fiscal;07.432.517/0001-07;SIMPRESS COMERCIO LOCACAO E SERVICOS LTDA;446814;;1;Serviço;Despesa orçamentária;1;89796;IMPRESSAO/COPIA MONOCROMATICA FORMATO A4 - (OUTSOURCING), PAPEL NAO INCLUSO;1,00 UNIDADE;1261;4002;8770,0;0,02;175,4
1260 - SECRETARIA DE ESTADO DE EDUCACAO;Nota fiscal;61.797.748/0001-51;CONSORCIO E&P MINAS;61;;1;Serviço;Despesa extra orçamentária;1;60;ESTUDOS E PROJETOS DE ARQUITETURA.;1,00 UNIDADE;1261;5101;1,0;61827,38;61827,38
1090 - PROCURADORIA GERAL DE JUSTICA;Outros;33.224.254/0001-42;MGS MINAS GERAIS ADMINISTRACAO E SERVICOS S/A;703631;1;1;Serviço;Despesa orçamentária;1;66311;VALE-ALIMENTACAO - MGS;1,00 UNIDADE;1091;3705;1,0;490,57;490,57
1250 - POLICIA MILITAR DE MINAS GERAIS;Outros;33.224.254/0001-42;MGS MINAS GERAIS ADMINISTRACAO E SERVICOS S/A;705603;;1;Serviço;Despesa orçamentária;1;66311;VALE-ALIMENTACAO - MGS;1,00 UNIDADE;1251;3705;1,0;944,9;944,9
1260 - SECRETARIA DE ESTADO DE EDUCACAO;Nota fiscal;49.397.537/0001-26;IMPORT TECH COMERCIO IMPORTACAO E EXPORTACAO LTDA;979;1;1;Consumo;Despesa extra orçamentária;1;1983520;"KIT DE MATERIAL ESCOLAR (DISTRIBUICAO GRATUITA) -  COMPONENTES:   1 MOCHILA ESCOLAR; COMPONENTES (2):   1 ESTOJO ESCOLAR;";UNIDADE;1261;3007;74,0;34,0;2516,0
2100 - INSTITUTO ESTADUAL DE FLORESTAS-IEF;Nota fiscal;33.224.254/0001-42;MGS MINAS GERAIS ADMINISTRACAO E SERVICOS S/A;202600000030573;1;1;Serviço;Despesa orçamentária;1;106348;ORIENTADOR AMBIENTAL  - 44 HORAS  ;CARGA HORARIA 44,00 HORAS POR SEMANA;2101;3704;1,0;6574,88;6574,88
2100 - INSTITUTO ESTADUAL DE FLORESTAS-IEF;Nota fiscal;33.224.254/0001-42;MGS MINAS GERAIS ADMINISTRACAO E SERVICOS S/A;202600000030573;1;1;Serviço;Despesa orçamentária;2;63533;VIGIA DE PARQUE - 12X36 DIURNO (PERICULOSIDADE) - 44H;CARGA HORARIA 44,00 HORAS POR SEMANA;2101;3704;2,0;8062,68;16125,36
2100 - INSTITUTO ESTADUAL DE FLORESTAS-IEF;Nota fiscal;33.224.254/0001-42;MGS MINAS GERAIS ADMINISTRACAO E SERVICOS S/A;202600000030573;1;1;Serviço;Despesa orçamentária;3;95109;AGENTE DE SERVICO DE PARQUE HABILITADO - 44H;CARGA HORARIA 44,00 HORAS POR SEMANA;2101;3704;1,0;5507,44;5507,44
2100 - INSTITUTO ESTADUAL DE FLORESTAS-IEF;Nota fiscal;33.224.254/0001-42;MGS MINAS GERAIS ADMINISTRACAO E SERVICOS S/A;202600000030573;1;1;Serviço;Despesa orçamentária;4;95125;AGENTE DE SERVICO DE PARQUE HABILITADO - 12X36 DIURNO - 44H;CARGA HORARIA 44,00 HORAS POR SEMANA;2101;3704;0,9;5514,0222;4962,62
2100 - INSTITUTO ESTADUAL DE FLORESTAS-IEF;Nota fiscal;33.224.254/0001-42;MGS MINAS GERAIS ADMINISTRACAO E SERVICOS S/A;202600000030573;1;1;Serviço;Despesa orçamentária;5;64335;VIGIA DE PARQUE - 12X36 NOTURNO (PERICULOSIDADE) - 44H;CARGA HORARIA 44,00 HORAS POR SEMANA;2101;3704;2,0;10038,9;20077,8
2100 - INSTITUTO ESTADUAL DE FLORESTAS-IEF;Nota fiscal;33.224.254/0001-42;MGS MINAS GERAIS ADMINISTRACAO E SERVICOS S/A;202600000030573;1;1;Serviço;Despesa orçamentária;6;95117;AGENTE DE SERVICO DE PARQUE HABILITADO - (PERICULOSIDADE) - 44H;CARGA HORARIA 44,00 HORAS POR SEMANA;2101;3704;1,0;6928,43;6928,43
1250 - POLICIA MILITAR DE MINAS GERAIS;Nota fiscal;42.516.875/0001-90;LILIAN BERNARDES MOSINHO SANTOS 07491273688;526;1;1;Permanente;Despesa orçamentária;1;2000431;"AR CONDICIONADO SPLIT -  CICLO:   FRIO; FILTRAGEM DE AR:   FILTRO ANTIBACTERIAS, FUNGOS E ACAROS; CONTEUDO EXTRA:   MANUAL EM PORTUGUES; MODELO:   HIGHWALL (DE PAREDE); FLUIDO REFRIGERANTE:   GAS ECOLOGICO R-32; VOLTAGEM/FREQUENCIA:   220V/60HZ; NUMERO DE VELOCIDADES:   MINIMO 3 VELOCIDADES; INSTALACAO:   INCLUSA; FUNCAO ESPECIAL:   TEMPORIZADOR + TIMER + SWING; MODO DE OPERACAO:   REFRIGERACAO E VENTILACAO; CAPACIDADE TERMICA:   12.000 BTUS/H; CLASSIFICACAO ENERGETICA:   CLASSE A; CONTROLE REMOTO:   SEM FIO; TECNOLOGIA:   INVERTER; CONDENSADORA:   DESCARGA HORIZONTAL;";1,00 UNIDADE;1251;5225;2,0;2895,0;5790,0
1020 - TRIBUNAL DE CONTAS DO ESTADO DE MINAS GERAIS;Nota fiscal;28.429.720/0001-96;GLOBAL DISTRIBUICAO E SERVICOS LTDA;4460;803;1;Consumo;Despesa orçamentária;1;1719041;"TINTA PARA USO IMOBILIARIO -  ACABAMENTO:   ACETINADO; FINALIDADE:   ALVENARIA INTERIOR E EXTERIOR; COMPOSICAO:   BASE DE AGUA; QUALIDADE:   PREMIUM; TIPO:   ACRILICA; COR:   BASE B;";LATA 18,00 LITRO;1021;3019;8,0;541,0;4328,0
1260 - SECRETARIA DE ESTADO DE EDUCACAO;Nota fiscal;33.224.254/0001-42;MGS MINAS GERAIS ADMINISTRACAO E SERVICOS S/A;32108;;1;Serviço;Despesa orçamentária;1;63339;SUPORTE ADMINISTRATIVO - 30H, 36H, 40H OU 44H;CARGA HORARIA 40,00 HORAS POR SEMANA;1261;3704;1,9001;6395,5265;12152,14
1260 - SECRETARIA DE ESTADO DE EDUCACAO;Nota fiscal;33.224.254/0001-42;MGS MINAS GERAIS ADMINISTRACAO E SERVICOS S/A;32108;;1;Serviço;Despesa orçamentária;2;106399;ANALISTA  ESPECIALIZADO  EM INFRAESTRUTURA - 30H, 36H, 40H  OU 44H;CARGA HORARIA 40,00 HORAS POR SEMANA;1261;3704;0,8667;27136,887;23519,54
1260 - SECRETARIA DE ESTADO DE EDUCACAO;Nota fiscal;33.224.254/0001-42;MGS MINAS GERAIS ADMINISTRACAO E SERVICOS S/A;32108;;1;Serviço;Despesa orçamentária;3;63584;RECEPCIONISTA - 30H, 36H, 40H OU 44H;CARGA HORARIA 40,00 HORAS POR SEMANA;1261;3704;0,8;7032,975;5626,38
1450 - SECRETARIA DE ESTADO DE JUSTICA E SEGURANCA PUBLIC;Nota fiscal;08.624.977/0001-91;TERRAVIVA AMBIENTAL LTDA;6601;;1;Serviço;Despesa orçamentária;1;30074;SERVICOS DE COLETA, TRANSPORTE, SELECAO, TRATAMENTO  E DESTINACAO DE RESIDUO LIXO HOSPITALAR E IML;1,00 UNIDADE;1451;3959;1,0;848,64;848,64
2300 - DEPARTAMENTO DE ESTRADAS DE RODAGEM;Nota fiscal;19.527.639/0001-58;ENERGISA MINAS RIO - DISTRIBUIDORA DE ENERGIA S.A.;7368028;2;1;Serviço;Despesa orçamentária;1;108472;FORNECIMENTO DE ENERGIA ELETRICA EM BAIXA TENSAO ;1,00 UNIDADE;2301;3969;1,0;1809,25;1809,25
1400 - CORPO DE BOMBEIROS MILITAR DE MINAS GERAIS;Nota fiscal;08.298.732/0001-11;OLAIR DE JESUS DOS SANTOS;3145;;1;Serviço;Despesa orçamentária;1;25593;MANUTENCAO E REPARO EM VEICULOS LEVES;HORA;1401;3918;1,0;583,29;583,29
1450 - SECRETARIA DE ESTADO DE JUSTICA E SEGURANCA PUBLIC;Nota fiscal;08.624.977/0001-91;TERRAVIVA AMBIENTAL LTDA;5527;1;1;Serviço;Despesa orçamentária;1;30074;SERVICOS DE COLETA, TRANSPORTE, SELECAO, TRATAMENTO  E DESTINACAO DE RESIDUO LIXO HOSPITALAR E IML;1,00 UNIDADE;1451;3959;1,0;1758,18;1758,18
1190 - SECRETARIA DE ESTADO DE FAZENDA DE MINAS GERAIS;Nota fiscal;08.458.633/0001-50;ESMARTY ESPECIALISTA EM MANUTENCAO DE ELEVADORES LTDA;7543;;1;Serviço;Despesa orçamentária;1;44377;SERVICO ESPECIALIZADO EM MANUTENCAO CORRETIVA, PREVENTIVA E LIMPEZA EM ELEVADOR E PLATAFORMA VERTICAL;1,00 UNIDADE;1191;3921;1,0;656,1;656,1
1320 - SECRETARIA DE ESTADO DA SAUDE;Nota fiscal;12.927.876/0001-67;SOMA/MG PRODUTOS HOSPITALARES LTDA;385812;1;1;Consumo;Despesa orçamentária;1;1489135;"AMOXICILINA -  PRINCIPIO ATIVO:   AMOXICILINA; CONCENTRACAO/DOSAGEM:   500 MG; FORMA FARMACEUTICA:   CAPSULA GELATINOSA DURA; APRESENTACAO:   .; COMPONENTE:   .;";1,00 UNIDADE;4291;3012;34000,0;0,1598;5433,2
1710 - SECRETARIA DE ESTADO DE COMUNICACAO SOCIAL;Nota fiscal;24.172.716/0001-34;FLD LTDA;4216;;1;Serviço;Despesa extra orçamentária;1;20605;SERVICOS DE PUBLICIDADE;1,00 UNIDADE;1711;3909;1,0;16843,5;16843,5
1300 - SECRET. DE ESTADO DE INFRAESTRUTURA E MOBILIDADE;Nota fiscal;42.986.323/0001-46;PETREL ENGENHARIA LTDA;118;;1;Serviço;Despesa orçamentária;1;1490;SERVICOS DE CONSTRUCAO DE EDIFICACOES COMERCIAIS E/OU ADMI  NISTRATIVAS;1,00 UNIDADE;1301;5107;1,0;28958,86;28958,86
2270 - FUNDACAO HOSPITALAR DO ESTADO DE MINAS GERAIS;Nota fiscal;00.331.788/0031-34;AIR LIQUIDE BRASIL LTDA;139846;;1;Serviço;Despesa orçamentária;1;15725;LOCACAO DE EQUIPAMENTOS PARA SISTEMA CENTRALIZADO DE GASES;1,00 ANO;2271;3919;1,0;8700,0;8700,0
2300 - DEPARTAMENTO DE ESTRADAS DE RODAGEM;Nota fiscal;06.981.180/0001-16;CEMIG DISTRIBUICAO S.A.;425795820;;1;Serviço;Despesa orçamentária;1;108472;FORNECIMENTO DE ENERGIA ELETRICA EM BAIXA TENSAO ;1,00 UNIDADE;2301;3969;1,0;1509,46;1509,46
2300 - DEPARTAMENTO DE ESTRADAS DE RODAGEM;Nota fiscal;19.527.639/0001-58;ENERGISA MINAS RIO - DISTRIBUIDORA DE ENERGIA S.A.;7479073;2;1;Serviço;Despesa orçamentária;1;108472;FORNECIMENTO DE ENERGIA ELETRICA EM BAIXA TENSAO ;1,00 UNIDADE;2301;3969;1,0;103,33;103,33
1320 - SECRETARIA DE ESTADO DA SAUDE;Outros;07.432.517/0001-07;SIMPRESS COMERCIO LOCACAO E SERVICOS LTDA;454591;;1;Serviço;Despesa orçamentária;1;97292;LOCACAO DE IMPRESSORA MULTIFUNCIOAL MONOCROMATICA 38 PPM (OUTSOURCING ), PAPEL NAO INCLUSO;1,00 UNIDADE;4291;3919;1,0;118,07;118,07
1400 - CORPO DE BOMBEIROS MILITAR DE MINAS GERAIS;Nota fiscal;08.298.732/0001-11;OLAIR DE JESUS DOS SANTOS;5396;1;1;Serviço;Despesa orçamentária;1;25593;MANUTENCAO E REPARO EM VEICULOS LEVES;HORA;1401;3918;1,0;1365,09;1365,09
1260 - SECRETARIA DE ESTADO DE EDUCACAO;Nota fiscal;33.224.254/0001-42;MGS MINAS GERAIS ADMINISTRACAO E SERVICOS S/A;202631877;1;1;Serviço;Despesa orçamentária;1;66311;VALE-ALIMENTACAO - MGS;1,00 UNIDADE;1261;3705;1,0;20372,94;20372,94
1190 - SECRETARIA DE ESTADO DE FAZENDA DE MINAS GERAIS;Nota fiscal;08.458.633/0001-50;ESMARTY ESPECIALISTA EM MANUTENCAO DE ELEVADORES LTDA;7544;;2;Serviço;Despesa orçamentária;1;3611;MANUTENCAO, REPAROS E ADAPTACOES EM ELEVADORES;1,00 UNIDADE;1191;3921;0,25;4999,92;1249,98
1320 - SECRETARIA DE ESTADO DA SAUDE;Outros;***.330.566-**;RENATA SIQUEIRA JULIO;9497007;8;1;Serviço;Despesa orçamentária;1;12653;SERVICOS DE MINISTRACAO DE CURSOS DE QUALIFICACAO E CAPACITACAO DE PESSOAL NA AREA DE SAUDE;1,00 UNIDADE;4291;3631;1,0;2700,0;2700,0
2260 - FUNDACAO EZEQUIEL DIAS;Outros;96.591.128/0004-99;VEOLIA WATER TECHNOLOGIES BRASIL LTDA;103183;;1;Serviço;Despesa orçamentária;1;3093;MANUTENCAO E REPAROS EM EQUIPAMENTOS E MATERIAIS DE LABORATORIO;1,00 UNIDADE;2261;3921;1,0;10783,11;10783,11
2010 - INST.DE PREVIDENCIA DOS SERVIDORES DO EST.M.GERAIS;Nota fiscal;32.677.058/0001-60;DENTAL FREE MATERIAIS E SOLUCOES ODONTOLOGICAS LTDA;217416;1;1;Permanente;Despesa orçamentária;1;2014742;"AUTOCLAVE -  ALIMENTACAO:   220 V; CAPACIDADE:   45 A 55 LITROS; TIPO:   HORIZONTAL DE MESA; TEMPERATURA:   121°C A 134°C (+/- 2°C); APLICACAO:   ESTERILIZACAO POR MEIO DE VAPOR SATURADO;";1,00 UNIDADE;2011;5209;1,0;20195,4;20195,4
2270 - FUNDACAO HOSPITALAR DO ESTADO DE MINAS GERAIS;Nota fiscal;33.224.254/0001-42;MGS MINAS GERAIS ADMINISTRACAO E SERVICOS S/A;32226;;1;Serviço;Despesa orçamentária;1;66290;ACERTOS RETROATIVOS;1,00 UNIDADE;2271;3705;1,0;56,9;56,9
1320 - SECRETARIA DE ESTADO DA SAUDE;Outros;07.432.517/0001-07;SIMPRESS COMERCIO LOCACAO E SERVICOS LTDA;454592;;1;Serviço;Despesa orçamentária;1;89796;IMPRESSAO/COPIA MONOCROMATICA FORMATO A4 - (OUTSOURCING), PAPEL NAO INCLUSO;1,00 UNIDADE;4291;3919;627,0;0,02;12,54
2370 - INSTITUTO MINEIRO DE AGROPECUARIA;Nota fiscal;34.274.233/0025-71;VIBRA ENERGIA S.A;4978875;0;1;Consumo;Despesa orçamentária;1;14516;"ALCOOL COMBUSTIVEL AUTOMOTIVO -  TIPO:   HIDRATADO;";1,00 LITRO;2371;3026;5000,0;2,9333;14666,88
2270 - FUNDACAO HOSPITALAR DO ESTADO DE MINAS GERAIS;Nota fiscal;33.224.254/0001-42;MGS MINAS GERAIS ADMINISTRACAO E SERVICOS S/A;705761;;1;Serviço;Despesa orçamentária;1;66290;ACERTOS RETROATIVOS;1,00 UNIDADE;2271;3705;1,0;3,47;3,47
1260 - SECRETARIA DE ESTADO DE EDUCACAO;Outros;16.588.268/0001-26;CENTRO TECNICO DE EDUCACAO PROFISSIONAL DE ALEM PARAIBA LTDA - ME;92026;A;1;Serviço;Despesa orçamentária;1;109460;CURSO TECNICO PROFISSIONALIZANTE  EM ATENDIMENTO AO PROGRAMA TRILHAS DE FUTURO ;UNIDADE;1261;3949;4,0;2570,0;10280,0
1400 - CORPO DE BOMBEIROS MILITAR DE MINAS GERAIS;Nota fiscal;34.274.233/0025-71;VIBRA ENERGIA S.A;4971660;0;1;Consumo;Despesa orçamentária;1;1325876;"OLEO DIESEL COMBUSTIVEL AUTOMOTIVO -  TIPO:   S10 (MENOS ENXOFRE);";1,00 LITRO;1401;3026;5000,0;4,3962;21981,0
1230 - SECRET. DE ESTADO DE AGRICULTURA, PECUARIA E ABAST;Nota fiscal;28.784.992/0001-04;MOBI LOCACOES & EVENTOS LTDA;46;;1;Serviço;Despesa orçamentária;1;22446;SERVICOS DE ORGANIZACAO,EXECUCAO DE EVENTOS E ATIVIDADES CORRELATAS OU INERENTES;1,00 UNIDADE;1231;3955;1,0;33500,0;33500,0
2270 - FUNDACAO HOSPITALAR DO ESTADO DE MINAS GERAIS;Nota fiscal;58.950.775/0001-08;COTACAO COM REPRESENTACAO IMPORTACAO E EXPORTACAO LTDA;42942;1;1;Consumo;Despesa orçamentária;1;131270;"EXTENSOR DE EQUIPO COM PRIMER REDUZIDO -  FINALIDADE:   PERFUSAO; MATERIA PRIMA:   PVC TRANSPARENTE; COMPRIMENTO:   20 CM;";1,00 UNIDADE;2271;3010;1000,0;1,48;1480,0
2270 - FUNDACAO HOSPITALAR DO ESTADO DE MINAS GERAIS;Nota fiscal;58.950.775/0001-08;COTACAO COM REPRESENTACAO IMPORTACAO E EXPORTACAO LTDA;42942;1;1;Consumo;Despesa orçamentária;2;1271482;"DISPOSITIVO PARA IRRIGACAO -  APLICACAO:   PARA IRRIGACAO DE SORO EM FERIDAS E CIRURGIAS; MEDIDAS:   DIAMETRO 6 MM X 6 CM APROXIMADAMENTE; DETALHE:   COM TAMPA PROTETORA;";1,00 UNIDADE;2271;3010;860,0;0,67;576,2
1400 - CORPO DE BOMBEIROS MILITAR DE MINAS GERAIS;Nota fiscal;08.298.732/0001-11;OLAIR DE JESUS DOS SANTOS;3146;;1;Serviço;Despesa orçamentária;1;25593;MANUTENCAO E REPARO EM VEICULOS LEVES;HORA;1401;3918;1,0;573,04;573,04
1260 - SECRETARIA DE ESTADO DE EDUCACAO;Outros;33.224.254/0001-42;MGS MINAS GERAIS ADMINISTRACAO E SERVICOS S/A;705475;;1;Serviço;Despesa orçamentária;1;155250;CARTAO CESTA BASICA - MGS;1,00 UNIDADE;1261;3705;1,0;860,62;860,62
2270 - FUNDACAO HOSPITALAR DO ESTADO DE MINAS GERAIS;Nota fiscal;27.187.758/0001-37;BML HOSPITALAR LTDA;32159;1;1;Consumo;Despesa orçamentária;1;237035;"CIMENTO ORTOPEDICO -  APRESENTACAO:   SEM ANTIBIOTICO; EMBALAGEM:   CAIXA COM 40G;";1,00 UNIDADE;2271;3010;10,0;69,55;695,5
2420 - INSTITUTO DE DESENVOLVIMENTO NORTE E NORDESTE MG;Nota fiscal;01.527.405/0001-45;W & M PUBLICIDADE LTDA -EPP;4620;;1;Serviço;Despesa orçamentária;1;38385;PUBLICACAO E/OU DIVULGACAO NO DIARIO OFICIAL DA UNIAO;1,00 CENTIMETRO;2421;3939;1,0;312,25;312,25
1220 - SECRETARIA DE DESENVOLVIMENTO ECONOMICO;Nota fiscal;01.020.691/0003-10;ENGEMAP ENGENHARIA E AEROLEVANTAMENTO LTDA.;21;;1;Serviço;Despesa extra orçamentária;1;102342;ELABORACAO DE PROJETO DE REGULARIZACAO FUNDIARIA URBANA DE IMOVEIS IRREGULARES E ACOES DE APOIO A IMPLEMENTACAO;1,00 UNIDADE;1221;3963;1,0;94185,0;94185,0
2010 - INST.DE PREVIDENCIA DOS SERVIDORES DO EST.M.GERAIS;Nota fiscal;04.307.650/0012-98;ONCO PROD DISTRIBUIDORA DE PRODUTOS HOSPITALARES E ONCOLOGICOS LTDA.;842664;12;1;Consumo;Despesa orçamentária;1;1937316;"ACALABRUTINIBE -  FORMA FARMACEUTICA:   COMPRIMIDO REVESTIDO; COMPONENTE:   .; APRESENTACAO:   .; CONCENTRACAO/DOSAGEM:   100 MG; PRINCIPIO ATIVO:   ACALABRUTINIBE;";UNIDADE;2011;3012;120,0;381,77;45812,4
2300 - DEPARTAMENTO DE ESTRADAS DE RODAGEM;Nota fiscal;02.351.006/0006-43;GRECA DISTRIBUIDORA DE ASFALTOS LTDA.;202628103;;1;Consumo;Despesa orçamentária;1;1453300;"ASFALTO -  MATERIA-PRIMA:   CIMENTO ASFALTICO MODIFICADO POR BORRACHA; IDENTIFICACAO:   AB-8;";TONELADA;2301;5112;16,7133;5353,169;89469,12
2270 - FUNDACAO HOSPITALAR DO ESTADO DE MINAS GERAIS;Nota fiscal;33.224.254/0001-42;MGS MINAS GERAIS ADMINISTRACAO E SERVICOS S/A;31751;A;1;Serviço;Despesa orçamentária;1;106070;AUXILIAR DE LIMPEZA - 12X36 NOTURNO - 44H;CARGA HORARIA 44,00 HORAS POR SEMANA;2271;3703;5,1;5720,2;29173,02
2270 - FUNDACAO HOSPITALAR DO ESTADO DE MINAS GERAIS;Nota fiscal;33.224.254/0001-42;MGS MINAS GERAIS ADMINISTRACAO E SERVICOS S/A;31751;A;1;Serviço;Despesa orçamentária;2;106089;AUXILIAR DE LIMPEZA - 22H, 30H, 36H, 40H OU 44H;CARGA HORARIA 44,00 HORAS POR SEMANA;2271;3703;1,0;4325,35;4325,35
2270 - FUNDACAO HOSPITALAR DO ESTADO DE MINAS GERAIS;Nota fiscal;33.224.254/0001-42;MGS MINAS GERAIS ADMINISTRACAO E SERVICOS S/A;31751;A;1;Serviço;Despesa orçamentária;3;106062;AUXILIAR DE LIMPEZA - 12X36 DIURNO - 44H;CARGA HORARIA 44,00 HORAS POR SEMANA;2271;3703;28,6005;4519,8657;129270,42
2270 - FUNDACAO HOSPITALAR DO ESTADO DE MINAS GERAIS;Nota fiscal;33.224.254/0001-42;MGS MINAS GERAIS ADMINISTRACAO E SERVICOS S/A;31751;A;1;Serviço;Despesa orçamentária;4;63657;AUXILIAR DE SERVICOS - 40H OU 44H;CARGA HORARIA 44,00 HORAS POR SEMANA;2271;3704;1,0;4986,48;4986,48
2270 - FUNDACAO HOSPITALAR DO ESTADO DE MINAS GERAIS;Nota fiscal;33.224.254/0001-42;MGS MINAS GERAIS ADMINISTRACAO E SERVICOS S/A;31751;A;1;Serviço;Despesa orçamentária;5;64386;AUXILIAR DE SERVICOS - 12X36 DIURNO - 44H;CARGA HORARIA 44,00 HORAS POR SEMANA;2271;3704;3,9716;4986,557;19804,61
2270 - FUNDACAO HOSPITALAR DO ESTADO DE MINAS GERAIS;Nota fiscal;33.224.254/0001-42;MGS MINAS GERAIS ADMINISTRACAO E SERVICOS S/A;31751;A;1;Serviço;Despesa orçamentária;6;64076;AUXILIAR DE SERVICOS - 12X36 NOTURNO - 44H;CARGA HORARIA 44,00 HORAS POR SEMANA;2271;3704;2,0;6053,88;12107,76
2270 - FUNDACAO HOSPITALAR DO ESTADO DE MINAS GERAIS;Nota fiscal;33.224.254/0001-42;MGS MINAS GERAIS ADMINISTRACAO E SERVICOS S/A;31751;A;1;Serviço;Despesa orçamentária;7;105660;PORTEIRO (COM SUBSTITUICAO) - 12X36 DIURNO - 44H;CARGA HORARIA 44,00 HORAS POR SEMANA;2271;3704;9,2667;6443,1372;59706,62
2270 - FUNDACAO HOSPITALAR DO ESTADO DE MINAS GERAIS;Nota fiscal;33.224.254/0001-42;MGS MINAS GERAIS ADMINISTRACAO E SERVICOS S/A;31751;A;1;Serviço;Despesa orçamentária;8;105678;PORTEIRO (COM SUBSTITUICAO) - 12X36 NOTURNO - 44H;CARGA HORARIA 44,00 HORAS POR SEMANA;2271;3704;4,798;7896,6923;37888,33
2270 - FUNDACAO HOSPITALAR DO ESTADO DE MINAS GERAIS;Nota fiscal;33.224.254/0001-42;MGS MINAS GERAIS ADMINISTRACAO E SERVICOS S/A;31751;A;1;Serviço;Despesa orçamentária;9;63584;RECEPCIONISTA - 30H, 36H, 40H OU 44H;CARGA HORARIA 44,00 HORAS POR SEMANA;2271;3704;2,0;7873,12;15746,24
2270 - FUNDACAO HOSPITALAR DO ESTADO DE MINAS GERAIS;Nota fiscal;33.224.254/0001-42;MGS MINAS GERAIS ADMINISTRACAO E SERVICOS S/A;31751;A;1;Serviço;Despesa orçamentária;10;105554;ENCARREGADO  - 30H, 36H, 40H OU 44H;CARGA HORARIA 40,00 HORAS POR SEMANA;2271;3704;1,0;6421,66;6421,66
2270 - FUNDACAO HOSPITALAR DO ESTADO DE MINAS GERAIS;Nota fiscal;33.224.254/0001-42;MGS MINAS GERAIS ADMINISTRACAO E SERVICOS S/A;31751;A;1;Serviço;Despesa orçamentária;11;64483;ADICIONAL INSALUBRIDADE 40%;1,00 UNIDADE;2271;3705;1,0;44029,23;44029,23
2270 - FUNDACAO HOSPITALAR DO ESTADO DE MINAS GERAIS;Nota fiscal;33.224.254/0001-42;MGS MINAS GERAIS ADMINISTRACAO E SERVICOS S/A;31751;A;1;Serviço;Despesa orçamentária;12;64475;ADICIONAL INSALUBRIDADE 20%;1,00 UNIDADE;2271;3705;1,0;13458,73;13458,73
1250 - POLICIA MILITAR DE MINAS GERAIS;Outros;33.224.254/0001-42;MGS MINAS GERAIS ADMINISTRACAO E SERVICOS S/A;705602;;1;Serviço;Despesa orçamentária;1;155250;CARTAO CESTA BASICA - MGS;1,00 UNIDADE;1251;3705;1,0;181,81;181,81
1450 - SECRETARIA DE ESTADO DE JUSTICA E SEGURANCA PUBLIC;Outros;31.401.798/0001-07;DENTAL BH BRASIL COMERCIO DE PRODUTOS ODONTO-MEDICO-HOSPITALAR LTDA;13355;;1;Consumo;Despesa orçamentária;1;1874276;"ADESIVO ODONTOLOGICO -  COMPOSICAO:   MDP, MONOMEROS METACRILICOS, FOTOINICIADORES...; APLICACAO:   ESMALTE E DENTINA; TIPO DE POLIMERIZACAO:   FOTOPOLIMERIZAVEL; APRESENTACAO:   FRASCO 5 ML;";FRASCO;4691;3011;10,0;23,99;239,9
1450 - SECRETARIA DE ESTADO DE JUSTICA E SEGURANCA PUBLIC;Outros;31.401.798/0001-07;DENTAL BH BRASIL COMERCIO DE PRODUTOS ODONTO-MEDICO-HOSPITALAR LTDA;13355;;1;Consumo;Despesa orçamentária;2;1661140;"EVIDENCIADOR DE PLACA USO ODONTO -  APLICACAO:   PROFILAXIA BUCAL; COMPOSICAO:   ERITROSINA, AZUL BRILHANTE; APRESENTACAO:   SOLUCAO;";1,00 UNIDADE;4691;3011;1,0;10,33;10,33
1450 - SECRETARIA DE ESTADO DE JUSTICA E SEGURANCA PUBLIC;Outros;31.401.798/0001-07;DENTAL BH BRASIL COMERCIO DE PRODUTOS ODONTO-MEDICO-HOSPITALAR LTDA;13355;;1;Consumo;Despesa orçamentária;3;200875;"BROCA ODONTOLOGICA -  MATERIA PRIMA:   ACO INOX; FORMA:   CONICA; NUMERO:   PONTA MEDIA; TIPO:   MULTILAMINADA - ALTA ROTACAO, P/REMOCAO DE RESINA;";1,00 UNIDADE;4691;3011;10,0;19,39;193,9
2010 - INST.DE PREVIDENCIA DOS SERVIDORES DO EST.M.GERAIS;Nota fiscal;33.224.254/0001-42;MGS MINAS GERAIS ADMINISTRACAO E SERVICOS S/A;31997;1A;1;Serviço;Despesa orçamentária;1;106089;AUXILIAR DE LIMPEZA - 22H, 30H, 36H, 40H OU 44H;CARGA HORARIA 40,00 HORAS POR SEMANA;2011;3703;2,8221;4164,3988;11752,35
2010 - INST.DE PREVIDENCIA DOS SERVIDORES DO EST.M.GERAIS;Nota fiscal;33.224.254/0001-42;MGS MINAS GERAIS ADMINISTRACAO E SERVICOS S/A;31997;1A;1;Serviço;Despesa orçamentária;2;64475;ADICIONAL INSALUBRIDADE 20%;1,00 UNIDADE;2011;3705;1,0;1197,8;1197,8
2010 - INST.DE PREVIDENCIA DOS SERVIDORES DO EST.M.GERAIS;Nota fiscal;33.224.254/0001-42;MGS MINAS GERAIS ADMINISTRACAO E SERVICOS S/A;31997;1A;1;Serviço;Despesa orçamentária;3;64483;ADICIONAL INSALUBRIDADE 40%;1,00 UNIDADE;2011;3705;1,0;1676,93;1676,93
2010 - INST.DE PREVIDENCIA DOS SERVIDORES DO EST.M.GERAIS;Nota fiscal;33.224.254/0001-42;MGS MINAS GERAIS ADMINISTRACAO E SERVICOS S/A;31997;1A;1;Serviço;Despesa orçamentária;4;105651;PORTEIRO (COM SUBSTITUICA) - 30H, 36H, 40H OU 44H;CARGA HORARIA 44,00 HORAS POR SEMANA;2011;3704;1,0;5729,06;5729,06
2010 - INST.DE PREVIDENCIA DOS SERVIDORES DO EST.M.GERAIS;Nota fiscal;33.224.254/0001-42;MGS MINAS GERAIS ADMINISTRACAO E SERVICOS S/A;31997;1A;1;Serviço;Despesa orçamentária;5;105678;PORTEIRO (COM SUBSTITUICAO) - 12X36 NOTURNO - 44H;CARGA HORARIA 44,00 HORAS POR SEMANA;2011;3704;1,0667;7716,4713;8231,16
2010 - INST.DE PREVIDENCIA DOS SERVIDORES DO EST.M.GERAIS;Nota fiscal;33.224.254/0001-42;MGS MINAS GERAIS ADMINISTRACAO E SERVICOS S/A;31997;1A;1;Serviço;Despesa orçamentária;6;63339;SUPORTE ADMINISTRATIVO - 30H, 36H, 40H OU 44H;CARGA HORARIA 40,00 HORAS POR SEMANA;2011;3704;2,0;6395,86;12791,72
1090 - PROCURADORIA GERAL DE JUSTICA;Nota fiscal;17.138.140/0005-57;EMPRESA DE PESQUISA AGROPECUARIA DE MINAS GERAIS - EPAMIG;4003;1;1;Consumo;Despesa orçamentária;1;1370928;"CAFE -  APRESENTACAO:   TORRADO E MOIDO; IDENTIFICACAO (1):   100% DA ESPECIE ARABICA; IDENTIFICACAO (2):   ORIGEM UNICA OU BLENDADOS; PERFIL SABOR:   BEBIDA MOLE OU DURA; AROMA:   SUAVE OU INTENSO; CORPO:   ENCORPADO; SABOR:   SUAVE OU INTENSO; IDENTIFICACAO (3):   PADRAO DE QUALIDADE GLOBAL ENTRE 7,3 E 10 PONTOS; MOAGEM:   MEDIA A FINA; TORRA:   MAXIMA ATE O PONTO ACHOCOLATADO, SISTEMA AGTRON;";QUILOGRAMA;1091;3008;750,0;72,06;54045,0
2420 - INSTITUTO DE DESENVOLVIMENTO NORTE E NORDESTE MG;Nota fiscal;01.527.405/0001-45;W & M PUBLICIDADE LTDA -EPP;4621;1;1;Serviço;Despesa orçamentária;1;38385;PUBLICACAO E/OU DIVULGACAO NO DIARIO OFICIAL DA UNIAO;1,00 CENTIMETRO;2421;3939;1,0;312,25;312,25
2370 - INSTITUTO MINEIRO DE AGROPECUARIA;Nota fiscal;05.376.395/0001-45;FORTE SEGURANCA ELETRONICA LTDA -EPP;2354;;1;Serviço;Despesa orçamentária;1;90573;SERVICOS DE VIGILANCIA E MONITORAMENTO ELETRONICO, INCLUINDO A MANUTENCAO PREVENTIVA  ;1,00 ANO;2371;3962;1,0;1024,38;1024,38
1260 - SECRETARIA DE ESTADO DE EDUCACAO;Outros;***.684.536-**;MARIA JOSE COLOZIO BORGES;8;;1;Serviço;Despesa orçamentária;1;4065;LOCACAO DE IMOVEL COMERCIAL -;1,00 MES;1261;3611;1,0;692,71;692,71
1710 - SECRETARIA DE ESTADO DE COMUNICACAO SOCIAL;Nota fiscal;05.893.556/0001-78;CLX COMUNICACAO E PUBLICIDADE LTDA;744;;1;Serviço;Despesa orçamentária;1;20605;SERVICOS DE PUBLICIDADE;1,00 UNIDADE;1711;3939;1,0;5646,92;5646,92
1400 - CORPO DE BOMBEIROS MILITAR DE MINAS GERAIS;Nota fiscal;34.274.233/0025-71;VIBRA ENERGIA S.A;4971664;0;1;Consumo;Despesa orçamentária;1;14516;"ALCOOL COMBUSTIVEL AUTOMOTIVO -  TIPO:   HIDRATADO;";1,00 LITRO;1401;3026;5000,0;2,9333;14666,88
2100 - INSTITUTO ESTADUAL DE FLORESTAS-IEF;Outros;33.224.254/0001-42;MGS MINAS GERAIS ADMINISTRACAO E SERVICOS S/A;703943;;1;Serviço;Despesa orçamentária;1;66311;VALE-ALIMENTACAO - MGS;1,00 UNIDADE;2101;3705;1,0;3226,11;3226,11
1250 - POLICIA MILITAR DE MINAS GERAIS;Nota fiscal;33.224.254/0001-42;MGS MINAS GERAIS ADMINISTRACAO E SERVICOS S/A;32133;1;1;Serviço;Despesa orçamentária;1;106089;AUXILIAR DE LIMPEZA - 22H, 30H, 36H, 40H OU 44H;CARGA HORARIA 40,00 HORAS POR SEMANA;1251;3703;1,0;4164,46;4164,46
1250 - POLICIA MILITAR DE MINAS GERAIS;Nota fiscal;33.224.254/0001-42;MGS MINAS GERAIS ADMINISTRACAO E SERVICOS S/A;32133;1;1;Serviço;Despesa orçamentária;2;64483;ADICIONAL INSALUBRIDADE 40%;1,00 UNIDADE;1251;3705;1,0;1437,38;1437,38
1450 - SECRETARIA DE ESTADO DE JUSTICA E SEGURANCA PUBLIC;Nota fiscal;08.624.977/0001-91;TERRAVIVA AMBIENTAL LTDA;5555;;1;Serviço;Despesa orçamentária;1;30074;SERVICOS DE COLETA, TRANSPORTE, SELECAO, TRATAMENTO  E DESTINACAO DE RESIDUO LIXO HOSPITALAR E IML;1,00 UNIDADE;1451;3959;1,0;3800,55;3800,55
1260 - SECRETARIA DE ESTADO DE EDUCACAO;Nota fiscal;33.224.254/0001-42;MGS MINAS GERAIS ADMINISTRACAO E SERVICOS S/A;202631903;1;1;Serviço;Despesa orçamentária;1;64459;DIARIA DE VIAGEM;1,00 UNIDADE;1261;3705;1,0;22338,44;22338,44
2270 - FUNDACAO HOSPITALAR DO ESTADO DE MINAS GERAIS;Nota fiscal;20.858.411/0001-20;AMGS COMERCIO E REPRESENTACOES LTDA;649475;2;1;Consumo;Despesa orçamentária;1;587320;"PLACA DE FIXACAO USO MEDICO CIRURGICO -  IDENTIFICACAO:   RECONSTRUCAO DE BACIA, PARA PARAFUSO DE 3,5MM; MATERIA-PRIMA:   ACO INOXIDAVEL;";1,00 UNIDADE;2271;3010;1,0;391,8;391,8
2100 - INSTITUTO ESTADUAL DE FLORESTAS-IEF;Outros;33.224.254/0001-42;MGS MINAS GERAIS ADMINISTRACAO E SERVICOS S/A;703870;1;1;Serviço;Despesa orçamentária;1;66311;VALE-ALIMENTACAO - MGS;1,00 UNIDADE;2101;3705;1,0;4172,52;4172,52
2300 - DEPARTAMENTO DE ESTRADAS DE RODAGEM;Nota fiscal;01.466.431/0001-00;GCT - GERENCIAMENTO E CONTROLE DE TRANSITO S/A;20261799;;1;Serviço;Despesa orçamentária;1;66419;SERVICO DE VIGILANCIA ELETRONICA DE TRANSITO E TRAFEGO E    TRATAMENTO DAS IMAGENS;1,00 UNIDADE;4381;3971;1,0;3086,45;3086,45
2100 - INSTITUTO ESTADUAL DE FLORESTAS-IEF;Outros;33.224.254/0001-42;MGS MINAS GERAIS ADMINISTRACAO E SERVICOS S/A;703942;;1;Serviço;Despesa orçamentária;1;155250;CARTAO CESTA BASICA - MGS;1,00 UNIDADE;2101;3705;1,0;1161,82;1161,82
1260 - SECRETARIA DE ESTADO DE EDUCACAO;Nota fiscal;49.397.537/0001-26;IMPORT TECH COMERCIO IMPORTACAO E EXPORTACAO LTDA;955;1;1;Consumo;Despesa extra orçamentária;1;1983520;"KIT DE MATERIAL ESCOLAR (DISTRIBUICAO GRATUITA) -  COMPONENTES:   1 MOCHILA ESCOLAR; COMPONENTES (2):   1 ESTOJO ESCOLAR;";UNIDADE;1261;3007;53,0;34,0;1802,0
1320 - SECRETARIA DE ESTADO DA SAUDE;Nota fiscal;07.432.517/0001-07;SIMPRESS COMERCIO LOCACAO E SERVICOS LTDA;454609;;1;Serviço;Despesa orçamentária;1;89796;IMPRESSAO/COPIA MONOCROMATICA FORMATO A4 - (OUTSOURCING), PAPEL NAO INCLUSO;1,00 UNIDADE;4291;3919;122553,0;0,0199;2443,82
2270 - FUNDACAO HOSPITALAR DO ESTADO DE MINAS GERAIS;Nota fiscal;20.947.386/0001-50;LAPLACE MAQUINAS E EQUIPAMENTOS LTDA - EPP;202647;;1;Serviço;Despesa orçamentária;1;11940;SERVICO DE REPAROS, ADAPTACAO E CONSERVACAO EM   EQUIPAMENTOGERADOR DE ENERGIA;1,00 UNIDADE;2271;3921;1,0;1125,0;1125,0
2100 - INSTITUTO ESTADUAL DE FLORESTAS-IEF;Outros;33.224.254/0001-42;MGS MINAS GERAIS ADMINISTRACAO E SERVICOS S/A;703871;1;1;Serviço;Despesa orçamentária;1;155250;CARTAO CESTA BASICA - MGS;1,00 UNIDADE;2101;3705;1,0;1220,0;1220,0
2270 - FUNDACAO HOSPITALAR DO ESTADO DE MINAS GERAIS;Nota fiscal;20.858.411/0001-20;AMGS COMERCIO E REPRESENTACOES LTDA;645547;2;1;Consumo;Despesa orçamentária;1;26972;"PARAFUSO DE FIXACAO USO MEDICO CIRURGICO -  IDENTIFICACAO:   PARAFUSO DE BLOQUEIO AUTOROSCANTE; MATERIA-PRIMA:   ACO INOXIDAVEL ANTIMAGNETICO; TAMANHO:   14MM A 60MM;";1,00 UNIDADE;2271;3010;6,0;110,48;662,88
2270 - FUNDACAO HOSPITALAR DO ESTADO DE MINAS GERAIS;Nota fiscal;20.858.411/0001-20;AMGS COMERCIO E REPRESENTACOES LTDA;645547;2;1;Consumo;Despesa orçamentária;2;1236229;"PLACA DE FIXACAO USO MEDICO CIRURGICO -  IDENTIFICACAO:   PLACA ANATOMICA PARA TIBIA PROXIMAL LATERAL; MATERIA-PRIMA:   ACO INOXIDAVEL ANTIMAGNETICO;";1,00 UNIDADE;2271;3010;1,0;1435,29;1435,29
2270 - FUNDACAO HOSPITALAR DO ESTADO DE MINAS GERAIS;Nota fiscal;20.858.411/0001-20;AMGS COMERCIO E REPRESENTACOES LTDA;645547;2;1;Consumo;Despesa orçamentária;3;537462;"PARAFUSO DE FIXACAO USO MEDICO CIRURGICO -  IDENTIFICACAO:   ASSOCIAVEIS A PLACA, CORTICAL; MATERIA-PRIMA:   ACO INOXIDAVEL; TAMANHO:   4,5MM DE DIAMETRO;";1,00 UNIDADE;2271;3010;1,0;25,95;25,95
1500 - SECRETARIA DE ESTADO DE PLANEJAMENTO E GESTAO;Outros;22.115.075/0001-50;ADMINISTRACAO E PLANEJAMENTOS IMOBILIARIOS LTDA - EPP;148231979;1;1;Serviço;Despesa orçamentária;1;4065;LOCACAO DE IMOVEL COMERCIAL -;1,00 MES;1501;3920;1,0;7187,61;7187,61
1250 - POLICIA MILITAR DE MINAS GERAIS;Nota fiscal;21.402.368/0001-56;MARILEIA FARIAS AZEVEDO 97611115634 - ME;120;;1;Serviço;Despesa orçamentária;1;2496;SERVICO DE MUDANCA DE SERVIDOR TRANSFERIDO;1,00 UNIDADE;1251;3906;1,0;15900,0;15900,0
2100 - INSTITUTO ESTADUAL DE FLORESTAS-IEF;Nota fiscal;33.224.254/0001-42;MGS MINAS GERAIS ADMINISTRACAO E SERVICOS S/A;202600000030594;;1;Serviço;Despesa orçamentária;1;106348;ORIENTADOR AMBIENTAL  - 44 HORAS  ;CARGA HORARIA 44,00 HORAS POR SEMANA;2101;3704;0,2667;6596,5129;1759,29
2100 - INSTITUTO ESTADUAL DE FLORESTAS-IEF;Nota fiscal;33.224.254/0001-42;MGS MINAS GERAIS ADMINISTRACAO E SERVICOS S/A;202600000030594;;1;Serviço;Despesa orçamentária;2;105678;PORTEIRO (COM SUBSTITUICAO) - 12X36 NOTURNO - 44H;CARGA HORARIA 44,00 HORAS POR SEMANA;2101;3704;1,9334;7716,4425;14918,97
2100 - INSTITUTO ESTADUAL DE FLORESTAS-IEF;Nota fiscal;33.224.254/0001-42;MGS MINAS GERAIS ADMINISTRACAO E SERVICOS S/A;202600000030594;;1;Serviço;Despesa orçamentária;3;106089;AUXILIAR DE LIMPEZA - 22H, 30H, 36H, 40H OU 44H;CARGA HORARIA 44,00 HORAS POR SEMANA;2101;3703;0,9;4528,6666;4075,8
1500 - SECRETARIA DE ESTADO DE PLANEJAMENTO E GESTAO;Outros;02.128.552/0001-05;CLINICA DE MAMOGRAFIA PIRAPORA LTDA ;148232153;1;1;Serviço;Despesa orçamentária;1;4065;LOCACAO DE IMOVEL COMERCIAL -;1,00 MES;1501;3920;1,0;17860,84;17860,84
1260 - SECRETARIA DE ESTADO DE EDUCACAO;Nota fiscal;49.397.537/0001-26;IMPORT TECH COMERCIO IMPORTACAO E EXPORTACAO LTDA;1006;1;1;Consumo;Despesa extra orçamentária;1;1983520;"KIT DE MATERIAL ESCOLAR (DISTRIBUICAO GRATUITA) -  COMPONENTES:   1 MOCHILA ESCOLAR; COMPONENTES (2):   1 ESTOJO ESCOLAR;";UNIDADE;1261;3007;186,0;34,0;6324,0
1250 - POLICIA MILITAR DE MINAS GERAIS;Outros;33.224.254/0001-42;MGS MINAS GERAIS ADMINISTRACAO E SERVICOS S/A;705604;;1;Serviço;Despesa orçamentária;1;66311;VALE-ALIMENTACAO - MGS;1,00 UNIDADE;1251;3705;1,0;522,18;522,18
1500 - SECRETARIA DE ESTADO DE PLANEJAMENTO E GESTAO;Outros;14.856.485/0001-24;ESSENCIAL IMOBILIARIA LTDA -ME;148232272;1;1;Serviço;Despesa orçamentária;1;4065;LOCACAO DE IMOVEL COMERCIAL -;1,00 MES;1501;3920;1,0;833,56;833,56
2270 - FUNDACAO HOSPITALAR DO ESTADO DE MINAS GERAIS;Nota fiscal;20.858.411/0001-20;AMGS COMERCIO E REPRESENTACOES LTDA;649482;2;1;Consumo;Despesa orçamentária;1;587320;"PLACA DE FIXACAO USO MEDICO CIRURGICO -  IDENTIFICACAO:   RECONSTRUCAO DE BACIA, PARA PARAFUSO DE 3,5MM; MATERIA-PRIMA:   ACO INOXIDAVEL;";1,00 UNIDADE;2271;3010;2,0;391,8;783,6
1710 - SECRETARIA DE ESTADO DE COMUNICACAO SOCIAL;Outros;18.351.226/0001-00;ORO COMUNICACAO LTDA.;1295;;1;Serviço;Despesa orçamentária;1;20605;SERVICOS DE PUBLICIDADE;1,00 UNIDADE;1711;3909;1,0;4724,69;4724,69
2260 - FUNDACAO EZEQUIEL DIAS;Nota fiscal;00.645.535/0001-10;2A ENGENHARIA E CONSTRUCOES LTDA;23;;1;Serviço;Despesa orçamentária;1;134961;MANUTENCAO PREVENTIVA,CORRETIVA E PREDITIVA EM SISTEMA E EQUIPAMENTO ELETRICOS, COM FORNECIMENTO DE PECAS E ACESSORIOS ;1,00 UNIDADE;2261;3921;1,0;5978,44;5978,44
2260 - FUNDACAO EZEQUIEL DIAS;Nota fiscal;00.645.535/0001-10;2A ENGENHARIA E CONSTRUCOES LTDA;23;;1;Serviço;Despesa orçamentária;2;130508;MANUTENCAO E REPAROS EM SISTEMAS E EQUIPAMENTOS ELETRICOS;1,00 UNIDADE;2261;3921;1,0;39436,38;39436,38
2260 - FUNDACAO EZEQUIEL DIAS;Nota fiscal;00.645.535/0001-10;2A ENGENHARIA E CONSTRUCOES LTDA;23;;1;Serviço;Despesa orçamentária;3;134961;MANUTENCAO PREVENTIVA,CORRETIVA E PREDITIVA EM SISTEMA E EQUIPAMENTO ELETRICOS, COM FORNECIMENTO DE PECAS E ACESSORIOS ;1,00 UNIDADE;2261;3921;1,0;2989,22;2989,22
2260 - FUNDACAO EZEQUIEL DIAS;Nota fiscal;00.645.535/0001-10;2A ENGENHARIA E CONSTRUCOES LTDA;23;;1;Serviço;Despesa orçamentária;4;130508;MANUTENCAO E REPAROS EM SISTEMAS E EQUIPAMENTOS ELETRICOS;1,00 UNIDADE;2261;3921;1,0;19718,19;19718,19
2260 - FUNDACAO EZEQUIEL DIAS;Nota fiscal;00.645.535/0001-10;2A ENGENHARIA E CONSTRUCOES LTDA;23;;1;Serviço;Despesa orçamentária;5;134961;MANUTENCAO PREVENTIVA,CORRETIVA E PREDITIVA EM SISTEMA E EQUIPAMENTO ELETRICOS, COM FORNECIMENTO DE PECAS E ACESSORIOS ;1,00 UNIDADE;2261;3921;1,0;2989,22;2989,22
2260 - FUNDACAO EZEQUIEL DIAS;Nota fiscal;00.645.535/0001-10;2A ENGENHARIA E CONSTRUCOES LTDA;23;;1;Serviço;Despesa orçamentária;6;130508;MANUTENCAO E REPAROS EM SISTEMAS E EQUIPAMENTOS ELETRICOS;1,00 UNIDADE;2261;3921;1,0;19718,19;19718,19
2260 - FUNDACAO EZEQUIEL DIAS;Nota fiscal;00.645.535/0001-10;2A ENGENHARIA E CONSTRUCOES LTDA;23;;1;Serviço;Despesa orçamentária;7;134961;MANUTENCAO PREVENTIVA,CORRETIVA E PREDITIVA EM SISTEMA E EQUIPAMENTO ELETRICOS, COM FORNECIMENTO DE PECAS E ACESSORIOS ;1,00 UNIDADE;2261;3921;1,0;2989,22;2989,22
2260 - FUNDACAO EZEQUIEL DIAS;Nota fiscal;00.645.535/0001-10;2A ENGENHARIA E CONSTRUCOES LTDA;23;;1;Serviço;Despesa orçamentária;8;130508;MANUTENCAO E REPAROS EM SISTEMAS E EQUIPAMENTOS ELETRICOS;1,00 UNIDADE;2261;3921;1,0;19718,19;19718,19
2260 - FUNDACAO EZEQUIEL DIAS;Nota fiscal;00.645.535/0001-10;2A ENGENHARIA E CONSTRUCOES LTDA;23;;1;Serviço;Despesa orçamentária;9;134961;MANUTENCAO PREVENTIVA,CORRETIVA E PREDITIVA EM SISTEMA E EQUIPAMENTO ELETRICOS, COM FORNECIMENTO DE PECAS E ACESSORIOS ;1,00 UNIDADE;2261;3921;1,0;7473,06;7473,06
2260 - FUNDACAO EZEQUIEL DIAS;Nota fiscal;00.645.535/0001-10;2A ENGENHARIA E CONSTRUCOES LTDA;23;;1;Serviço;Despesa orçamentária;10;130508;MANUTENCAO E REPAROS EM SISTEMAS E EQUIPAMENTOS ELETRICOS;1,00 UNIDADE;2261;3921;1,0;49295,48;49295,48
2260 - FUNDACAO EZEQUIEL DIAS;Nota fiscal;00.645.535/0001-10;2A ENGENHARIA E CONSTRUCOES LTDA;23;;1;Serviço;Despesa orçamentária;11;134961;MANUTENCAO PREVENTIVA,CORRETIVA E PREDITIVA EM SISTEMA E EQUIPAMENTO ELETRICOS, COM FORNECIMENTO DE PECAS E ACESSORIOS ;1,00 UNIDADE;2261;3921;1,0;7473,06;7473,06
2260 - FUNDACAO EZEQUIEL DIAS;Nota fiscal;00.645.535/0001-10;2A ENGENHARIA E CONSTRUCOES LTDA;23;;1;Serviço;Despesa orçamentária;12;130508;MANUTENCAO E REPAROS EM SISTEMAS E EQUIPAMENTOS ELETRICOS;1,00 UNIDADE;2261;3921;1,0;49295,48;49295,48
1260 - SECRETARIA DE ESTADO DE EDUCACAO;Nota fiscal;33.224.254/0001-42;MGS MINAS GERAIS ADMINISTRACAO E SERVICOS S/A;32266;1;1;Serviço;Despesa orçamentária;1;64459;DIARIA DE VIAGEM;1,00 UNIDADE;1261;3705;1,0;7597,25;7597,25
1500 - SECRETARIA DE ESTADO DE PLANEJAMENTO E GESTAO;Outros;14.856.485/0001-24;ESSENCIAL IMOBILIARIA LTDA -ME;148232378;1;1;Serviço;Despesa orçamentária;1;4065;LOCACAO DE IMOVEL COMERCIAL -;1,00 MES;1501;3920;1,0;745,43;745,43
2160 - FUNDACAO EDUCACIONAL CAIO MARTINS;Nota fiscal;33.224.254/0001-42;MGS MINAS GERAIS ADMINISTRACAO E SERVICOS S/A;202630830;;1;Serviço;Despesa orçamentária;1;63339;SUPORTE ADMINISTRATIVO - 30H, 36H, 40H OU 44H;CARGA HORARIA 40,00 HORAS POR SEMANA;2161;3704;1,0;6395,86;6395,86
2270 - FUNDACAO HOSPITALAR DO ESTADO DE MINAS GERAIS;Outros;33.224.254/0001-42;MGS MINAS GERAIS ADMINISTRACAO E SERVICOS S/A;705759;;1;Serviço;Despesa orçamentária;1;66290;ACERTOS RETROATIVOS;1,00 UNIDADE;2271;3705;1,0;6,87;6,87
1500 - SECRETARIA DE ESTADO DE PLANEJAMENTO E GESTAO;Outros;14.713.220/0001-77;A & L IMOBILIARIA INVEST LTDA. - ME;148232510;1;1;Serviço;Despesa orçamentária;1;4065;LOCACAO DE IMOVEL COMERCIAL -;1,00 MES;1501;3920;1,0;1444,33;1444,33
1260 - SECRETARIA DE ESTADO DE EDUCACAO;Nota fiscal;49.397.537/0001-26;IMPORT TECH COMERCIO IMPORTACAO E EXPORTACAO LTDA;952;1;1;Consumo;Despesa extra orçamentária;1;1983520;"KIT DE MATERIAL ESCOLAR (DISTRIBUICAO GRATUITA) -  COMPONENTES:   1 MOCHILA ESCOLAR; COMPONENTES (2):   1 ESTOJO ESCOLAR;";UNIDADE;1261;3007;147,0;34,0;4998,0
1400 - CORPO DE BOMBEIROS MILITAR DE MINAS GERAIS;Nota fiscal;14.409.020/0001-25;WELBERTON HELTON DE OLIVEIRA LTDA;22183;1;1;Serviço;Despesa orçamentária;1;25607;MANUTENCAO E REPARO EM VEICULOS PESADOS;HORA;1401;3918;1,9855;148,5016;294,85
1500 - SECRETARIA DE ESTADO DE PLANEJAMENTO E GESTAO;Outros;***.994.586-**;RENAUD RODRIGUES DO CARMO FILHO;148232662;1;1;Serviço;Despesa orçamentária;1;4065;LOCACAO DE IMOVEL COMERCIAL -;1,00 MES;1501;3611;1,0;813,36;813,36
2120 - INST.PREV.DOS SERV.MILITARES DO ESTADO M.GERAIS;Nota fiscal;12.163.266/0001-34;MEDICAL SAVE LOCACAO DE AMBULANCIAS LTDA;1770;;1;Serviço;Despesa orçamentária;1;60380;TRANSPORTE DE PACIENTE EM AMBULANCIA TIPO D, UTI MOVEL;1,00 QUILOMETRO;2121;3305;1,0;2477,48;2477,48
2270 - FUNDACAO HOSPITALAR DO ESTADO DE MINAS GERAIS;Nota fiscal;27.187.758/0001-37;BML HOSPITALAR LTDA;32156;1;1;Consumo;Despesa orçamentária;1;1647679;"SISTEMA PARA FIXACAO -  TIPO:   BLOQUEADOR; IDENTIFICACAO:   DISPOSITIVO PEDICULAR PARA FIXACAO DE HASTE; MATERIA-PRIMA:   LIGA DE TITANIO;";1,00 UNIDADE;2271;3010;7,0;500,0;3500,0
2270 - FUNDACAO HOSPITALAR DO ESTADO DE MINAS GERAIS;Nota fiscal;27.187.758/0001-37;BML HOSPITALAR LTDA;32156;1;1;Consumo;Despesa orçamentária;2;5871093;"HASTES DE FIXACAO USO MEDICO CIRURGICO -  IDENTIFICACAO:   PARA ASSOCIACAO COM PARAFUSOS; MATERIA-PRIMA:   TITANIO;";1,00 UNIDADE;2271;3010;2,0;461,32;922,64
1250 - POLICIA MILITAR DE MINAS GERAIS;Outros;33.224.254/0001-42;MGS MINAS GERAIS ADMINISTRACAO E SERVICOS S/A;705605;;1;Serviço;Despesa orçamentária;1;155250;CARTAO CESTA BASICA - MGS;1,00 UNIDADE;1251;3705;1,0;181,82;181,82
1250 - POLICIA MILITAR DE MINAS GERAIS;Nota fiscal;21.402.368/0001-56;MARILEIA FARIAS AZEVEDO 97611115634 - ME;121;;1;Serviço;Despesa orçamentária;1;2496;SERVICO DE MUDANCA DE SERVIDOR TRANSFERIDO;1,00 UNIDADE;1251;3906;1,0;11250,0;11250,0
1500 - SECRETARIA DE ESTADO DE PLANEJAMENTO E GESTAO;Outros;***.998.056-**;Zeni Carvalho de Oliveira e Silva;148232745;1;1;Serviço;Despesa orçamentária;1;4065;LOCACAO DE IMOVEL COMERCIAL -;1,00 MES;1501;3611;1,0;2037,13;2037,13
1260 - SECRETARIA DE ESTADO DE EDUCACAO;Nota fiscal;33.224.254/0001-42;MGS MINAS GERAIS ADMINISTRACAO E SERVICOS S/A;202631761;1;1;Serviço;Despesa orçamentária;1;155250;CARTAO CESTA BASICA - MGS;1,00 UNIDADE;1261;3705;1,0;1575,7;1575,7
1500 - SECRETARIA DE ESTADO DE PLANEJAMENTO E GESTAO;Outros;***.339.856-**;MICHELLE FERREIRA DA SILVA;148232891;1;1;Serviço;Despesa orçamentária;1;4065;LOCACAO DE IMOVEL COMERCIAL -;1,00 MES;1501;3611;1,0;3559,84;3559,84
1500 - SECRETARIA DE ESTADO DE PLANEJAMENTO E GESTAO;Outros;51.689.072/0001-29;J. EUDES PATRIMONIAL LTDA;148232988;1;1;Serviço;Despesa orçamentária;1;4065;LOCACAO DE IMOVEL COMERCIAL -;1,00 MES;1501;3920;1,0;2914,89;2914,89
2100 - INSTITUTO ESTADUAL DE FLORESTAS-IEF;Nota fiscal;33.224.254/0001-42;MGS MINAS GERAIS ADMINISTRACAO E SERVICOS S/A;202600000030260;1;1;Serviço;Despesa orçamentária;1;105678;PORTEIRO (COM SUBSTITUICAO) - 12X36 NOTURNO - 44H;CARGA HORARIA 44,00 HORAS POR SEMANA;2101;3704;2,0;7716,71;15433,42
2100 - INSTITUTO ESTADUAL DE FLORESTAS-IEF;Nota fiscal;33.224.254/0001-42;MGS MINAS GERAIS ADMINISTRACAO E SERVICOS S/A;202600000030260;1;1;Serviço;Despesa orçamentária;2;95109;AGENTE DE SERVICO DE PARQUE HABILITADO - 44H;CARGA HORARIA 44,00 HORAS POR SEMANA;2101;3704;1,8;5526,2611;9947,27
1260 - SECRETARIA DE ESTADO DE EDUCACAO;Nota fiscal;49.397.537/0001-26;IMPORT TECH COMERCIO IMPORTACAO E EXPORTACAO LTDA;975;1;1;Consumo;Despesa extra orçamentária;1;1983520;"KIT DE MATERIAL ESCOLAR (DISTRIBUICAO GRATUITA) -  COMPONENTES:   1 MOCHILA ESCOLAR; COMPONENTES (2):   1 ESTOJO ESCOLAR;";UNIDADE;1261;3007;724,0;34,0;24616,0
1500 - SECRETARIA DE ESTADO DE PLANEJAMENTO E GESTAO;Outros;***.554.326-**;FAUSTO PERIN MONTE ALTO;148233092;1;1;Serviço;Despesa orçamentária;1;4065;LOCACAO DE IMOVEL COMERCIAL -;1,00 MES;1501;3611;1,0;9675,09;9675,09
1500 - SECRETARIA DE ESTADO DE PLANEJAMENTO E GESTAO;Outros;***.456.546-**;MARIA AUXILIADORA PAULINO;148233195;1;1;Serviço;Despesa orçamentária;1;4065;LOCACAO DE IMOVEL COMERCIAL -;1,00 MES;1501;3611;1,0;868,45;868,45
1500 - SECRETARIA DE ESTADO DE PLANEJAMENTO E GESTAO;Outros;00.083.545/0001-09;LOURO JUSTO PARMA;148233369;1;1;Serviço;Despesa orçamentária;1;4065;LOCACAO DE IMOVEL COMERCIAL -;1,00 MES;1501;3920;1,0;3906,0;3906,0
1320 - SECRETARIA DE ESTADO DA SAUDE;Nota fiscal;07.432.517/0001-07;SIMPRESS COMERCIO LOCACAO E SERVICOS LTDA;454606;;1;Serviço;Despesa orçamentária;1;97292;LOCACAO DE IMPRESSORA MULTIFUNCIOAL MONOCROMATICA 38 PPM (OUTSOURCING ), PAPEL NAO INCLUSO;1,00 UNIDADE;4291;3919;19,0;118,07;2243,33
1320 - SECRETARIA DE ESTADO DA SAUDE;Nota fiscal;07.432.517/0001-07;SIMPRESS COMERCIO LOCACAO E SERVICOS LTDA;454606;;1;Serviço;Despesa orçamentária;2;127680;LOCACAO DE IMPRESSORA COLORIDA 22 PPM (OUTSOURCING), PAPEL NAO INCLUSO;1,00 UNIDADE;4291;3919;1,0;118,07;118,07
1250 - POLICIA MILITAR DE MINAS GERAIS;Nota fiscal;33.224.254/0001-42;MGS MINAS GERAIS ADMINISTRACAO E SERVICOS S/A;32137;;1;Serviço;Despesa orçamentária;1;64483;ADICIONAL INSALUBRIDADE 40%;1,00 UNIDADE;1251;3705;1,0;1470,91;1470,91
1250 - POLICIA MILITAR DE MINAS GERAIS;Nota fiscal;33.224.254/0001-42;MGS MINAS GERAIS ADMINISTRACAO E SERVICOS S/A;32137;;1;Serviço;Despesa orçamentária;2;106089;AUXILIAR DE LIMPEZA - 22H, 30H, 36H, 40H OU 44H;CARGA HORARIA 40,00 HORAS POR SEMANA;1251;3703;1,0;4261,59;4261,59
1260 - SECRETARIA DE ESTADO DE EDUCACAO;Outros;***.070.758-**;JOSE LAZARO NEGRAO;8;;1;Serviço;Despesa orçamentária;1;4065;LOCACAO DE IMOVEL COMERCIAL -;1,00 MES;1261;3611;1,0;1182,79;1182,79
1450 - SECRETARIA DE ESTADO DE JUSTICA E SEGURANCA PUBLIC;Outros;31.401.798/0001-07;DENTAL BH BRASIL COMERCIO DE PRODUTOS ODONTO-MEDICO-HOSPITALAR LTDA;13357;;1;Consumo;Despesa orçamentária;1;1697668;"CIMENTO USO ODONTOLOGICO  TONALIDADE:   A2; CLASSIFICACAO:   TIPO 1: CIMENTACAO; TIPO DE POLIMERIZACAO:   DUAL (FOTO E AUTOPOLIMERIZAVEL); COMPOSICAO:   RESINOSO RADIOPACO; APRESENTACAO:   KIT (BASE + CATALISADOR);";KIT;4691;3011;25,0;314,9;7872,5
2120 - INST.PREV.DOS SERV.MILITARES DO ESTADO M.GERAIS;Nota fiscal;12.163.266/0001-34;MEDICAL SAVE LOCACAO DE AMBULANCIAS LTDA;1771;NF;1;Serviço;Despesa orçamentária;1;60380;TRANSPORTE DE PACIENTE EM AMBULANCIA TIPO D, UTI MOVEL;1,00 QUILOMETRO;2121;3305;1,0;2321,47;2321,47
1260 - SECRETARIA DE ESTADO DE EDUCACAO;Nota fiscal;49.397.537/0001-26;IMPORT TECH COMERCIO IMPORTACAO E EXPORTACAO LTDA;997;1;1;Consumo;Despesa extra orçamentária;1;1983520;"KIT DE MATERIAL ESCOLAR (DISTRIBUICAO GRATUITA) -  COMPONENTES:   1 MOCHILA ESCOLAR; COMPONENTES (2):   1 ESTOJO ESCOLAR;";UNIDADE;1261;3007;825,0;34,0;28050,0
1260 - SECRETARIA DE ESTADO DE EDUCACAO;Nota fiscal;58.343.329/0001-35;58.343.329 POLIANA FONSECA BRAZ;8;1;1;Consumo;Despesa orçamentária;1;791857;"GARRAFA TERMICA -  MATERIA-PRIMA:   CORPO EXTERNO EM ACO INOX; CAPACIDADE DA AMPOLA:   1000ML; FECHAMENTO:   PRESSAO; ALCA:   COM ALCA MOVEL EM POLIPROPILENO;";1,00 UNIDADE;1261;3003;10,0;74,9;749,0
1540 - ESCOLA DE SAUDE PUBLICA DE MINAS GERAIS;Nota fiscal;11.502.786/0001-61;ORGANOTRAT CONTROLE DE VETORES E PRAGAS URBANAS LTDA;2026241;;1;Serviço;Despesa orçamentária;1;93130;SERVICOS DE DESINSETIZACAO E DESRATIZACAO;1,00 ANO;1541;3961;1,0;348,14;348,14
2270 - FUNDACAO HOSPITALAR DO ESTADO DE MINAS GERAIS;Nota fiscal;27.187.758/0001-37;BML HOSPITALAR LTDA;32288;1;1;Consumo;Despesa orçamentária;1;5871093;"HASTES DE FIXACAO USO MEDICO CIRURGICO -  IDENTIFICACAO:   PARA ASSOCIACAO COM PARAFUSOS; MATERIA-PRIMA:   TITANIO;";1,00 UNIDADE;2271;3010;2,0;461,32;922,64
2270 - FUNDACAO HOSPITALAR DO ESTADO DE MINAS GERAIS;Nota fiscal;27.187.758/0001-37;BML HOSPITALAR LTDA;32288;1;1;Consumo;Despesa orçamentária;2;1647679;"SISTEMA PARA FIXACAO -  TIPO:   BLOQUEADOR; IDENTIFICACAO:   DISPOSITIVO PEDICULAR PARA FIXACAO DE HASTE; MATERIA-PRIMA:   LIGA DE TITANIO;";1,00 UNIDADE;2271;3010;8,0;500,0;4000,0
2270 - FUNDACAO HOSPITALAR DO ESTADO DE MINAS GERAIS;Nota fiscal;27.187.758/0001-37;BML HOSPITALAR LTDA;32288;1;1;Consumo;Despesa orçamentária;3;137111;"SISTEMA PARA FIXACAO -  TIPO:   TRANSVERSAL; IDENTIFICACAO:   DTT/CROSS-LINK, COMPOSTO DE HASTE E GANCHO; MATERIA-PRIMA:   TITANIO;";1,00 UNIDADE;2271;3010;1,0;781,26;781,26
1270 - SECRETARIA DE ESTADO DE CULTURA E TURISMO;Nota fiscal;33.224.254/0001-42;MGS MINAS GERAIS ADMINISTRACAO E SERVICOS S/A;31539;AB;1;Serviço;Despesa orçamentária;1;64262;ELETRICISTA (PERICULOSIDADE) - 40H OU 44H;CARGA HORARIA 44,00 HORAS POR SEMANA;1271;3704;1,0;8396,44;8396,44
1270 - SECRETARIA DE ESTADO DE CULTURA E TURISMO;Nota fiscal;33.224.254/0001-42;MGS MINAS GERAIS ADMINISTRACAO E SERVICOS S/A;31539;AB;1;Serviço;Despesa orçamentária;2;105554;ENCARREGADO  - 30H, 36H, 40H OU 44H;CARGA HORARIA 40,00 HORAS POR SEMANA;1271;3704;1,0;6421,66;6421,66
1270 - SECRETARIA DE ESTADO DE CULTURA E TURISMO;Nota fiscal;33.224.254/0001-42;MGS MINAS GERAIS ADMINISTRACAO E SERVICOS S/A;31539;AB;1;Serviço;Despesa orçamentária;3;63410;MOTORISTA DE ONIBUS - 44H;CARGA HORARIA 44,00 HORAS POR SEMANA;1271;3704;1,0;8834,81;8834,81
1270 - SECRETARIA DE ESTADO DE CULTURA E TURISMO;Nota fiscal;33.224.254/0001-42;MGS MINAS GERAIS ADMINISTRACAO E SERVICOS S/A;31539;AB;1;Serviço;Despesa orçamentária;4;63363;MOTORISTA DE VEICULO DE SERVICO - 44H;CARGA HORARIA 44,00 HORAS POR SEMANA;1271;3704;0,2667;6631,3835;1768,59
1270 - SECRETARIA DE ESTADO DE CULTURA E TURISMO;Nota fiscal;33.224.254/0001-42;MGS MINAS GERAIS ADMINISTRACAO E SERVICOS S/A;31539;AB;1;Serviço;Despesa orçamentária;5;105660;PORTEIRO (COM SUBSTITUICAO) - 12X36 DIURNO - 44H;CARGA HORARIA 44,00 HORAS POR SEMANA;1271;3704;19,7669;6466,3447;127819,59
1270 - SECRETARIA DE ESTADO DE CULTURA E TURISMO;Nota fiscal;33.224.254/0001-42;MGS MINAS GERAIS ADMINISTRACAO E SERVICOS S/A;31539;AB;1;Serviço;Despesa orçamentária;6;105678;PORTEIRO (COM SUBSTITUICAO) - 12X36 NOTURNO - 44H;CARGA HORARIA 44,00 HORAS POR SEMANA;1271;3704;17,2337;7896,5213;136086,28
1270 - SECRETARIA DE ESTADO DE CULTURA E TURISMO;Nota fiscal;33.224.254/0001-42;MGS MINAS GERAIS ADMINISTRACAO E SERVICOS S/A;31539;AB;1;Serviço;Despesa orçamentária;7;105651;PORTEIRO (COM SUBSTITUICA) - 30H, 36H, 40H OU 44H;CARGA HORARIA 40,00 HORAS POR SEMANA;1271;3704;2,0;5365,52;10731,04
1270 - SECRETARIA DE ESTADO DE CULTURA E TURISMO;Nota fiscal;33.224.254/0001-42;MGS MINAS GERAIS ADMINISTRACAO E SERVICOS S/A;31539;AB;1;Serviço;Despesa orçamentária;8;105651;PORTEIRO (COM SUBSTITUICA) - 30H, 36H, 40H OU 44H;CARGA HORARIA 44,00 HORAS POR SEMANA;1271;3704;0,5334;5861,9422;3126,76
1270 - SECRETARIA DE ESTADO DE CULTURA E TURISMO;Nota fiscal;33.224.254/0001-42;MGS MINAS GERAIS ADMINISTRACAO E SERVICOS S/A;31539;AB;1;Serviço;Despesa orçamentária;9;63584;RECEPCIONISTA - 30H, 36H, 40H OU 44H;CARGA HORARIA 44,00 HORAS POR SEMANA;1271;3704;1,0;7873,12;7873,12
1270 - SECRETARIA DE ESTADO DE CULTURA E TURISMO;Nota fiscal;33.224.254/0001-42;MGS MINAS GERAIS ADMINISTRACAO E SERVICOS S/A;31539;AB;1;Serviço;Despesa orçamentária;10;63584;RECEPCIONISTA - 30H, 36H, 40H OU 44H;CARGA HORARIA 40,00 HORAS POR SEMANA;1271;3704;2,0;7197,0;14394,0
1270 - SECRETARIA DE ESTADO DE CULTURA E TURISMO;Nota fiscal;33.224.254/0001-42;MGS MINAS GERAIS ADMINISTRACAO E SERVICOS S/A;31539;AB;1;Serviço;Despesa orçamentária;11;106194;COPEIRO - 30H, 40H OU 44H;CARGA HORARIA 44,00 HORAS POR SEMANA;1271;3703;0,8;4707,5625;3766,05
1270 - SECRETARIA DE ESTADO DE CULTURA E TURISMO;Nota fiscal;33.224.254/0001-42;MGS MINAS GERAIS ADMINISTRACAO E SERVICOS S/A;31539;AB;1;Serviço;Despesa orçamentária;12;106194;COPEIRO - 30H, 40H OU 44H;CARGA HORARIA 30,00 HORAS POR SEMANA;1271;3703;1,0;3409,12;3409,12
1270 - SECRETARIA DE ESTADO DE CULTURA E TURISMO;Nota fiscal;33.224.254/0001-42;MGS MINAS GERAIS ADMINISTRACAO E SERVICOS S/A;31539;AB;1;Serviço;Despesa orçamentária;13;106216;JARDINEIRO - 40H OU 44H;CARGA HORARIA 44,00 HORAS POR SEMANA;1271;3703;0,7334;6249,7409;4583,56
1270 - SECRETARIA DE ESTADO DE CULTURA E TURISMO;Nota fiscal;33.224.254/0001-42;MGS MINAS GERAIS ADMINISTRACAO E SERVICOS S/A;31539;AB;1;Serviço;Despesa orçamentária;14;106291;TRABALHADOR DA MANUTENCAO PREDIAL E INSTALACOES - 40H OU 44H;CARGA HORARIA 40,00 HORAS POR SEMANA;1271;3703;1,0;6287,9;6287,9
1270 - SECRETARIA DE ESTADO DE CULTURA E TURISMO;Nota fiscal;33.224.254/0001-42;MGS MINAS GERAIS ADMINISTRACAO E SERVICOS S/A;31539;AB;1;Serviço;Despesa orçamentária;15;106267;TRABALHADOR DA MANUTENCAO  PREDIAL E INSTALACOES (PERICULOSIDADE) - 40H OU 44H;CARGA HORARIA 40,00 HORAS POR SEMANA;1271;3703;1,0;8043,1;8043,1
1710 - SECRETARIA DE ESTADO DE COMUNICACAO SOCIAL;Nota fiscal;24.172.716/0001-34;FLD LTDA;4213;;1;Serviço;Despesa orçamentária;1;20605;SERVICOS DE PUBLICIDADE;1,00 UNIDADE;1711;3909;1,0;54261,72;54261,72
1450 - SECRETARIA DE ESTADO DE JUSTICA E SEGURANCA PUBLIC;Nota fiscal;11.319.926/0001-60;KSM MANUTENCAO DE MAQUINAS E EQUIPAMENTOS LTDA -ME;104;AB;1;Serviço;Despesa orçamentária;1;21580;MANUTENCAO E REPARO EM EQUIPAMENTOS DE LAVANDERIA;1,00 UNIDADE;1451;3921;1,0;3500,0;3500,0
2120 - INST.PREV.DOS SERV.MILITARES DO ESTADO M.GERAIS;Nota fiscal;12.163.266/0001-34;MEDICAL SAVE LOCACAO DE AMBULANCIAS LTDA;1772;NF;1;Serviço;Despesa orçamentária;1;60380;TRANSPORTE DE PACIENTE EM AMBULANCIA TIPO D, UTI MOVEL;1,00 QUILOMETRO;2121;3305;1,0;2477,48;2477,48
2100 - INSTITUTO ESTADUAL DE FLORESTAS-IEF;Outros;33.224.254/0001-42;MGS MINAS GERAIS ADMINISTRACAO E SERVICOS S/A;703402;1;1;Serviço;Despesa orçamentária;1;66311;VALE-ALIMENTACAO - MGS;1,00 UNIDADE;2101;3705;1,0;1937,36;1937,36
1450 - SECRETARIA DE ESTADO DE JUSTICA E SEGURANCA PUBLIC;Nota fiscal;99.999.990/1115-00;HAIX SCHUHE PRODUKTIONS UND VERTRIEBS GMBH;126096798;1;1;Consumo;Despesa extra orçamentária;1;2008890;"BOTA ESPECIAL PARA COMBATE INCENDIO -  NUMERACAO:   CONFORME SOLICITACAO DO ORGAO; MATERIA-PRIMA:   COURO OU PBI; SOLADO E ALCAS:   COM RESISTENCIA TERMICA, ANTIDERRAPANTE, COM ALCAS; PROTECAO:   TERMICA, CONTRA PERFURACAO, CONTRA FLUIDOS;";CAIXA 1,00 PAR;4691;3025;401,0;1544,454;619326,08
2100 - INSTITUTO ESTADUAL DE FLORESTAS-IEF;Outros;33.224.254/0001-42;MGS MINAS GERAIS ADMINISTRACAO E SERVICOS S/A;703970;;1;Serviço;Despesa orçamentária;1;66311;VALE-ALIMENTACAO - MGS;1,00 UNIDADE;2101;3705;1,0;1563,86;1563,86
1400 - CORPO DE BOMBEIROS MILITAR DE MINAS GERAIS;Nota fiscal;08.298.732/0001-11;OLAIR DE JESUS DOS SANTOS;5397;1;1;Serviço;Despesa orçamentária;1;25593;MANUTENCAO E REPARO EM VEICULOS LEVES;HORA;1401;3918;1,0;936,64;936,64
1320 - SECRETARIA DE ESTADO DA SAUDE;Nota fiscal;07.432.517/0001-07;SIMPRESS COMERCIO LOCACAO E SERVICOS LTDA;454654;1;1;Serviço;Despesa orçamentária;1;97292;LOCACAO DE IMPRESSORA MULTIFUNCIOAL MONOCROMATICA 38 PPM (OUTSOURCING ), PAPEL NAO INCLUSO;1,00 UNIDADE;4291;3919;5,0;118,07;590,35
1320 - SECRETARIA DE ESTADO DA SAUDE;Nota fiscal;07.432.517/0001-07;SIMPRESS COMERCIO LOCACAO E SERVICOS LTDA;454654;1;1;Serviço;Despesa orçamentária;2;127680;LOCACAO DE IMPRESSORA COLORIDA 22 PPM (OUTSOURCING), PAPEL NAO INCLUSO;1,00 UNIDADE;4291;3919;1,0;153,0;153,0
1300 - SECRET. DE ESTADO DE INFRAESTRUTURA E MOBILIDADE;Nota fiscal;22.111.570/0001-91;HOUER CONSULTORIA LTDA;662;;1;Serviço;Despesa extra orçamentária;1;151815;CONSULTORIA PARA ELABORACAO DE ESTUDOS E MODELAGENS DE CONCESSOES / PPPS E PARA IMPLANTACAO DO PROJETO SMART-RMBH;1,00 UNIDADE;4331;3502;1,0;201209,0;201209,0
1260 - SECRETARIA DE ESTADO DE EDUCACAO;Nota fiscal;06.788.019/0001-20;LOCAFLEX SERVICOS LTDA;2600000006896;;1;Serviço;Despesa orçamentária;1;22446;SERVICOS DE ORGANIZACAO,EXECUCAO DE EVENTOS E ATIVIDADES CORRELATAS OU INERENTES;1,00 UNIDADE;1261;3955;1,0;43983,94;43983,94
2100 - INSTITUTO ESTADUAL DE FLORESTAS-IEF;Outros;33.224.254/0001-42;MGS MINAS GERAIS ADMINISTRACAO E SERVICOS S/A;703968;;1;Serviço;Despesa orçamentária;1;155250;CARTAO CESTA BASICA - MGS;1,00 UNIDADE;2101;3705;1,0;426,67;426,67
1250 - POLICIA MILITAR DE MINAS GERAIS;Outros;33.224.254/0001-42;MGS MINAS GERAIS ADMINISTRACAO E SERVICOS S/A;705606;;1;Serviço;Despesa orçamentária;1;66311;VALE-ALIMENTACAO - MGS;1,00 UNIDADE;1251;3705;1,0;522,18;522,18
2120 - INST.PREV.DOS SERV.MILITARES DO ESTADO M.GERAIS;Nota fiscal;12.163.266/0001-34;MEDICAL SAVE LOCACAO DE AMBULANCIAS LTDA;1773;NF;1;Serviço;Despesa orçamentária;1;60380;TRANSPORTE DE PACIENTE EM AMBULANCIA TIPO D, UTI MOVEL;1,00 QUILOMETRO;2121;3305;1,0;2477,48;2477,48
1500 - SECRETARIA DE ESTADO DE PLANEJAMENTO E GESTAO;Nota fiscal;16.636.540/0001-04;COMPANHIA DE TECNOLOGIA DA INFORMACAO DO ESTADO DE MINAS GERAIS-PRODEMGE;2177;10;1;Serviço;Despesa extra orçamentária;1;34380;HOSPEDAGEM DE SISTEMAS EM MAINFRAME;1,00 UNIDADE;1501;4003;1,0;1020199,15;1020199,15
1510 - POLICIA CIVIL DO ESTADO DE MINAS GERAIS;Nota fiscal;24.310.413/0001-30;PLASLOC PLACAS E TARJETAS LTDA;9571;5;1;Serviço;Despesa orçamentária;1;68977;SERVICO DE ESTAMPAGEM DE PLACA VEICULAR (EXCETO MOTOCICLETA), PADRAO MERCOSUL, INCLUINDO O FORNECIMENTO DA PLACA.;1,00 UNIDADE;1511;3904;1,0;260,0;260,0
2100 - INSTITUTO ESTADUAL DE FLORESTAS-IEF;Outros;33.224.254/0001-42;MGS MINAS GERAIS ADMINISTRACAO E SERVICOS S/A;703403;1;1;Serviço;Despesa orçamentária;1;155250;CARTAO CESTA BASICA - MGS;1,00 UNIDADE;2101;3705;1,0;660,0;660,0
2270 - FUNDACAO HOSPITALAR DO ESTADO DE MINAS GERAIS;Nota fiscal;31.673.254/0010-95;LABORATORIOS B BRAUN SA;1110596;;1;Consumo;Despesa orçamentária;1;1632531;"CLORETO DE SODIO  PRINCIPIO ATIVO:   CLORETO DE SODIO; CONCENTRACAO/DOSAGEM:   0,9%; FORMA FARMACEUTICA:   SOLUCAO INJETAVEL; APRESENTACAO:   BOLSA OU FRASCO 500 ML SISTEMA FECHADO; COMPONENTE:   INJETOR LATERAL;";EMBALAGEM;2271;3012;1000,0;3,15;3150,0
1250 - POLICIA MILITAR DE MINAS GERAIS;Outros;33.224.254/0001-42;MGS MINAS GERAIS ADMINISTRACAO E SERVICOS S/A;705607;;1;Serviço;Despesa orçamentária;1;155250;CARTAO CESTA BASICA - MGS;1,00 UNIDADE;1251;3705;1,0;181,82;181,82
2270 - FUNDACAO HOSPITALAR DO ESTADO DE MINAS GERAIS;Nota fiscal;20.858.411/0001-20;AMGS COMERCIO E REPRESENTACOES LTDA;645534;2;1;Consumo;Despesa orçamentária;1;237167;"PLACA DE COMPRESSAO DINAMICA-  ESPESSURA:   4,5MM ESTREITA; MATERIA PRIMA:   ACO_INOXIDAVEL;";1,00 UNIDADE;2271;3010;1,0;338,97;338,97
1400 - CORPO DE BOMBEIROS MILITAR DE MINAS GERAIS;Nota fiscal;08.298.732/0001-11;OLAIR DE JESUS DOS SANTOS;3151;;1;Serviço;Despesa orçamentária;1;25593;MANUTENCAO E REPARO EM VEICULOS LEVES;HORA;1401;3918;1,0;139,39;139,39
1510 - POLICIA CIVIL DO ESTADO DE MINAS GERAIS;Nota fiscal;24.310.413/0001-30;PLASLOC PLACAS E TARJETAS LTDA;9650;5;1;Serviço;Despesa orçamentária;1;68977;SERVICO DE ESTAMPAGEM DE PLACA VEICULAR (EXCETO MOTOCICLETA), PADRAO MERCOSUL, INCLUINDO O FORNECIMENTO DA PLACA.;1,00 UNIDADE;1511;3904;2,0;260,0;520,0
2010 - INST.DE PREVIDENCIA DOS SERVIDORES DO EST.M.GERAIS;Outros;33.224.254/0001-42;MGS MINAS GERAIS ADMINISTRACAO E SERVICOS S/A;705694;;1;Serviço;Despesa orçamentária;1;66311;VALE-ALIMENTACAO - MGS;1,00 UNIDADE;2011;3705;1,0;3628,64;3628,64
1400 - CORPO DE BOMBEIROS MILITAR DE MINAS GERAIS;Nota fiscal;14.409.020/0001-25;WELBERTON HELTON DE OLIVEIRA LTDA;22184;1;1;Serviço;Despesa orçamentária;1;25607;MANUTENCAO E REPARO EM VEICULOS PESADOS;HORA;1401;3918;2,1255;148,5015;315,64
2120 - INST.PREV.DOS SERV.MILITARES DO ESTADO M.GERAIS;Nota fiscal;12.163.266/0001-34;MEDICAL SAVE LOCACAO DE AMBULANCIAS LTDA;1774;;1;Serviço;Despesa orçamentária;1;60380;TRANSPORTE DE PACIENTE EM AMBULANCIA TIPO D, UTI MOVEL;1,00 QUILOMETRO;2121;3305;1,0;2383,87;2383,87
2270 - FUNDACAO HOSPITALAR DO ESTADO DE MINAS GERAIS;Nota fiscal;41.721.051/0001-90;TRAUMINAS DISTRIBUIDORA DE MATERIAIS CIRURGICOS HOSPITALARES LTDA;1522565;1;1;Consumo;Despesa orçamentária;1;1598864;"PROTESE -  IDENTIFICACAO:   PROTESE REVERSA DE OMBRO; MATERIA-PRIMA:   TITANIO, ACO INOX,POLIETILENO ULTRA ALTA DENSIDADE;";UNIDADE;2271;3010;1,0;33688,1;33688,1
2270 - FUNDACAO HOSPITALAR DO ESTADO DE MINAS GERAIS;Nota fiscal;20.858.411/0001-20;AMGS COMERCIO E REPRESENTACOES LTDA;645549;2;1;Consumo;Despesa orçamentária;1;237167;"PLACA DE COMPRESSAO DINAMICA-  ESPESSURA:   4,5MM ESTREITA; MATERIA PRIMA:   ACO_INOXIDAVEL;";1,00 UNIDADE;2271;3010;1,0;338,97;338,97
1260 - SECRETARIA DE ESTADO DE EDUCACAO;Outros;16.588.268/0001-26;CENTRO TECNICO DE EDUCACAO PROFISSIONAL DE ALEM PARAIBA LTDA - ME;82026;B;1;Serviço;Despesa orçamentária;1;109460;CURSO TECNICO PROFISSIONALIZANTE  EM ATENDIMENTO AO PROGRAMA TRILHAS DE FUTURO ;UNIDADE;1261;3949;9,0;3462,2222;31160,0
1260 - SECRETARIA DE ESTADO DE EDUCACAO;Outros;***.684.536-**;MARIA JOSE COLOZIO BORGES;8;1;1;Serviço;Despesa orçamentária;1;4065;LOCACAO DE IMOVEL COMERCIAL -;1,00 MES;1261;3611;1,0;692,71;692,71
1400 - CORPO DE BOMBEIROS MILITAR DE MINAS GERAIS;Nota fiscal;08.298.732/0001-11;OLAIR DE JESUS DOS SANTOS;5402;1;1;Serviço;Despesa orçamentária;1;25593;MANUTENCAO E REPARO EM VEICULOS LEVES;HORA;1401;3918;1,0;288,0;288,0
2270 - FUNDACAO HOSPITALAR DO ESTADO DE MINAS GERAIS;Nota fiscal;31.673.254/0010-95;LABORATORIOS B BRAUN SA;1110606;;1;Consumo;Despesa orçamentária;1;1632531;"CLORETO DE SODIO  PRINCIPIO ATIVO:   CLORETO DE SODIO; CONCENTRACAO/DOSAGEM:   0,9%; FORMA FARMACEUTICA:   SOLUCAO INJETAVEL; APRESENTACAO:   BOLSA OU FRASCO 500 ML SISTEMA FECHADO; COMPONENTE:   INJETOR LATERAL;";EMBALAGEM;2271;3012;1000,0;3,15;3150,0
1250 - POLICIA MILITAR DE MINAS GERAIS;Nota fiscal;33.224.254/0001-42;MGS MINAS GERAIS ADMINISTRACAO E SERVICOS S/A;32203;1;1;Serviço;Despesa orçamentária;1;106089;AUXILIAR DE LIMPEZA - 22H, 30H, 36H, 40H OU 44H;CARGA HORARIA 44,00 HORAS POR SEMANA;1251;3703;1,0;4634,3;4634,3
1250 - POLICIA MILITAR DE MINAS GERAIS;Nota fiscal;33.224.254/0001-42;MGS MINAS GERAIS ADMINISTRACAO E SERVICOS S/A;32203;1;1;Serviço;Despesa orçamentária;2;64483;ADICIONAL INSALUBRIDADE 40%;1,00 UNIDADE;1251;3705;1,0;6706,82;6706,82
2300 - DEPARTAMENTO DE ESTRADAS DE RODAGEM;Nota fiscal;01.466.431/0001-00;GCT - GERENCIAMENTO E CONTROLE DE TRANSITO S/A;20261800;;1;Serviço;Despesa orçamentária;1;66419;SERVICO DE VIGILANCIA ELETRONICA DE TRANSITO E TRAFEGO E    TRATAMENTO DAS IMAGENS;1,00 UNIDADE;4381;3971;1,0;22108,18;22108,18
1510 - POLICIA CIVIL DO ESTADO DE MINAS GERAIS;Nota fiscal;24.310.413/0001-30;PLASLOC PLACAS E TARJETAS LTDA;9701;5;1;Serviço;Despesa orçamentária;1;68977;SERVICO DE ESTAMPAGEM DE PLACA VEICULAR (EXCETO MOTOCICLETA), PADRAO MERCOSUL, INCLUINDO O FORNECIMENTO DA PLACA.;1,00 UNIDADE;1511;3904;1,0;260,0;260,0
2270 - FUNDACAO HOSPITALAR DO ESTADO DE MINAS GERAIS;Nota fiscal;33.224.254/0001-42;MGS MINAS GERAIS ADMINISTRACAO E SERVICOS S/A;32085;1;1;Serviço;Despesa orçamentária;1;66290;ACERTOS RETROATIVOS;1,00 UNIDADE;2271;3705;1,0;132,98;132,98
2100 - INSTITUTO ESTADUAL DE FLORESTAS-IEF;Nota fiscal;33.224.254/0001-42;MGS MINAS GERAIS ADMINISTRACAO E SERVICOS S/A;202600000030604;;1;Serviço;Despesa orçamentária;1;95109;AGENTE DE SERVICO DE PARQUE HABILITADO - 44H;CARGA HORARIA 44,00 HORAS POR SEMANA;2101;3704;4,0001;5526,1218;22105,04
2100 - INSTITUTO ESTADUAL DE FLORESTAS-IEF;Nota fiscal;33.224.254/0001-42;MGS MINAS GERAIS ADMINISTRACAO E SERVICOS S/A;202600000030604;;1;Serviço;Despesa orçamentária;2;95117;AGENTE DE SERVICO DE PARQUE HABILITADO - (PERICULOSIDADE) - 44H;CARGA HORARIA 44,00 HORAS POR SEMANA;2101;3704;1,0;6952,1;6952,1
2100 - INSTITUTO ESTADUAL DE FLORESTAS-IEF;Nota fiscal;33.224.254/0001-42;MGS MINAS GERAIS ADMINISTRACAO E SERVICOS S/A;202600000030604;;1;Serviço;Despesa orçamentária;3;106348;ORIENTADOR AMBIENTAL  - 44 HORAS  ;CARGA HORARIA 44,00 HORAS POR SEMANA;2101;3704;1,0;6597,34;6597,34
2100 - INSTITUTO ESTADUAL DE FLORESTAS-IEF;Nota fiscal;33.224.254/0001-42;MGS MINAS GERAIS ADMINISTRACAO E SERVICOS S/A;202600000030604;;1;Serviço;Despesa orçamentária;4;105660;PORTEIRO (COM SUBSTITUICAO) - 12X36 DIURNO - 44H;CARGA HORARIA 44,00 HORAS POR SEMANA;2101;3704;2,9;6319,031;18325,19
2100 - INSTITUTO ESTADUAL DE FLORESTAS-IEF;Nota fiscal;33.224.254/0001-42;MGS MINAS GERAIS ADMINISTRACAO E SERVICOS S/A;202600000030604;;1;Serviço;Despesa orçamentária;5;63533;VIGIA DE PARQUE - 12X36 DIURNO (PERICULOSIDADE) - 44H;CARGA HORARIA 44,00 HORAS POR SEMANA;2101;3704;0,7334;8089,4873;5932,83
2100 - INSTITUTO ESTADUAL DE FLORESTAS-IEF;Nota fiscal;33.224.254/0001-42;MGS MINAS GERAIS ADMINISTRACAO E SERVICOS S/A;202600000030604;;1;Serviço;Despesa orçamentária;6;106089;AUXILIAR DE LIMPEZA - 22H, 30H, 36H, 40H OU 44H;CARGA HORARIA 44,00 HORAS POR SEMANA;2101;3703;0,9667;4528,5093;4377,71
2100 - INSTITUTO ESTADUAL DE FLORESTAS-IEF;Nota fiscal;33.224.254/0001-42;MGS MINAS GERAIS ADMINISTRACAO E SERVICOS S/A;202600000030604;;1;Serviço;Despesa orçamentária;7;64483;ADICIONAL INSALUBRIDADE 40%;1,00 UNIDADE;2101;3705;1,0;1389,47;1389,47
1320 - SECRETARIA DE ESTADO DA SAUDE;Outros;33.224.254/0001-42;MGS MINAS GERAIS ADMINISTRACAO E SERVICOS S/A;705546;;1;Serviço;Despesa orçamentária;1;155250;CARTAO CESTA BASICA - MGS;1,00 UNIDADE;4291;3705;1,0;4712,13;4712,13
1400 - CORPO DE BOMBEIROS MILITAR DE MINAS GERAIS;Nota fiscal;14.409.020/0001-25;WELBERTON HELTON DE OLIVEIRA LTDA;2099;;1;Serviço;Despesa orçamentária;1;25607;MANUTENCAO E REPARO EM VEICULOS PESADOS;HORA;1401;3918;2,5;148,504;371,26
2010 - INST.DE PREVIDENCIA DOS SERVIDORES DO EST.M.GERAIS;Outros;33.224.254/0001-42;MGS MINAS GERAIS ADMINISTRACAO E SERVICOS S/A;705693;;1;Serviço;Despesa orçamentária;1;155250;CARTAO CESTA BASICA - MGS;1,00 UNIDADE;2011;3705;1,0;1163,62;1163,62
1400 - CORPO DE BOMBEIROS MILITAR DE MINAS GERAIS;Nota fiscal;08.298.732/0001-11;OLAIR DE JESUS DOS SANTOS;3169;;1;Serviço;Despesa orçamentária;1;25593;MANUTENCAO E REPARO EM VEICULOS LEVES;HORA;1401;3918;1,0;485,24;485,24
1260 - SECRETARIA DE ESTADO DE EDUCACAO;Outros;33.224.254/0001-42;MGS MINAS GERAIS ADMINISTRACAO E SERVICOS S/A;705499;;1;Serviço;Despesa orçamentária;1;66311;VALE-ALIMENTACAO - MGS;1,00 UNIDADE;1261;3705;1,0;939,4;939,4
1710 - SECRETARIA DE ESTADO DE COMUNICACAO SOCIAL;Nota fiscal;24.172.716/0001-34;FLD LTDA;4260;;1;Serviço;Despesa orçamentária;1;20605;SERVICOS DE PUBLICIDADE;1,00 UNIDADE;1711;3909;1,0;211,79;211,79
1510 - POLICIA CIVIL DO ESTADO DE MINAS GERAIS;Nota fiscal;24.310.413/0001-30;PLASLOC PLACAS E TARJETAS LTDA;9784;5;1;Serviço;Despesa orçamentária;1;68977;SERVICO DE ESTAMPAGEM DE PLACA VEICULAR (EXCETO MOTOCICLETA), PADRAO MERCOSUL, INCLUINDO O FORNECIMENTO DA PLACA.;1,00 UNIDADE;1511;3904;1,0;260,0;260,0
1250 - POLICIA MILITAR DE MINAS GERAIS;Outros;33.224.254/0001-42;MGS MINAS GERAIS ADMINISTRACAO E SERVICOS S/A;705608;;1;Serviço;Despesa orçamentária;1;66311;VALE-ALIMENTACAO - MGS;1,00 UNIDADE;1251;3705;1,0;497,32;497,32
2160 - FUNDACAO EDUCACIONAL CAIO MARTINS;Nota fiscal;33.224.254/0001-42;MGS MINAS GERAIS ADMINISTRACAO E SERVICOS S/A;202630780;;1;Serviço;Despesa orçamentária;1;63339;SUPORTE ADMINISTRATIVO - 30H, 36H, 40H OU 44H;CARGA HORARIA 40,00 HORAS POR SEMANA;2161;3704;1,0;6395,86;6395,86
1540 - ESCOLA DE SAUDE PUBLICA DE MINAS GERAIS;Outros;***.424.544-**;CAMILA KAROLINE JUSTINO MARQUES;9516802;8;1;Serviço;Despesa orçamentária;1;124524;CONTRATACAO DESIGNER GRAFICO - ;1,00 UNIDADE;1541;3631;1,0;1364,0;1364,0
2100 - INSTITUTO ESTADUAL DE FLORESTAS-IEF;Outros;33.224.254/0001-42;MGS MINAS GERAIS ADMINISTRACAO E SERVICOS S/A;703956;;1;Serviço;Despesa orçamentária;1;66311;VALE-ALIMENTACAO - MGS;1,00 UNIDADE;2101;3705;1,0;5522,23;5522,23
1320 - SECRETARIA DE ESTADO DA SAUDE;Nota fiscal;09.944.371/0003-68;SULMEDIC COMERCIO DE MEDICAMENTOS LTDA;88222;3;1;Consumo;Despesa orçamentária;1;1580779;"TRIPTORRELINA -  PRINCIPIO ATIVO:   TRIPTORRELINA, EMBONATO; CONCENTRACAO/DOSAGEM:   5,6 MG; EQUIVALENCIA:   3,75 MG DE TRIPTORRELINA; FORMA FARMACEUTICA:   PO LIOFILIZADO PARA SUSPENSAO INJETAVEL; APRESENTACAO:   FRASCO-AMPOLA; COMPONENTE:   AMPOLA DILUENTE 2 ML;";FRASCO-AMPOLA;4291;3012;3,0;340,0;1020,0
2260 - FUNDACAO EZEQUIEL DIAS;Nota fiscal;76.619.113/0001-31;LABORCLIN PROD PARA LABORATORIOS LIMITADA;7236;6;1;Consumo;Despesa orçamentária;1;1936867;"MEIOS DE CULTURA -  IDENTIFICACAO:   AGAR BACILLUS CEREUS (MYP); APLICACAO:   ISOLAMENTO E ENUMERACAO DE BACILLUS CEREUS; APRESENTACAO:   PRONTO PARA USO EM PLACAS DE PETRI 90 X 15 MM;";1,00 UNIDADE;2261;3013;40,0;4,86;194,4
1320 - SECRETARIA DE ESTADO DA SAUDE;Outros;33.224.254/0001-42;MGS MINAS GERAIS ADMINISTRACAO E SERVICOS S/A;705545;;1;Serviço;Despesa orçamentária;1;66311;VALE-ALIMENTACAO - MGS;1,00 UNIDADE;4291;3705;1,0;13029,47;13029,47
1400 - CORPO DE BOMBEIROS MILITAR DE MINAS GERAIS;Nota fiscal;04.335.223/0001-60;MAXIMO PECAS & PRODUTOS LTDA;35182;;1;Consumo;Despesa orçamentária;1;113522;"COMPONENTES E ACESSORIOS DE VEICULOS  MARCA:   VW/VOLKSWAGEN; FINALIDADE:   CONTRATACAO MEDIANTE FORNECIMENTO PARCELADO;";1,00 UNIDADE;1401;3023;6534,0;1,0;6534,0
2010 - INST.DE PREVIDENCIA DOS SERVIDORES DO EST.M.GERAIS;Nota fiscal;04.307.650/0012-98;ONCO PROD DISTRIBUIDORA DE PRODUTOS HOSPITALARES E ONCOLOGICOS LTDA.;840665;12;1;Consumo;Despesa orçamentária;1;1962221;"ZANUBRUTINIBE -   PRINCIPIO ATIVO:   ZANUBRUTINIBE; CONCENTRACAO/DOSAGEM:   80 MG; FORMA FARMACEUTICA:   CAPSULA GELATINOSA DURA; APRESENTACAO:   .; COMPONENTE:   .;";UNIDADE;2011;3012;240,0;271,87;65248,8
1250 - POLICIA MILITAR DE MINAS GERAIS;Outros;33.224.254/0001-42;MGS MINAS GERAIS ADMINISTRACAO E SERVICOS S/A;705609;;1;Serviço;Despesa orçamentária;1;155250;CARTAO CESTA BASICA - MGS;1,00 UNIDADE;1251;3705;1,0;200,0;200,0
2100 - INSTITUTO ESTADUAL DE FLORESTAS-IEF;Outros;33.224.254/0001-42;MGS MINAS GERAIS ADMINISTRACAO E SERVICOS S/A;703957;;1;Serviço;Despesa orçamentária;1;155250;CARTAO CESTA BASICA - MGS;1,00 UNIDADE;2101;3705;1,0;1580,0;1580,0
2300 - DEPARTAMENTO DE ESTRADAS DE RODAGEM;Nota fiscal;01.466.431/0001-00;GCT - GERENCIAMENTO E CONTROLE DE TRANSITO S/A;20261801;;1;Serviço;Despesa orçamentária;1;66419;SERVICO DE VIGILANCIA ELETRONICA DE TRANSITO E TRAFEGO E    TRATAMENTO DAS IMAGENS;1,00 UNIDADE;4381;3971;1,0;10560,78;10560,78
1260 - SECRETARIA DE ESTADO DE EDUCACAO;Outros;33.224.254/0001-42;MGS MINAS GERAIS ADMINISTRACAO E SERVICOS S/A;705500;;1;Serviço;Despesa orçamentária;1;66311;VALE-ALIMENTACAO - MGS;1,00 UNIDADE;1261;3705;1,0;4636,41;4636,41
2100 - INSTITUTO ESTADUAL DE FLORESTAS-IEF;Nota fiscal;33.224.254/0001-42;MGS MINAS GERAIS ADMINISTRACAO E SERVICOS S/A;202600000030587;;1;Serviço;Despesa orçamentária;1;95109;AGENTE DE SERVICO DE PARQUE HABILITADO - 44H;CARGA HORARIA 44,00 HORAS POR SEMANA;2101;3704;4,3782;5655,0477;24758,93
2100 - INSTITUTO ESTADUAL DE FLORESTAS-IEF;Nota fiscal;33.224.254/0001-42;MGS MINAS GERAIS ADMINISTRACAO E SERVICOS S/A;202600000030587;;1;Serviço;Despesa orçamentária;2;95117;AGENTE DE SERVICO DE PARQUE HABILITADO - (PERICULOSIDADE) - 44H;CARGA HORARIA 44,00 HORAS POR SEMANA;2101;3704;2,0;7114,25;14228,5
2100 - INSTITUTO ESTADUAL DE FLORESTAS-IEF;Nota fiscal;33.224.254/0001-42;MGS MINAS GERAIS ADMINISTRACAO E SERVICOS S/A;202600000030587;;1;Serviço;Despesa orçamentária;3;63665;ORIENTADOR AMBIENTAL - 40H;CARGA HORARIA 40,00 HORAS POR SEMANA;2101;3704;1,0;6210,25;6210,25
2100 - INSTITUTO ESTADUAL DE FLORESTAS-IEF;Nota fiscal;33.224.254/0001-42;MGS MINAS GERAIS ADMINISTRACAO E SERVICOS S/A;202600000030587;;1;Serviço;Despesa orçamentária;4;106348;ORIENTADOR AMBIENTAL  - 44 HORAS  ;CARGA HORARIA 44,00 HORAS POR SEMANA;2101;3704;1,0;6751,22;6751,22
2100 - INSTITUTO ESTADUAL DE FLORESTAS-IEF;Nota fiscal;33.224.254/0001-42;MGS MINAS GERAIS ADMINISTRACAO E SERVICOS S/A;202600000030587;;1;Serviço;Despesa orçamentária;5;106356;ORIENTADOR AMBIENTAL - (PERICULOSIDADE)- 40H e 44 H ;CARGA HORARIA 44,00 HORAS POR SEMANA;2101;3704;1,0;8573,16;8573,16
2100 - INSTITUTO ESTADUAL DE FLORESTAS-IEF;Nota fiscal;33.224.254/0001-42;MGS MINAS GERAIS ADMINISTRACAO E SERVICOS S/A;202600000030587;;1;Serviço;Despesa orçamentária;6;105678;PORTEIRO (COM SUBSTITUICAO) - 12X36 NOTURNO - 44H;CARGA HORARIA 44,00 HORAS POR SEMANA;2101;3704;2,1335;7896,0721;16846,27
2100 - INSTITUTO ESTADUAL DE FLORESTAS-IEF;Nota fiscal;33.224.254/0001-42;MGS MINAS GERAIS ADMINISTRACAO E SERVICOS S/A;202600000030587;;1;Serviço;Despesa orçamentária;7;63339;SUPORTE ADMINISTRATIVO - 30H, 36H, 40H OU 44H;CARGA HORARIA 40,00 HORAS POR SEMANA;2101;3704;1,0;6545,04;6545,04
2100 - INSTITUTO ESTADUAL DE FLORESTAS-IEF;Nota fiscal;33.224.254/0001-42;MGS MINAS GERAIS ADMINISTRACAO E SERVICOS S/A;202600000030587;;1;Serviço;Despesa orçamentária;8;64343;VIGIA DE PARQUE (PERICULOSIDADE) - 44H;CARGA HORARIA 44,00 HORAS POR SEMANA;2101;3704;1,0;8267,95;8267,95
2100 - INSTITUTO ESTADUAL DE FLORESTAS-IEF;Nota fiscal;33.224.254/0001-42;MGS MINAS GERAIS ADMINISTRACAO E SERVICOS S/A;202600000030587;;1;Serviço;Despesa orçamentária;9;63533;VIGIA DE PARQUE - 12X36 DIURNO (PERICULOSIDADE) - 44H;CARGA HORARIA 44,00 HORAS POR SEMANA;2101;3704;3,5667;8278,8431;29528,15
2100 - INSTITUTO ESTADUAL DE FLORESTAS-IEF;Nota fiscal;33.224.254/0001-42;MGS MINAS GERAIS ADMINISTRACAO E SERVICOS S/A;202600000030587;;1;Serviço;Despesa orçamentária;10;64335;VIGIA DE PARQUE - 12X36 NOTURNO (PERICULOSIDADE) - 44H;CARGA HORARIA 44,00 HORAS POR SEMANA;2101;3704;2,8;10308,1392;28862,79
2100 - INSTITUTO ESTADUAL DE FLORESTAS-IEF;Nota fiscal;33.224.254/0001-42;MGS MINAS GERAIS ADMINISTRACAO E SERVICOS S/A;202600000030587;;1;Serviço;Despesa orçamentária;11;106089;AUXILIAR DE LIMPEZA - 22H, 30H, 36H, 40H OU 44H;CARGA HORARIA 44,00 HORAS POR SEMANA;2101;3703;0,3334;4633,3833;1544,77
2100 - INSTITUTO ESTADUAL DE FLORESTAS-IEF;Nota fiscal;33.224.254/0001-42;MGS MINAS GERAIS ADMINISTRACAO E SERVICOS S/A;202600000030587;;1;Serviço;Despesa orçamentária;12;64483;ADICIONAL INSALUBRIDADE 40%;1,00 UNIDADE;2101;3705;1,0;490,3;490,3
1510 - POLICIA CIVIL DO ESTADO DE MINAS GERAIS;Nota fiscal;24.310.413/0001-30;PLASLOC PLACAS E TARJETAS LTDA;9885;5;1;Serviço;Despesa orçamentária;1;68977;SERVICO DE ESTAMPAGEM DE PLACA VEICULAR (EXCETO MOTOCICLETA), PADRAO MERCOSUL, INCLUINDO O FORNECIMENTO DA PLACA.;1,00 UNIDADE;1511;3904;1,0;260,0;260,0
2270 - FUNDACAO HOSPITALAR DO ESTADO DE MINAS GERAIS;Nota fiscal;33.224.254/0001-42;MGS MINAS GERAIS ADMINISTRACAO E SERVICOS S/A;31998;2;1;Serviço;Despesa orçamentária;1;106089;AUXILIAR DE LIMPEZA - 22H, 30H, 36H, 40H OU 44H;CARGA HORARIA 44,00 HORAS POR SEMANA;2271;3703;3,493;4528,0933;15816,63
1250 - POLICIA MILITAR DE MINAS GERAIS;Nota fiscal;33.224.254/0001-42;MGS MINAS GERAIS ADMINISTRACAO E SERVICOS S/A;32205;1;2;Serviço;Despesa orçamentária;1;106089;AUXILIAR DE LIMPEZA - 22H, 30H, 36H, 40H OU 44H;CARGA HORARIA 40,00 HORAS POR SEMANA;1251;3703;1,0;4117,54;4117,54
1250 - POLICIA MILITAR DE MINAS GERAIS;Nota fiscal;33.224.254/0001-42;MGS MINAS GERAIS ADMINISTRACAO E SERVICOS S/A;32205;1;2;Serviço;Despesa orçamentária;2;64483;ADICIONAL INSALUBRIDADE 40%;1,00 UNIDADE;1251;3705;1,0;1421,19;1421,19
1710 - SECRETARIA DE ESTADO DE COMUNICACAO SOCIAL;Nota fiscal;24.172.716/0001-34;FLD LTDA;4263;;1;Serviço;Despesa orçamentária;1;20605;SERVICOS DE PUBLICIDADE;1,00 UNIDADE;1711;3909;1,0;41290,69;41290,69
1260 - SECRETARIA DE ESTADO DE EDUCACAO;Outros;45.988.992/0001-45;INOVA REFRIGERACAO JANAUBA LTDA;17782026;;1;Serviço;Despesa orçamentária;1;69990;MANUTENCAO PREVENTIVA E CORRETIVA EM   APARELHOS DE AR CONDICIONADO, INCLUINDO FORNECIMENTO DE PECAS;1,00 UNIDADE;1261;3921;1,0;4532,8;4532,8
2300 - DEPARTAMENTO DE ESTRADAS DE RODAGEM;Nota fiscal;07.797.967/0001-95;NP TECNOLOGIA E GESTAO DE DADOS LTDA;4285;;1;Serviço;Despesa orçamentária;1;77720;ACESSO A FERRAMENTA ONLINE DE PESQUISA E COMPARACAO DE   PRECOS PRATICADOS PELA ADMINISTRACAO PUBLICA;1,00 UNIDADE;2301;4002;1,0;12300,0;12300,0
2270 - FUNDACAO HOSPITALAR DO ESTADO DE MINAS GERAIS;Nota fiscal;20.858.411/0001-20;AMGS COMERCIO E REPRESENTACOES LTDA;649891;2;1;Consumo;Despesa orçamentária;1;711454;"COMPONENTE PARA PROTESES -  TIPO:   FEMORAL PRIMARIO CIMENTADO/FIXACAO BIOLOGICA; MATERIA-PRIMA:   ACO INOXIDAVEL;";1,00 UNIDADE;2271;3010;1,0;2762,24;2762,24
2270 - FUNDACAO HOSPITALAR DO ESTADO DE MINAS GERAIS;Nota fiscal;20.858.411/0001-20;AMGS COMERCIO E REPRESENTACOES LTDA;649891;2;1;Consumo;Despesa orçamentária;2;605204;"COMPONENTE PARA PROTESES -  TIPO:   TIBIAL PRIMARIO; MATERIA-PRIMA:   METALICO CIMENTADO OU FIXACAO BIOLOGICA;";1,00 UNIDADE;2271;3010;1,0;1597,54;1597,54
2270 - FUNDACAO HOSPITALAR DO ESTADO DE MINAS GERAIS;Nota fiscal;20.858.411/0001-20;AMGS COMERCIO E REPRESENTACOES LTDA;649891;2;1;Consumo;Despesa orçamentária;3;605212;"COMPONENTE PARA PROTESES -  TIPO:   TIBIAL PRIMARIO; MATERIA-PRIMA:   POLIETILENO;";1,00 UNIDADE;2271;3010;1,0;1184,06;1184,06
1320 - SECRETARIA DE ESTADO DA SAUDE;Nota fiscal;33.224.254/0001-42;MGS MINAS GERAIS ADMINISTRACAO E SERVICOS S/A;32271;2;1;Serviço;Despesa orçamentária;1;64459;DIARIA DE VIAGEM;1,00 UNIDADE;4291;3705;1,0;7535,72;7535,72
2270 - FUNDACAO HOSPITALAR DO ESTADO DE MINAS GERAIS;Nota fiscal;20.858.411/0001-20;AMGS COMERCIO E REPRESENTACOES LTDA;645550;2;1;Consumo;Despesa orçamentária;1;16276;"PARAFUSO DE FIXACAO USO MEDICO CIRURGICO -  IDENTIFICACAO:   CANULADO; MATERIA-PRIMA:   ACO INOXIDAVEL; TAMANHO:   3,5MM DE DIAMETRO;";1,00 UNIDADE;2271;3010;1,0;166,73;166,73
2300 - DEPARTAMENTO DE ESTRADAS DE RODAGEM;Nota fiscal;01.466.431/0001-00;GCT - GERENCIAMENTO E CONTROLE DE TRANSITO S/A;20261802;;1;Serviço;Despesa orçamentária;1;66419;SERVICO DE VIGILANCIA ELETRONICA DE TRANSITO E TRAFEGO E    TRATAMENTO DAS IMAGENS;1,00 UNIDADE;4381;3971;1,0;36818,54;36818,54
1260 - SECRETARIA DE ESTADO DE EDUCACAO;Outros;33.224.254/0001-42;MGS MINAS GERAIS ADMINISTRACAO E SERVICOS S/A;31931;;1;Serviço;Despesa orçamentária;1;64459;DIARIA DE VIAGEM;1,00 UNIDADE;1261;3705;1,0;6048,06;6048,06
2090 - FUNDACAO ESTADUAL DO MEIO AMBIENTE;Nota fiscal;47.064.228/0001-09;JOAO DO GAS LTDA;221;;1;Consumo;Despesa orçamentária;1;1687360;"AGUA MINERAL NATURAL -   CARACTERISTICAS GERAIS:   VASILHAME NAO INCLUSO (SOMENTE AGUA); COMPOSICAO:   SEM GAS; APRESENTACAO:   GARRAFAO 20 L;";GARRAFAO;2091;3008;7,0;17,0;119,0
1020 - TRIBUNAL DE CONTAS DO ESTADO DE MINAS GERAIS;Nota fiscal;41.769.803/0001-92;EDITORA FORUM LTDA ;143495;;1;Serviço;Despesa orçamentária;1;6882;SERVICOS DE ASSINATURAS DE REVISTAS JURIDICAS;1,00 ANO;1021;3911;1,0;152270,0;152270,0
1250 - POLICIA MILITAR DE MINAS GERAIS;Outros;33.224.254/0001-42;MGS MINAS GERAIS ADMINISTRACAO E SERVICOS S/A;705611;;1;Serviço;Despesa orçamentária;1;66311;VALE-ALIMENTACAO - MGS;1,00 UNIDADE;1251;3705;1,0;522,18;522,18
2330 - INSTITUTO DE METROLOGIA E QUALIDADE DE MG;Nota fiscal;30.552.887/0001-91;AMERICAN TOWER DO BRASIL-COMUNICACAO MULTIMIDIA LTDA.;18557;;1;Serviço;Despesa orçamentária;1;135712;REDE IP MULTISSERVICOS ;1,00 UNIDADE;2331;4005;1,0;1201,42;1201,42
1020 - TRIBUNAL DE CONTAS DO ESTADO DE MINAS GERAIS;Outros;33.224.254/0001-42;MGS MINAS GERAIS ADMINISTRACAO E SERVICOS S/A;703668;1;1;Serviço;Despesa orçamentária;1;155250;CARTAO CESTA BASICA - MGS;1,00 UNIDADE;1021;3705;1,0;181,82;181,82
2270 - FUNDACAO HOSPITALAR DO ESTADO DE MINAS GERAIS;Nota fiscal;20.858.411/0001-20;AMGS COMERCIO E REPRESENTACOES LTDA;645551;2;1;Consumo;Despesa orçamentária;1;1239660;"PARAFUSO DE FIXACAO USO MEDICO CIRURGICO -  IDENTIFICACAO:   PARAFUSO DE BLOQUEIO, AUTOROSQUEANTE; MATERIA-PRIMA:   ACO INOXIDAVEL ANTIMAGNETICO; TAMANHO:   14MM A 60MM;";1,00 UNIDADE;2271;3010;11,0;105,75;1163,25
2270 - FUNDACAO HOSPITALAR DO ESTADO DE MINAS GERAIS;Nota fiscal;20.858.411/0001-20;AMGS COMERCIO E REPRESENTACOES LTDA;645551;2;1;Consumo;Despesa orçamentária;2;1384899;"PLACA DE FIXACAO USO MEDICO CIRURGICO -  IDENTIFICACAO:   TIPO VOLAR, PARA RADIO DISTAL; MATERIA-PRIMA:   ACO INOXIDAVEL;";1,00 UNIDADE;2271;3010;1,0;1378,63;1378,63
1400 - CORPO DE BOMBEIROS MILITAR DE MINAS GERAIS;Nota fiscal;04.335.223/0001-60;MAXIMO PECAS & PRODUTOS LTDA;35183;;1;Consumo;Despesa orçamentária;1;113620;"COMPONENTES E ACESSORIOS DE VEICULOS  MARCA:   MERCEDES BENZ; FINALIDADE:   CONTRATACAO MEDIANTE FORNECIMENTO PARCELADO;";1,00 UNIDADE;1401;3023;4227,0;1,0;4227,0
1320 - SECRETARIA DE ESTADO DA SAUDE;Nota fiscal;12.420.164/0005-80;CM HOSPITALAR S.A.;660417;1;1;Consumo;Despesa orçamentária;1;1562495;"PIRFENIDONA -  PRINCIPIO ATIVO:   PIRFENIDONA; CONCENTRACAO/DOSAGEM:   267 MG; FORMA FARMACEUTICA:   CAPSULA; APRESENTACAO:   .; COMPONENTE:   .;";1,00 UNIDADE;4291;3012;1620,0;15,0;24300,0
2270 - FUNDACAO HOSPITALAR DO ESTADO DE MINAS GERAIS;Nota fiscal;33.224.254/0001-42;MGS MINAS GERAIS ADMINISTRACAO E SERVICOS S/A;31998;3;1;Serviço;Despesa orçamentária;1;106305;PORTEIRO (COM SUBSTITUICAO) - (PERICULOSIDADE)  - 30H, 36H,40H OU 44H;CARGA HORARIA 44,00 HORAS POR SEMANA;2271;3704;1,0;8082,6;8082,6
2270 - FUNDACAO HOSPITALAR DO ESTADO DE MINAS GERAIS;Nota fiscal;33.224.254/0001-42;MGS MINAS GERAIS ADMINISTRACAO E SERVICOS S/A;31998;3;1;Serviço;Despesa orçamentária;2;64106;ASSISTENTE DE LOGISTICA - 40H OU 44H;CARGA HORARIA 44,00 HORAS POR SEMANA;2271;3704;3,2892;6142,302;20203,26
2270 - FUNDACAO HOSPITALAR DO ESTADO DE MINAS GERAIS;Nota fiscal;33.224.254/0001-42;MGS MINAS GERAIS ADMINISTRACAO E SERVICOS S/A;31998;3;1;Serviço;Despesa orçamentária;3;63657;AUXILIAR DE SERVICOS - 40H OU 44H;CARGA HORARIA 44,00 HORAS POR SEMANA;2271;3704;4,8334;4872,75;23551,95
2270 - FUNDACAO HOSPITALAR DO ESTADO DE MINAS GERAIS;Nota fiscal;33.224.254/0001-42;MGS MINAS GERAIS ADMINISTRACAO E SERVICOS S/A;31998;3;1;Serviço;Despesa orçamentária;4;63436;OPERADOR DE EMPILHADEIRA - 40 OU 44H;CARGA HORARIA 44,00 HORAS POR SEMANA;2271;3704;1,0;6580,64;6580,64
2270 - FUNDACAO HOSPITALAR DO ESTADO DE MINAS GERAIS;Nota fiscal;33.224.254/0001-42;MGS MINAS GERAIS ADMINISTRACAO E SERVICOS S/A;31998;3;1;Serviço;Despesa orçamentária;5;63339;SUPORTE ADMINISTRATIVO - 30H, 36H, 40H OU 44H;CARGA HORARIA 40,00 HORAS POR SEMANA;2271;3704;0,9334;6395,4038;5969,47
2270 - FUNDACAO HOSPITALAR DO ESTADO DE MINAS GERAIS;Nota fiscal;33.224.254/0001-42;MGS MINAS GERAIS ADMINISTRACAO E SERVICOS S/A;31998;3;1;Serviço;Despesa orçamentária;6;105554;ENCARREGADO  - 30H, 36H, 40H OU 44H;CARGA HORARIA 40,00 HORAS POR SEMANA;2271;3704;1,0;6275,29;6275,29
1250 - POLICIA MILITAR DE MINAS GERAIS;Outros;33.224.254/0001-42;MGS MINAS GERAIS ADMINISTRACAO E SERVICOS S/A;705610;;1;Serviço;Despesa orçamentária;1;155250;CARTAO CESTA BASICA - MGS;1,00 UNIDADE;1251;3705;1,0;181,82;181,82
1710 - SECRETARIA DE ESTADO DE COMUNICACAO SOCIAL;Nota fiscal;61.704.482/0004-06;AGENCIA NACIONAL DE PROPAGANDA LTDA;919;;1;Serviço;Despesa orçamentária;1;20605;SERVICOS DE PUBLICIDADE;1,00 UNIDADE;1711;3939;1,0;2107,89;2107,89
2160 - FUNDACAO EDUCACIONAL CAIO MARTINS;Nota fiscal;33.224.254/0001-42;MGS MINAS GERAIS ADMINISTRACAO E SERVICOS S/A;202630770;;1;Serviço;Despesa orçamentária;1;63339;SUPORTE ADMINISTRATIVO - 30H, 36H, 40H OU 44H;CARGA HORARIA 40,00 HORAS POR SEMANA;2161;3704;1,0;6255,69;6255,69
1090 - PROCURADORIA GERAL DE JUSTICA;Nota fiscal;07.346.478/0001-17;METODO SYSTEM COMERCIO E SERVICOS LTDA;7261;;1;Permanente;Despesa orçamentária;1;1886126;"CAMERA DE MONITORAMENTO -  ANGULO VISAO:   90 GRAUS; IDENTIFICACAO:   BULLET OU DOME - IP-IR 2MP; SISTEMA:   IP-POE; ACESSORIOS:   SUPORTE PARA FIXACAO; SENSIBILIDADE:   0 LUX; TIPO TRANSMISSAO:   COM CABO DE REDE LAN;";1,00 UNIDADE;1091;5220;2,0;1431,87;2863,74
2270 - FUNDACAO HOSPITALAR DO ESTADO DE MINAS GERAIS;Nota fiscal;20.858.411/0001-20;AMGS COMERCIO E REPRESENTACOES LTDA;645557;2;1;Consumo;Despesa orçamentária;1;237132;"PLACA DE COMPRESSAO DINAMICA-  ESPESSURA:   3,5MM; MATERIA PRIMA:   ACO;";1,00 UNIDADE;2271;3010;1,0;240,13;240,13
1250 - POLICIA MILITAR DE MINAS GERAIS;Nota fiscal;33.224.254/0001-42;MGS MINAS GERAIS ADMINISTRACAO E SERVICOS S/A;32208;;1;Serviço;Despesa orçamentária;1;106089;AUXILIAR DE LIMPEZA - 22H, 30H, 36H, 40H OU 44H;CARGA HORARIA 40,00 HORAS POR SEMANA;1251;3703;0,2667;4117,0228;1098,01
1250 - POLICIA MILITAR DE MINAS GERAIS;Nota fiscal;33.224.254/0001-42;MGS MINAS GERAIS ADMINISTRACAO E SERVICOS S/A;32208;;1;Serviço;Despesa orçamentária;2;64483;ADICIONAL INSALUBRIDADE 40%;1,00 UNIDADE;1251;3705;1,0;378,98;378,98
1190 - SECRETARIA DE ESTADO DE FAZENDA DE MINAS GERAIS;Nota fiscal;01.389.269/0001-74;ALCTEL TELECOMUNICACOES E INFORMATICA LTDA;1978;;1;Serviço;Despesa orçamentária;1;114260;MANUTENCAO DE CENTRAL TELEFONICA, 10 RAMAIS ;1,00 UNIDADE;1191;3921;1,0;70,7;70,7
1260 - SECRETARIA DE ESTADO DE EDUCACAO;Nota fiscal;49.397.537/0001-26;IMPORT TECH COMERCIO IMPORTACAO E EXPORTACAO LTDA;1500;1;1;Consumo;Despesa extra orçamentária;1;1983520;"KIT DE MATERIAL ESCOLAR (DISTRIBUICAO GRATUITA) -  COMPONENTES:   1 MOCHILA ESCOLAR; COMPONENTES (2):   1 ESTOJO ESCOLAR;";UNIDADE;1261;3007;190,0;34,0;6460,0
1540 - ESCOLA DE SAUDE PUBLICA DE MINAS GERAIS;Outros;***.959.508-**;LEANDRO TEIXEIRA VICENTE;9516803;8;1;Serviço;Despesa orçamentária;1;124524;CONTRATACAO DESIGNER GRAFICO - ;1,00 UNIDADE;1541;3631;1,0;1364,0;1364,0
1090 - PROCURADORIA GERAL DE JUSTICA;Outros;***.846.786-**;MARIA EMILIA DE BRITO PIMENTA;202608;;1;Serviço;Despesa orçamentária;1;4065;LOCACAO DE IMOVEL COMERCIAL -;1,00 MES;1091;3611;1,0;1575,75;1575,75
2270 - FUNDACAO HOSPITALAR DO ESTADO DE MINAS GERAIS;Nota fiscal;20.858.411/0001-20;AMGS COMERCIO E REPRESENTACOES LTDA;645569;2;1;Consumo;Despesa orçamentária;1;359599;"PLACA DE FIXACAO USO MEDICO CIRURGICO -  IDENTIFICACAO:   FRATURA PROXIMAL DO UMERO, 3,5MM; MATERIA-PRIMA:   ACO INOX, EM DIVERSOS TAMANHOS;";1,00 UNIDADE;2271;3010;1,0;1378,63;1378,63
2270 - FUNDACAO HOSPITALAR DO ESTADO DE MINAS GERAIS;Nota fiscal;20.858.411/0001-20;AMGS COMERCIO E REPRESENTACOES LTDA;645569;2;1;Consumo;Despesa orçamentária;2;537454;"PARAFUSO DE FIXACAO USO MEDICO CIRURGICO -  IDENTIFICACAO:   ASSOCIAVEIS A PLACA, CORTICAL; MATERIA-PRIMA:   ACO INOXIDAVEL; TAMANHO:   3,5MM DE DIAMETRO;";1,00 UNIDADE;2271;3010;3,0;20,04;60,12
2270 - FUNDACAO HOSPITALAR DO ESTADO DE MINAS GERAIS;Nota fiscal;20.858.411/0001-20;AMGS COMERCIO E REPRESENTACOES LTDA;645569;2;1;Consumo;Despesa orçamentária;3;1239597;"PARAFUSO DE FIXACAO USO MEDICO CIRURGICO -  IDENTIFICACAO:   PARAFUSO DE BLOQUEIO, AUTOROSQUEANTE; MATERIA-PRIMA:   ACO INOXIDAVEL ANTIMAGNETICO; TAMANHO:   10MM A 60MM;";1,00 UNIDADE;2271;3010;7,0;105,75;740,25
1260 - SECRETARIA DE ESTADO DE EDUCACAO;Nota fiscal;33.224.254/0001-42;MGS MINAS GERAIS ADMINISTRACAO E SERVICOS S/A;32239;1;1;Serviço;Despesa orçamentária;1;106399;ANALISTA  ESPECIALIZADO  EM INFRAESTRUTURA - 30H, 36H, 40H  OU 44H;CARGA HORARIA 40,00 HORAS POR SEMANA;1261;3704;1,3334;27136,5831;36183,92
2350 - UNIVERSIDADE DO ESTADO DE MINAS GERAIS;Nota fiscal;51.274.708/0001-71;BFC OBRAS E SOLUCOES INTEGRADAS LTDA;632026;;1;Serviço;Despesa orçamentária;1;1015;REPARO, RESTAURACAO E RECUPERACAO DE BENS IMOVEIS;1,00 UNIDADE;2351;3922;1,0;61574,65;61574,65
1250 - POLICIA MILITAR DE MINAS GERAIS;Outros;33.224.254/0001-42;MGS MINAS GERAIS ADMINISTRACAO E SERVICOS S/A;705612;;1;Serviço;Despesa orçamentária;1;66311;VALE-ALIMENTACAO - MGS;1,00 UNIDADE;1251;3705;1,0;99,46;99,46
1090 - PROCURADORIA GERAL DE JUSTICA;Outros;***.892.486-**;JOAO PIMENTA FREIRE FILHO;202608;;1;Serviço;Despesa orçamentária;1;4065;LOCACAO DE IMOVEL COMERCIAL -;1,00 MES;1091;3611;1,0;1575,74;1575,74
1450 - SECRETARIA DE ESTADO DE JUSTICA E SEGURANCA PUBLIC;Nota fiscal;09.524.545/0001-71;WF TECNOLOGIA CIENTIFICA LTDA;2023849;;1;Serviço;Despesa extra orçamentária;1;2690;MANUTENCAO, REPARO, CONSERVACAO E ADAPTACAO EM EQUIPAMENTOS E INSTRUMENTOS ODONTOLOGICOS POR PESSOA JURIDICA;1,00 UNIDADE;1451;3921;1,0;350,0;350,0
1250 - POLICIA MILITAR DE MINAS GERAIS;Nota fiscal;33.224.254/0001-42;MGS MINAS GERAIS ADMINISTRACAO E SERVICOS S/A;32277;1;1;Serviço;Despesa orçamentária;1;106089;AUXILIAR DE LIMPEZA - 22H, 30H, 36H, 40H OU 44H;CARGA HORARIA 40,00 HORAS POR SEMANA;1251;3703;1,7;4117,5411;6999,82
1250 - POLICIA MILITAR DE MINAS GERAIS;Nota fiscal;33.224.254/0001-42;MGS MINAS GERAIS ADMINISTRACAO E SERVICOS S/A;32277;1;1;Serviço;Despesa orçamentária;2;64483;ADICIONAL INSALUBRIDADE 40%;1,00 UNIDADE;1251;3705;1,0;2416,02;2416,02
1260 - SECRETARIA DE ESTADO DE EDUCACAO;Nota fiscal;49.397.537/0001-26;IMPORT TECH COMERCIO IMPORTACAO E EXPORTACAO LTDA;1524;1;1;Consumo;Despesa extra orçamentária;1;1983520;"KIT DE MATERIAL ESCOLAR (DISTRIBUICAO GRATUITA) -  COMPONENTES:   1 MOCHILA ESCOLAR; COMPONENTES (2):   1 ESTOJO ESCOLAR;";UNIDADE;1261;3007;443,0;34,0;15062,0
1260 - SECRETARIA DE ESTADO DE EDUCACAO;Outros;01.282.149/0001-73;EDUCACIONAL MARTINS ANDRADE LTDA;9495621;H;1;Serviço;Despesa orçamentária;1;109460;CURSO TECNICO PROFISSIONALIZANTE  EM ATENDIMENTO AO PROGRAMA TRILHAS DE FUTURO ;UNIDADE;1261;3949;1,0;7500,0;7500,0
1260 - SECRETARIA DE ESTADO DE EDUCACAO;Outros;01.282.149/0001-73;EDUCACIONAL MARTINS ANDRADE LTDA;9495621;H;1;Serviço;Despesa orçamentária;2;109460;CURSO TECNICO PROFISSIONALIZANTE  EM ATENDIMENTO AO PROGRAMA TRILHAS DE FUTURO ;UNIDADE;1261;3949;1,0;5380,0;5380,0
1320 - SECRETARIA DE ESTADO DA SAUDE;Outros;33.224.254/0001-42;MGS MINAS GERAIS ADMINISTRACAO E SERVICOS S/A;705551;;1;Serviço;Despesa orçamentária;1;66311;VALE-ALIMENTACAO - MGS;1,00 UNIDADE;4291;3705;1,0;526,51;526,51
2010 - INST.DE PREVIDENCIA DOS SERVIDORES DO EST.M.GERAIS;Nota fiscal;28.966.389/0127-45;BIOMEGA MEDICINA DIAGNOSTICA LTDA;10;;1;Serviço;Despesa orçamentária;1;120162;SERVICOS DE REALIZACAO DE EXAMES LABORATORIAIS;1,00 UNIDADE;2011;3998;1,0;1002235,46;1002235,46
1400 - CORPO DE BOMBEIROS MILITAR DE MINAS GERAIS;Nota fiscal;03.093.776/0011-63;MANUPA COMERCIO EXPORTACAO IMPORTACAO DE EQUIPAMENTOS E VEICULOS ADAPTADOS LTDA;1139;1;1;Permanente;Despesa extra orçamentária;1;1985469;"VIATURA CAMINHONETE -  CAPACIDADE DE CARGA:   MINIMA DE 1000 KG; FAIXA POTENCIA:   MAXIMA DE, NO MININO, 177 CV; COMBUSTIVEL:   DIESEL; FAIXA CILINDRADA:   CONFORME LINHA DE PRODUCAO; NUMERO DE LUGARES:   5 LUGARES; NUMERO DE PORTAS:   4 PORTAS LATERAIS; SISTEMA DE FREIO:   A DISCO RODAS DIANT.E DISCO OU TAMBOR RODAS TRAS.; SUSPENSAO:   REFORCADA E ELEVADA ORIGINAL DE FABRICA; CARROCERIA:   CABINE DUPLA; DIRECAO:   HIDRAULICA, ELETRICA OU ELETRO-HIDRAULICA; TRACAO:   4X2, 4X4 E 4X4 REDUZIDA; EQUIPAMENTO:   SINALIZADOR ACUSTICO VISUAL; SISTEMA DE COMUNICACAO:   PREDISPOSICAO PARA RADIO TRANSCEPTOR;";1,00 UNIDADE;1401;5217;1,0;279949,0;279949,0
1260 - SECRETARIA DE ESTADO DE EDUCACAO;Nota fiscal;33.224.254/0001-42;MGS MINAS GERAIS ADMINISTRACAO E SERVICOS S/A;32242;1;1;Serviço;Despesa orçamentária;1;63525;PORTEIRO - 30H, 40H OU 44H;CARGA HORARIA 40,00 HORAS POR SEMANA;1261;3704;1,0;5313,11;5313,11
2300 - DEPARTAMENTO DE ESTRADAS DE RODAGEM;Nota fiscal;33.224.254/0001-42;MGS MINAS GERAIS ADMINISTRACAO E SERVICOS S/A;30653;E;1;Serviço;Despesa orçamentária;1;106089;AUXILIAR DE LIMPEZA - 22H, 30H, 36H, 40H OU 44H;CARGA HORARIA 40,00 HORAS POR SEMANA;2301;3703;1,0;4164,46;4164,46
2300 - DEPARTAMENTO DE ESTRADAS DE RODAGEM;Nota fiscal;33.224.254/0001-42;MGS MINAS GERAIS ADMINISTRACAO E SERVICOS S/A;30653;E;1;Serviço;Despesa orçamentária;2;63339;SUPORTE ADMINISTRATIVO - 30H, 36H, 40H OU 44H;CARGA HORARIA 40,00 HORAS POR SEMANA;2301;3704;2,0;6395,86;12791,72
2300 - DEPARTAMENTO DE ESTRADAS DE RODAGEM;Nota fiscal;33.224.254/0001-42;MGS MINAS GERAIS ADMINISTRACAO E SERVICOS S/A;30653;E;1;Serviço;Despesa orçamentária;3;63363;MOTORISTA DE VEICULO DE SERVICO - 44H;CARGA HORARIA 44,00 HORAS POR SEMANA;2301;3704;1,0;6481,05;6481,05
2300 - DEPARTAMENTO DE ESTRADAS DE RODAGEM;Nota fiscal;33.224.254/0001-42;MGS MINAS GERAIS ADMINISTRACAO E SERVICOS S/A;30653;E;1;Serviço;Despesa orçamentária;4;64483;ADICIONAL INSALUBRIDADE 40%;1,00 UNIDADE;2301;3705;1,0;1437,38;1437,38
1020 - TRIBUNAL DE CONTAS DO ESTADO DE MINAS GERAIS;Outros;33.224.254/0001-42;MGS MINAS GERAIS ADMINISTRACAO E SERVICOS S/A;703669;1;2;Serviço;Despesa orçamentária;1;66311;VALE-ALIMENTACAO - MGS;1,00 UNIDADE;1021;3705;1,0;515,1;515,1
1010 - ASSEMBLEIA LEGISLATIVA DO ESTADO DE MINAS GERAIS;Nota fiscal;25.898.537/0001-41;ATRIUM EMPRESA DE VIAGENS E TURISMO LTDA - EPP;32072026;;1;Serviço;Despesa orçamentária;1;6548;SERVICOS DE AGENCIAMENTO DE VIAGENS E ATIVIDADES INERENTES.;1,00 UNIDADE;1011;3950;1,0;2038,7;2038,7
2350 - UNIVERSIDADE DO ESTADO DE MINAS GERAIS;Outros;33.224.254/0001-42;MGS MINAS GERAIS ADMINISTRACAO E SERVICOS S/A;202630863;;1;Serviço;Despesa orçamentária;1;64459;DIARIA DE VIAGEM;1,00 UNIDADE;2351;3705;1,0;3784,32;3784,32
1250 - POLICIA MILITAR DE MINAS GERAIS;Outros;33.224.254/0001-42;MGS MINAS GERAIS ADMINISTRACAO E SERVICOS S/A;705614;;1;Serviço;Despesa orçamentária;1;66311;VALE-ALIMENTACAO - MGS;1,00 UNIDADE;1251;3705;1,0;895,17;895,17
1250 - POLICIA MILITAR DE MINAS GERAIS;Nota fiscal;08.273.364/0001-57;TICKET GESTAO EM MANUTENCAO EZC S.A;48705336;;1;Serviço;Despesa orçamentária;1;30252;SERVICO DE GESTAO E MANUTENCAO PREVENTIVA E CORRETIVA DA FROTA DE VEICULOS DO ESTADO;1,00 UNIDADE;1251;3943;1,0;1816,66;1816,66
1090 - PROCURADORIA GERAL DE JUSTICA;Outros;73.611.543/0001-19;AGENCIA ENERGIA PROJETOS E CONSULTORIA EM ENGENHARIA LTDA;202608;1;1;Serviço;Despesa orçamentária;1;4065;LOCACAO DE IMOVEL COMERCIAL -;1,00 MES;1091;3920;1,0;1279,49;1279,49
2270 - FUNDACAO HOSPITALAR DO ESTADO DE MINAS GERAIS;Nota fiscal;33.224.254/0001-42;MGS MINAS GERAIS ADMINISTRACAO E SERVICOS S/A;31953;2;1;Serviço;Despesa orçamentária;1;64459;DIARIA DE VIAGEM;1,00 UNIDADE;2271;3705;1,0;12832,64;12832,64
1090 - PROCURADORIA GERAL DE JUSTICA;Nota fiscal;07.346.478/0001-17;METODO SYSTEM COMERCIO E SERVICOS LTDA;7279;;1;Permanente;Despesa orçamentária;1;1886126;"CAMERA DE MONITORAMENTO -  ANGULO VISAO:   90 GRAUS; IDENTIFICACAO:   BULLET OU DOME - IP-IR 2MP; SISTEMA:   IP-POE; ACESSORIOS:   SUPORTE PARA FIXACAO; SENSIBILIDADE:   0 LUX; TIPO TRANSMISSAO:   COM CABO DE REDE LAN;";1,00 UNIDADE;1091;5220;1,0;1431,87;1431,87
1260 - SECRETARIA DE ESTADO DE EDUCACAO;Outros;33.224.254/0001-42;MGS MINAS GERAIS ADMINISTRACAO E SERVICOS S/A;705490;U;1;Serviço;Despesa orçamentária;1;66311;VALE-ALIMENTACAO - MGS;1,00 UNIDADE;1261;3705;1,0;4534,37;4534,37
1250 - POLICIA MILITAR DE MINAS GERAIS;Outros;33.224.254/0001-42;MGS MINAS GERAIS ADMINISTRACAO E SERVICOS S/A;705613;;1;Serviço;Despesa orçamentária;1;155250;CARTAO CESTA BASICA - MGS;1,00 UNIDADE;1251;3705;1,0;587,85;587,85
1090 - PROCURADORIA GERAL DE JUSTICA;Outros;33.683.111/0002-80;SERVICO FEDERAL DE PROCESSAMENTO DE DADOS (SERPRO);1096641;;1;Serviço;Despesa orçamentária;1;35262;ACESSO RESTRITO EM PORTAL COM CONTEUDO ECONOMICO FINANCEIRO;1,00 UNIDADE;1091;4002;2,0;1641,56;3283,12
1010 - ASSEMBLEIA LEGISLATIVA DO ESTADO DE MINAS GERAIS;Nota fiscal;25.898.537/0001-41;ATRIUM EMPRESA DE VIAGENS E TURISMO LTDA - EPP;36722026;;1;Serviço;Despesa orçamentária;1;6548;SERVICOS DE AGENCIAMENTO DE VIAGENS E ATIVIDADES INERENTES.;1,00 UNIDADE;1011;3950;1,0;8722,68;8722,68
1250 - POLICIA MILITAR DE MINAS GERAIS;Nota fiscal;33.557.716/0001-43;ELIANE MEIRE BATISTA FIUZA BORBA;607;;1;Consumo;Despesa orçamentária;1;1348132;"BOCAL DESCARTAVEL -  MATERIA-PRIMA:   PLASTICO OU MATERIAL SIMILAR DE ALTA DENSIDADE; TIPO:   ONE WAY, RETENTOR DE SALIVA E VALVULA ANTI-REFLUXO; EQUIPAMENTO:   ETILOMETRO ELEC/BAF-300; EMBALAGEM:   ACONDICIONADO EM EMBALAGEM PLASTICA INDIVIDUAL;";1,00 UNIDADE;1251;3025;10000,0;2,68;26800,0
1260 - SECRETARIA DE ESTADO DE EDUCACAO;Nota fiscal;49.397.537/0001-26;IMPORT TECH COMERCIO IMPORTACAO E EXPORTACAO LTDA;991;1;1;Consumo;Despesa orçamentária;1;1983520;"KIT DE MATERIAL ESCOLAR (DISTRIBUICAO GRATUITA) -  COMPONENTES:   1 MOCHILA ESCOLAR; COMPONENTES (2):   1 ESTOJO ESCOLAR;";UNIDADE;1261;3007;78,0;34,0;2652,0
1260 - SECRETARIA DE ESTADO DE EDUCACAO;Outros;33.224.254/0001-42;MGS MINAS GERAIS ADMINISTRACAO E SERVICOS S/A;705497;U;1;Serviço;Despesa orçamentária;1;66311;VALE-ALIMENTACAO - MGS;1,00 UNIDADE;1261;3705;1,0;520,64;520,64
2270 - FUNDACAO HOSPITALAR DO ESTADO DE MINAS GERAIS;Nota fiscal;05.194.502/0001-14;ALFALAGOS LTDA ;435571;;1;Consumo;Despesa orçamentária;1;1632523;"CLORETO DE SODIO  PRINCIPIO ATIVO:   CLORETO DE SODIO; CONCENTRACAO/DOSAGEM:   0,9%; FORMA FARMACEUTICA:   SOLUCAO INJETAVEL; APRESENTACAO:   BOLSA OU FRASCO 250 ML SISTEMA FECHADO; COMPONENTE:   INJETOR LATERAL;";EMBALAGEM;2271;3012;4000,0;3,1467;12586,8
2270 - FUNDACAO HOSPITALAR DO ESTADO DE MINAS GERAIS;Nota fiscal;20.858.411/0001-20;AMGS COMERCIO E REPRESENTACOES LTDA;649896;2;1;Consumo;Despesa orçamentária;1;605212;"COMPONENTE PARA PROTESES -  TIPO:   TIBIAL PRIMARIO; MATERIA-PRIMA:   POLIETILENO;";1,00 UNIDADE;2271;3010;1,0;1184,06;1184,06
2270 - FUNDACAO HOSPITALAR DO ESTADO DE MINAS GERAIS;Nota fiscal;20.858.411/0001-20;AMGS COMERCIO E REPRESENTACOES LTDA;649896;2;1;Consumo;Despesa orçamentária;2;711454;"COMPONENTE PARA PROTESES -  TIPO:   FEMORAL PRIMARIO CIMENTADO/FIXACAO BIOLOGICA; MATERIA-PRIMA:   ACO INOXIDAVEL;";1,00 UNIDADE;2271;3010;1,0;2762,24;2762,24
2270 - FUNDACAO HOSPITALAR DO ESTADO DE MINAS GERAIS;Nota fiscal;20.858.411/0001-20;AMGS COMERCIO E REPRESENTACOES LTDA;649896;2;1;Consumo;Despesa orçamentária;3;605204;"COMPONENTE PARA PROTESES -  TIPO:   TIBIAL PRIMARIO; MATERIA-PRIMA:   METALICO CIMENTADO OU FIXACAO BIOLOGICA;";1,00 UNIDADE;2271;3010;1,0;1597,54;1597,54
2270 - FUNDACAO HOSPITALAR DO ESTADO DE MINAS GERAIS;Nota fiscal;33.224.254/0001-42;MGS MINAS GERAIS ADMINISTRACAO E SERVICOS S/A;31998;4;1;Serviço;Despesa orçamentária;1;64475;ADICIONAL INSALUBRIDADE 20%;1,00 UNIDADE;2271;3705;1,0;4887,02;4887,02
1230 - SECRET. DE ESTADO DE AGRICULTURA, PECUARIA E ABAST;Nota fiscal;01.017.250/0001-05;VOETUR TURISMO E REPRESENTACOES LTDA;1358932;;1;Serviço;Despesa orçamentária;1;133280;PASSAGEM AEREA E / OU RODOVIARIA (BILHETE);1,00 UNIDADE;1231;3304;1,0;4706,36;4706,36
1510 - POLICIA CIVIL DO ESTADO DE MINAS GERAIS;Outros;08.576.443/0001-37;O. F. PECUARIA E EMPREENDIMENTOS LTDA;42;;1;Serviço;Despesa orçamentária;1;4065;LOCACAO DE IMOVEL COMERCIAL -;1,00 MES;1511;3920;1,0;61509,29;61509,29
2100 - INSTITUTO ESTADUAL DE FLORESTAS-IEF;Outros;07.432.517/0001-07;SIMPRESS COMERCIO LOCACAO E SERVICOS LTDA;200749;E;1;Serviço;Despesa orçamentária;1;97306;LOCACAO DE IMPRESSORA MULTIFUNCIONAL COLORIDA 30 PPM /A3 (OUTSOURCING), PAPEL NAO INCLUSO;1,00 UNIDADE;2101;3919;1,0;403,42;403,42
1450 - SECRETARIA DE ESTADO DE JUSTICA E SEGURANCA PUBLIC;Nota fiscal;21.641.059/0001-39;DISTRIBUIDORA PERES & ARAUJO LTDA - ME;3055;1;1;Permanente;Despesa orçamentária;1;1935305;"FRITADEIRA SEM OLEO (AIR FRYER) -  VOLTAGEM:   110 V; CAPACIDADE TOTAL:   MINIMO 5 LITROS; TIMER:   MINIMO 30 MINUTOS; MODELO:   CONVENCIONAL; POTENCIA:   1500 W; PAINEL:   ANALOGICO;";1,00 UNIDADE;1451;5225;2,0;322,0;644,0
1320 - SECRETARIA DE ESTADO DA SAUDE;Nota fiscal;25.031.668/0001-27;SAMEH SOLUCOES HOSPITALARES LTDA;143106;1;1;Consumo;Despesa orçamentária;1;1491636;"HIDROXIUREIA -  PRINCIPIO ATIVO:   HIDROXIUREIA; CONCENTRACAO/DOSAGEM:   500 MG; FORMA FARMACEUTICA:   CAPSULA GELATINOSA DURA; APRESENTACAO:   .; COMPONENTE:   .;";1,00 UNIDADE;4291;3012;263100,0;0,759;199692,9
1260 - SECRETARIA DE ESTADO DE EDUCACAO;Nota fiscal;33.224.254/0001-42;MGS MINAS GERAIS ADMINISTRACAO E SERVICOS S/A;32244;1;1;Serviço;Despesa orçamentária;1;64459;DIARIA DE VIAGEM;1,00 UNIDADE;1261;3705;1,0;5965,05;5965,05
2370 - INSTITUTO MINEIRO DE AGROPECUARIA;Nota fiscal;33.224.254/0001-42;MGS MINAS GERAIS ADMINISTRACAO E SERVICOS S/A;30130;;1;Serviço;Despesa orçamentária;1;106089;AUXILIAR DE LIMPEZA - 22H, 30H, 36H, 40H OU 44H;CARGA HORARIA 30,00 HORAS POR SEMANA;2371;3703;0,3334;3253,2693;1084,64
2370 - INSTITUTO MINEIRO DE AGROPECUARIA;Nota fiscal;33.224.254/0001-42;MGS MINAS GERAIS ADMINISTRACAO E SERVICOS S/A;30130;;1;Serviço;Despesa orçamentária;2;64483;ADICIONAL INSALUBRIDADE 40%;1,00 UNIDADE;2371;3705;1,0;479,13;479,13
1260 - SECRETARIA DE ESTADO DE EDUCACAO;Nota fiscal;49.397.537/0001-26;IMPORT TECH COMERCIO IMPORTACAO E EXPORTACAO LTDA;980;1;1;Consumo;Despesa extra orçamentária;1;1983520;"KIT DE MATERIAL ESCOLAR (DISTRIBUICAO GRATUITA) -  COMPONENTES:   1 MOCHILA ESCOLAR; COMPONENTES (2):   1 ESTOJO ESCOLAR;";UNIDADE;1261;3007;158,0;34,0;5372,0
2270 - FUNDACAO HOSPITALAR DO ESTADO DE MINAS GERAIS;Nota fiscal;20.858.411/0001-20;AMGS COMERCIO E REPRESENTACOES LTDA;645576;2;1;Consumo;Despesa orçamentária;1;587389;"PARAFUSO DE FIXACAO USO MEDICO CIRURGICO -  IDENTIFICACAO:   CORTICAL; MATERIA-PRIMA:   ACO INOXIDAVEL; TAMANHO:   2,7MM;";1,00 UNIDADE;2271;3010;1,0;28,33;28,33
2270 - FUNDACAO HOSPITALAR DO ESTADO DE MINAS GERAIS;Nota fiscal;20.858.411/0001-20;AMGS COMERCIO E REPRESENTACOES LTDA;645576;2;1;Consumo;Despesa orçamentária;2;1239660;"PARAFUSO DE FIXACAO USO MEDICO CIRURGICO -  IDENTIFICACAO:   PARAFUSO DE BLOQUEIO, AUTOROSQUEANTE; MATERIA-PRIMA:   ACO INOXIDAVEL ANTIMAGNETICO; TAMANHO:   14MM A 60MM;";1,00 UNIDADE;2271;3010;7,0;105,75;740,25
2270 - FUNDACAO HOSPITALAR DO ESTADO DE MINAS GERAIS;Nota fiscal;20.858.411/0001-20;AMGS COMERCIO E REPRESENTACOES LTDA;645576;2;1;Consumo;Despesa orçamentária;3;1384899;"PLACA DE FIXACAO USO MEDICO CIRURGICO -  IDENTIFICACAO:   TIPO VOLAR, PARA RADIO DISTAL; MATERIA-PRIMA:   ACO INOXIDAVEL;";1,00 UNIDADE;2271;3010;1,0;1378,63;1378,63
1190 - SECRETARIA DE ESTADO DE FAZENDA DE MINAS GERAIS;Nota fiscal;33.224.254/0001-42;MGS MINAS GERAIS ADMINISTRACAO E SERVICOS S/A;202631708;;1;Serviço;Despesa orçamentária;1;38520;SERVICOS TECNICOS ESPECIALIZADOS EM CONTABILIDADE;1,00 UNIDADE;1191;3999;1,0;122080,8;122080,8
2270 - FUNDACAO HOSPITALAR DO ESTADO DE MINAS GERAIS;Nota fiscal;20.858.411/0001-20;AMGS COMERCIO E REPRESENTACOES LTDA;649840;2;1;Consumo;Despesa orçamentária;1;711454;"COMPONENTE PARA PROTESES -  TIPO:   FEMORAL PRIMARIO CIMENTADO/FIXACAO BIOLOGICA; MATERIA-PRIMA:   ACO INOXIDAVEL;";1,00 UNIDADE;2271;3010;1,0;2762,24;2762,24
2270 - FUNDACAO HOSPITALAR DO ESTADO DE MINAS GERAIS;Nota fiscal;20.858.411/0001-20;AMGS COMERCIO E REPRESENTACOES LTDA;649840;2;1;Consumo;Despesa orçamentária;2;605204;"COMPONENTE PARA PROTESES -  TIPO:   TIBIAL PRIMARIO; MATERIA-PRIMA:   METALICO CIMENTADO OU FIXACAO BIOLOGICA;";1,00 UNIDADE;2271;3010;1,0;1597,54;1597,54
2270 - FUNDACAO HOSPITALAR DO ESTADO DE MINAS GERAIS;Nota fiscal;20.858.411/0001-20;AMGS COMERCIO E REPRESENTACOES LTDA;649840;2;1;Consumo;Despesa orçamentária;3;605212;"COMPONENTE PARA PROTESES -  TIPO:   TIBIAL PRIMARIO; MATERIA-PRIMA:   POLIETILENO;";1,00 UNIDADE;2271;3010;1,0;1184,06;1184,06
2300 - DEPARTAMENTO DE ESTRADAS DE RODAGEM;Nota fiscal;33.224.254/0001-42;MGS MINAS GERAIS ADMINISTRACAO E SERVICOS S/A;704059;E;1;Serviço;Despesa orçamentária;1;66311;VALE-ALIMENTACAO - MGS;1,00 UNIDADE;2301;3705;1,0;2100,76;2100,76
1260 - SECRETARIA DE ESTADO DE EDUCACAO;Outros;33.224.254/0001-42;MGS MINAS GERAIS ADMINISTRACAO E SERVICOS S/A;705489;U;1;Serviço;Despesa orçamentária;1;155250;CARTAO CESTA BASICA - MGS;1,00 UNIDADE;1261;3705;1,0;1179,26;1179,26
1260 - SECRETARIA DE ESTADO DE EDUCACAO;Nota fiscal;49.397.537/0001-26;IMPORT TECH COMERCIO IMPORTACAO E EXPORTACAO LTDA;998;1;1;Consumo;Despesa extra orçamentária;1;1983520;"KIT DE MATERIAL ESCOLAR (DISTRIBUICAO GRATUITA) -  COMPONENTES:   1 MOCHILA ESCOLAR; COMPONENTES (2):   1 ESTOJO ESCOLAR;";UNIDADE;1261;3007;126,0;34,0;4284,0
2270 - FUNDACAO HOSPITALAR DO ESTADO DE MINAS GERAIS;Nota fiscal;33.224.254/0001-42;MGS MINAS GERAIS ADMINISTRACAO E SERVICOS S/A;705655;;1;Serviço;Despesa orçamentária;1;66311;VALE-ALIMENTACAO - MGS;1,00 UNIDADE;2271;3705;1,0;8196,43;8196,43
1510 - POLICIA CIVIL DO ESTADO DE MINAS GERAIS;Outros;07.625.772/0001-68;SPACE EMPREENDIMENTOS E PARTICIPACOES LTDA;282026;;1;Serviço;Despesa orçamentária;1;4065;LOCACAO DE IMOVEL COMERCIAL -;1,00 MES;1511;3920;1,0;50255,37;50255,37
1260 - SECRETARIA DE ESTADO DE EDUCACAO;Outros;33.224.254/0001-42;MGS MINAS GERAIS ADMINISTRACAO E SERVICOS S/A;705498;U;1;Serviço;Despesa orçamentária;1;155250;CARTAO CESTA BASICA - MGS;1,00 UNIDADE;1261;3705;1,0;181,82;181,82
1260 - SECRETARIA DE ESTADO DE EDUCACAO;Nota fiscal;49.397.537/0001-26;IMPORT TECH COMERCIO IMPORTACAO E EXPORTACAO LTDA;1502;1;1;Consumo;Despesa extra orçamentária;1;1983520;"KIT DE MATERIAL ESCOLAR (DISTRIBUICAO GRATUITA) -  COMPONENTES:   1 MOCHILA ESCOLAR; COMPONENTES (2):   1 ESTOJO ESCOLAR;";UNIDADE;1261;3007;196,0;34,0;6664,0
2300 - DEPARTAMENTO DE ESTRADAS DE RODAGEM;Nota fiscal;33.224.254/0001-42;MGS MINAS GERAIS ADMINISTRACAO E SERVICOS S/A;704061;;1;Serviço;Despesa orçamentária;1;155250;CARTAO CESTA BASICA - MGS;1,00 UNIDADE;2301;3705;1,0;545,46;545,46
1400 - CORPO DE BOMBEIROS MILITAR DE MINAS GERAIS;Nota fiscal;03.093.776/0011-63;MANUPA COMERCIO EXPORTACAO IMPORTACAO DE EQUIPAMENTOS E VEICULOS ADAPTADOS LTDA;1141;1;1;Permanente;Despesa extra orçamentária;1;1985469;"VIATURA CAMINHONETE -  CAPACIDADE DE CARGA:   MINIMA DE 1000 KG; FAIXA POTENCIA:   MAXIMA DE, NO MININO, 177 CV; COMBUSTIVEL:   DIESEL; FAIXA CILINDRADA:   CONFORME LINHA DE PRODUCAO; NUMERO DE LUGARES:   5 LUGARES; NUMERO DE PORTAS:   4 PORTAS LATERAIS; SISTEMA DE FREIO:   A DISCO RODAS DIANT.E DISCO OU TAMBOR RODAS TRAS.; SUSPENSAO:   REFORCADA E ELEVADA ORIGINAL DE FABRICA; CARROCERIA:   CABINE DUPLA; DIRECAO:   HIDRAULICA, ELETRICA OU ELETRO-HIDRAULICA; TRACAO:   4X2, 4X4 E 4X4 REDUZIDA; EQUIPAMENTO:   SINALIZADOR ACUSTICO VISUAL; SISTEMA DE COMUNICACAO:   PREDISPOSICAO PARA RADIO TRANSCEPTOR;";1,00 UNIDADE;1401;5217;1,0;279949,0;279949,0
1260 - SECRETARIA DE ESTADO DE EDUCACAO;Nota fiscal;49.397.537/0001-26;IMPORT TECH COMERCIO IMPORTACAO E EXPORTACAO LTDA;996;1;1;Consumo;Despesa extra orçamentária;1;1983520;"KIT DE MATERIAL ESCOLAR (DISTRIBUICAO GRATUITA) -  COMPONENTES:   1 MOCHILA ESCOLAR; COMPONENTES (2):   1 ESTOJO ESCOLAR;";UNIDADE;1261;3007;165,0;34,0;5610,0
2120 - INST.PREV.DOS SERV.MILITARES DO ESTADO M.GERAIS;Nota fiscal;12.163.266/0001-34;MEDICAL SAVE LOCACAO DE AMBULANCIAS LTDA;1776;NF;1;Serviço;Despesa orçamentária;1;60380;TRANSPORTE DE PACIENTE EM AMBULANCIA TIPO D, UTI MOVEL;1,00 QUILOMETRO;2121;3305;1,0;2496,2;2496,2
2270 - FUNDACAO HOSPITALAR DO ESTADO DE MINAS GERAIS;Nota fiscal;41.721.051/0001-90;TRAUMINAS DISTRIBUIDORA DE MATERIAIS CIRURGICOS HOSPITALARES LTDA;1584628;1;1;Consumo;Despesa orçamentária;1;1598864;"PROTESE -  IDENTIFICACAO:   PROTESE REVERSA DE OMBRO; MATERIA-PRIMA:   TITANIO, ACO INOX,POLIETILENO ULTRA ALTA DENSIDADE;";1,00 UNIDADE;2271;3010;1,0;33688,1;33688,1
2270 - FUNDACAO HOSPITALAR DO ESTADO DE MINAS GERAIS;Nota fiscal;33.224.254/0001-42;MGS MINAS GERAIS ADMINISTRACAO E SERVICOS S/A;705654;;1;Serviço;Despesa orçamentária;1;155250;CARTAO CESTA BASICA - MGS;1,00 UNIDADE;2271;3705;1,0;1921,82;1921,82
2370 - INSTITUTO MINEIRO DE AGROPECUARIA;Outros;33.224.254/0001-42;MGS MINAS GERAIS ADMINISTRACAO E SERVICOS S/A;703114;;1;Serviço;Despesa orçamentária;1;66311;VALE-ALIMENTACAO - MGS;1,00 UNIDADE;2371;3705;1,0;174,06;174,06
1260 - SECRETARIA DE ESTADO DE EDUCACAO;Nota fiscal;49.397.537/0001-26;IMPORT TECH COMERCIO IMPORTACAO E EXPORTACAO LTDA;1037;1;1;Consumo;Despesa extra orçamentária;1;1983520;"KIT DE MATERIAL ESCOLAR (DISTRIBUICAO GRATUITA) -  COMPONENTES:   1 MOCHILA ESCOLAR; COMPONENTES (2):   1 ESTOJO ESCOLAR;";UNIDADE;1261;3007;1049,0;34,0;35666,0
2300 - DEPARTAMENTO DE ESTRADAS DE RODAGEM;Nota fiscal;01.466.431/0001-00;GCT - GERENCIAMENTO E CONTROLE DE TRANSITO S/A;20261803;;1;Serviço;Despesa orçamentária;1;66419;SERVICO DE VIGILANCIA ELETRONICA DE TRANSITO E TRAFEGO E    TRATAMENTO DAS IMAGENS;1,00 UNIDADE;4381;3971;1,0;24595,79;24595,79
2270 - FUNDACAO HOSPITALAR DO ESTADO DE MINAS GERAIS;Nota fiscal;20.858.411/0001-20;AMGS COMERCIO E REPRESENTACOES LTDA;645578;2;1;Consumo;Despesa orçamentária;1;283398;"PARAFUSO DE FIXACAO USO MEDICO CIRURGICO -  IDENTIFICACAO:   CANULADO; MATERIA-PRIMA:   ACO INOXIDAVEL; TAMANHO:   4,5MM DE DIAMETRO;";1,00 UNIDADE;2271;3010;1,0;147,9;147,9
2270 - FUNDACAO HOSPITALAR DO ESTADO DE MINAS GERAIS;Nota fiscal;20.858.411/0001-20;AMGS COMERCIO E REPRESENTACOES LTDA;645578;2;1;Consumo;Despesa orçamentária;2;543152;"PLACA DE FIXACAO USO MEDICO CIRURGICO -  IDENTIFICACAO:   TUBULAR 1/3, PARA PARAFUSO DE 3,5MM; MATERIA-PRIMA:   ACO INOXIDAVEL;";1,00 UNIDADE;2271;3010;2,0;193,87;387,74
2350 - UNIVERSIDADE DO ESTADO DE MINAS GERAIS;Outros;33.224.254/0001-42;MGS MINAS GERAIS ADMINISTRACAO E SERVICOS S/A;2026704385;;1;Serviço;Despesa orçamentária;1;155250;CARTAO CESTA BASICA - MGS;1,00 UNIDADE;2351;3705;1,0;1546,68;1546,68
1320 - SECRETARIA DE ESTADO DA SAUDE;Outros;20.858.932/0001-87;SOCIEDADE BRASILEIRA DE MEDICINA TROPICAL;655;;2;Serviço;Despesa orçamentária;1;12653;SERVICOS DE MINISTRACAO DE CURSOS DE QUALIFICACAO E CAPACITACAO DE PESSOAL NA AREA DE SAUDE;1,00 UNIDADE;4291;3948;1,0;1150,0;1150,0
1260 - SECRETARIA DE ESTADO DE EDUCACAO;Nota fiscal;49.397.537/0001-26;IMPORT TECH COMERCIO IMPORTACAO E EXPORTACAO LTDA;1503;1;1;Consumo;Despesa extra orçamentária;1;1983520;"KIT DE MATERIAL ESCOLAR (DISTRIBUICAO GRATUITA) -  COMPONENTES:   1 MOCHILA ESCOLAR; COMPONENTES (2):   1 ESTOJO ESCOLAR;";UNIDADE;1261;3007;244,0;34,0;8296,0
1010 - ASSEMBLEIA LEGISLATIVA DO ESTADO DE MINAS GERAIS;Nota fiscal;39.310.881/0001-82;MG FLORES E EVENTOS LTDA;4422026;;1;Serviço;Despesa orçamentária;1;6327;SERVICOS DE FLORICULTURA PARA DECORACAO DE AMBIENTES.;1,00 UNIDADE;1011;3923;4,0;1015,0;4060,0
2370 - INSTITUTO MINEIRO DE AGROPECUARIA;Outros;33.224.254/0001-42;MGS MINAS GERAIS ADMINISTRACAO E SERVICOS S/A;703115;;1;Serviço;Despesa orçamentária;1;155250;CARTAO CESTA BASICA - MGS;1,00 UNIDADE;2371;3705;1,0;136,36;136,36
1250 - POLICIA MILITAR DE MINAS GERAIS;Nota fiscal;11.065.582/0001-00;B&C PRODUTOS DE LIMPEZA E EMBALAGENS LTDA -ME;146713;1;1;Consumo;Despesa orçamentária;1;1564153;"COPO DESCARTAVEL  MATERIA-PRIMA:   POLIPROPILENO; CAPACIDADE VOLUMETRICA:   200 ML; MASSA MINIMA:   1,80 G; RESISTENCIA MINIMA:   0,85 N; TAMPA:   SEM TAMPA; APRESENTACAO:   PACOTE 100 COPOS;";PACOTES;1251;3003;15,0;5,76;86,4
1260 - SECRETARIA DE ESTADO DE EDUCACAO;Nota fiscal;49.397.537/0001-26;IMPORT TECH COMERCIO IMPORTACAO E EXPORTACAO LTDA;967;1;1;Consumo;Despesa extra orçamentária;1;1983520;"KIT DE MATERIAL ESCOLAR (DISTRIBUICAO GRATUITA) -  COMPONENTES:   1 MOCHILA ESCOLAR; COMPONENTES (2):   1 ESTOJO ESCOLAR;";UNIDADE;1261;3007;326,0;34,0;11084,0
1260 - SECRETARIA DE ESTADO DE EDUCACAO;Outros;***.412.276-**;GUILHERME DE FARIA NOGUEIRA BORGES;8;;1;Serviço;Despesa orçamentária;1;4065;LOCACAO DE IMOVEL COMERCIAL -;1,00 MES;1261;3611;1,0;692,71;692,71
2270 - FUNDACAO HOSPITALAR DO ESTADO DE MINAS GERAIS;Nota fiscal;41.721.051/0001-90;TRAUMINAS DISTRIBUIDORA DE MATERIAIS CIRURGICOS HOSPITALARES LTDA;1585124;1;1;Consumo;Despesa orçamentária;1;1598864;"PROTESE -  IDENTIFICACAO:   PROTESE REVERSA DE OMBRO; MATERIA-PRIMA:   TITANIO, ACO INOX,POLIETILENO ULTRA ALTA DENSIDADE;";1,00 UNIDADE;2271;3010;1,0;33688,1;33688,1
1440 - DEFENSORIA PUBLICA DO ESTADO DE MINAS GERAIS;Outros;33.224.254/0001-42;MGS MINAS GERAIS ADMINISTRACAO E SERVICOS S/A;703664;1;1;Serviço;Despesa orçamentária;1;155250;CARTAO CESTA BASICA - MGS;1,00 UNIDADE;1441;3705;1,0;181,82;181,82
1320 - SECRETARIA DE ESTADO DA SAUDE;Nota fiscal;18.670.159/0001-89;BID COMERCIAL LTDA - ME;124;;1;Serviço;Despesa orçamentária;1;57649;SERVICO DE LAVAGEM SIMPLES EM VEICULO PESADO;1,00 UNIDADE;4291;3918;1,0;180,0;180,0
1320 - SECRETARIA DE ESTADO DA SAUDE;Nota fiscal;18.670.159/0001-89;BID COMERCIAL LTDA - ME;124;;1;Serviço;Despesa orçamentária;2;29939;SERVICO DE LAVAGEM SIMPLES EM VEICULO MEDIO;1,00 UNIDADE;4291;3918;8,0;78,0;624,0
1260 - SECRETARIA DE ESTADO DE EDUCACAO;Outros;00.981.069/0001-43;ASSOCIACAO DE PROMOCAO HUMANA DIVINA PROVIDENCIA;2026184;;1;Serviço;Despesa orçamentária;1;4065;LOCACAO DE IMOVEL COMERCIAL -;1,00 MES;1261;3920;1,0;12180,08;12180,08
2300 - DEPARTAMENTO DE ESTRADAS DE RODAGEM;Nota fiscal;01.466.431/0001-00;GCT - GERENCIAMENTO E CONTROLE DE TRANSITO S/A;20261804;;1;Serviço;Despesa orçamentária;1;66419;SERVICO DE VIGILANCIA ELETRONICA DE TRANSITO E TRAFEGO E    TRATAMENTO DAS IMAGENS;1,00 UNIDADE;4381;3971;1,0;2609,18;2609,18
1400 - CORPO DE BOMBEIROS MILITAR DE MINAS GERAIS;Nota fiscal;03.093.776/0011-63;MANUPA COMERCIO EXPORTACAO IMPORTACAO DE EQUIPAMENTOS E VEICULOS ADAPTADOS LTDA;1138;1;1;Permanente;Despesa extra orçamentária;1;1985469;"VIATURA CAMINHONETE -  CAPACIDADE DE CARGA:   MINIMA DE 1000 KG; FAIXA POTENCIA:   MAXIMA DE, NO MININO, 177 CV; COMBUSTIVEL:   DIESEL; FAIXA CILINDRADA:   CONFORME LINHA DE PRODUCAO; NUMERO DE LUGARES:   5 LUGARES; NUMERO DE PORTAS:   4 PORTAS LATERAIS; SISTEMA DE FREIO:   A DISCO RODAS DIANT.E DISCO OU TAMBOR RODAS TRAS.; SUSPENSAO:   REFORCADA E ELEVADA ORIGINAL DE FABRICA; CARROCERIA:   CABINE DUPLA; DIRECAO:   HIDRAULICA, ELETRICA OU ELETRO-HIDRAULICA; TRACAO:   4X2, 4X4 E 4X4 REDUZIDA; EQUIPAMENTO:   SINALIZADOR ACUSTICO VISUAL; SISTEMA DE COMUNICACAO:   PREDISPOSICAO PARA RADIO TRANSCEPTOR;";1,00 UNIDADE;1401;5217;1,0;279949,0;279949,0
1260 - SECRETARIA DE ESTADO DE EDUCACAO;Outros;17.511.759/0001-31;CENTRO EDUCATIVO CANDIDA CABRAL;202663;;1;Serviço;Despesa orçamentária;1;4065;LOCACAO DE IMOVEL COMERCIAL -;1,00 MES;1261;3920;1,0;27465,07;27465,07
1510 - POLICIA CIVIL DO ESTADO DE MINAS GERAIS;Nota fiscal;05.163.253/0001-08;EMPORIUM COMERCIO DE VEICULOS E EQUIPAMENTOS E SERVICOS LTDA;8957;1;1;Permanente;Despesa extra orçamentária;1;1856669;"VIATURA UTILITARIO -  NUMERO DE PORTAS:   4 PORTAS; TIPO:   UTILITARIO SUV, COM CELA; SUSPENSAO:   CONFORME LINHA DE PRODUCAO; FAIXA POTENCIA:   MINIMA DE 116 CV E MAXIMA DE 214 CV; COMBUSTIVEL:   FLEX (GASOLINA E/OU ETANOL); SISTEMA DE FREIO:   COM ABS; NUMERO DE LUGARES:   5 LUGARES; SISTEMA DE COMUNICACAO:   PREDISPOSICAO PARA RADIO TRANSCEPTOR; TRACAO:   4X2; FAIXA CILINDRADA:   MINIMA DE 997 CC E MAXIMA DE 1797 CC; DIRECAO:   HIDRAULICA, ELETRICA OU ELETRO-HIDRAULICA; EQUIPAMENTO:   SINALIZADOR, LOCALIZADOR GPS;";1,00 UNIDADE;1511;5217;1,0;183000,0;183000,0
2120 - INST.PREV.DOS SERV.MILITARES DO ESTADO M.GERAIS;Nota fiscal;12.163.266/0001-34;MEDICAL SAVE LOCACAO DE AMBULANCIAS LTDA;1775;;1;Serviço;Despesa orçamentária;1;45489;TRANSPORTE PACIENTE EM AMBULANCIA TIPO D, UTI MOVEL/NEONATO;1,00 UNIDADE;2121;3305;1,0;5559,73;5559,73
1320 - SECRETARIA DE ESTADO DA SAUDE;Nota fiscal;26.401.571/0001-21;TRES PHARMA DISTRIBUIDORA E SERVICOS LTDA ;123404;1;1;Consumo;Despesa orçamentária;1;1491253;"ACITRETINA -  PRINCIPIO ATIVO:   ACITRETINA; CONCENTRACAO/DOSAGEM:   10 MG; FORMA FARMACEUTICA:   CAPSULA GELATINOSA DURA; APRESENTACAO:   .; COMPONENTE:   .;";1,00 UNIDADE;4291;3012;44100,0;3,75;165375,0
1320 - SECRETARIA DE ESTADO DA SAUDE;Nota fiscal;26.401.571/0001-21;TRES PHARMA DISTRIBUIDORA E SERVICOS LTDA ;123404;1;1;Consumo;Despesa orçamentária;2;1491261;"ACITRETINA -  PRINCIPIO ATIVO:   ACITRETINA; CONCENTRACAO/DOSAGEM:   25 MG; FORMA FARMACEUTICA:   CAPSULA GELATINOSA DURA; APRESENTACAO:   .; COMPONENTE:   .;";1,00 UNIDADE;4291;3012;62600,0;9,87;617862,0
2270 - FUNDACAO HOSPITALAR DO ESTADO DE MINAS GERAIS;Nota fiscal;10.293.515/0001-80;EXCIMER TECNOLOGIA COMERCIO E ASSISTENCIA DE EQUIPAMENTOS MEDICOS E HOSPITALARES LTDA;2490;;1;Serviço;Despesa orçamentária;1;114570;SERVICO DE MANUTENCAO PREVENTIVA E CORRETIVA EM EQUIPAMENTOS MEDICO-HOSPITALARES, INCLUINDO O FORNECIMENTO DE PECAS;1,00 UNIDADE;2271;3921;1,0;3989,38;3989,38
1260 - SECRETARIA DE ESTADO DE EDUCACAO;Nota fiscal;49.397.537/0001-26;IMPORT TECH COMERCIO IMPORTACAO E EXPORTACAO LTDA;1505;1;1;Consumo;Despesa extra orçamentária;1;1983520;"KIT DE MATERIAL ESCOLAR (DISTRIBUICAO GRATUITA) -  COMPONENTES:   1 MOCHILA ESCOLAR; COMPONENTES (2):   1 ESTOJO ESCOLAR;";UNIDADE;1261;3007;162,0;34,0;5508,0
1320 - SECRETARIA DE ESTADO DA SAUDE;Outros;20.858.932/0001-87;SOCIEDADE BRASILEIRA DE MEDICINA TROPICAL;929;;1;Serviço;Despesa orçamentária;1;12653;SERVICOS DE MINISTRACAO DE CURSOS DE QUALIFICACAO E CAPACITACAO DE PESSOAL NA AREA DE SAUDE;1,00 UNIDADE;4291;3948;1,0;1150,0;1150,0
1030 - TRIBUNAL DE JUSTICA DO ESTADO DE MINAS GERAIS;Nota fiscal;06.911.899/0001-80;ENGEBANC CONSTRUCOES LTDA;202623;;1;Serviço;Despesa orçamentária;1;1490;SERVICOS DE CONSTRUCAO DE EDIFICACOES COMERCIAIS E/OU ADMI  NISTRATIVAS;1,00 UNIDADE;4031;5103;1,0;842819,51;842819,51
1010 - ASSEMBLEIA LEGISLATIVA DO ESTADO DE MINAS GERAIS;Nota fiscal;25.898.537/0001-41;ATRIUM EMPRESA DE VIAGENS E TURISMO LTDA - EPP;34462026;;1;Serviço;Despesa orçamentária;1;6548;SERVICOS DE AGENCIAMENTO DE VIAGENS E ATIVIDADES INERENTES.;1,00 UNIDADE;1011;3304;1,0;50178,41;50178,41
1250 - POLICIA MILITAR DE MINAS GERAIS;Nota fiscal;25.361.124/0001-23;AACP SERVICO AMBIENTAL LTDA;988;;1;Serviço;Despesa orçamentária;1;4561;SERVICOS DE CONSERVACAO E LIMPEZA PREDIAL;1,00 ANO;1251;3701;1,0;9843,14;9843,14
2260 - FUNDACAO EZEQUIEL DIAS;Nota fiscal;30.280.358/0006-90;ROCHE DIAGNOSTICA BRASIL LTDA.;851356;1;1;Consumo;Despesa orçamentária;1;1766279;"KIT PARA EXTRACAO DE ACIDOS NUCLEICOS   IDENTIFICACAO:   RNA E DNA VIRAL; PROCESSAMENTO:   AUTOMATIZADO; TECNOLOGIA:   BEADS MAGNETICAS; AMOSTRAS:   SANGUE, SORO, PLASMA E OUTROS FLUIDOS BIOLOGICOS; COMPATIBILIDADE:   SISTEMA FLOW CLASSIC (ROCHE DIAGNOSTICA); APRESENTACAO:   KIT 576 TESTES;";KIT;2261;3013;15,0;5899,12;88486,8
2120 - INST.PREV.DOS SERV.MILITARES DO ESTADO M.GERAIS;Nota fiscal;12.163.266/0001-34;MEDICAL SAVE LOCACAO DE AMBULANCIAS LTDA;1813;;1;Serviço;Despesa orçamentária;1;45489;TRANSPORTE PACIENTE EM AMBULANCIA TIPO D, UTI MOVEL/NEONATO;1,00 UNIDADE;2121;3305;1,0;1021,17;1021,17
1260 - SECRETARIA DE ESTADO DE EDUCACAO;Nota fiscal;33.224.254/0001-42;MGS MINAS GERAIS ADMINISTRACAO E SERVICOS S/A;31932;;1;Serviço;Despesa orçamentária;1;106399;ANALISTA  ESPECIALIZADO  EM INFRAESTRUTURA - 30H, 36H, 40H  OU 44H;CARGA HORARIA 40,00 HORAS POR SEMANA;1261;3704;1,7768;27091,5297;48136,23
1260 - SECRETARIA DE ESTADO DE EDUCACAO;Nota fiscal;33.224.254/0001-42;MGS MINAS GERAIS ADMINISTRACAO E SERVICOS S/A;31932;;1;Serviço;Despesa orçamentária;2;63363;MOTORISTA DE VEICULO DE SERVICO - 44H;CARGA HORARIA 44,00 HORAS POR SEMANA;1261;3704;1,9144;6466,846;12380,13
1260 - SECRETARIA DE ESTADO DE EDUCACAO;Nota fiscal;33.224.254/0001-42;MGS MINAS GERAIS ADMINISTRACAO E SERVICOS S/A;31932;;1;Serviço;Despesa orçamentária;3;63525;PORTEIRO - 30H, 40H OU 44H;CARGA HORARIA 40,00 HORAS POR SEMANA;1261;3704;1,0;5313,11;5313,11
1260 - SECRETARIA DE ESTADO DE EDUCACAO;Nota fiscal;33.224.254/0001-42;MGS MINAS GERAIS ADMINISTRACAO E SERVICOS S/A;31932;;1;Serviço;Despesa orçamentária;4;63339;SUPORTE ADMINISTRATIVO - 30H, 36H, 40H OU 44H;CARGA HORARIA 40,00 HORAS POR SEMANA;1261;3704;4,0;6545,04;26180,16
1260 - SECRETARIA DE ESTADO DE EDUCACAO;Nota fiscal;33.224.254/0001-42;MGS MINAS GERAIS ADMINISTRACAO E SERVICOS S/A;31932;;1;Serviço;Despesa orçamentária;5;63584;RECEPCIONISTA - 30H, 36H, 40H OU 44H;CARGA HORARIA 40,00 HORAS POR SEMANA;1261;3704;0,3334;7195,5608;2399,0
1320 - SECRETARIA DE ESTADO DA SAUDE;Outros;20.858.932/0001-87;SOCIEDADE BRASILEIRA DE MEDICINA TROPICAL;651;;1;Serviço;Despesa orçamentária;1;12653;SERVICOS DE MINISTRACAO DE CURSOS DE QUALIFICACAO E CAPACITACAO DE PESSOAL NA AREA DE SAUDE;1,00 UNIDADE;4291;3948;1,0;1150,0;1150,0
2350 - UNIVERSIDADE DO ESTADO DE MINAS GERAIS;Nota fiscal;33.224.254/0001-42;MGS MINAS GERAIS ADMINISTRACAO E SERVICOS S/A;202632064;;1;Serviço;Despesa orçamentária;1;66290;ACERTOS RETROATIVOS;1,00 UNIDADE;2351;3705;1,0;14,74;14,74
1190 - SECRETARIA DE ESTADO DE FAZENDA DE MINAS GERAIS;Nota fiscal;33.224.254/0001-42;MGS MINAS GERAIS ADMINISTRACAO E SERVICOS S/A;202631805;;1;Serviço;Despesa orçamentária;1;66311;VALE-ALIMENTACAO - MGS;1,00 UNIDADE;1191;3705;1,0;1237,59;1237,59
1440 - DEFENSORIA PUBLICA DO ESTADO DE MINAS GERAIS;Outros;33.224.254/0001-42;MGS MINAS GERAIS ADMINISTRACAO E SERVICOS S/A;703667;1;2;Serviço;Despesa orçamentária;1;155250;CARTAO CESTA BASICA - MGS;1,00 UNIDADE;1441;3705;1,0;181,82;181,82
1320 - SECRETARIA DE ESTADO DA SAUDE;Outros;20.858.932/0001-87;SOCIEDADE BRASILEIRA DE MEDICINA TROPICAL;712;;1;Serviço;Despesa orçamentária;1;12653;SERVICOS DE MINISTRACAO DE CURSOS DE QUALIFICACAO E CAPACITACAO DE PESSOAL NA AREA DE SAUDE;1,00 UNIDADE;4291;3948;1,0;1150,0;1150,0
2120 - INST.PREV.DOS SERV.MILITARES DO ESTADO M.GERAIS;Nota fiscal;12.163.266/0001-34;MEDICAL SAVE LOCACAO DE AMBULANCIAS LTDA;1828;;1;Serviço;Despesa orçamentária;1;45489;TRANSPORTE PACIENTE EM AMBULANCIA TIPO D, UTI MOVEL/NEONATO;1,00 QUILOMETRO;2121;3305;1,0;1248,1;1248,1
1260 - SECRETARIA DE ESTADO DE EDUCACAO;Nota fiscal;08.273.364/0001-57;TICKET GESTAO EM MANUTENCAO EZC S.A;48679316;;1;Serviço;Despesa extra orçamentária;1;30252;SERVICO DE GESTAO E MANUTENCAO PREVENTIVA E CORRETIVA DA FROTA DE VEICULOS DO ESTADO;1,00 UNIDADE;1261;3943;1,0;1654,29;1654,29
1260 - SECRETARIA DE ESTADO DE EDUCACAO;Nota fiscal;04.067.367/0001-83;ARE ENGENHARIA LTDA;36;0;1;Serviço;Despesa orçamentária;1;1015;REPARO, RESTAURACAO E RECUPERACAO DE BENS IMOVEIS;1,00 UNIDADE;1261;5103;1,0;119413,18;119413,18
1440 - DEFENSORIA PUBLICA DO ESTADO DE MINAS GERAIS;Outros;33.224.254/0001-42;MGS MINAS GERAIS ADMINISTRACAO E SERVICOS S/A;703666;1;1;Serviço;Despesa orçamentária;1;66311;VALE-ALIMENTACAO - MGS;1,00 UNIDADE;1441;3705;1,0;515,1;515,1
1500 - SECRETARIA DE ESTADO DE PLANEJAMENTO E GESTAO;Nota fiscal;16.636.540/0001-04;COMPANHIA DE TECNOLOGIA DA INFORMACAO DO ESTADO DE MINAS GERAIS-PRODEMGE;9396552;;1;Serviço;Despesa orçamentária;1;97144;DESENVOLVIMENTO E MANUTENCAO DE SISTEMAS DE INFORMACAO UTILIZANDO METODOLOGIA AGIL -;1,00 UNIDADE;1501;4009;1,0;100200,0;100200,0
1320 - SECRETARIA DE ESTADO DA SAUDE;Outros;20.858.932/0001-87;SOCIEDADE BRASILEIRA DE MEDICINA TROPICAL;706;;1;Serviço;Despesa orçamentária;1;12653;SERVICOS DE MINISTRACAO DE CURSOS DE QUALIFICACAO E CAPACITACAO DE PESSOAL NA AREA DE SAUDE;1,00 UNIDADE;4291;3948;1,0;1150,0;1150,0
2120 - INST.PREV.DOS SERV.MILITARES DO ESTADO M.GERAIS;Nota fiscal;12.163.266/0001-34;MEDICAL SAVE LOCACAO DE AMBULANCIAS LTDA;1814;;1;Serviço;Despesa orçamentária;1;45489;TRANSPORTE PACIENTE EM AMBULANCIA TIPO D, UTI MOVEL/NEONATO;1,00 UNIDADE;2121;3305;1,0;1021,17;1021,17
1250 - POLICIA MILITAR DE MINAS GERAIS;Nota fiscal;16.955.645/0001-18;TATICA SOLUCOES EM SERVICOS LTDA;36;;2;Serviço;Despesa orçamentária;1;4561;SERVICOS DE CONSERVACAO E LIMPEZA PREDIAL;1,00 ANO;1251;3701;1,0;4103,86;4103,86
1320 - SECRETARIA DE ESTADO DA SAUDE;Outros;20.858.932/0001-87;SOCIEDADE BRASILEIRA DE MEDICINA TROPICAL;669;;1;Serviço;Despesa orçamentária;1;12653;SERVICOS DE MINISTRACAO DE CURSOS DE QUALIFICACAO E CAPACITACAO DE PESSOAL NA AREA DE SAUDE;1,00 UNIDADE;4291;3948;1,0;1150,0;1150,0
1440 - DEFENSORIA PUBLICA DO ESTADO DE MINAS GERAIS;Outros;33.224.254/0001-42;MGS MINAS GERAIS ADMINISTRACAO E SERVICOS S/A;703665;1;1;Serviço;Despesa orçamentária;1;66311;VALE-ALIMENTACAO - MGS;1,00 UNIDADE;1441;3705;1,0;515,1;515,1
2100 - INSTITUTO ESTADUAL DE FLORESTAS-IEF;Outros;33.224.254/0001-42;MGS MINAS GERAIS ADMINISTRACAO E SERVICOS S/A;703964;1;1;Serviço;Despesa orçamentária;1;66311;VALE-ALIMENTACAO - MGS;1,00 UNIDADE;2101;3705;1,0;1914,08;1914,08
2100 - INSTITUTO ESTADUAL DE FLORESTAS-IEF;Outros;33.224.254/0001-42;MGS MINAS GERAIS ADMINISTRACAO E SERVICOS S/A;703964;1;1;Serviço;Despesa orçamentária;2;66311;VALE-ALIMENTACAO - MGS;1,00 UNIDADE;2101;3705;1,0;3762,48;3762,48
1510 - POLICIA CIVIL DO ESTADO DE MINAS GERAIS;Outros;***.096.066-**;MARINA CABRAL FERREIRA;82026;;1;Serviço;Despesa orçamentária;1;4057;LOCACAO DE IMOVEL RESIDENCIAL -;1,00 MES;1511;3611;1,0;3117,36;3117,36
1250 - POLICIA MILITAR DE MINAS GERAIS;Nota fiscal;35.486.631/0001-47;GLAUBER LUCIANO DE ALMEIDA 09157416605;367;;1;Serviço;Despesa orçamentária;1;2933;MANUTENCAO E REPARO EM VEICULOS DIVERSOS  DE DUAS OU TRES RODAS;HORA;1251;3918;1,9596;159,9867;313,51
1260 - SECRETARIA DE ESTADO DE EDUCACAO;Outros;***.965.306-**;CYRENE AMARAL COIMBRA;8;;1;Serviço;Despesa orçamentária;1;4065;LOCACAO DE IMOVEL COMERCIAL -;1,00 MES;1261;3611;1,0;772,66;772,66
2120 - INST.PREV.DOS SERV.MILITARES DO ESTADO M.GERAIS;Nota fiscal;12.163.266/0001-34;MEDICAL SAVE LOCACAO DE AMBULANCIAS LTDA;1797;;1;Serviço;Despesa orçamentária;1;60380;TRANSPORTE DE PACIENTE EM AMBULANCIA TIPO D, UTI MOVEL;1,00 QUILOMETRO;2121;3305;1,0;2477,48;2477,48
1500 - SECRETARIA DE ESTADO DE PLANEJAMENTO E GESTAO;Nota fiscal;16.636.540/0001-04;COMPANHIA DE TECNOLOGIA DA INFORMACAO DO ESTADO DE MINAS GERAIS-PRODEMGE;7117;;1;Serviço;Despesa orçamentária;1;97144;DESENVOLVIMENTO E MANUTENCAO DE SISTEMAS DE INFORMACAO UTILIZANDO METODOLOGIA AGIL -;1,00 UNIDADE;1501;4009;1,0;257180,0;257180,0
1320 - SECRETARIA DE ESTADO DA SAUDE;Nota fiscal;25.031.668/0001-27;SAMEH SOLUCOES HOSPITALARES LTDA;143107;1;1;Consumo;Despesa orçamentária;1;1491636;"HIDROXIUREIA -  PRINCIPIO ATIVO:   HIDROXIUREIA; CONCENTRACAO/DOSAGEM:   500 MG; FORMA FARMACEUTICA:   CAPSULA GELATINOSA DURA; APRESENTACAO:   .; COMPONENTE:   .;";1,00 UNIDADE;4291;3012;100000,0;0,759;75900,0
1080 - ADVOCACIA-GERAL DO ESTADO DE MINAS GERAIS;Outros;28.196.889/0001-43;BRASILSEG COMPANHIA DE SEGUROS;823986731;;1;Serviço;Despesa orçamentária;1;4855;SERVICOS DE SEGUROS PESSOAIS, PARA ESTAGIARIOS;1,00 UNIDADE;1081;3910;1,0;19,04;19,04
1320 - SECRETARIA DE ESTADO DA SAUDE;Nota fiscal;65.434.585/0001-01;CICCI DISTRIBUIDORA LTDA;112;;1;Consumo;Despesa orçamentária;1;1695819;"VASSOURA -   COMPRIMENTO CABO:   1,50 M; MATERIAL CABO:   MADEIRA REVESTIDO PLASTICO; LARGURA BASE:   NUMERO 5, MINIMO 13 CM DE BASE; TIPO DAS CERDAS:   PIACAVA NATURAL; MATERIAL BASE:   MADEIRA; ALTURA DAS CERDAS:   NAO APLICAVEL; TIPO DO CABO:   ROSQUEAVEL;";1,00 UNIDADE;4291;3017;5,0;20,39;101,95
1320 - SECRETARIA DE ESTADO DA SAUDE;Nota fiscal;65.434.585/0001-01;CICCI DISTRIBUIDORA LTDA;112;;1;Consumo;Despesa orçamentária;2;620378;"DESODORIZADOR DE AMBIENTES -  APRESENTACAO:   AEROSOL; ESSENCIA:   FLORAL;";1,00 UNIDADE;4291;3017;80,0;16,99;1359,2
1320 - SECRETARIA DE ESTADO DA SAUDE;Nota fiscal;65.434.585/0001-01;CICCI DISTRIBUIDORA LTDA;112;;1;Consumo;Despesa orçamentária;3;1686372;"PAPEL TOALHA -  FOLHA:   SIMPLES; COMPOSICAO:   100% CELULOSE VIRGEM, BRANCA; TIPO:   INTERFOLHADO, 2 DOBRAS; DIMENSOES (L X C ):   23 CM X 23 CM; ACABAMENTO:   LISO; APRESENTACAO:   EMBALAGEM 1.250 FOLHAS;";EMBALAGEM;4291;3017;200,0;14,47;2894,0
1320 - SECRETARIA DE ESTADO DA SAUDE;Nota fiscal;65.434.585/0001-01;CICCI DISTRIBUIDORA LTDA;112;;1;Consumo;Despesa orçamentária;4;1693239;"VASSOURA -   TIPO DAS CERDAS:   PELO NATURAL; COMPRIMENTO CABO:   1,20 M; LARGURA BASE:   60 CM; MATERIAL BASE:   MADEIRA; MATERIAL CABO:   MADEIRA REVESTIDO PLASTICO; ALTURA DAS CERDAS:   8 CM; TIPO DO CABO:   NAO ROSQUEAVEL;";1,00 UNIDADE;4291;3017;5,0;40,79;203,95
1320 - SECRETARIA DE ESTADO DA SAUDE;Nota fiscal;65.434.585/0001-01;CICCI DISTRIBUIDORA LTDA;112;;1;Consumo;Despesa orçamentária;5;1692216;"SABONETE LIQUIDO -   INDICACAO:   HIGIENIZACAO DA PELE; BASE DO PRODUTO:   NAO PEROLADA; ASPECTO:   ESPUMA LIQUIDA; PH:   FISIOLOGICO; COMPOSICAO:   AGENTES HIDRATANTES E EMOLIENTES; FRAGRANCIA:   FRAGRANCIA SUAVE HIPOALERGENICA; APRESENTACAO:   REFIL 800 ML;";REFIL;4291;3017;25,0;10,2;255,0
1320 - SECRETARIA DE ESTADO DA SAUDE;Nota fiscal;65.434.585/0001-01;CICCI DISTRIBUIDORA LTDA;112;;1;Consumo;Despesa orçamentária;6;1013254;"RODO -  BASE:   METAL, COM DUAS BORRACHAS; DIMENSAO BASE:   55 CM; CABO:   MADEIRA, REVESTIDO EM PLASTICO, DE 160 CM;";1,00 UNIDADE;4291;3017;5,0;25,46;127,3
1320 - SECRETARIA DE ESTADO DA SAUDE;Nota fiscal;65.434.585/0001-01;CICCI DISTRIBUIDORA LTDA;112;;1;Consumo;Despesa orçamentária;7;1152947;"ESPONJA SINTETICA PARA LIMPEZA -  MATERIA-PRIMA:   UMA FACE DE POLIURETANO E OUTRA ABRASIVA; TIPO:   DUPLA FACE; FORMATO:   RETANGULAR (7,5CM LARG X 11CM COMP X 2,5CM ALT).;";1,00 UNIDADE;4291;3017;40,0;0,77;30,8
1320 - SECRETARIA DE ESTADO DA SAUDE;Nota fiscal;65.434.585/0001-01;CICCI DISTRIBUIDORA LTDA;112;;1;Consumo;Despesa orçamentária;8;1686275;"PAPEL HIGIENICO -   FOLHA:   DUPLA; COMPOSICAO:   100% CELULOSE VIRGEM, BRANCO; TIPO:   ROLAO; ACABAMENTO:   SEM PICOTE, LISO; FRAGRANCIA:   NEUTRO; APRESENTACAO:   ROLO 300 M; DIAMETRO DO TUBETE:   CONFORME SOLICITADO PELO ORGAO/ENTIDADE;";ROLO;4291;3017;240,0;6,08;1459,2
2010 - INST.DE PREVIDENCIA DOS SERVIDORES DO EST.M.GERAIS;Nota fiscal;51.780.468/0002-68;JANSSEN-CILAG FARMACEUTICA LTDA;344048;1;1;Consumo;Despesa orçamentária;1;1951939;"IBRUTINIBE -  COMPONENTE:   .; PRINCIPIO ATIVO:   IBRUTINIBE; CONCENTRACAO/DOSAGEM:   140 MG; FORMA FARMACEUTICA:   COMPRIMIDO REVESTIDO; APRESENTACAO:   .;";1,00 UNIDADE;2011;3012;780,0;375,49;292882,2
1400 - CORPO DE BOMBEIROS MILITAR DE MINAS GERAIS;Nota fiscal;03.093.776/0011-63;MANUPA COMERCIO EXPORTACAO IMPORTACAO DE EQUIPAMENTOS E VEICULOS ADAPTADOS LTDA;1143;1;1;Permanente;Despesa extra orçamentária;1;1985469;"VIATURA CAMINHONETE -  CAPACIDADE DE CARGA:   MINIMA DE 1000 KG; FAIXA POTENCIA:   MAXIMA DE, NO MININO, 177 CV; COMBUSTIVEL:   DIESEL; FAIXA CILINDRADA:   CONFORME LINHA DE PRODUCAO; NUMERO DE LUGARES:   5 LUGARES; NUMERO DE PORTAS:   4 PORTAS LATERAIS; SISTEMA DE FREIO:   A DISCO RODAS DIANT.E DISCO OU TAMBOR RODAS TRAS.; SUSPENSAO:   REFORCADA E ELEVADA ORIGINAL DE FABRICA; CARROCERIA:   CABINE DUPLA; DIRECAO:   HIDRAULICA, ELETRICA OU ELETRO-HIDRAULICA; TRACAO:   4X2, 4X4 E 4X4 REDUZIDA; EQUIPAMENTO:   SINALIZADOR ACUSTICO VISUAL; SISTEMA DE COMUNICACAO:   PREDISPOSICAO PARA RADIO TRANSCEPTOR;";1,00 UNIDADE;1401;5217;1,0;279949,0;279949,0
2270 - FUNDACAO HOSPITALAR DO ESTADO DE MINAS GERAIS;Nota fiscal;27.187.758/0001-37;BML HOSPITALAR LTDA;32164;1;1;Consumo;Despesa orçamentária;1;586846;"PINOS DE FIXACAO USO MEDICO CIRURGICO -  IDENTIFICACAO:   DE KIRSCHNER; MEDIDAS:   30CM/DIAMETROS DIVERSOS; FINALIDADE:   CURURGIA ORTOPEDICA;";1,00 UNIDADE;2271;3010;80,0;14,9232;1193,86
1260 - SECRETARIA DE ESTADO DE EDUCACAO;Nota fiscal;33.629.177/0001-00;MG SERVICE COMPUTADORES E INFORMATICA LTDA;784;1;1;Consumo;Despesa orçamentária;1;1540181;"FONTE DE ALIMENTACAO EQUIPAMENTO DE INFORMATICA -  EQUIPAMENTO:   COMPUTADOR DESKTOP; TIPO:   INTERNA ATX12V; TENSAO DE ENTRADA:   110-220V AC; TENSAO DE SAIDA:   CONFORME PADRAO ATX12V; FREQUENCIA:   50-60HZ; POTENCIA:   500 WATTS; ACESSORIOS:   CABO DE ENERGIA;";1,00 UNIDADE;1261;3016;5,0;78,0;390,0
2300 - DEPARTAMENTO DE ESTRADAS DE RODAGEM;Nota fiscal;02.351.006/0006-43;GRECA DISTRIBUIDORA DE ASFALTOS LTDA.;202628105;;1;Consumo;Despesa orçamentária;1;1453300;"ASFALTO -  MATERIA-PRIMA:   CIMENTO ASFALTICO MODIFICADO POR BORRACHA; IDENTIFICACAO:   AB-8;";TONELADA;2301;5112;13,8428;5487,751;75965,84
1250 - POLICIA MILITAR DE MINAS GERAIS;Nota fiscal;35.486.631/0001-47;GLAUBER LUCIANO DE ALMEIDA 09157416605;368;;1;Serviço;Despesa orçamentária;1;2933;MANUTENCAO E REPARO EM VEICULOS DIVERSOS  DE DUAS OU TRES RODAS;HORA;1251;3918;3,6762;159,9831;588,13
1020 - TRIBUNAL DE CONTAS DO ESTADO DE MINAS GERAIS;Outros;76.535.764/0001-43;OI S.A. - EM RECUPERACAO JUDICIAL;34135;;1;Serviço;Despesa orçamentária;1;28975;SERVICOS DA REDE IP MULTISSERVICOS.;1,00 UNIDADE;1021;4005;1,0;1150,8;1150,8
2270 - FUNDACAO HOSPITALAR DO ESTADO DE MINAS GERAIS;Nota fiscal;33.224.254/0001-42;MGS MINAS GERAIS ADMINISTRACAO E SERVICOS S/A;31774;A;1;Serviço;Despesa orçamentária;1;66311;VALE-ALIMENTACAO - MGS;1,00 UNIDADE;2271;3705;1,0;31894,57;31894,57
1090 - PROCURADORIA GERAL DE JUSTICA;Nota fiscal;34.274.233/0025-71;VIBRA ENERGIA S.A;4977353;0;1;Consumo;Despesa orçamentária;1;1325876;"OLEO DIESEL COMBUSTIVEL AUTOMOTIVO -  TIPO:   S10 (MENOS ENXOFRE);";1,00 LITRO;1091;3026;5000,0;4,3962;21981,0
1320 - SECRETARIA DE ESTADO DA SAUDE;Nota fiscal;07.432.517/0001-07;SIMPRESS COMERCIO LOCACAO E SERVICOS LTDA;454656;1;1;Serviço;Despesa orçamentária;1;89800;IMPRESSAO COLORIDA FORMATO A4 - (OUTSOURCING), PAPEL NAO INCLUSO;1,00 UNIDADE;4291;3919;235,0;0,14;32,9
1320 - SECRETARIA DE ESTADO DA SAUDE;Nota fiscal;07.432.517/0001-07;SIMPRESS COMERCIO LOCACAO E SERVICOS LTDA;454656;1;1;Serviço;Despesa orçamentária;2;89796;IMPRESSAO/COPIA MONOCROMATICA FORMATO A4 - (OUTSOURCING), PAPEL NAO INCLUSO;1,00 UNIDADE;4291;3919;9334,0;0,02;186,68
2120 - INST.PREV.DOS SERV.MILITARES DO ESTADO M.GERAIS;Nota fiscal;12.163.266/0001-34;MEDICAL SAVE LOCACAO DE AMBULANCIAS LTDA;1793;;1;Serviço;Despesa orçamentária;1;60380;TRANSPORTE DE PACIENTE EM AMBULANCIA TIPO D, UTI MOVEL;1,00 QUILOMETRO;2121;3305;1,0;2496,2;2496,2
1400 - CORPO DE BOMBEIROS MILITAR DE MINAS GERAIS;Nota fiscal;14.409.020/0001-25;WELBERTON HELTON DE OLIVEIRA LTDA;2103;;1;Serviço;Despesa orçamentária;1;25607;MANUTENCAO E REPARO EM VEICULOS PESADOS;HORA;1401;3918;3,25;148,5015;482,63
1010 - ASSEMBLEIA LEGISLATIVA DO ESTADO DE MINAS GERAIS;Nota fiscal;11.312.296/0001-00;AGILE EMPREENDIMENTOS E SERVICOS LTDA;7622026;;1;Serviço;Despesa orçamentária;1;4626;SERVICOS DE APOIO EM ATIVIDADES ADMINISTRATIVAS;1,00 UNIDADE;1011;3702;1,0;185879,44;185879,44
1320 - SECRETARIA DE ESTADO DA SAUDE;Nota fiscal;13.471.232/0001-70;FREITAS & FRANCISCO COMERCIO DE PRODUTOS NUTRICIONAIS LTDA - EPP;33808;1;1;Consumo;Despesa orçamentária;1;1647237;"DIETA ENTERAL -  IDENTIFICACAO:   HIPERCALORICA E NORMOPROTEICA EM SISTEMA ABERTO; DENSIDADE CALORICA:   HIPERCALORICA MAIOR OU IGUAL A 1.5 KCAL/ML; DENSIDADE PROTEICA:   NORMOPROTEICA; FONTE PROTEICA:   MAIOR OU IGUAL 50% PROTEINAS ALTO VALOR BIOLOGICO; TIPO DE PROTEINA:   POLIMERICA; FIBRAS:   COM FIBRAS; CARACTERISTICA ESPECIAL:   ISENTA; ARGININA:   ISENTA; IMUNOMODULADOR:   ISENTA; SACAROSE:   ISENTA; LACTOSE:   ATE 100 MG/100 ML; ASPECTO FISICO:   LIQUIDO HOMOGENEO; SISTEMA:   ABERTO;";MILILITRO;4291;3008;38000,0;0,0208;790,4
1260 - SECRETARIA DE ESTADO DE EDUCACAO;Outros;***.706.466-**;MARIA AUGUSTA BERGAMO GONCALVES;8;;1;Serviço;Despesa orçamentária;1;4065;LOCACAO DE IMOVEL COMERCIAL -;1,00 MES;1261;3611;1,0;615,98;615,98
1010 - ASSEMBLEIA LEGISLATIVA DO ESTADO DE MINAS GERAIS;Nota fiscal;25.898.537/0001-41;ATRIUM EMPRESA DE VIAGENS E TURISMO LTDA - EPP;35832026;;1;Serviço;Despesa orçamentária;1;6548;SERVICOS DE AGENCIAMENTO DE VIAGENS E ATIVIDADES INERENTES.;1,00 UNIDADE;1011;3304;1,0;1126,39;1126,39
1260 - SECRETARIA DE ESTADO DE EDUCACAO;Outros;33.224.254/0001-42;MGS MINAS GERAIS ADMINISTRACAO E SERVICOS S/A;705476;;1;Serviço;Despesa orçamentária;1;66311;VALE-ALIMENTACAO - MGS;1,00 UNIDADE;1261;3705;1,0;4915,29;4915,29
1250 - POLICIA MILITAR DE MINAS GERAIS;Nota fiscal;55.502.162/0001-10;IMPERIAL PROJETOS E SERVICOS LTDA;11;;1;Serviço;Despesa orçamentária;1;6190;SERVICOS DE SERRALHERIA.;1,00 UNIDADE;1251;3922;1,0;3975,21;3975,21
2120 - INST.PREV.DOS SERV.MILITARES DO ESTADO M.GERAIS;Nota fiscal;12.163.266/0001-34;MEDICAL SAVE LOCACAO DE AMBULANCIAS LTDA;1794;;1;Serviço;Despesa orçamentária;1;60380;TRANSPORTE DE PACIENTE EM AMBULANCIA TIPO D, UTI MOVEL;1,00 UNIDADE;2121;3305;1,0;2496,2;2496,2
1500 - SECRETARIA DE ESTADO DE PLANEJAMENTO E GESTAO;Nota fiscal;01.017.250/0001-05;VOETUR TURISMO E REPRESENTACOES LTDA;1364287;;1;Serviço;Despesa orçamentária;1;133280;PASSAGEM AEREA E / OU RODOVIARIA (BILHETE);1,00 UNIDADE;1501;3304;1,0;854,71;854,71
1500 - SECRETARIA DE ESTADO DE PLANEJAMENTO E GESTAO;Nota fiscal;01.017.250/0001-05;VOETUR TURISMO E REPRESENTACOES LTDA;1364287;;1;Serviço;Despesa orçamentária;2;133272;EMISSAO,REMARCACAO OU ALTERACAO PASSAGEM AEREA E RODOVIARIA, VIA TELEFONE OU SISTEMA INFORMATIZADO (TAXA POR TRANSACAO);1,00 UNIDADE;1501;3304;1,0;75,0;75,0
1370 - SECRETARIA ESTADO DE MEIO AMB.DESENV SUSTENTAVEL;Nota fiscal;33.224.254/0001-42;MGS MINAS GERAIS ADMINISTRACAO E SERVICOS S/A;31930;3;1;Serviço;Despesa orçamentária;1;63339;SUPORTE ADMINISTRATIVO - 30H, 36H, 40H OU 44H;CARGA HORARIA 40,00 HORAS POR SEMANA;4341;3704;1,0;6545,04;6545,04
1320 - SECRETARIA DE ESTADO DA SAUDE;Nota fiscal;49.324.221/0001-04;FRESENIUS KABI BRASIL LTDA.;1944528;;1;Consumo;Despesa orçamentária;1;1645811;"DIETA ENTERAL -  IDENTIFICACAO:   HIPERCALORICA-NORMOPROTEICA EM SISTEMA FECHADO; DENSIDADE CALORICA:   HIPERCALORICA IGUAL OU MAIOR A 1,5 KCAL/ML; DENSIDADE PROTEICA:   NORMOPROTEICA; FONTE PROTEICA:   MAIOR OU IGUAL 50% PROTEINAS ALTO VALOR BIOLOGICO; TIPO DE PROTEINA:   POLIMERICA; FIBRAS:   SEM RESTRICAO; CARACTERISTICA ESPECIAL:   ISENTA; ARGININA:   ISENTA; IMUNOMODULADOR:   ISENTA; SACAROSE:   ISENTA; LACTOSE:   ATE 100 MG/100 ML; ASPECTO FISICO:   LIQUIDO HOMOGENEO; SISTEMA:   FECHADO;";MILILITRO;4291;3008;300000,0;0,0255;7650,0
2120 - INST.PREV.DOS SERV.MILITARES DO ESTADO M.GERAIS;Nota fiscal;12.163.266/0001-34;MEDICAL SAVE LOCACAO DE AMBULANCIAS LTDA;1795;;1;Serviço;Despesa orçamentária;1;60380;TRANSPORTE DE PACIENTE EM AMBULANCIA TIPO D, UTI MOVEL;1,00 UNIDADE;2121;3305;1,0;2496,2;2496,2
1030 - TRIBUNAL DE JUSTICA DO ESTADO DE MINAS GERAIS;Nota fiscal;41.769.803/0001-92;EDITORA FORUM LTDA ;143496;;1;Serviço;Despesa orçamentária;1;64742;ACESSO ONLINE A BASE DE DADOS ELETRONICO OU DIGITAL DO ACER VO DE EDITORAS;1,00 UNIDADE;4031;3911;1,0;16709,53;16709,53
1030 - TRIBUNAL DE JUSTICA DO ESTADO DE MINAS GERAIS;Nota fiscal;28.309.420/0001-73;ESTRELA GERADORES & ENERGIA ELETRICA LTDA - EPP;2026583;;1;Serviço;Despesa orçamentária;1;11924;MANUTENCAO E REPAROS EM SISTEMA DE GERACAO ELETRICA DE  EMERGENCIA;1,00 UNIDADE;4031;3921;1,0;9808,2;9808,2
2120 - INST.PREV.DOS SERV.MILITARES DO ESTADO M.GERAIS;Nota fiscal;12.163.266/0001-34;MEDICAL SAVE LOCACAO DE AMBULANCIAS LTDA;1796;;1;Serviço;Despesa orçamentária;1;60380;TRANSPORTE DE PACIENTE EM AMBULANCIA TIPO D, UTI MOVEL;1,00 UNIDADE;2121;3305;1,0;2496,2;2496,2
1250 - POLICIA MILITAR DE MINAS GERAIS;Nota fiscal;04.353.937/0001-00;CASA DAS PECAS SERVICOS LTDA;9194;1;1;Serviço;Despesa orçamentária;1;25593;MANUTENCAO E REPARO EM VEICULOS LEVES;HORA;1251;3918;7,3954;114,0005;843,08
2120 - INST.PREV.DOS SERV.MILITARES DO ESTADO M.GERAIS;Nota fiscal;12.163.266/0001-34;MEDICAL SAVE LOCACAO DE AMBULANCIAS LTDA;1827;;1;Serviço;Despesa orçamentária;1;45489;TRANSPORTE PACIENTE EM AMBULANCIA TIPO D, UTI MOVEL/NEONATO;1,00 UNIDADE;2121;3305;1,0;975,22;975,22
1030 - TRIBUNAL DE JUSTICA DO ESTADO DE MINAS GERAIS;Nota fiscal;28.309.420/0001-73;ESTRELA GERADORES & ENERGIA ELETRICA LTDA - EPP;2026769;;1;Serviço;Despesa orçamentária;1;11924;MANUTENCAO E REPAROS EM SISTEMA DE GERACAO ELETRICA DE  EMERGENCIA;1,00 UNIDADE;4031;3921;1,0;8163,54;8163,54
2270 - FUNDACAO HOSPITALAR DO ESTADO DE MINAS GERAIS;Nota fiscal;37.513.162/0001-33;WATT CONSTRUTORA LTDA;872026;;1;Serviço;Despesa orçamentária;1;1015;REPARO, RESTAURACAO E RECUPERACAO DE BENS IMOVEIS;1,00 UNIDADE;2271;3922;1,0;718261,75;718261,75
2300 - DEPARTAMENTO DE ESTRADAS DE RODAGEM;Nota fiscal;07.526.112/0001-20;BLOCK ALERT SISTEMAS DE SEGURANCA LTDA -ME;2969;;1;Serviço;Despesa orçamentária;1;104639;INSTALACAO E MONTAGEM DE EQUIPAMENTOS DE SEGURANCA ELETROELETRONICA CFTV, ALARME OU DETECTORES DE METAL;1,00 UNIDADE;2301;3921;1,0;789,0;789,0
2120 - INST.PREV.DOS SERV.MILITARES DO ESTADO M.GERAIS;Nota fiscal;12.163.266/0001-34;MEDICAL SAVE LOCACAO DE AMBULANCIAS LTDA;1804;;1;Serviço;Despesa orçamentária;1;60380;TRANSPORTE DE PACIENTE EM AMBULANCIA TIPO D, UTI MOVEL;1,00 QUILOMETRO;2121;3305;1,0;2446,28;2446,28
1450 - SECRETARIA DE ESTADO DE JUSTICA E SEGURANCA PUBLIC;Nota fiscal;21.641.059/0001-39;DISTRIBUIDORA PERES & ARAUJO LTDA - ME;3054;1;1;Permanente;Despesa orçamentária;1;1935305;"FRITADEIRA SEM OLEO (AIR FRYER) -  VOLTAGEM:   110 V; CAPACIDADE TOTAL:   MINIMO 5 LITROS; TIMER:   MINIMO 30 MINUTOS; MODELO:   CONVENCIONAL; POTENCIA:   1500 W; PAINEL:   ANALOGICO;";1,00 UNIDADE;1451;5225;1,0;322,0;322,0
2010 - INST.DE PREVIDENCIA DOS SERVIDORES DO EST.M.GERAIS;Nota fiscal;12.420.164/0005-80;CM HOSPITALAR S.A.;655603;1;1;Consumo;Despesa orçamentária;1;1735349;"CABOZANTINIBE -  PRINCIPIO ATIVO:   CABOZANTINIBE; CONCENTRACAO/DOSAGEM:   60 MG; FORMA FARMACEUTICA:   COMPRIMIDO REVESTIDO; APRESENTACAO:   .; COMPONENTE:   .;";1,00 UNIDADE;2011;3012;60,0;1245,68;74740,8
1260 - SECRETARIA DE ESTADO DE EDUCACAO;Nota fiscal;08.357.549/0001-40;GOULART E GONCALVES LTDA;202607;P5;1;Serviço;Despesa orçamentária;1;109460;CURSO TECNICO PROFISSIONALIZANTE  EM ATENDIMENTO AO PROGRAMA TRILHAS DE FUTURO ;UNIDADE;1261;3949;1,0;22100,0;22100,0
1320 - SECRETARIA DE ESTADO DA SAUDE;Nota fiscal;26.401.571/0001-21;TRES PHARMA DISTRIBUIDORA E SERVICOS LTDA ;123285;1;1;Consumo;Despesa orçamentária;1;1492012;"BOSENTANA -  PRINCIPIO ATIVO:   BOSENTANA; CONCENTRACAO/DOSAGEM:   125 MG; FORMA FARMACEUTICA:   COMPRIMIDO REVESTIDO; APRESENTACAO:   .; COMPONENTE:   .;";1,00 UNIDADE;4291;3012;6000,0;2,6;15600,0
1250 - POLICIA MILITAR DE MINAS GERAIS;Nota fiscal;04.353.937/0001-00;CASA DAS PECAS SERVICOS LTDA;9192;1;1;Serviço;Despesa orçamentária;1;25593;MANUTENCAO E REPARO EM VEICULOS LEVES;HORA;1251;3918;27,467;114,0;3131,24
1250 - POLICIA MILITAR DE MINAS GERAIS;Nota fiscal;04.353.937/0001-00;CASA DAS PECAS SERVICOS LTDA;348;;1;Serviço;Despesa orçamentária;1;25593;MANUTENCAO E REPARO EM VEICULOS LEVES;HORA;1251;3918;4,25;114,0;484,5
2100 - INSTITUTO ESTADUAL DE FLORESTAS-IEF;Outros;33.224.254/0001-42;MGS MINAS GERAIS ADMINISTRACAO E SERVICOS S/A;703962;1;1;Serviço;Despesa orçamentária;1;155250;CARTAO CESTA BASICA - MGS;1,00 UNIDADE;2101;3705;1,0;1356,77;1356,77
2100 - INSTITUTO ESTADUAL DE FLORESTAS-IEF;Outros;33.224.254/0001-42;MGS MINAS GERAIS ADMINISTRACAO E SERVICOS S/A;703962;1;1;Serviço;Despesa orçamentária;2;155250;CARTAO CESTA BASICA - MGS;1,00 UNIDADE;2101;3705;1,0;719,01;719,01
1250 - POLICIA MILITAR DE MINAS GERAIS;Nota fiscal;04.353.937/0001-00;CASA DAS PECAS SERVICOS LTDA;349;;1;Serviço;Despesa orçamentária;1;25593;MANUTENCAO E REPARO EM VEICULOS LEVES;HORA;1251;3918;5,1;114,0;581,4
2120 - INST.PREV.DOS SERV.MILITARES DO ESTADO M.GERAIS;Nota fiscal;12.163.266/0001-34;MEDICAL SAVE LOCACAO DE AMBULANCIAS LTDA;1792;;1;Serviço;Despesa orçamentária;1;60380;TRANSPORTE DE PACIENTE EM AMBULANCIA TIPO D, UTI MOVEL;1,00 QUILOMETRO;2121;3305;1,0;2496,2;2496,2
2100 - INSTITUTO ESTADUAL DE FLORESTAS-IEF;Nota fiscal;33.224.254/0001-42;MGS MINAS GERAIS ADMINISTRACAO E SERVICOS S/A;202600000030129;1;1;Serviço;Despesa orçamentária;1;64483;ADICIONAL INSALUBRIDADE 40%;1,00 UNIDADE;2101;3705;1,0;2874,76;2874,76
2100 - INSTITUTO ESTADUAL DE FLORESTAS-IEF;Nota fiscal;33.224.254/0001-42;MGS MINAS GERAIS ADMINISTRACAO E SERVICOS S/A;202600000030129;1;1;Serviço;Despesa orçamentária;2;106089;AUXILIAR DE LIMPEZA - 22H, 30H, 36H, 40H OU 44H;CARGA HORARIA 44,00 HORAS POR SEMANA;2101;3703;2,0;4528,67;9057,34
2100 - INSTITUTO ESTADUAL DE FLORESTAS-IEF;Nota fiscal;33.224.254/0001-42;MGS MINAS GERAIS ADMINISTRACAO E SERVICOS S/A;202600000030129;1;1;Serviço;Despesa orçamentária;3;64416;PORTEIRO - 12X36 DIURNO - 44H;CARGA HORARIA 44,00 HORAS POR SEMANA;2101;3704;2,0;6258,43;12516,86
2100 - INSTITUTO ESTADUAL DE FLORESTAS-IEF;Nota fiscal;33.224.254/0001-42;MGS MINAS GERAIS ADMINISTRACAO E SERVICOS S/A;202600000030129;1;1;Serviço;Despesa orçamentária;4;63975;PORTEIRO - 12X36 NOTURNO - 44H;CARGA HORARIA 44,00 HORAS POR SEMANA;2101;3704;1,9334;7643,6381;14778,21
1250 - POLICIA MILITAR DE MINAS GERAIS;Nota fiscal;04.353.937/0001-00;CASA DAS PECAS SERVICOS LTDA;9193;1;1;Serviço;Despesa orçamentária;1;25593;MANUTENCAO E REPARO EM VEICULOS LEVES;HORA;1251;3918;16,1773;114,0004;1844,22
1260 - SECRETARIA DE ESTADO DE EDUCACAO;Nota fiscal;49.397.537/0001-26;IMPORT TECH COMERCIO IMPORTACAO E EXPORTACAO LTDA;1402;1;1;Consumo;Despesa extra orçamentária;1;1983520;"KIT DE MATERIAL ESCOLAR (DISTRIBUICAO GRATUITA) -  COMPONENTES:   1 MOCHILA ESCOLAR; COMPONENTES (2):   1 ESTOJO ESCOLAR;";UNIDADE;1261;3007;129,0;34,0;4386,0
1320 - SECRETARIA DE ESTADO DA SAUDE;Nota fiscal;25.031.668/0001-27;SAMEH SOLUCOES HOSPITALARES LTDA;142516;1;1;Consumo;Despesa orçamentária;1;1492110;"GALANTAMINA -  PRINCIPIO ATIVO:   GALANTAMINA; CONCENTRACAO/DOSAGEM:   8 MG; FORMA FARMACEUTICA:   CAPSULA DE LIBERACAO PROLONGADA; APRESENTACAO:   .; COMPONENTE:   .;";1,00 UNIDADE;4291;3012;1120,0;1,56;1747,2
2120 - INST.PREV.DOS SERV.MILITARES DO ESTADO M.GERAIS;Nota fiscal;12.163.266/0001-34;MEDICAL SAVE LOCACAO DE AMBULANCIAS LTDA;1807;;1;Serviço;Despesa orçamentária;1;45489;TRANSPORTE PACIENTE EM AMBULANCIA TIPO D, UTI MOVEL/NEONATO;1,00 UNIDADE;2121;3305;1,0;1021,17;1021,17
1190 - SECRETARIA DE ESTADO DE FAZENDA DE MINAS GERAIS;Nota fiscal;01.389.269/0001-74;ALCTEL TELECOMUNICACOES E INFORMATICA LTDA;2000;;2;Serviço;Despesa orçamentária;1;114260;MANUTENCAO DE CENTRAL TELEFONICA, 10 RAMAIS ;1,00 UNIDADE;1191;3921;1,0;70,7;70,7
1250 - POLICIA MILITAR DE MINAS GERAIS;Nota fiscal;04.353.937/0001-00;CASA DAS PECAS SERVICOS LTDA;350;;1;Serviço;Despesa orçamentária;1;25593;MANUTENCAO E REPARO EM VEICULOS LEVES;HORA;1251;3918;9,2;114,0;1048,8
2010 - INST.DE PREVIDENCIA DOS SERVIDORES DO EST.M.GERAIS;Outros;01.017.250/0001-05;VOETUR TURISMO E REPRESENTACOES LTDA;1360220;;1;Serviço;Despesa orçamentária;1;133272;EMISSAO,REMARCACAO OU ALTERACAO PASSAGEM AEREA E RODOVIARIA, VIA TELEFONE OU SISTEMA INFORMATIZADO (TAXA POR TRANSACAO);1,00 UNIDADE;2011;3304;1,0;15,8;15,8
2010 - INST.DE PREVIDENCIA DOS SERVIDORES DO EST.M.GERAIS;Outros;01.017.250/0001-05;VOETUR TURISMO E REPRESENTACOES LTDA;1360220;;1;Serviço;Despesa orçamentária;2;133280;PASSAGEM AEREA E / OU RODOVIARIA (BILHETE);1,00 UNIDADE;2011;3304;1,0;95,66;95,66
1510 - POLICIA CIVIL DO ESTADO DE MINAS GERAIS;Outros;06.283.096/0001-29;R & R PATRIMONIAL E PARTICIPACOES SOCIETARIAS LTDA;202608;;1;Serviço;Despesa orçamentária;1;4065;LOCACAO DE IMOVEL COMERCIAL -;1,00 MES;1511;3920;1,0;36007,32;36007,32
1450 - SECRETARIA DE ESTADO DE JUSTICA E SEGURANCA PUBLIC;Nota fiscal;22.467.470/0001-00;CONFECCOES TAYTY LTDA;4790;1;1;Consumo;Despesa extra orçamentária;1;1546333;"CAMISETA MASCULINA GINASTICA/PRATICAS ESPORTIVAS -  TECIDO:   MALHA POLIVISCOSE(PV), 67% POLIESTER E 33% VISCOSE; COR:   CONFORME SOLICITADO PELO ORGAO; MODELO:   GOLA OLIMPICA E MANGAS CURTAS COM FRISOS E RIBANA; TAMANHO:   CONFORME SOLICITADO PELO ORGAO;";1,00 UNIDADE;1451;3001;600,0;10,95;6570,0
1260 - SECRETARIA DE ESTADO DE EDUCACAO;Nota fiscal;49.397.537/0001-26;IMPORT TECH COMERCIO IMPORTACAO E EXPORTACAO LTDA;1408;1;1;Consumo;Despesa extra orçamentária;1;1983520;"KIT DE MATERIAL ESCOLAR (DISTRIBUICAO GRATUITA) -  COMPONENTES:   1 MOCHILA ESCOLAR; COMPONENTES (2):   1 ESTOJO ESCOLAR;";UNIDADE;1261;3007;198,0;34,0;6732,0
2260 - FUNDACAO EZEQUIEL DIAS;Outros;20.858.932/0001-87;SOCIEDADE BRASILEIRA DE MEDICINA TROPICAL;671;;1;Serviço;Despesa orçamentária;1;12653;SERVICOS DE MINISTRACAO DE CURSOS DE QUALIFICACAO E CAPACITACAO DE PESSOAL NA AREA DE SAUDE;1,00 UNIDADE;2261;3948;1,0;1150,0;1150,0
1250 - POLICIA MILITAR DE MINAS GERAIS;Nota fiscal;04.353.937/0001-00;CASA DAS PECAS SERVICOS LTDA;9195;1;1;Serviço;Despesa orçamentária;1;25593;MANUTENCAO E REPARO EM VEICULOS LEVES;HORA;1251;3918;18,3878;114,0005;2096,22
2260 - FUNDACAO EZEQUIEL DIAS;Outros;20.858.932/0001-87;SOCIEDADE BRASILEIRA DE MEDICINA TROPICAL;676;;1;Serviço;Despesa orçamentária;1;12653;SERVICOS DE MINISTRACAO DE CURSOS DE QUALIFICACAO E CAPACITACAO DE PESSOAL NA AREA DE SAUDE;1,00 UNIDADE;2261;3948;1,0;1150,0;1150,0
2010 - INST.DE PREVIDENCIA DOS SERVIDORES DO EST.M.GERAIS;Outros;01.017.250/0001-05;VOETUR TURISMO E REPRESENTACOES LTDA;1361212;;1;Serviço;Despesa orçamentária;1;133272;EMISSAO,REMARCACAO OU ALTERACAO PASSAGEM AEREA E RODOVIARIA, VIA TELEFONE OU SISTEMA INFORMATIZADO (TAXA POR TRANSACAO);1,00 UNIDADE;2011;3304;2,0;15,8;31,6
2010 - INST.DE PREVIDENCIA DOS SERVIDORES DO EST.M.GERAIS;Outros;01.017.250/0001-05;VOETUR TURISMO E REPRESENTACOES LTDA;1361212;;1;Serviço;Despesa orçamentária;2;133280;PASSAGEM AEREA E / OU RODOVIARIA (BILHETE);1,00 UNIDADE;2011;3304;1,0;890,89;890,89
2320 - FUNDACAO CENTRO DE HEMATOLOGIA E HEMOTERAPIA DE MG;Nota fiscal;22.536.130/0002-67;LAB SHOPPING DIAGNOSTICA LTDA;62012;1;1;Consumo;Despesa orçamentária;1;1276379;"KIT REAGENTES PARA HEMATOLOGIA  -  EQUIPAMENTO/MARCA/MODELO:   ABX/ MICROS 60; IDENTIFICACAO:   MINECLEAN(SOLUCAO ENZIMATICA COM ACAO PROTEOLITICA; APLICACAO:   PARA LIMPEZA DO APARELHO;";1,00 LITRO;2321;3013;7,0;79,0;553,0
1250 - POLICIA MILITAR DE MINAS GERAIS;Nota fiscal;04.353.937/0001-00;CASA DAS PECAS SERVICOS LTDA;351;;1;Serviço;Despesa orçamentária;1;25593;MANUTENCAO E REPARO EM VEICULOS LEVES;HORA;1251;3918;5,2;114,0;592,8
1190 - SECRETARIA DE ESTADO DE FAZENDA DE MINAS GERAIS;Nota fiscal;01.389.269/0001-74;ALCTEL TELECOMUNICACOES E INFORMATICA LTDA;1977;;1;Serviço;Despesa orçamentária;1;114332;MANUTENCAO EM CENTRAL TELEFONICA, 80 RAMAIS;1,00 UNIDADE;1191;3921;1,0;565,63;565,63
2120 - INST.PREV.DOS SERV.MILITARES DO ESTADO M.GERAIS;Nota fiscal;12.163.266/0001-34;MEDICAL SAVE LOCACAO DE AMBULANCIAS LTDA;1798;;1;Serviço;Despesa orçamentária;1;60380;TRANSPORTE DE PACIENTE EM AMBULANCIA TIPO D, UTI MOVEL;1,00 QUILOMETRO;2121;3305;1,0;2477,48;2477,48
2270 - FUNDACAO HOSPITALAR DO ESTADO DE MINAS GERAIS;Nota fiscal;22.666.117/0001-41;BHIOS PRODUTOS E SERVICOS PARA APOIO CLINICO LTDA;3168;1;1;Serviço;Despesa orçamentária;1;4235;LOCACAO DE EQUIPAMENTOS ODONTOLOGICOS, MEDICOS, HOSPITALARES E LABORATORIAIS;1,00 UNIDADE;2271;3919;2,0;9403,34;18806,68
2100 - INSTITUTO ESTADUAL DE FLORESTAS-IEF;Outros;33.224.254/0001-42;MGS MINAS GERAIS ADMINISTRACAO E SERVICOS S/A;703112;1;1;Serviço;Despesa orçamentária;1;66311;VALE-ALIMENTACAO - MGS;1,00 UNIDADE;2101;3705;1,0;3102,13;3102,13
2260 - FUNDACAO EZEQUIEL DIAS;Outros;20.858.932/0001-87;SOCIEDADE BRASILEIRA DE MEDICINA TROPICAL;688;;1;Serviço;Despesa orçamentária;1;12653;SERVICOS DE MINISTRACAO DE CURSOS DE QUALIFICACAO E CAPACITACAO DE PESSOAL NA AREA DE SAUDE;1,00 UNIDADE;2261;3948;1,0;1150,0;1150,0
1260 - SECRETARIA DE ESTADO DE EDUCACAO;Nota fiscal;49.397.537/0001-26;IMPORT TECH COMERCIO IMPORTACAO E EXPORTACAO LTDA;1406;1;1;Consumo;Despesa extra orçamentária;1;1983520;"KIT DE MATERIAL ESCOLAR (DISTRIBUICAO GRATUITA) -  COMPONENTES:   1 MOCHILA ESCOLAR; COMPONENTES (2):   1 ESTOJO ESCOLAR;";UNIDADE;1261;3007;263,0;34,0;8942,0
2320 - FUNDACAO CENTRO DE HEMATOLOGIA E HEMOTERAPIA DE MG;Nota fiscal;19.201.128/0001-41;ASSOCIACAO PROFISSIONALIZANTE DO MENOR DE BELO HORIZONTE -ASSPROM;2840;FH;1;Serviço;Despesa orçamentária;1;4626;SERVICOS DE APOIO EM ATIVIDADES ADMINISTRATIVAS;1,00 UNIDADE;2321;3702;1,0;24344,73;24344,73
1400 - CORPO DE BOMBEIROS MILITAR DE MINAS GERAIS;Outros;10.652.730/0006-35;MOTOROLA SOLUTIONS LTDA;9108200880;21;1;Permanente;Despesa extra orçamentária;1;1715003;"SISTEMA DIGITAL DE RADIOCOMUNICACAO -  EQUIPAMENTO:   ENLACE PONTO A PONTO NA FAIXA DE 4.9 GHZ; CARACTERISTICAS-3:   TRANSMISSAO MINIMA DE 10 MBPS DE DADOS FULL-DUPLEX; CARACTERISTICAS-2:   CRIPTOGRAFIA AES DE 256 BITS; CARACTERISTICAS-4:   THROUGHPUT MINIMO DE 50 MBPS AGREGADO SIMETRICO; CARACTERISTICAS-1:   FAIXA DE FREQUENCIA DE 4.9 GHZ; CARACTERISTICAS-5:   PERMITIR TECNOLOGIA IP E TDM (PDH) NO MESMO LINK;";1,00 UNIDADE;1401;5206;1,0;82236,01;82236,01
1190 - SECRETARIA DE ESTADO DE FAZENDA DE MINAS GERAIS;Nota fiscal;01.389.269/0001-74;ALCTEL TELECOMUNICACOES E INFORMATICA LTDA;1965;;1;Serviço;Despesa orçamentária;1;114286;MANUTENCAO EM CENTRAL TELEFONICA, 30 RAMAIS;1,00 UNIDADE;1191;3921;1,0;212,11;212,11
2300 - DEPARTAMENTO DE ESTRADAS DE RODAGEM;Nota fiscal;01.466.431/0001-00;GCT - GERENCIAMENTO E CONTROLE DE TRANSITO S/A;20261836;;1;Serviço;Despesa orçamentária;1;66419;SERVICO DE VIGILANCIA ELETRONICA DE TRANSITO E TRAFEGO E    TRATAMENTO DAS IMAGENS;1,00 UNIDADE;4381;3971;1,0;87515,63;87515,63
2100 - INSTITUTO ESTADUAL DE FLORESTAS-IEF;Outros;33.224.254/0001-42;MGS MINAS GERAIS ADMINISTRACAO E SERVICOS S/A;703111;1;1;Serviço;Despesa orçamentária;1;155250;CARTAO CESTA BASICA - MGS;1,00 UNIDADE;2101;3705;1,0;1166,67;1166,67
2270 - FUNDACAO HOSPITALAR DO ESTADO DE MINAS GERAIS;Nota fiscal;00.643.867/0003-27;INAL CIENCIA E SAUDE S/A;312;;1;Serviço;Despesa orçamentária;1;75370;EXAME DE LINFOCINTILOGRAFIA, INCLUINDO FILMES PROCESSADOS E LAUDOS MEDICOS.;1,00 UNIDADE;2271;3998;16,0;700,0;11200,0
2270 - FUNDACAO HOSPITALAR DO ESTADO DE MINAS GERAIS;Nota fiscal;00.643.867/0003-27;INAL CIENCIA E SAUDE S/A;312;;1;Serviço;Despesa orçamentária;2;78050;EXAME DE DETECCAO INTRAOPERATORIA RADIOGUIADA DE LINFONODO  SENTINELA;1,00 UNIDADE;2271;3998;16,0;700,0;11200,0
2270 - FUNDACAO HOSPITALAR DO ESTADO DE MINAS GERAIS;Nota fiscal;00.643.867/0003-27;INAL CIENCIA E SAUDE S/A;312;;1;Serviço;Despesa orçamentária;3;75361;EXAME DE CINTILOGRAFIA OSSEA, INCLUINDO FILMES PROCESSADOS ELAUDOS MEDICOS;1,00 UNIDADE;2271;3998;147,0;304,0;44688,0
2300 - DEPARTAMENTO DE ESTRADAS DE RODAGEM;Nota fiscal;06.981.180/0001-16;CEMIG DISTRIBUICAO S.A.;419895820;;1;Serviço;Despesa orçamentária;1;108472;FORNECIMENTO DE ENERGIA ELETRICA EM BAIXA TENSAO ;1,00 MES;2301;3969;1,0;951,43;951,43
1260 - SECRETARIA DE ESTADO DE EDUCACAO;Nota fiscal;33.224.254/0001-42;MGS MINAS GERAIS ADMINISTRACAO E SERVICOS S/A;321398;;1;Serviço;Despesa orçamentária;1;63584;RECEPCIONISTA - 30H, 36H, 40H OU 44H;CARGA HORARIA 40,00 HORAS POR SEMANA;1261;3704;1,0;7120,09;7120,09
1260 - SECRETARIA DE ESTADO DE EDUCACAO;Nota fiscal;33.224.254/0001-42;MGS MINAS GERAIS ADMINISTRACAO E SERVICOS S/A;321398;;1;Serviço;Despesa orçamentária;2;63339;SUPORTE ADMINISTRATIVO - 30H, 36H, 40H OU 44H;CARGA HORARIA 40,00 HORAS POR SEMANA;1261;3704;3,0;6545,04;19635,12
1260 - SECRETARIA DE ESTADO DE EDUCACAO;Nota fiscal;33.224.254/0001-42;MGS MINAS GERAIS ADMINISTRACAO E SERVICOS S/A;321398;;1;Serviço;Despesa orçamentária;3;63363;MOTORISTA DE VEICULO DE SERVICO - 44H;CARGA HORARIA 44,00 HORAS POR SEMANA;1261;3704;1,0;6632,21;6632,21
1260 - SECRETARIA DE ESTADO DE EDUCACAO;Nota fiscal;33.224.254/0001-42;MGS MINAS GERAIS ADMINISTRACAO E SERVICOS S/A;321398;;1;Serviço;Despesa orçamentária;4;106399;ANALISTA  ESPECIALIZADO  EM INFRAESTRUTURA - 30H, 36H, 40H  OU 44H;CARGA HORARIA 40,00 HORAS POR SEMANA;1261;3704;1,0;27770,9;27770,9
1450 - SECRETARIA DE ESTADO DE JUSTICA E SEGURANCA PUBLIC;Nota fiscal;99.999.990/1115-00;HAIX SCHUHE PRODUKTIONS UND VERTRIEBS GMBH;126096798;2;1;Consumo;Despesa extra orçamentária;1;2008890;"BOTA ESPECIAL PARA COMBATE INCENDIO -  NUMERACAO:   CONFORME SOLICITACAO DO ORGAO; MATERIA-PRIMA:   COURO OU PBI; SOLADO E ALCAS:   COM RESISTENCIA TERMICA, ANTIDERRAPANTE, COM ALCAS; PROTECAO:   TERMICA, CONTRA PERFURACAO, CONTRA FLUIDOS;";CAIXA 1,00 PAR;4691;3025;99,0;1544,453;152900,85
1020 - TRIBUNAL DE CONTAS DO ESTADO DE MINAS GERAIS;Nota fiscal;07.343.712/0001-52;MOBILE COMERCIO E SERVICOS EM TELECOMUNICACOES LTDA;804;;1;Serviço;Despesa orçamentária;1;123978;MANUTENCAO PREVENTIVA, CORRETIVA E ATUALIZACAO DE SOFTWARE DE CENTRAL TELEFONICA HIPATH 4000, COM FORNECIMENTO DE PECAS;1,00 UNIDADE;1021;3921;1,0;4902,73;4902,73
2100 - INSTITUTO ESTADUAL DE FLORESTAS-IEF;Nota fiscal;33.224.254/0001-42;MGS MINAS GERAIS ADMINISTRACAO E SERVICOS S/A;30436;1;1;Serviço;Despesa orçamentária;1;106232;MANUTENCAO DE AREAS VERDES E VIVEIROS - 40H;CARGA HORARIA 40,00 HORAS POR SEMANA;2101;3703;1,0;4048,2;4048,2
2100 - INSTITUTO ESTADUAL DE FLORESTAS-IEF;Nota fiscal;33.224.254/0001-42;MGS MINAS GERAIS ADMINISTRACAO E SERVICOS S/A;30436;1;1;Serviço;Despesa orçamentária;2;106089;AUXILIAR DE LIMPEZA - 22H, 30H, 36H, 40H OU 44H;CARGA HORARIA 44,00 HORAS POR SEMANA;2101;3703;1,0;4477,65;4477,65
2100 - INSTITUTO ESTADUAL DE FLORESTAS-IEF;Nota fiscal;33.224.254/0001-42;MGS MINAS GERAIS ADMINISTRACAO E SERVICOS S/A;30436;1;1;Serviço;Despesa orçamentária;3;63339;SUPORTE ADMINISTRATIVO - 30H, 36H, 40H OU 44H;CARGA HORARIA 40,00 HORAS POR SEMANA;2101;3704;2,0;6323,8;12647,6
2100 - INSTITUTO ESTADUAL DE FLORESTAS-IEF;Nota fiscal;33.224.254/0001-42;MGS MINAS GERAIS ADMINISTRACAO E SERVICOS S/A;30436;1;1;Serviço;Despesa orçamentária;4;95109;AGENTE DE SERVICO DE PARQUE HABILITADO - 44H;CARGA HORARIA 44,00 HORAS POR SEMANA;2101;3704;1,0;5463,99;5463,99
2330 - INSTITUTO DE METROLOGIA E QUALIDADE DE MG;Nota fiscal;16.636.540/0001-04;COMPANHIA DE TECNOLOGIA DA INFORMACAO DO ESTADO DE MINAS GERAIS-PRODEMGE;7053;;1;Serviço;Despesa orçamentária;1;53805;ACESSO ADICIONAL BUSINESS INTELLIGENCE - MODALIDADE RELATORIOS GERENCIAIS;1,00 UNIDADE;2331;4003;1,0;180,0;180,0
2330 - INSTITUTO DE METROLOGIA E QUALIDADE DE MG;Nota fiscal;16.636.540/0001-04;COMPANHIA DE TECNOLOGIA DA INFORMACAO DO ESTADO DE MINAS GERAIS-PRODEMGE;7053;;1;Serviço;Despesa orçamentária;2;53783;ACESSO A SOLUCAO BUSINESS INTELLIGENCE- MODALIDADE RELATORIOS GERENCIAIS;1,00 UNIDADE;2331;4003;1,0;832,0;832,0
1400 - CORPO DE BOMBEIROS MILITAR DE MINAS GERAIS;Nota fiscal;08.298.732/0001-11;OLAIR DE JESUS DOS SANTOS;5435;1;1;Serviço;Despesa orçamentária;1;25593;MANUTENCAO E REPARO EM VEICULOS LEVES;HORA;1401;3918;1,0;654,19;654,19
2010 - INST.DE PREVIDENCIA DOS SERVIDORES DO EST.M.GERAIS;Nota fiscal;26.401.571/0001-21;TRES PHARMA DISTRIBUIDORA E SERVICOS LTDA ;116662;1;1;Consumo;Despesa orçamentária;1;1572415;"TEMOZOLOMIDA -  PRINCIPIO ATIVO:   TEMOZOLOMIDA; CONCENTRACAO/DOSAGEM:   140 MG; FORMA FARMACEUTICA:   CAPSULA; APRESENTACAO:   .; COMPONENTE:   .;";1,00 UNIDADE;2011;3012;30,0;61,56;1846,8
2300 - DEPARTAMENTO DE ESTRADAS DE RODAGEM;Nota fiscal;01.466.431/0001-00;GCT - GERENCIAMENTO E CONTROLE DE TRANSITO S/A;20261837;;1;Serviço;Despesa orçamentária;1;66419;SERVICO DE VIGILANCIA ELETRONICA DE TRANSITO E TRAFEGO E    TRATAMENTO DAS IMAGENS;1,00 UNIDADE;4381;3971;1,0;5824,29;5824,29
2330 - INSTITUTO DE METROLOGIA E QUALIDADE DE MG;Nota fiscal;16.636.540/0001-04;COMPANHIA DE TECNOLOGIA DA INFORMACAO DO ESTADO DE MINAS GERAIS-PRODEMGE;7052;;1;Serviço;Despesa orçamentária;1;35025;HOSPEDAGEM SISTEMAS EM AMBIENTE COMPARTILHADO - BAIXA PLATA FORMA - HOSPEDAGEM DE SISTEMAS;1,00 UNIDADE;2331;4003;1,0;1612,87;1612,87
2270 - FUNDACAO HOSPITALAR DO ESTADO DE MINAS GERAIS;Nota fiscal;00.643.867/0003-27;INAL CIENCIA E SAUDE S/A;311;;1;Serviço;Despesa orçamentária;1;76007;EXAME DE CINTILOGRAFIA DE TIREOIDES, INCLUINDO FILMES PROCESSADOS E LAUDOS MEDICOS;1,00 UNIDADE;2271;3998;3,0;250,0;750,0
1260 - SECRETARIA DE ESTADO DE EDUCACAO;Nota fiscal;49.397.537/0001-26;IMPORT TECH COMERCIO IMPORTACAO E EXPORTACAO LTDA;1404;1;1;Consumo;Despesa extra orçamentária;1;1983520;"KIT DE MATERIAL ESCOLAR (DISTRIBUICAO GRATUITA) -  COMPONENTES:   1 MOCHILA ESCOLAR; COMPONENTES (2):   1 ESTOJO ESCOLAR;";UNIDADE;1261;3007;551,0;34,0;18734,0
2100 - INSTITUTO ESTADUAL DE FLORESTAS-IEF;Outros;33.224.254/0001-42;MGS MINAS GERAIS ADMINISTRACAO E SERVICOS S/A;703745;;1;Serviço;Despesa orçamentária;1;66311;VALE-ALIMENTACAO - MGS;1,00 UNIDADE;2101;3705;1,0;2626,09;2626,09
1010 - ASSEMBLEIA LEGISLATIVA DO ESTADO DE MINAS GERAIS;Nota fiscal;25.898.537/0001-41;ATRIUM EMPRESA DE VIAGENS E TURISMO LTDA - EPP;35812026;;1;Serviço;Despesa orçamentária;1;6548;SERVICOS DE AGENCIAMENTO DE VIAGENS E ATIVIDADES INERENTES.;1,00 UNIDADE;1011;3304;1,0;4439,63;4439,63
1260 - SECRETARIA DE ESTADO DE EDUCACAO;Nota fiscal;49.397.537/0001-26;IMPORT TECH COMERCIO IMPORTACAO E EXPORTACAO LTDA;1411;1;1;Consumo;Despesa extra orçamentária;1;1983520;"KIT DE MATERIAL ESCOLAR (DISTRIBUICAO GRATUITA) -  COMPONENTES:   1 MOCHILA ESCOLAR; COMPONENTES (2):   1 ESTOJO ESCOLAR;";UNIDADE;1261;3007;178,0;34,0;6052,0
2100 - INSTITUTO ESTADUAL DE FLORESTAS-IEF;Outros;33.224.254/0001-42;MGS MINAS GERAIS ADMINISTRACAO E SERVICOS S/A;703746;;1;Serviço;Despesa orçamentária;1;155250;CARTAO CESTA BASICA - MGS;1,00 UNIDADE;2101;3705;1,0;822,43;822,43
1010 - ASSEMBLEIA LEGISLATIVA DO ESTADO DE MINAS GERAIS;Nota fiscal;25.898.537/0001-41;ATRIUM EMPRESA DE VIAGENS E TURISMO LTDA - EPP;36322026;;1;Serviço;Despesa orçamentária;1;6548;SERVICOS DE AGENCIAMENTO DE VIAGENS E ATIVIDADES INERENTES.;1,00 UNIDADE;1011;3304;1,0;64348,21;64348,21
2100 - INSTITUTO ESTADUAL DE FLORESTAS-IEF;Nota fiscal;33.224.254/0001-42;MGS MINAS GERAIS ADMINISTRACAO E SERVICOS S/A;30450;1;1;Serviço;Despesa orçamentária;1;95109;AGENTE DE SERVICO DE PARQUE HABILITADO - 44H;CARGA HORARIA 44,00 HORAS POR SEMANA;2101;3704;1,0;5526,26;5526,26
2100 - INSTITUTO ESTADUAL DE FLORESTAS-IEF;Nota fiscal;33.224.254/0001-42;MGS MINAS GERAIS ADMINISTRACAO E SERVICOS S/A;30450;1;1;Serviço;Despesa orçamentária;2;95117;AGENTE DE SERVICO DE PARQUE HABILITADO - (PERICULOSIDADE) - 44H;CARGA HORARIA 44,00 HORAS POR SEMANA;2101;3704;1,0;6952,1;6952,1
1260 - SECRETARIA DE ESTADO DE EDUCACAO;Nota fiscal;49.397.537/0001-26;IMPORT TECH COMERCIO IMPORTACAO E EXPORTACAO LTDA;1415;1;1;Consumo;Despesa extra orçamentária;1;1983520;"KIT DE MATERIAL ESCOLAR (DISTRIBUICAO GRATUITA) -  COMPONENTES:   1 MOCHILA ESCOLAR; COMPONENTES (2):   1 ESTOJO ESCOLAR;";UNIDADE;1261;3007;17,0;34,0;578,0
2100 - INSTITUTO ESTADUAL DE FLORESTAS-IEF;Outros;33.224.254/0001-42;MGS MINAS GERAIS ADMINISTRACAO E SERVICOS S/A;703743;;1;Serviço;Despesa orçamentária;1;66311;VALE-ALIMENTACAO - MGS;1,00 UNIDADE;2101;3705;1,0;1045,42;1045,42
2100 - INSTITUTO ESTADUAL DE FLORESTAS-IEF;Outros;33.224.254/0001-42;MGS MINAS GERAIS ADMINISTRACAO E SERVICOS S/A;703741;;1;Serviço;Despesa orçamentária;1;155250;CARTAO CESTA BASICA - MGS;1,00 UNIDADE;2101;3705;1,0;846,67;846,67
2270 - FUNDACAO HOSPITALAR DO ESTADO DE MINAS GERAIS;Nota fiscal;42.771.949/0001-35;ALLIANCA SAUDE E PARTICIPACOES S.A.;2338;;1;Serviço;Despesa orçamentária;1;127108;EXAME DE RESSONANCIA MAGNETICA MULTIPARIMETRICA DE PROSTATA;1,00 UNIDADE;2271;3998;6,0;450,0;2700,0
2100 - INSTITUTO ESTADUAL DE FLORESTAS-IEF;Nota fiscal;33.224.254/0001-42;MGS MINAS GERAIS ADMINISTRACAO E SERVICOS S/A;30595;1;1;Serviço;Despesa orçamentária;1;106232;MANUTENCAO DE AREAS VERDES E VIVEIROS - 40H;CARGA HORARIA 40,00 HORAS POR SEMANA;2101;3703;0,8;4048,2;3238,56
2100 - INSTITUTO ESTADUAL DE FLORESTAS-IEF;Nota fiscal;33.224.254/0001-42;MGS MINAS GERAIS ADMINISTRACAO E SERVICOS S/A;30595;1;1;Serviço;Despesa orçamentária;2;106089;AUXILIAR DE LIMPEZA - 22H, 30H, 36H, 40H OU 44H;CARGA HORARIA 44,00 HORAS POR SEMANA;2101;3703;1,0;4477,65;4477,65
2100 - INSTITUTO ESTADUAL DE FLORESTAS-IEF;Nota fiscal;33.224.254/0001-42;MGS MINAS GERAIS ADMINISTRACAO E SERVICOS S/A;30595;1;1;Serviço;Despesa orçamentária;3;64483;ADICIONAL INSALUBRIDADE 40%;1,00 UNIDADE;2101;3705;1,0;1421,19;1421,19
2100 - INSTITUTO ESTADUAL DE FLORESTAS-IEF;Nota fiscal;33.224.254/0001-42;MGS MINAS GERAIS ADMINISTRACAO E SERVICOS S/A;30595;1;1;Serviço;Despesa orçamentária;4;63339;SUPORTE ADMINISTRATIVO - 30H, 36H, 40H OU 44H;CARGA HORARIA 44,00 HORAS POR SEMANA;2101;3704;1,3667;6918,6214;9455,68
2100 - INSTITUTO ESTADUAL DE FLORESTAS-IEF;Nota fiscal;33.224.254/0001-42;MGS MINAS GERAIS ADMINISTRACAO E SERVICOS S/A;30595;1;1;Serviço;Despesa orçamentária;5;63525;PORTEIRO - 30H, 40H OU 44H;CARGA HORARIA 44,00 HORAS POR SEMANA;2101;3704;1,7667;5609,5715;9910,43
2100 - INSTITUTO ESTADUAL DE FLORESTAS-IEF;Nota fiscal;33.224.254/0001-42;MGS MINAS GERAIS ADMINISTRACAO E SERVICOS S/A;30595;1;1;Serviço;Despesa orçamentária;6;63339;SUPORTE ADMINISTRATIVO - 30H, 36H, 40H OU 44H;CARGA HORARIA 40,00 HORAS POR SEMANA;2101;3704;2,0;6323,8;12647,6
1260 - SECRETARIA DE ESTADO DE EDUCACAO;Nota fiscal;49.397.537/0001-26;IMPORT TECH COMERCIO IMPORTACAO E EXPORTACAO LTDA;1419;1;1;Consumo;Despesa extra orçamentária;1;1983520;"KIT DE MATERIAL ESCOLAR (DISTRIBUICAO GRATUITA) -  COMPONENTES:   1 MOCHILA ESCOLAR; COMPONENTES (2):   1 ESTOJO ESCOLAR;";UNIDADE;1261;3007;35,0;34,0;1190,0
2330 - INSTITUTO DE METROLOGIA E QUALIDADE DE MG;Nota fiscal;16.636.540/0001-04;COMPANHIA DE TECNOLOGIA DA INFORMACAO DO ESTADO DE MINAS GERAIS-PRODEMGE;7051;;1;Serviço;Despesa orçamentária;1;100064;ASSOCIACAO DE ENDERECO IP A TERMINAL -;1,00 UNIDADE;2331;4003;1,0;1715,0;1715,0
2330 - INSTITUTO DE METROLOGIA E QUALIDADE DE MG;Nota fiscal;16.636.540/0001-04;COMPANHIA DE TECNOLOGIA DA INFORMACAO DO ESTADO DE MINAS GERAIS-PRODEMGE;7051;;1;Serviço;Despesa orçamentária;2;147427;GESTAO DA REDE IP MULTISERVICOS  - ENGLOBANDO SEGURANCA, CONEXAO DE ALTA DISPONIBILIDADE E GERENCIAMENTO DA REDE;UNIDADE;2331;4003;1,0;11113,0;11113,0
2270 - FUNDACAO HOSPITALAR DO ESTADO DE MINAS GERAIS;Nota fiscal;07.912.053/0001-28;NATALIA BANHOS - ME;233;1;1;Serviço;Despesa extra orçamentária;1;21490;SERVICOS DE EXECUCAO DE PROJETOS DE PREVENCAO E COMBATE A INCENDIO;1,00 UNIDADE;2271;3922;1,0;57221,27;57221,27
2100 - INSTITUTO ESTADUAL DE FLORESTAS-IEF;Outros;33.224.254/0001-42;MGS MINAS GERAIS ADMINISTRACAO E SERVICOS S/A;703937;;1;Serviço;Despesa orçamentária;1;66311;VALE-ALIMENTACAO - MGS;1,00 UNIDADE;2101;3705;1,0;4517,08;4517,08
2100 - INSTITUTO ESTADUAL DE FLORESTAS-IEF;Outros;33.224.254/0001-42;MGS MINAS GERAIS ADMINISTRACAO E SERVICOS S/A;703936;;1;Serviço;Despesa orçamentária;1;155250;CARTAO CESTA BASICA - MGS;1,00 UNIDADE;2101;3705;1,0;1157,56;1157,56
1260 - SECRETARIA DE ESTADO DE EDUCACAO;Nota fiscal;49.397.537/0001-26;IMPORT TECH COMERCIO IMPORTACAO E EXPORTACAO LTDA;1417;1;1;Consumo;Despesa extra orçamentária;1;1983520;"KIT DE MATERIAL ESCOLAR (DISTRIBUICAO GRATUITA) -  COMPONENTES:   1 MOCHILA ESCOLAR; COMPONENTES (2):   1 ESTOJO ESCOLAR;";UNIDADE;1261;3007;186,0;34,0;6324,0
1320 - SECRETARIA DE ESTADO DA SAUDE;Nota fiscal;25.031.668/0001-27;SAMEH SOLUCOES HOSPITALARES LTDA;142811;1;1;Consumo;Despesa orçamentária;1;1492110;"GALANTAMINA -  PRINCIPIO ATIVO:   GALANTAMINA; CONCENTRACAO/DOSAGEM:   8 MG; FORMA FARMACEUTICA:   CAPSULA DE LIBERACAO PROLONGADA; APRESENTACAO:   .; COMPONENTE:   .;";1,00 UNIDADE;4291;3012;56,0;1,56;87,36
1260 - SECRETARIA DE ESTADO DE EDUCACAO;Nota fiscal;49.397.537/0001-26;IMPORT TECH COMERCIO IMPORTACAO E EXPORTACAO LTDA;1421;1;1;Consumo;Despesa extra orçamentária;1;1983520;"KIT DE MATERIAL ESCOLAR (DISTRIBUICAO GRATUITA) -  COMPONENTES:   1 MOCHILA ESCOLAR; COMPONENTES (2):   1 ESTOJO ESCOLAR;";UNIDADE;1261;3007;29,0;34,0;986,0
1510 - POLICIA CIVIL DO ESTADO DE MINAS GERAIS;Nota fiscal;06.880.842/0001-61;LAS DO BRASIL COMERCIO DE PRODUTOS ANALITICOS E LABORATORIAIS LTDA;433004;;1;Consumo;Despesa orçamentária;1;1347136;"CARTUCHO DE EXTRACAO EM FASE SOLIDA -  TIPO:   BOND ELUT CERTIFY I; DIAMETRO DAS PARTICULAS:   40 MICROMETROS; CAPACIDADE:   10 ML;";CAIXA 50,00 UNIDADE;1511;3013;11,0;958,3336;10541,67
1260 - SECRETARIA DE ESTADO DE EDUCACAO;Nota fiscal;49.397.537/0001-26;IMPORT TECH COMERCIO IMPORTACAO E EXPORTACAO LTDA;1422;1;1;Consumo;Despesa extra orçamentária;1;1983520;"KIT DE MATERIAL ESCOLAR (DISTRIBUICAO GRATUITA) -  COMPONENTES:   1 MOCHILA ESCOLAR; COMPONENTES (2):   1 ESTOJO ESCOLAR;";UNIDADE;1261;3007;160,0;34,0;5440,0
1320 - SECRETARIA DE ESTADO DA SAUDE;Nota fiscal;13.471.232/0001-70;FREITAS & FRANCISCO COMERCIO DE PRODUTOS NUTRICIONAIS LTDA - EPP;33783;1;1;Consumo;Despesa orçamentária;1;1647237;"DIETA ENTERAL -  IDENTIFICACAO:   HIPERCALORICA E NORMOPROTEICA EM SISTEMA ABERTO; DENSIDADE CALORICA:   HIPERCALORICA MAIOR OU IGUAL A 1.5 KCAL/ML; DENSIDADE PROTEICA:   NORMOPROTEICA; FONTE PROTEICA:   MAIOR OU IGUAL 50% PROTEINAS ALTO VALOR BIOLOGICO; TIPO DE PROTEINA:   POLIMERICA; FIBRAS:   COM FIBRAS; CARACTERISTICA ESPECIAL:   ISENTA; ARGININA:   ISENTA; IMUNOMODULADOR:   ISENTA; SACAROSE:   ISENTA; LACTOSE:   ATE 100 MG/100 ML; ASPECTO FISICO:   LIQUIDO HOMOGENEO; SISTEMA:   ABERTO;";MILILITRO;4291;3008;2000000,0;0,0208;41600,0
1260 - SECRETARIA DE ESTADO DE EDUCACAO;Nota fiscal;33.224.254/0001-42;MGS MINAS GERAIS ADMINISTRACAO E SERVICOS S/A;32258;1;1;Serviço;Despesa orçamentária;1;106399;ANALISTA  ESPECIALIZADO  EM INFRAESTRUTURA - 30H, 36H, 40H  OU 44H;CARGA HORARIA 40,00 HORAS POR SEMANA;1261;3704;1,0;27450,85;27450,85
1260 - SECRETARIA DE ESTADO DE EDUCACAO;Nota fiscal;33.224.254/0001-42;MGS MINAS GERAIS ADMINISTRACAO E SERVICOS S/A;32258;1;1;Serviço;Despesa orçamentária;2;63363;MOTORISTA DE VEICULO DE SERVICO - 44H;CARGA HORARIA 44,00 HORAS POR SEMANA;1261;3704;1,0;6555,78;6555,78
1260 - SECRETARIA DE ESTADO DE EDUCACAO;Nota fiscal;33.224.254/0001-42;MGS MINAS GERAIS ADMINISTRACAO E SERVICOS S/A;32258;1;1;Serviço;Despesa orçamentária;3;63363;MOTORISTA DE VEICULO DE SERVICO - 44H;CARGA HORARIA 44,00 HORAS POR SEMANA;1261;3704;0,3334;6554,4691;2185,26
1260 - SECRETARIA DE ESTADO DE EDUCACAO;Nota fiscal;33.224.254/0001-42;MGS MINAS GERAIS ADMINISTRACAO E SERVICOS S/A;32258;1;1;Serviço;Despesa orçamentária;4;63339;SUPORTE ADMINISTRATIVO - 30H, 36H, 40H OU 44H;CARGA HORARIA 40,00 HORAS POR SEMANA;1261;3704;3,2334;6469,4748;20918,4
1090 - PROCURADORIA GERAL DE JUSTICA;Nota fiscal;34.274.233/0294-29;VIBRA ENERGIA S.A;334765;0;1;Consumo;Despesa orçamentária;1;1325876;"OLEO DIESEL COMBUSTIVEL AUTOMOTIVO -  TIPO:   S10 (MENOS ENXOFRE);";1,00 LITRO;1091;3026;1000,0;4,3962;4396,2
1260 - SECRETARIA DE ESTADO DE EDUCACAO;Nota fiscal;49.397.537/0001-26;IMPORT TECH COMERCIO IMPORTACAO E EXPORTACAO LTDA;1432;1;1;Consumo;Despesa extra orçamentária;1;1983520;"KIT DE MATERIAL ESCOLAR (DISTRIBUICAO GRATUITA) -  COMPONENTES:   1 MOCHILA ESCOLAR; COMPONENTES (2):   1 ESTOJO ESCOLAR;";UNIDADE;1261;3007;135,0;34,0;4590,0
1320 - SECRETARIA DE ESTADO DA SAUDE;Nota fiscal;05.194.502/0001-14;ALFALAGOS LTDA ;435323;1;1;Consumo;Despesa orçamentária;1;1599160;"ACIDO TRANEXAMICO -  PRINCIPIO ATIVO:   ACIDO TRANEXAMICO; CONCENTRACAO/DOSAGEM:   250 MG; FORMA FARMACEUTICA:   COMPRIMIDO; APRESENTACAO:   .; COMPONENTE:   .;";1,00 UNIDADE;4291;3012;9000,0;0,98;8820,0
1260 - SECRETARIA DE ESTADO DE EDUCACAO;Nota fiscal;49.397.537/0001-26;IMPORT TECH COMERCIO IMPORTACAO E EXPORTACAO LTDA;1399;1;1;Consumo;Despesa extra orçamentária;1;1983520;"KIT DE MATERIAL ESCOLAR (DISTRIBUICAO GRATUITA) -  COMPONENTES:   1 MOCHILA ESCOLAR; COMPONENTES (2):   1 ESTOJO ESCOLAR;";UNIDADE;1261;3007;136,0;34,0;4624,0
1320 - SECRETARIA DE ESTADO DA SAUDE;Nota fiscal;31.495.759/0001-16;SIRIO PHARMA LTDA;23258;1;1;Consumo;Despesa orçamentária;1;1545850;"PITAVASTATINA -  PRINCIPIO ATIVO:   PITAVASTATINA CALCICA; CONCENTRACAO/DOSAGEM:   4 MG; FORMA FARMACEUTICA:   COMPRIMIDO REVESTIDO; APRESENTACAO:   .; COMPONENTE:   .;";1,00 UNIDADE;4291;3012;600,0;3,1925;1915,5
1260 - SECRETARIA DE ESTADO DE EDUCACAO;Nota fiscal;49.397.537/0001-26;IMPORT TECH COMERCIO IMPORTACAO E EXPORTACAO LTDA;1400;1;1;Consumo;Despesa extra orçamentária;1;1983520;"KIT DE MATERIAL ESCOLAR (DISTRIBUICAO GRATUITA) -  COMPONENTES:   1 MOCHILA ESCOLAR; COMPONENTES (2):   1 ESTOJO ESCOLAR;";UNIDADE;1261;3007;145,0;34,0;4930,0
1260 - SECRETARIA DE ESTADO DE EDUCACAO;Nota fiscal;03.773.700/0001-07;SERVICO NACIONAL DE APRENDIZAGEM INDUSTRIAL - DEPARTAMENTO REGIONAL DE MINAS GERAIS;1241;;1;Serviço;Despesa orçamentária;1;109460;CURSO TECNICO PROFISSIONALIZANTE  EM ATENDIMENTO AO PROGRAMA TRILHAS DE FUTURO ;UNIDADE;1261;3949;1,0;48642,66;48642,66
1260 - SECRETARIA DE ESTADO DE EDUCACAO;Nota fiscal;49.397.537/0001-26;IMPORT TECH COMERCIO IMPORTACAO E EXPORTACAO LTDA;1409;1;1;Consumo;Despesa extra orçamentária;1;1983520;"KIT DE MATERIAL ESCOLAR (DISTRIBUICAO GRATUITA) -  COMPONENTES:   1 MOCHILA ESCOLAR; COMPONENTES (2):   1 ESTOJO ESCOLAR;";UNIDADE;1261;3007;150,0;34,0;5100,0
1320 - SECRETARIA DE ESTADO DA SAUDE;Nota fiscal;09.944.371/0003-68;SULMEDIC COMERCIO DE MEDICAMENTOS LTDA;87698;3;1;Consumo;Despesa orçamentária;1;1574701;"CANDESARTANA -  PRINCIPIO ATIVO:   CANDESARTANA CILEXETILA; CONCENTRACAO/DOSAGEM:   8 MG; FORMA FARMACEUTICA:   COMPRIMIDO; APRESENTACAO:   .; COMPONENTE:   .;";1,00 UNIDADE;4291;3012;300,0;0,2948;88,44
2270 - FUNDACAO HOSPITALAR DO ESTADO DE MINAS GERAIS;Nota fiscal;07.912.053/0001-28;NATALIA BANHOS - ME;234;1;1;Serviço;Despesa orçamentária;1;21490;SERVICOS DE EXECUCAO DE PROJETOS DE PREVENCAO E COMBATE A INCENDIO;1,00 UNIDADE;2271;3922;1,0;111149,51;111149,51
1260 - SECRETARIA DE ESTADO DE EDUCACAO;Nota fiscal;49.397.537/0001-26;IMPORT TECH COMERCIO IMPORTACAO E EXPORTACAO LTDA;1413;1;1;Consumo;Despesa extra orçamentária;1;1983520;"KIT DE MATERIAL ESCOLAR (DISTRIBUICAO GRATUITA) -  COMPONENTES:   1 MOCHILA ESCOLAR; COMPONENTES (2):   1 ESTOJO ESCOLAR;";UNIDADE;1261;3007;515,0;34,0;17510,0
1260 - SECRETARIA DE ESTADO DE EDUCACAO;Outros;34.028.316/0015-09;EMPRESA BRASILEIRA DE CORREIOS E TELEGRAFOS;2587890;FAT;1;Serviço;Despesa orçamentária;1;4995;CONTRATACAO DE SERVICO POSTAL E TELEGRAFICO;1,00 UNIDADE;1261;3915;1,0;410,25;410,25
1260 - SECRETARIA DE ESTADO DE EDUCACAO;Nota fiscal;33.224.254/0001-42;MGS MINAS GERAIS ADMINISTRACAO E SERVICOS S/A;32141;;1;Serviço;Despesa orçamentária;1;64459;DIARIA DE VIAGEM;1,00 UNIDADE;1261;3705;1,0;336,29;336,29
2320 - FUNDACAO CENTRO DE HEMATOLOGIA E HEMOTERAPIA DE MG;Nota fiscal;11.735.086/0001-17;B & F - LAVAGEM AUTOMOTIVA E PREDIAL LTDA. - ME;621;;1;Serviço;Despesa orçamentária;1;23140;SERVICOS LAVAGEM  GERAL EM VEICULOS MEDIOS, SEM LUBRIFICACAOE PULVERIZACAO;1,00 UNIDADE;2321;3918;1,0;192,0;192,0
2320 - FUNDACAO CENTRO DE HEMATOLOGIA E HEMOTERAPIA DE MG;Nota fiscal;11.735.086/0001-17;B & F - LAVAGEM AUTOMOTIVA E PREDIAL LTDA. - ME;621;;1;Serviço;Despesa orçamentária;2;23132;SERVICOS LAVAGEM GERAL  EM  VEICULOS LEVES, SEM LUBRIFICACAOE PULVERIZACAO;1,00 UNIDADE;2321;3918;1,0;1150,0;1150,0
2300 - DEPARTAMENTO DE ESTRADAS DE RODAGEM;Nota fiscal;01.466.431/0001-00;GCT - GERENCIAMENTO E CONTROLE DE TRANSITO S/A;20261838;;1;Serviço;Despesa orçamentária;1;66419;SERVICO DE VIGILANCIA ELETRONICA DE TRANSITO E TRAFEGO E    TRATAMENTO DAS IMAGENS;1,00 UNIDADE;4381;3971;1,0;4519,63;4519,63
1260 - SECRETARIA DE ESTADO DE EDUCACAO;Outros;33.224.254/0001-42;MGS MINAS GERAIS ADMINISTRACAO E SERVICOS S/A;705468;;1;Serviço;Despesa orçamentária;1;66311;VALE-ALIMENTACAO - MGS;1,00 UNIDADE;1261;3705;1,0;3113,57;3113,57
1260 - SECRETARIA DE ESTADO DE EDUCACAO;Outros;33.224.254/0001-42;MGS MINAS GERAIS ADMINISTRACAO E SERVICOS S/A;705467;;1;Serviço;Despesa orçamentária;1;155250;CARTAO CESTA BASICA - MGS;1,00 UNIDADE;1261;3705;1,0;703,03;703,03
2310 - UNIVERSIDADE ESTADUAL DE MONTES CLAROS;Nota fiscal;26.861.691/0001-01;I&M SOLUCOES, SERVICOS E COMERCIO LTDA;202600000000228;;1;Serviço;Despesa orçamentária;1;6904;SERVICOS ESPECIALIZADOS DE DESINFECCAO, DESRATIZACAO E DEDETIZACAO.;1,00 UNIDADE;2311;3961;1,0;18419,78;18419,78
2270 - FUNDACAO HOSPITALAR DO ESTADO DE MINAS GERAIS;Nota fiscal;26.855.539/0001-16;EXCELENCIA EDUCACAO E ENSINO LTDA;493;;1;Serviço;Despesa orçamentária;1;130737;DESPESA REFERENTE A INSCRICAO DE SERVIDOR OU CIDADAO EM CONGRESSO, SEMINARIO, SIMPOSIO, PALESTRA, EXPOSICAO E/OU CONFERENCIA;1,00 UNIDADE;2271;3924;1,0;9400,0;9400,0
2270 - FUNDACAO HOSPITALAR DO ESTADO DE MINAS GERAIS;Nota fiscal;58.430.828/0001-60;BLAU FARMACEUTICA S.A.;321227;;1;Consumo;Despesa orçamentária;1;1910469;"SACARATO DE OXIDO FERRICO -   PRINCIPIO ATIVO:   SACARATO DE OXIDO FERRICO; CONCENTRACAO/DOSAGEM:   20 MG/ML; FORMA FARMACEUTICA:   SOLUCAO INJETAVEL; APRESENTACAO:   AMPOLA OU FRASCO-AMPOLA 5 ML; COMPONENTE:   .;";UNIDADE;2271;3012;100,0;7,16;716,0
2010 - INST.DE PREVIDENCIA DOS SERVIDORES DO EST.M.GERAIS;Nota fiscal;74.400.052/0001-91;COMERCIAL 3 ALBE LTDA;2740;;1;Serviço;Despesa orçamentária;1;7773;GESTAO DA CENTRAL DE MATERIAL E ESTERILIZACAO- CME - SISTEMATIZACAO E RASTREABILIDADE INFORMATIZADA DE PROCESSOS, FLUXOS;1,00 UNIDADE;2011;3998;0,0001;5562569700,0;556256,97
2270 - FUNDACAO HOSPITALAR DO ESTADO DE MINAS GERAIS;Nota fiscal;05.222.267/0001-47;AGIS MEDICAL PRODUTOS HOSPITALARES LTDA;291764;;1;Consumo;Despesa orçamentária;1;220671;"FIOS DE SUTURA USO MEDICO HOSPITALAR -  TIPO:   INABSORVIVEL; MATERIA-PRIMA:   MONOFILAMENTO DE POLIPROPILENO; NUMERO:   3-0; MEDIDAS:   75 CM A 90 CM; AGULHA:   COM 2 AGULHAS 1/2 CIRCULO CILINDRICA DE 3,0CM;";ENVELOPE 1,00 UNIDADE;2271;3010;24,0;12,08;289,92
2270 - FUNDACAO HOSPITALAR DO ESTADO DE MINAS GERAIS;Nota fiscal;18.269.125/0001-87;BIOHOSP PRODUTOS HOSPITALARES SA;791009;;1;Consumo;Despesa orçamentária;1;1431552;"INDICADOR QUIMICO PARA ESTERILIZACAO -  IDENTIFICACAO:   INTEGRADOR QUIMICO; APRESENTACAO:   PILULA/AMPOLA DISPLAY; APLICACAO:   MONITORIZACAO DA ESTERILIZACAO A VAPOR; PARAMETROS LEITURA:   PRESENCA INTEGRADA DE TEMPO, TEMPERATURA E PRESSAO; CLASSE:   5;";1,00 UNIDADE;2271;3010;3000,0;0,76;2280,0
2270 - FUNDACAO HOSPITALAR DO ESTADO DE MINAS GERAIS;Nota fiscal;20.235.404/0001-71;DCB DISTRIBUIDORA CIRURGICA BRASILEIRA LTDA;108841;;1;Consumo;Despesa orçamentária;1;212580;"CATETER -  IDENTIFICACAO:   NASAL DESCARTAVEL TIPO OCULOS PARA OXIGENIO; MATERIA-PRIMA:   POLIVINIL ATOXICO; TAMANHO/NUMERO:   ADULTO;";1,00 UNIDADE;2271;3010;400,0;1,0227;409,08
2270 - FUNDACAO HOSPITALAR DO ESTADO DE MINAS GERAIS;Nota fiscal;11.087.084/0001-69;BIG MINAS COMERCIO E REPRESENTACOES LTDA;30540;;1;Consumo;Despesa orçamentária;1;1722905;"EMBALAGEM DESCARTAVEL PARA ESTERILIZACAO -   MATERIA-PRIMA:   SMS 100% POLIPROPILENO 45 G/M2; MATERIA-PRIMA 2:   .; DIMENSOES (L X C ):   75 CM X 75 CM; TIPO ESTERILIZACAO:   COMPATIVEL COM A MATERIA-PRIMA; INDICADOR:   NAO POSSUI; APRESENTACAO:   FOLHA 75 CM;";FOLHA;2271;3010;2000,0;1,04;2080,0
