orgao_emissor;tipo_de_documento;fornecedor_cnpj_cpf;fornecedor_nome_empresarial;numero;serie;sequencial;situacao;natureza;indicador_de_orcamento;data_de_emissao;data_de_recebimento;data_de_registro;valor_total_com_impostos;nota_fiscal_para_aglutinacao
1250 - POLICIA MILITAR DE MINAS GERAIS;Outros;03.914.523/0001-31;GESET COMERCIO ASSISTENCIA TECNICA E LOCACOES MAQUINAS E DUPLICADORES LTDA;7595;;1;Completa;Serviço;Despesa extra orçamentária;2026-03-06;2026-04-01;2026-04-01;20,37;Não
2010 - INST.DE PREVIDENCIA DOS SERVIDORES DO EST.M.GERAIS;Outros;***.225.426-**;CLENO VICENTE RAMALHO JUNIOR;32026;;1;Completa;Serviço;Despesa orçamentária;2026-04-01;2026-04-01;2026-04-01;1700,0;Não
2010 - INST.DE PREVIDENCIA DOS SERVIDORES DO EST.M.GERAIS;Outros;***.918.976-**;CESIO ROSA PEREIRA;32026;;1;Completa;Serviço;Despesa orçamentária;2026-04-01;2026-04-01;2026-04-01;1250,0;Não
1250 - POLICIA MILITAR DE MINAS GERAIS;Outros;03.914.523/0001-31;GESET COMERCIO ASSISTENCIA TECNICA E LOCACOES MAQUINAS E DUPLICADORES LTDA;7596;;1;Completa;Serviço;Despesa extra orçamentária;2026-03-06;2026-04-01;2026-04-01;55,9;Não
1250 - POLICIA MILITAR DE MINAS GERAIS;Outros;03.914.523/0001-31;GESET COMERCIO ASSISTENCIA TECNICA E LOCACOES MAQUINAS E DUPLICADORES LTDA;7598;;1;Completa;Serviço;Despesa extra orçamentária;2026-03-06;2026-04-01;2026-04-01;58,17;Não
2310 - UNIVERSIDADE ESTADUAL DE MONTES CLAROS;Nota fiscal;40.968.252/0001-23;MEDICINA SEGURA DISTRIBUICAO E PROMOCAO EM VENDAS LTDA;3389;1;1;Completa - Recebimento definitivo;Consumo;Despesa extra orçamentária;2026-03-30;2026-04-01;2026-04-01;32400,0;Não
2310 - UNIVERSIDADE ESTADUAL DE MONTES CLAROS;Nota fiscal;34.357.265/0001-63;MA SANDOVAL LTDA;1425;1;1;Completa - Recebimento definitivo;Consumo;Despesa orçamentária;2026-03-19;2026-04-01;2026-04-01;3332,7;Não
2310 - UNIVERSIDADE ESTADUAL DE MONTES CLAROS;Nota fiscal;02.178.270/0001-12;VILSON VALENCA DOS SANTOS JUNIOR -ME;816;1;1;Completa - Recebimento definitivo;Consumo;Despesa extra orçamentária;2026-03-19;2026-04-01;2026-04-01;757,23;Não
1260 - SECRETARIA DE ESTADO DE EDUCACAO;Nota fiscal;17.006.682/0001-42;GAS E AGUA SANTA CLARA LTDA;4063;1;1;Completa - Recebimento definitivo;Consumo;Despesa orçamentária;2026-03-17;2026-03-17;2026-04-01;341,37;Não
2270 - FUNDACAO HOSPITALAR DO ESTADO DE MINAS GERAIS;Nota fiscal;17.331.294/0001-37;W M PORTAS EMPREENDIMENTOS EM MOVEIS PLANEJADOS LTDA - EPP;1184;1;1;Completa - Recebimento definitivo;Consumo;Despesa orçamentária;2026-03-31;2026-04-01;2026-04-01;2050,0;Não
1260 - SECRETARIA DE ESTADO DE EDUCACAO;Nota fiscal;31.722.206/0001-59;IVANETE APARECIDA MIRANDA;3876;;1;Completa - Recebimento definitivo;Consumo;Despesa orçamentária;2026-03-25;2026-04-01;2026-04-01;278,5;Não
1250 - POLICIA MILITAR DE MINAS GERAIS;Outros;03.914.523/0001-31;GESET COMERCIO ASSISTENCIA TECNICA E LOCACOES MAQUINAS E DUPLICADORES LTDA;7597;;1;Completa;Serviço;Despesa extra orçamentária;2026-03-06;2026-04-01;2026-04-01;44,87;Não
2310 - UNIVERSIDADE ESTADUAL DE MONTES CLAROS;Nota fiscal;02.178.270/0001-12;VILSON VALENCA DOS SANTOS JUNIOR -ME;813;1;1;Completa - Recebimento definitivo;Consumo;Despesa orçamentária;2026-03-19;2026-04-01;2026-04-01;1686,0;Não
2310 - UNIVERSIDADE ESTADUAL DE MONTES CLAROS;Nota fiscal;19.994.997/0001-70;CRIATIVA SOLUCOES PARA CONSTRUCAO LTDA;2245;1;1;Completa - Recebimento definitivo;Consumo;Despesa orçamentária;2026-03-18;2026-04-01;2026-04-01;13883,87;Não
2270 - FUNDACAO HOSPITALAR DO ESTADO DE MINAS GERAIS;Nota fiscal;17.331.294/0001-37;W M PORTAS EMPREENDIMENTOS EM MOVEIS PLANEJADOS LTDA - EPP;1185;1;1;Completa - Recebimento definitivo;Consumo;Despesa orçamentária;2026-03-31;2026-04-01;2026-04-01;11344,0;Não
1250 - POLICIA MILITAR DE MINAS GERAIS;Nota fiscal;48.743.803/0001-62;JANDERSON REZENDE OLIVEIRA 07585944616;34;;2;Completa;Serviço;Despesa orçamentária;2026-03-27;2026-03-27;2026-04-01;2749,99;Não
1510 - POLICIA CIVIL DO ESTADO DE MINAS GERAIS;Outros;***.961.696-**;DIVINO SIMIAO APARECIDO BORGES;32026;;1;Completa;Serviço;Despesa orçamentária;2026-04-01;2026-04-01;2026-04-01;14732,2;Não
2300 - DEPARTAMENTO DE ESTRADAS DE RODAGEM;Nota fiscal;08.273.364/0001-57;TICKET GESTAO EM MANUTENCAO EZC S.A;48474663;;1;Completa;Serviço;Despesa orçamentária;2026-03-17;2026-03-18;2026-04-01;1141,88;Não
1260 - SECRETARIA DE ESTADO DE EDUCACAO;Outros;***.550.906-**;LUIZ CESAR ZAMPIER;32026;;1;Completa;Serviço;Despesa orçamentária;2026-04-01;2026-04-01;2026-04-01;5289,78;Não
1090 - PROCURADORIA GERAL DE JUSTICA;Nota fiscal;22.786.872/0001-60;HAMMER CONSULTORIA LTDA;124;;1;Incompleta;Serviço;Despesa orçamentária;2026-03-31;2026-04-01;2026-04-01;794968,6;Não
1450 - SECRETARIA DE ESTADO DE JUSTICA E SEGURANCA PUBLIC;Nota fiscal;54.810.188/0001-62;W18 MEDICAL - COMERCIO E SERVICOS LTDA;2062;1;1;Completa - Recebimento definitivo;Consumo;Despesa orçamentária;2026-03-30;2026-03-30;2026-04-01;11394,0;Não
1260 - SECRETARIA DE ESTADO DE EDUCACAO;Outros;***.646.526-**;LUIZ FERNANDO CARVALHO CESAR;32026;;1;Completa;Serviço;Despesa orçamentária;2026-04-01;2026-04-01;2026-04-01;2644,89;Não
1260 - SECRETARIA DE ESTADO DE EDUCACAO;Outros;***.225.776-**;LUIZ GALDINO DE CARVALHO CESAR;32026;;1;Completa;Serviço;Despesa orçamentária;2026-04-01;2026-04-01;2026-04-01;2644,89;Não
2310 - UNIVERSIDADE ESTADUAL DE MONTES CLAROS;Nota fiscal;31.864.051/0001-95;PLAST LABOR IND.E COM.DE EQUIP.HOSP.E LABORATORIO LTDA;265582;1;1;Completa - Recebimento definitivo;Consumo;Despesa extra orçamentária;2026-01-13;2026-04-01;2026-04-01;320,0;Não
1260 - SECRETARIA DE ESTADO DE EDUCACAO;Outros;00.914.711/0001-71;LAGE & LAGE LTDA-ME;86543;;1;Completa;Serviço;Despesa orçamentária;2026-03-31;2026-03-31;2026-04-01;449,53;Não
1190 - SECRETARIA DE ESTADO DE FAZENDA DE MINAS GERAIS;Nota fiscal;19.201.128/0001-41;ASSOCIACAO PROFISSIONALIZANTE DO MENOR DE BELO HORIZONTE -ASSPROM;1151;1;1;Completa;Serviço;Despesa orçamentária;2026-03-26;2026-04-01;2026-04-01;8316,15;Não
2310 - UNIVERSIDADE ESTADUAL DE MONTES CLAROS;Nota fiscal;24.638.170/0001-64;DISTRIBUIDORA MENDONCA E MIRANDA LTDA;2136;;1;Completa - Recebimento definitivo;Permanente;Despesa orçamentária;2026-03-25;2026-04-01;2026-04-01;2282,0;Não
2310 - UNIVERSIDADE ESTADUAL DE MONTES CLAROS;Nota fiscal;31.864.051/0001-95;PLAST LABOR IND.E COM.DE EQUIP.HOSP.E LABORATORIO LTDA;270238;1;1;Completa - Recebimento definitivo;Consumo;Despesa orçamentária;2026-03-26;2026-04-01;2026-04-01;1249,0;Não
2310 - UNIVERSIDADE ESTADUAL DE MONTES CLAROS;Outros;01.017.250/0001-05;VOETUR TURISMO E REPRESENTACOES LTDA;1327695;;1;Completa;Serviço;Despesa orçamentária;2026-03-26;2026-03-31;2026-04-01;16702,02;Não
1400 - CORPO DE BOMBEIROS MILITAR DE MINAS GERAIS;Nota fiscal;07.214.878/0001-79;RAFTECO COMERCIO DE MATERIAL DE INFORMATICA LTDA - ME;1324;2;1;Incompleta;Permanente;Despesa extra orçamentária;2026-01-16;2026-04-01;2026-04-01;898,0;Não
2310 - UNIVERSIDADE ESTADUAL DE MONTES CLAROS;Nota fiscal;13.694.036/0001-64;EMENALLI MEDICAL LTDA;20271;1;1;Completa - Recebimento definitivo;Consumo;Despesa orçamentária;2026-03-24;2026-04-01;2026-04-01;673,99;Não
2010 - INST.DE PREVIDENCIA DOS SERVIDORES DO EST.M.GERAIS;Nota fiscal;33.224.254/0001-42;MGS MINAS GERAIS ADMINISTRACAO E SERVICOS S/A;12019;1A;1;Completa;Serviço;Despesa orçamentária;2026-03-25;2026-03-25;2026-04-01;8095,07;Não
1260 - SECRETARIA DE ESTADO DE EDUCACAO;Nota fiscal;21.613.838/0001-20;SERG - SOLUCAO EM REFRIGERACAO EM GERAL LTDA;17;;1;Completa;Serviço;Despesa orçamentária;2026-03-31;2026-04-01;2026-04-01;1568,5;Não
2310 - UNIVERSIDADE ESTADUAL DE MONTES CLAROS;Nota fiscal;12.499.494/0002-60;HOSPINOVA DISTRIBUIDORA DE PRODUTOS HOSPITALARES LTDA.;7689;201;1;Completa - Recebimento definitivo;Consumo;Despesa orçamentária;2026-03-25;2026-04-01;2026-04-01;2571,0;Não
2010 - INST.DE PREVIDENCIA DOS SERVIDORES DO EST.M.GERAIS;Outros;33.224.254/0001-42;MGS MINAS GERAIS ADMINISTRACAO E SERVICOS S/A;679892;;1;Completa;Serviço;Despesa orçamentária;2026-03-25;2026-03-25;2026-04-01;742,2;Não
2270 - FUNDACAO HOSPITALAR DO ESTADO DE MINAS GERAIS;Nota fiscal;01.571.702/0001-98;HALEX ISTAR INDUSTRIA FARMACEUTICA SA;458510;;1;Completa - Recebimento definitivo;Consumo;Despesa orçamentária;2026-02-28;2026-03-01;2026-04-01;940,0;Não
1190 - SECRETARIA DE ESTADO DE FAZENDA DE MINAS GERAIS;Nota fiscal;33.224.254/0001-42;MGS MINAS GERAIS ADMINISTRACAO E SERVICOS S/A;12695;1;1;Completa;Serviço;Despesa orçamentária;2026-03-30;2026-04-01;2026-04-01;20232,89;Não
2310 - UNIVERSIDADE ESTADUAL DE MONTES CLAROS;Nota fiscal;13.471.232/0001-70;FREITAS & FRANCISCO COMERCIO DE PRODUTOS NUTRICIONAIS LTDA - EPP;32233;1;1;Completa - Recebimento definitivo;Consumo;Despesa orçamentária;2026-03-23;2026-04-01;2026-04-01;3940,2;Não
2100 - INSTITUTO ESTADUAL DE FLORESTAS-IEF;Nota fiscal;01.571.702/0001-98;HALEX ISTAR INDUSTRIA FARMACEUTICA SA;459334;;1;Completa - Recebimento definitivo;Consumo;Despesa orçamentária;2026-03-18;2026-03-27;2026-04-01;305,25;Não
1260 - SECRETARIA DE ESTADO DE EDUCACAO;Outros;***.550.906-**;LUIZ CESAR ZAMPIER;32026;A;1;Completa;Serviço;Despesa orçamentária;2026-04-01;2026-04-01;2026-04-01;1206,0;Não
1450 - SECRETARIA DE ESTADO DE JUSTICA E SEGURANCA PUBLIC;Nota fiscal;05.151.226/0001-07;EXPRESSO MINAS FRIOS LTDA;75662;2;1;Completa;Serviço;Despesa orçamentária;2026-03-06;2026-04-01;2026-04-01;2240,0;Não
1260 - SECRETARIA DE ESTADO DE EDUCACAO;Outros;***.646.526-**;LUIZ FERNANDO CARVALHO CESAR;32026;A;1;Completa;Serviço;Despesa orçamentária;2026-04-01;2026-04-01;2026-04-01;603,0;Não
1260 - SECRETARIA DE ESTADO DE EDUCACAO;Outros;***.225.776-**;LUIZ GALDINO DE CARVALHO CESAR;32026;A;1;Completa;Serviço;Despesa orçamentária;2026-04-01;2026-04-01;2026-04-01;603,0;Não
2010 - INST.DE PREVIDENCIA DOS SERVIDORES DO EST.M.GERAIS;Nota fiscal;04.242.860/0001-92;MEDI-GLOBE BRASIL LTDA;137318;1;1;Completa - Recebimento definitivo;Consumo;Despesa orçamentária;2026-03-27;2026-03-31;2026-04-01;1650,0;Não
1450 - SECRETARIA DE ESTADO DE JUSTICA E SEGURANCA PUBLIC;Nota fiscal;05.151.226/0001-07;EXPRESSO MINAS FRIOS LTDA;75660;2;1;Completa;Serviço;Despesa orçamentária;2026-03-06;2026-04-01;2026-04-01;875,0;Não
1260 - SECRETARIA DE ESTADO DE EDUCACAO;Outros;***.836.266-**;MARIA ANTONIETA ROMEIRO LOPES;32026;A;1;Completa;Serviço;Despesa orçamentária;2026-04-01;2026-04-01;2026-04-01;2412,0;Não
2010 - INST.DE PREVIDENCIA DOS SERVIDORES DO EST.M.GERAIS;Nota fiscal;13.471.232/0001-70;FREITAS & FRANCISCO COMERCIO DE PRODUTOS NUTRICIONAIS LTDA - EPP;32271;1;1;Completa - Recebimento definitivo;Consumo;Despesa orçamentária;2026-03-25;2026-03-31;2026-04-01;5220,0;Não
1400 - CORPO DE BOMBEIROS MILITAR DE MINAS GERAIS;Nota fiscal;10.613.253/0001-94;LINHA RETA SERVICOS MECANICOS LTDA -ME;250;;1;Completa;Serviço;Despesa extra orçamentária;2026-03-12;2026-04-01;2026-04-01;2868,51;Não
2260 - FUNDACAO EZEQUIEL DIAS;Nota fiscal;18.765.951/0001-17;CCA AUTOMACAO PREDIAL LTDA - ME;38;;1;Completa;Serviço;Despesa orçamentária;2026-03-30;2026-04-01;2026-04-01;129131,86;Não
1450 - SECRETARIA DE ESTADO DE JUSTICA E SEGURANCA PUBLIC;Nota fiscal;05.151.226/0001-07;EXPRESSO MINAS FRIOS LTDA;75661;2;1;Completa;Serviço;Despesa orçamentária;2026-03-06;2026-04-01;2026-04-01;980,0;Não
1320 - SECRETARIA DE ESTADO DA SAUDE;Outros;***.750.576-**;STAEL GUIMARAES MARQUES NASSER;2102026;;1;Completa;Serviço;Despesa orçamentária;2026-04-01;2026-04-01;2026-04-01;6663,35;Não
2100 - INSTITUTO ESTADUAL DE FLORESTAS-IEF;Nota fiscal;31.495.759/0001-16;SIRIO PHARMA LTDA;20102;;1;Completa - Recebimento definitivo;Consumo;Despesa orçamentária;2026-03-13;2026-03-27;2026-04-01;247,56;Não
2270 - FUNDACAO HOSPITALAR DO ESTADO DE MINAS GERAIS;Nota fiscal;01.107.391/0012-63;SUPPORT PRODUTOS NUTRICIONAIS LTDA;28347;;1;Completa - Recebimento definitivo;Consumo;Despesa orçamentária;2026-03-19;2026-03-25;2026-04-01;13500,0;Não
1260 - SECRETARIA DE ESTADO DE EDUCACAO;Nota fiscal;13.183.077/0001-96;UNITEC VAZANTE LTDA;11;E;1;Completa;Serviço;Despesa orçamentária;2025-03-17;2025-03-31;2026-04-01;194710,0;Não
1190 - SECRETARIA DE ESTADO DE FAZENDA DE MINAS GERAIS;Nota fiscal;33.224.254/0001-42;MGS MINAS GERAIS ADMINISTRACAO E SERVICOS S/A;12694;;1;Completa;Serviço;Despesa orçamentária;2026-03-30;2026-04-01;2026-04-01;6466,66;Não
2010 - INST.DE PREVIDENCIA DOS SERVIDORES DO EST.M.GERAIS;Nota fiscal;39.928.043/0001-77;SAUDE FARMA LTDA;245;2;1;Completa - Recebimento definitivo;Consumo;Despesa orçamentária;2026-03-11;2026-03-31;2026-04-01;24,0;Não
2270 - FUNDACAO HOSPITALAR DO ESTADO DE MINAS GERAIS;Nota fiscal;01.676.274/0001-68;EMPRESA DE TRANSPORTES SANTAFE LTDA;103;;1;Completa;Serviço;Despesa orçamentária;2026-03-31;2026-03-31;2026-04-01;2005,5;Não
1400 - CORPO DE BOMBEIROS MILITAR DE MINAS GERAIS;Nota fiscal;10.613.253/0001-94;LINHA RETA SERVICOS MECANICOS LTDA -ME;590;;1;Completa;Serviço;Despesa extra orçamentária;2026-03-28;2026-04-01;2026-04-01;186,99;Não
2090 - FUNDACAO ESTADUAL DO MEIO AMBIENTE;Nota fiscal;01.622.134/0001-07;AGROPADUA SERVICOS DE DEDETIZACAO LTDA;6880;;1;Completa;Serviço;Despesa orçamentária;2026-03-04;2026-03-30;2026-04-01;5747,43;Não
2100 - INSTITUTO ESTADUAL DE FLORESTAS-IEF;Nota fiscal;67.729.178/0004-91;COMERCIAL CIRURGICA RIOCLARENSE LTDA;2131306;;1;Completa - Recebimento definitivo;Consumo;Despesa orçamentária;2026-03-16;2026-03-27;2026-04-01;3,34;Não
1450 - SECRETARIA DE ESTADO DE JUSTICA E SEGURANCA PUBLIC;Nota fiscal;54.810.188/0001-62;W18 MEDICAL - COMERCIO E SERVICOS LTDA;2064;1;1;Completa - Recebimento definitivo;Consumo;Despesa orçamentária;2026-03-30;2026-03-30;2026-04-01;6836,4;Não
1320 - SECRETARIA DE ESTADO DA SAUDE;Nota fiscal;44.734.671/0022-86;CRISTALIA PRODUTOS QUIMICOS FARMACEUTICOS LTDA;941296;10;1;Completa - Recebimento definitivo;Consumo;Despesa orçamentária;2026-03-23;2026-03-31;2026-04-01;4200,0;Não
1320 - SECRETARIA DE ESTADO DA SAUDE;Outros;***.701.266-**;LEDA MARIA DE OLIVEIRA VIANA RIBEIRO;32026;;1;Completa;Serviço;Despesa orçamentária;2026-04-01;2026-04-01;2026-04-01;29491,9;Não
1190 - SECRETARIA DE ESTADO DE FAZENDA DE MINAS GERAIS;Nota fiscal;07.531.898/0001-73;MARILIA DE DIRCEU INDUSTRIA E COMERCIO DE ALIMENTOS LTDA - EPP;202685;;1;Completa;Serviço;Despesa orçamentária;2026-03-30;2026-03-31;2026-04-01;467,94;Não
2010 - INST.DE PREVIDENCIA DOS SERVIDORES DO EST.M.GERAIS;Nota fiscal;39.928.043/0001-77;SAUDE FARMA LTDA;246;2;1;Completa - Recebimento definitivo;Consumo;Despesa orçamentária;2026-03-13;2026-03-31;2026-04-01;28,0;Não
1320 - SECRETARIA DE ESTADO DA SAUDE;Outros;***.692.096-**;ROBERTO OLAVO FERREIRA DE OLIVEIRA;32026;;1;Completa;Serviço;Despesa orçamentária;2026-04-01;2026-04-01;2026-04-01;29491,9;Não
1400 - CORPO DE BOMBEIROS MILITAR DE MINAS GERAIS;Nota fiscal;10.613.253/0001-94;LINHA RETA SERVICOS MECANICOS LTDA -ME;622;;1;Completa;Serviço;Despesa extra orçamentária;2026-03-31;2026-04-01;2026-04-01;186,99;Não
1190 - SECRETARIA DE ESTADO DE FAZENDA DE MINAS GERAIS;Outros;33.224.254/0001-42;MGS MINAS GERAIS ADMINISTRACAO E SERVICOS S/A;680710;;1;Completa;Serviço;Despesa orçamentária;2026-03-30;2026-04-01;2026-04-01;1456,56;Não
2010 - INST.DE PREVIDENCIA DOS SERVIDORES DO EST.M.GERAIS;Nota fiscal;07.832.586/0001-08;DF TURISMO E EVENTOS LTDA;7216;;1;Completa;Serviço;Despesa orçamentária;2026-03-31;2026-03-31;2026-04-01;3450,0;Não
1320 - SECRETARIA DE ESTADO DA SAUDE;Outros;***.842.686-**;MARCIO PEREIRA DA SILVA;32026;;1;Completa;Serviço;Despesa orçamentária;2026-04-01;2026-04-01;2026-04-01;16000,0;Não
2370 - INSTITUTO MINEIRO DE AGROPECUARIA;Nota fiscal;34.274.233/0294-29;VIBRA ENERGIA S.A;323501;0;1;Completa - Recebimento definitivo;Consumo;Despesa orçamentária;2026-03-30;2026-03-30;2026-04-01;17741,24;Não
2270 - FUNDACAO HOSPITALAR DO ESTADO DE MINAS GERAIS;Nota fiscal;04.398.505/0001-07;CONSORCIO OPERACIONAL DO TRANS. COLETIVO DE PASSAG. POR ONIBUS DO MUNICIP. DE BH;3826006506103;;1;Completa;Serviço;Despesa orçamentária;2026-04-01;2026-04-01;2026-04-01;15,0;Não
1010 - ASSEMBLEIA LEGISLATIVA DO ESTADO DE MINAS GERAIS;Nota fiscal;78.533.312/0001-58;PLANSUL PLANEJAMENTO E CONSULTORIA LTDA;122222026;;1;Completa;Serviço;Despesa orçamentária;2026-03-27;2026-03-31;2026-04-01;1177094,09;Não
1260 - SECRETARIA DE ESTADO DE EDUCACAO;Outros;16.948.366/0001-27;LOJA MACONICA MESTRES DO VALE N. 1065;9179797;76;1;Completa;Serviço;Despesa orçamentária;2026-04-01;2026-04-01;2026-04-01;4729,37;Não
2010 - INST.DE PREVIDENCIA DOS SERVIDORES DO EST.M.GERAIS;Nota fiscal;33.224.254/0001-42;MGS MINAS GERAIS ADMINISTRACAO E SERVICOS S/A;12027;1A;1;Completa;Serviço;Despesa orçamentária;2026-03-25;2026-03-25;2026-04-01;11366,07;Não
1400 - CORPO DE BOMBEIROS MILITAR DE MINAS GERAIS;Nota fiscal;10.613.253/0001-94;LINHA RETA SERVICOS MECANICOS LTDA -ME;623;;1;Completa;Serviço;Despesa extra orçamentária;2026-03-31;2026-04-01;2026-04-01;186,99;Não
1320 - SECRETARIA DE ESTADO DA SAUDE;Nota fiscal;07.432.517/0001-07;SIMPRESS COMERCIO LOCACAO E SERVICOS LTDA;369496;1;1;Completa;Serviço;Despesa orçamentária;2026-03-17;2026-03-30;2026-04-01;798,7;Não
1190 - SECRETARIA DE ESTADO DE FAZENDA DE MINAS GERAIS;Outros;33.224.254/0001-42;MGS MINAS GERAIS ADMINISTRACAO E SERVICOS S/A;680695;;1;Completa;Serviço;Despesa orçamentária;2026-03-30;2026-04-01;2026-04-01;532,56;Não
2010 - INST.DE PREVIDENCIA DOS SERVIDORES DO EST.M.GERAIS;Nota fiscal;25.031.668/0001-27;SAMEH SOLUCOES HOSPITALARES LTDA;127749;1;1;Completa - Recebimento definitivo;Consumo;Despesa orçamentária;2026-03-30;2026-03-31;2026-04-01;214,65;Não
1320 - SECRETARIA DE ESTADO DA SAUDE;Nota fiscal;44.734.671/0022-86;CRISTALIA PRODUTOS QUIMICOS FARMACEUTICOS LTDA;942323;10;1;Completa - Recebimento definitivo;Consumo;Despesa orçamentária;2026-03-24;2026-03-31;2026-04-01;15210,0;Não
2010 - INST.DE PREVIDENCIA DOS SERVIDORES DO EST.M.GERAIS;Outros;33.224.254/0001-42;MGS MINAS GERAIS ADMINISTRACAO E SERVICOS S/A;679843;;1;Completa;Serviço;Despesa orçamentária;2026-03-25;2026-03-25;2026-04-01;1020,36;Não
2300 - DEPARTAMENTO DE ESTRADAS DE RODAGEM;Nota fiscal;07.301.055/0001-80;AZIZ SISTEMAS DE SEGURANCA LTDA;827;;1;Completa;Serviço;Despesa orçamentária;2026-03-12;2026-03-12;2026-04-01;3843,78;Não
1320 - SECRETARIA DE ESTADO DA SAUDE;Nota fiscal;18.670.159/0001-89;BID COMERCIAL LTDA - ME;52;;1;Completa;Serviço;Despesa orçamentária;2026-03-31;2026-03-31;2026-04-01;696,0;Não
1320 - SECRETARIA DE ESTADO DA SAUDE;Nota fiscal;07.432.517/0001-07;SIMPRESS COMERCIO LOCACAO E SERVICOS LTDA;368911;;1;Completa;Serviço;Despesa orçamentária;2026-03-17;2026-03-30;2026-04-01;861,42;Não
1250 - POLICIA MILITAR DE MINAS GERAIS;Nota fiscal;07.346.326/0001-14;REPROS SOLUCOES EM TECNOLOGIA LTDA;27794;;1;Completa;Serviço;Despesa orçamentária;2026-03-31;2026-04-01;2026-04-01;38558,64;Não
2270 - FUNDACAO HOSPITALAR DO ESTADO DE MINAS GERAIS;Nota fiscal;16.516.296/0001-38;LABTEST DIAGNOSTICA S/A;140678;;1;Incompleta;Consumo;Despesa orçamentária;2026-03-23;2026-03-26;2026-04-01;3209,16;Não
1400 - CORPO DE BOMBEIROS MILITAR DE MINAS GERAIS;Nota fiscal;10.613.253/0001-94;LINHA RETA SERVICOS MECANICOS LTDA -ME;624;;1;Completa;Serviço;Despesa extra orçamentária;2026-03-31;2026-04-01;2026-04-01;186,99;Não
1400 - CORPO DE BOMBEIROS MILITAR DE MINAS GERAIS;Nota fiscal;13.802.791/0001-15;AUTO MECANICA MULT CAR LTDA;7964;;1;Completa;Serviço;Despesa orçamentária;2026-03-27;2026-04-01;2026-04-01;178,23;Não
1320 - SECRETARIA DE ESTADO DA SAUDE;Nota fiscal;07.432.517/0001-07;SIMPRESS COMERCIO LOCACAO E SERVICOS LTDA;368955;1;1;Completa;Serviço;Despesa orçamentária;2026-03-17;2026-03-30;2026-04-01;148,54;Não
2010 - INST.DE PREVIDENCIA DOS SERVIDORES DO EST.M.GERAIS;Nota fiscal;07.797.579/0001-04;HOMACC COMERCIO DE MATERIAL MEDICO HOSPITALAR LTDA;101300;;1;Completa - Recebimento definitivo;Consumo;Despesa orçamentária;2026-03-27;2026-03-31;2026-04-01;4580,0;Não
2300 - DEPARTAMENTO DE ESTRADAS DE RODAGEM;Nota fiscal;16.636.540/0001-04;COMPANHIA DE TECNOLOGIA DA INFORMACAO DO ESTADO DE MINAS GERAIS-PRODEMGE;20262961;;1;Completa;Serviço;Despesa orçamentária;2026-03-30;2026-03-30;2026-04-01;556918,91;Não
1400 - CORPO DE BOMBEIROS MILITAR DE MINAS GERAIS;Nota fiscal;10.613.253/0001-94;LINHA RETA SERVICOS MECANICOS LTDA -ME;629;1;1;Completa;Serviço;Despesa extra orçamentária;2026-03-31;2026-04-01;2026-04-01;1542,02;Não
1260 - SECRETARIA DE ESTADO DE EDUCACAO;Outros;18.034.025/0001-71;INDUMENTARIA INDUSTRIA E COMERCIO LTDA - ME;9054099;160;1;Completa;Serviço;Despesa orçamentária;2026-04-01;2026-04-01;2026-04-01;39639,17;Não
2010 - INST.DE PREVIDENCIA DOS SERVIDORES DO EST.M.GERAIS;Nota fiscal;48.939.276/0001-66;MEDI HOUSE INDUSTRIA E COMERCIO DE PRODUTOS CIRURGICOS E HOSPITALARES EIRELI;272294;1;1;Completa - Recebimento definitivo;Consumo;Despesa orçamentária;2026-03-20;2026-03-31;2026-04-01;11287,52;Não
2270 - FUNDACAO HOSPITALAR DO ESTADO DE MINAS GERAIS;Nota fiscal;24.638.170/0001-64;DISTRIBUIDORA MENDONCA E MIRANDA LTDA;2155;0;1;Completa - Recebimento definitivo;Consumo;Despesa orçamentária;2026-03-31;2026-04-01;2026-04-01;3927,5;Não
1250 - POLICIA MILITAR DE MINAS GERAIS;Nota fiscal;34.274.233/0025-71;VIBRA ENERGIA S.A;4853440;;1;Completa - Recebimento definitivo;Consumo;Despesa orçamentária;2026-03-31;2026-04-01;2026-04-01;22309,0;Não
2270 - FUNDACAO HOSPITALAR DO ESTADO DE MINAS GERAIS;Nota fiscal;01.676.274/0001-68;EMPRESA DE TRANSPORTES SANTAFE LTDA;105;;1;Completa;Serviço;Despesa orçamentária;2026-03-31;2026-03-31;2026-04-01;1203,3;Não
1010 - ASSEMBLEIA LEGISLATIVA DO ESTADO DE MINAS GERAIS;Nota fiscal;78.533.312/0001-58;PLANSUL PLANEJAMENTO E CONSULTORIA LTDA;122252026;;1;Completa;Serviço;Despesa orçamentária;2026-03-27;2026-03-31;2026-04-01;6030,26;Não
1540 - ESCOLA DE SAUDE PUBLICA DE MINAS GERAIS;Outros;***.482.226-**;PATRICIA MARIA DO NASCIMENTO BEZERRA DE MENEZES;9493536;3;1;Completa;Serviço;Despesa orçamentária;2026-03-13;2026-03-13;2026-04-01;2800,0;Não
1450 - SECRETARIA DE ESTADO DE JUSTICA E SEGURANCA PUBLIC;Nota fiscal;15.839.921/0001-10;TERRACO REFEICOES PROFISSIONAIS LTDA;38;;1;Completa;Serviço;Despesa orçamentária;2026-03-04;2026-03-04;2026-04-01;121077,03;Não
2010 - INST.DE PREVIDENCIA DOS SERVIDORES DO EST.M.GERAIS;Nota fiscal;13.175.742/0001-08;VIVA COMERCIO IMPORTACAO E EXPORTACAO LTDA;11807;1;1;Completa - Recebimento definitivo;Consumo;Despesa orçamentária;2026-03-30;2026-03-31;2026-04-01;7500,0;Não
1260 - SECRETARIA DE ESTADO DE EDUCACAO;Outros;20.624.433/0001-25;ASSOCIACAO DE PROTECAO A MATERNIDADE E A INFANCIA DE GOVERNADOR VALADARES;9149587;166;1;Completa;Serviço;Despesa orçamentária;2026-04-01;2026-04-01;2026-04-01;9662,27;Não
2270 - FUNDACAO HOSPITALAR DO ESTADO DE MINAS GERAIS;Nota fiscal;32.227.070/0001-73;CETUS CONSTRUTORA LTDA;3524;;1;Completa;Serviço;Despesa orçamentária;2026-03-31;2026-03-31;2026-04-01;80416,95;Não
1490 - SECRETARIA DE ESTADO DE GOVERNO;Nota fiscal;12.685.506/0001-60;PRONTO EVENTOS TECNOLOGIA E INTEGRACAO LTDA;3052;1;1;Completa;Serviço;Despesa orçamentária;2026-03-26;2026-03-26;2026-04-01;487,46;Não
1250 - POLICIA MILITAR DE MINAS GERAIS;Nota fiscal;34.274.233/0025-71;VIBRA ENERGIA S.A;4853436;;1;Completa - Recebimento definitivo;Consumo;Despesa orçamentária;2026-03-31;2026-04-01;2026-04-01;17741,24;Não
1250 - POLICIA MILITAR DE MINAS GERAIS;Nota fiscal;21.064.635/0001-22;S C PECAS E SERVICOS LTDA - EPP;19774;E;1;Completa;Serviço;Despesa extra orçamentária;2026-03-19;2026-04-01;2026-04-01;9571,04;Não
1450 - SECRETARIA DE ESTADO DE JUSTICA E SEGURANCA PUBLIC;Nota fiscal;05.151.226/0001-07;EXPRESSO MINAS FRIOS LTDA;75764;2;1;Completa;Serviço;Despesa orçamentária;2026-03-09;2026-04-01;2026-04-01;7962,5;Não
1250 - POLICIA MILITAR DE MINAS GERAIS;Nota fiscal;24.310.413/0001-30;PLASLOC PLACAS E TARJETAS LTDA;8424;;1;Completa;Serviço;Despesa extra orçamentária;2026-03-31;2026-03-31;2026-04-01;121,1;Não
1190 - SECRETARIA DE ESTADO DE FAZENDA DE MINAS GERAIS;Outros;02.421.421/0001-11;TIM S A;5708216234;;1;Completa;Serviço;Despesa orçamentária;2026-03-27;2026-03-31;2026-04-01;3041,81;Não
2270 - FUNDACAO HOSPITALAR DO ESTADO DE MINAS GERAIS;Nota fiscal;05.263.842/0001-50;IGC EMPREENDIMENTOS IMOBILIARIOS LTDA;2953;;1;Completa;Serviço;Despesa orçamentária;2026-03-31;2026-03-31;2026-04-01;2487,12;Não
1450 - SECRETARIA DE ESTADO DE JUSTICA E SEGURANCA PUBLIC;Outros;03.518.400/0001-81;3A EMPREENDIMENTOS IMOBILIARIOS LTDA;1225;1;1;Completa;Serviço;Despesa orçamentária;2025-11-01;2025-11-01;2026-04-01;23026,29;Não
1260 - SECRETARIA DE ESTADO DE EDUCACAO;Outros;20.624.433/0001-25;ASSOCIACAO DE PROTECAO A MATERNIDADE E A INFANCIA DE GOVERNADOR VALADARES;9149589;174;1;Completa;Serviço;Despesa orçamentária;2026-04-01;2026-04-01;2026-04-01;10193,13;Não
1500 - SECRETARIA DE ESTADO DE PLANEJAMENTO E GESTAO;Outros;05.208.211/0001-38;IN HAUS INDUSTRIAL E SERVICOS DE LOGISTICA S/A;159857;1;1;Completa;Serviço;Despesa orçamentária;2026-03-30;2026-03-30;2026-04-01;59410,33;Não
1250 - POLICIA MILITAR DE MINAS GERAIS;Nota fiscal;21.064.635/0001-22;S C PECAS E SERVICOS LTDA - EPP;19775;E;1;Completa;Serviço;Despesa extra orçamentária;2026-03-19;2026-04-01;2026-04-01;1640,0;Não
2460 - AGENCIA DE DESENVOLVIMENTO DA RMVA;Nota fiscal;01.406.617/0001-74;AGENCIA DE INTEGRACAO EMPRESA ESCOLA LTDA;33554;;1;Completa;Serviço;Despesa orçamentária;2026-03-31;2026-03-31;2026-04-01;9415,71;Não
1250 - POLICIA MILITAR DE MINAS GERAIS;Nota fiscal;34.274.233/0025-71;VIBRA ENERGIA S.A;4853441;;1;Completa - Recebimento definitivo;Consumo;Despesa orçamentária;2026-03-31;2026-04-01;2026-04-01;17741,24;Não
1010 - ASSEMBLEIA LEGISLATIVA DO ESTADO DE MINAS GERAIS;Nota fiscal;78.533.312/0001-58;PLANSUL PLANEJAMENTO E CONSULTORIA LTDA;122192026;;1;Completa;Serviço;Despesa orçamentária;2026-03-27;2026-03-30;2026-04-01;126521,39;Não
2370 - INSTITUTO MINEIRO DE AGROPECUARIA;Nota fiscal;16.636.540/0001-04;COMPANHIA DE TECNOLOGIA DA INFORMACAO DO ESTADO DE MINAS GERAIS-PRODEMGE;2916;;1;Completa;Serviço;Despesa orçamentária;2026-03-30;2026-04-01;2026-04-01;9380,0;Não
1260 - SECRETARIA DE ESTADO DE EDUCACAO;Outros;03.447.242/0007-01;SERVICO NACIONAL DE APRENDIZAGEM COMERCIAL - SENAC MINAS;9411250;CN;1;Completa;Serviço;Despesa orçamentária;2026-04-01;2026-04-01;2026-04-01;5120,0;Não
1250 - POLICIA MILITAR DE MINAS GERAIS;Nota fiscal;24.310.413/0001-30;PLASLOC PLACAS E TARJETAS LTDA;8425;;1;Completa;Serviço;Despesa orçamentária;2026-03-31;2026-03-31;2026-04-01;69,86;Não
1260 - SECRETARIA DE ESTADO DE EDUCACAO;Outros;***.233.236-**;CARLOS ROBERTO DA FONSECA;4339723;;1;Completa;Serviço;Despesa orçamentária;2026-04-01;2026-04-01;2026-04-01;4463,83;Não
1490 - SECRETARIA DE ESTADO DE GOVERNO;Nota fiscal;12.685.506/0001-60;PRONTO EVENTOS TECNOLOGIA E INTEGRACAO LTDA;2993;1;1;Completa;Serviço;Despesa orçamentária;2026-02-23;2026-02-23;2026-04-01;2342,14;Não
1450 - SECRETARIA DE ESTADO DE JUSTICA E SEGURANCA PUBLIC;Nota fiscal;21.545.265/0001-45;MUNDIAL REFEICOES E LANCHES LTDA;2797;;1;Completa;Serviço;Despesa orçamentária;2026-03-04;2026-03-04;2026-04-01;25521,62;Não
1260 - SECRETARIA DE ESTADO DE EDUCACAO;Outros;20.624.433/0001-25;ASSOCIACAO DE PROTECAO A MATERNIDADE E A INFANCIA DE GOVERNADOR VALADARES;9149588;35;1;Completa;Serviço;Despesa orçamentária;2026-04-01;2026-04-01;2026-04-01;8882,91;Não
1250 - POLICIA MILITAR DE MINAS GERAIS;Nota fiscal;34.274.233/0025-71;VIBRA ENERGIA S.A;4853487;;1;Completa - Recebimento definitivo;Consumo;Despesa orçamentária;2026-03-31;2026-04-01;2026-04-01;17741,24;Não
1540 - ESCOLA DE SAUDE PUBLICA DE MINAS GERAIS;Outros;***.149.016-**;MARIA INEZ NEIVA COLARES;9453469;3;1;Completa;Serviço;Despesa orçamentária;2026-03-13;2026-03-13;2026-04-01;2800,0;Não
1490 - SECRETARIA DE ESTADO DE GOVERNO;Nota fiscal;12.685.506/0001-60;PRONTO EVENTOS TECNOLOGIA E INTEGRACAO LTDA;2994;1;1;Completa;Serviço;Despesa orçamentária;2026-02-23;2026-02-23;2026-04-01;3115,8;Não
1320 - SECRETARIA DE ESTADO DA SAUDE;Nota fiscal;07.432.517/0001-07;SIMPRESS COMERCIO LOCACAO E SERVICOS LTDA;368950;;1;Completa;Serviço;Despesa orçamentária;2026-03-17;2026-03-30;2026-04-01;163,76;Não
2270 - FUNDACAO HOSPITALAR DO ESTADO DE MINAS GERAIS;Nota fiscal;21.681.325/0001-57;MULTIFARMA COMERCIO E REPRESENTACOES LTDA.;287801;1;1;Completa - Recebimento definitivo;Consumo;Despesa orçamentária;2026-03-18;2026-03-23;2026-04-01;696,0;Não
1490 - SECRETARIA DE ESTADO DE GOVERNO;Nota fiscal;12.685.506/0001-60;PRONTO EVENTOS TECNOLOGIA E INTEGRACAO LTDA;3995;1;1;Completa;Serviço;Despesa orçamentária;2026-02-23;2026-02-23;2026-04-01;30990,24;Não
1250 - POLICIA MILITAR DE MINAS GERAIS;Nota fiscal;24.310.413/0001-30;PLASLOC PLACAS E TARJETAS LTDA;8431;;1;Completa;Serviço;Despesa extra orçamentária;2026-04-01;2026-04-01;2026-04-01;60,55;Não
2370 - INSTITUTO MINEIRO DE AGROPECUARIA;Nota fiscal;16.636.540/0001-04;COMPANHIA DE TECNOLOGIA DA INFORMACAO DO ESTADO DE MINAS GERAIS-PRODEMGE;2915;;1;Completa;Serviço;Despesa orçamentária;2026-03-30;2026-04-01;2026-04-01;37408,0;Não
1010 - ASSEMBLEIA LEGISLATIVA DO ESTADO DE MINAS GERAIS;Nota fiscal;78.533.312/0001-58;PLANSUL PLANEJAMENTO E CONSULTORIA LTDA;122202026;;1;Completa;Serviço;Despesa orçamentária;2026-03-27;2026-03-30;2026-04-01;10944,19;Não
1260 - SECRETARIA DE ESTADO DE EDUCACAO;Outros;20.624.433/0001-25;ASSOCIACAO DE PROTECAO A MATERNIDADE E A INFANCIA DE GOVERNADOR VALADARES;9372871;118;1;Completa;Serviço;Despesa orçamentária;2026-04-01;2026-04-01;2026-04-01;6207,04;Não
1400 - CORPO DE BOMBEIROS MILITAR DE MINAS GERAIS;Nota fiscal;22.512.453/0001-30;PNEUS CAP LTDA -ME;16134;;1;Completa;Serviço;Despesa extra orçamentária;2026-03-30;2026-04-01;2026-04-01;1930,6;Não
1250 - POLICIA MILITAR DE MINAS GERAIS;Nota fiscal;34.274.233/0208-04;VIBRA ENERGIA S.A;182009;;1;Completa - Recebimento definitivo;Consumo;Despesa orçamentária;2026-04-01;2026-04-01;2026-04-01;17741,24;Não
2370 - INSTITUTO MINEIRO DE AGROPECUARIA;Nota fiscal;33.224.254/0001-42;MGS MINAS GERAIS ADMINISTRACAO E SERVICOS S/A;12634;1;1;Completa;Serviço;Despesa orçamentária;2026-03-30;2026-04-01;2026-04-01;3794,72;Não
1450 - SECRETARIA DE ESTADO DE JUSTICA E SEGURANCA PUBLIC;Nota fiscal;61.070.787/0001-52;LOGICRON SERVICOS LTDA;20;1;3;Incompleta;Serviço;Despesa extra orçamentária;2026-03-03;2026-03-03;2026-04-01;29425,0;Não
1400 - CORPO DE BOMBEIROS MILITAR DE MINAS GERAIS;Nota fiscal;08.298.732/0001-11;OLAIR DE JESUS DOS SANTOS;5159;1;1;Completa;Serviço;Despesa orçamentária;2026-03-28;2026-04-01;2026-04-01;29,85;Não
2350 - UNIVERSIDADE DO ESTADO DE MINAS GERAIS;Nota fiscal;02.421.421/0001-11;TIM S A;1225;;1;Completa;Serviço;Despesa extra orçamentária;2026-03-03;2026-03-11;2026-04-01;1648,1;Não
2270 - FUNDACAO HOSPITALAR DO ESTADO DE MINAS GERAIS;Nota fiscal;09.400.443/0001-44;OFICIAL PAPER INDUSTRIA E COMERCIO LTDA;13217;1;1;Completa - Recebimento definitivo;Consumo;Despesa extra orçamentária;2026-03-30;2026-03-30;2026-04-01;14040,0;Não
1400 - CORPO DE BOMBEIROS MILITAR DE MINAS GERAIS;Nota fiscal;08.298.732/0001-11;OLAIR DE JESUS DOS SANTOS;100002930;;1;Completa;Serviço;Despesa orçamentária;2026-03-28;2026-04-01;2026-04-01;92,93;Não
2270 - FUNDACAO HOSPITALAR DO ESTADO DE MINAS GERAIS;Nota fiscal;21.921.393/0003-08;ORTHO CLINICAL DIAGNOSTICS DO BRASIL PRODUTOS PARA SAUDE LTDA.;269275;1;1;Completa - Recebimento definitivo;Consumo;Despesa orçamentária;2026-03-23;2026-03-30;2026-04-01;32533,0;Não
1250 - POLICIA MILITAR DE MINAS GERAIS;Nota fiscal;28.074.559/0001-85;REFORLAR SOLUCOES EM ENGENHARIA LTDA;7;NFS;1;Completa;Serviço;Despesa extra orçamentária;2026-03-09;2026-03-09;2026-04-01;34155,04;Não
2370 - INSTITUTO MINEIRO DE AGROPECUARIA;Nota fiscal;16.636.540/0001-04;COMPANHIA DE TECNOLOGIA DA INFORMACAO DO ESTADO DE MINAS GERAIS-PRODEMGE;2914;;1;Completa;Serviço;Despesa orçamentária;2026-03-30;2026-04-01;2026-04-01;33456,0;Não
1400 - CORPO DE BOMBEIROS MILITAR DE MINAS GERAIS;Nota fiscal;08.057.428/0001-82;GRIFFE PNEUS AUTO CENTER LTDA - EPP;38619;;1;Completa - Recebimento definitivo;Consumo;Despesa extra orçamentária;2026-03-26;2026-03-26;2026-04-01;2179,66;Não
1320 - SECRETARIA DE ESTADO DA SAUDE;Nota fiscal;07.418.547/0003-12;HBR AVIACAO S.A.;253;;1;Completa;Serviço;Despesa extra orçamentária;2026-03-16;2026-04-01;2026-04-01;1391,4;Não
1450 - SECRETARIA DE ESTADO DE JUSTICA E SEGURANCA PUBLIC;Nota fiscal;20.142.378/0001-37;VIACAO EDILSON LTDA - EPP;679;;1;Completa;Serviço;Despesa orçamentária;2026-03-19;2026-03-19;2026-04-01;140089,13;Não
1450 - SECRETARIA DE ESTADO DE JUSTICA E SEGURANCA PUBLIC;Nota fiscal;11.205.159/0008-35;MC ALIMENTACAO E SERVICOS LTDA;135;;1;Completa;Serviço;Despesa orçamentária;2026-03-10;2026-03-10;2026-04-01;59101,92;Não
1320 - SECRETARIA DE ESTADO DA SAUDE;Nota fiscal;34.274.233/0001-02;VIBRA ENERGIA S.A;34856;;1;Completa - Recebimento definitivo;Consumo;Despesa orçamentária;2026-03-31;2026-03-31;2026-04-01;3265,99;Não
1540 - ESCOLA DE SAUDE PUBLICA DE MINAS GERAIS;Outros;***.082.186-**;EMANUELLE CRISTINA BESSA MARTINS;9493535;3;1;Completa;Serviço;Despesa orçamentária;2026-03-13;2026-03-13;2026-04-01;2800,0;Não
1260 - SECRETARIA DE ESTADO DE EDUCACAO;Outros;***.259.626-**;NILTON FARIA;9468682;8;1;Completa;Serviço;Despesa orçamentária;2026-04-01;2026-04-01;2026-04-01;10000,0;Não
2270 - FUNDACAO HOSPITALAR DO ESTADO DE MINAS GERAIS;Nota fiscal;09.400.443/0001-44;OFICIAL PAPER INDUSTRIA E COMERCIO LTDA;13223;1;1;Completa - Recebimento definitivo;Consumo;Despesa extra orçamentária;2026-03-31;2026-03-31;2026-04-01;8398,0;Não
2300 - DEPARTAMENTO DE ESTRADAS DE RODAGEM;Nota fiscal;17.281.106/0001-03;COMPANHIA DE SANEAMENTO DE MINAS GERAIS COPASA MG;126144215659;;1;Completa;Serviço;Despesa orçamentária;2026-02-27;2026-03-31;2026-04-01;721,68;Não
2010 - INST.DE PREVIDENCIA DOS SERVIDORES DO EST.M.GERAIS;Nota fiscal;16.714.263/0001-00;TERMIL TERMO INSTALACOES LTDA -EPP;20;;1;Completa;Serviço;Despesa orçamentária;2026-04-01;2026-04-01;2026-04-01;30295,83;Não
1500 - SECRETARIA DE ESTADO DE PLANEJAMENTO E GESTAO;Outros;33.224.254/0001-42;MGS MINAS GERAIS ADMINISTRACAO E SERVICOS S/A;202612410;;1;Completa;Serviço;Despesa orçamentária;2026-03-30;2026-03-31;2026-04-01;58651,75;Não
1490 - SECRETARIA DE ESTADO DE GOVERNO;Nota fiscal;12.685.506/0001-60;PRONTO EVENTOS TECNOLOGIA E INTEGRACAO LTDA;3053;1;1;Completa;Serviço;Despesa orçamentária;2026-03-26;2026-03-26;2026-04-01;126,35;Não
2270 - FUNDACAO HOSPITALAR DO ESTADO DE MINAS GERAIS;Nota fiscal;25.031.668/0001-27;SAMEH SOLUCOES HOSPITALARES LTDA;127742;1;2;Completa - Recebimento definitivo;Consumo;Despesa orçamentária;2026-03-30;2026-03-31;2026-04-01;2210,87;Não
1190 - SECRETARIA DE ESTADO DE FAZENDA DE MINAS GERAIS;Nota fiscal;21.613.838/0001-20;SERG - SOLUCAO EM REFRIGERACAO EM GERAL LTDA;16;;1;Completa;Serviço;Despesa orçamentária;2026-03-30;2026-04-01;2026-04-01;1505,11;Não
2270 - FUNDACAO HOSPITALAR DO ESTADO DE MINAS GERAIS;Nota fiscal;09.400.443/0001-44;OFICIAL PAPER INDUSTRIA E COMERCIO LTDA;13221;1;1;Completa - Recebimento definitivo;Consumo;Despesa extra orçamentária;2026-03-31;2026-03-31;2026-04-01;52,0;Não
2270 - FUNDACAO HOSPITALAR DO ESTADO DE MINAS GERAIS;Nota fiscal;10.403.238/0001-11;AMED S/A;72701;1;1;Completa - Recebimento definitivo;Consumo;Despesa orçamentária;2026-03-18;2026-03-26;2026-04-01;7080,0;Não
2310 - UNIVERSIDADE ESTADUAL DE MONTES CLAROS;Outros;01.017.250/0001-05;VOETUR TURISMO E REPRESENTACOES LTDA;202600001327697;;1;Completa;Serviço;Despesa orçamentária;2026-03-26;2026-03-31;2026-04-01;2617,47;Não
2270 - FUNDACAO HOSPITALAR DO ESTADO DE MINAS GERAIS;Nota fiscal;21.921.393/0003-08;ORTHO CLINICAL DIAGNOSTICS DO BRASIL PRODUTOS PARA SAUDE LTDA.;269276;;1;Completa - Recebimento definitivo;Consumo;Despesa orçamentária;2026-03-23;2026-03-30;2026-04-01;2973,0;Não
2100 - INSTITUTO ESTADUAL DE FLORESTAS-IEF;Outros;19.557.917/0001-10;ALOISIO MOREIRA - ME;32026;;1;Completa;Serviço;Despesa orçamentária;2026-04-01;2026-04-01;2026-04-01;7656,67;Não
1010 - ASSEMBLEIA LEGISLATIVA DO ESTADO DE MINAS GERAIS;Nota fiscal;80.464.753/0001-97;EQS ENGENHARIA S.A.;1343232026;;1;Completa;Serviço;Despesa orçamentária;2026-03-31;2026-03-31;2026-04-01;650465,81;Não
2370 - INSTITUTO MINEIRO DE AGROPECUARIA;Nota fiscal;16.636.540/0001-04;COMPANHIA DE TECNOLOGIA DA INFORMACAO DO ESTADO DE MINAS GERAIS-PRODEMGE;2983;;1;Completa;Serviço;Despesa orçamentária;2026-03-30;2026-04-01;2026-04-01;468,43;Não
1260 - SECRETARIA DE ESTADO DE EDUCACAO;Outros;***.529.636-**;WILSON VAZ;9244315;72;1;Completa;Serviço;Despesa orçamentária;2026-04-01;2026-04-01;2026-04-01;43933,57;Não
1250 - POLICIA MILITAR DE MINAS GERAIS;Nota fiscal;35.486.631/0001-47;GLAUBER LUCIANO DE ALMEIDA 09157416605;331;NFS;1;Completa;Serviço;Despesa orçamentária;2026-03-27;2026-04-01;2026-04-01;128,63;Não
2460 - AGENCIA DE DESENVOLVIMENTO DA RMVA;Outros;76.535.764/0001-43;OI S.A. - EM RECUPERACAO JUDICIAL;41674;;1;Completa;Serviço;Despesa orçamentária;2026-02-22;2026-03-05;2026-04-01;253,95;Não
2270 - FUNDACAO HOSPITALAR DO ESTADO DE MINAS GERAIS;Nota fiscal;09.400.443/0001-44;OFICIAL PAPER INDUSTRIA E COMERCIO LTDA;13222;1;1;Completa - Recebimento definitivo;Consumo;Despesa extra orçamentária;2026-03-31;2026-03-31;2026-04-01;17550,0;Não
1490 - SECRETARIA DE ESTADO DE GOVERNO;Nota fiscal;12.685.506/0001-60;PRONTO EVENTOS TECNOLOGIA E INTEGRACAO LTDA;3054;1;1;Completa;Serviço;Despesa orçamentária;2026-03-26;2026-03-26;2026-04-01;154,75;Não
1250 - POLICIA MILITAR DE MINAS GERAIS;Nota fiscal;35.486.631/0001-47;GLAUBER LUCIANO DE ALMEIDA 09157416605;332;NFS;1;Completa;Serviço;Despesa orçamentária;2026-03-27;2026-04-01;2026-04-01;288,47;Não
1250 - POLICIA MILITAR DE MINAS GERAIS;Nota fiscal;07.346.326/0001-14;REPROS SOLUCOES EM TECNOLOGIA LTDA;125;;1;Completa;Serviço;Despesa orçamentária;2026-03-31;2026-04-01;2026-04-01;23653,08;Não
1510 - POLICIA CIVIL DO ESTADO DE MINAS GERAIS;Nota fiscal;34.274.233/0025-71;VIBRA ENERGIA S.A;4852078;0;1;Completa - Recebimento definitivo;Consumo;Despesa orçamentária;2026-03-30;2026-03-30;2026-04-01;17741,24;Não
1450 - SECRETARIA DE ESTADO DE JUSTICA E SEGURANCA PUBLIC;Nota fiscal;11.205.159/0008-35;MC ALIMENTACAO E SERVICOS LTDA;139;;1;Completa;Serviço;Despesa orçamentária;2026-03-17;2026-03-17;2026-04-01;593129,01;Não
1450 - SECRETARIA DE ESTADO DE JUSTICA E SEGURANCA PUBLIC;Nota fiscal;08.624.977/0001-91;TERRAVIVA AMBIENTAL LTDA;202511519;;1;Completa;Serviço;Despesa extra orçamentária;2025-11-14;2025-11-14;2026-04-01;244,83;Não
1320 - SECRETARIA DE ESTADO DA SAUDE;Nota fiscal;07.432.517/0001-07;SIMPRESS COMERCIO LOCACAO E SERVICOS LTDA;368961;;1;Completa;Serviço;Despesa orçamentária;2026-03-17;2026-03-27;2026-04-01;275,98;Não
1510 - POLICIA CIVIL DO ESTADO DE MINAS GERAIS;Nota fiscal;34.274.233/0025-71;VIBRA ENERGIA S.A;4852074;0;1;Completa - Recebimento definitivo;Consumo;Despesa orçamentária;2026-03-30;2026-03-30;2026-04-01;17741,24;Não
1260 - SECRETARIA DE ESTADO DE EDUCACAO;Outros;***.419.006-**;SEBASTIAO GOMES DA SILVA;9240596;51;1;Completa;Serviço;Despesa orçamentária;2026-04-01;2026-04-01;2026-04-01;1134,0;Não
2010 - INST.DE PREVIDENCIA DOS SERVIDORES DO EST.M.GERAIS;Nota fiscal;33.224.254/0001-42;MGS MINAS GERAIS ADMINISTRACAO E SERVICOS S/A;12016;1A;1;Completa;Serviço;Despesa orçamentária;2026-03-25;2026-03-25;2026-04-01;16962,27;Não
1320 - SECRETARIA DE ESTADO DA SAUDE;Outros;***.471.266-**;MARIA EMIRENA GUIMARAES;2112026;;1;Completa;Serviço;Despesa orçamentária;2026-04-01;2026-04-01;2026-04-01;13326,71;Não
1450 - SECRETARIA DE ESTADO DE JUSTICA E SEGURANCA PUBLIC;Nota fiscal;05.151.226/0001-07;EXPRESSO MINAS FRIOS LTDA;75779;2;1;Completa;Serviço;Despesa orçamentária;2026-03-09;2026-04-01;2026-04-01;4392,5;Não
1320 - SECRETARIA DE ESTADO DA SAUDE;Nota fiscal;07.432.517/0001-07;SIMPRESS COMERCIO LOCACAO E SERVICOS LTDA;369012;;1;Completa;Serviço;Despesa orçamentária;2026-03-17;2026-03-27;2026-04-01;979,49;Não
1190 - SECRETARIA DE ESTADO DE FAZENDA DE MINAS GERAIS;Nota fiscal;33.224.254/0001-42;MGS MINAS GERAIS ADMINISTRACAO E SERVICOS S/A;12356;A;1;Completa;Serviço;Despesa orçamentária;2026-03-27;2026-03-27;2026-04-01;808,25;Não
2010 - INST.DE PREVIDENCIA DOS SERVIDORES DO EST.M.GERAIS;Outros;33.224.254/0001-42;MGS MINAS GERAIS ADMINISTRACAO E SERVICOS S/A;679930;;1;Completa;Serviço;Despesa orçamentária;2026-03-25;2026-03-25;2026-04-01;1530,76;Não
1540 - ESCOLA DE SAUDE PUBLICA DE MINAS GERAIS;Outros;***.451.986-**;CYNTHIA REGINA FERREIRA DE SOUSA COELHO DOS SANTOS;9447764;3;1;Completa;Serviço;Despesa orçamentária;2026-03-11;2026-03-11;2026-04-01;2000,0;Não
2270 - FUNDACAO HOSPITALAR DO ESTADO DE MINAS GERAIS;Nota fiscal;19.400.787/0001-07;QUIBASA QUIMICA BASICA LTDA ;175986;;1;Completa - Recebimento definitivo;Consumo;Despesa orçamentária;2026-03-24;2026-03-26;2026-04-01;916,0;Não
2270 - FUNDACAO HOSPITALAR DO ESTADO DE MINAS GERAIS;Nota fiscal;33.224.254/0001-42;MGS MINAS GERAIS ADMINISTRACAO E SERVICOS S/A;12495;1;1;Completa;Serviço;Despesa orçamentária;2026-03-30;2026-03-31;2026-04-01;479678,06;Não
1450 - SECRETARIA DE ESTADO DE JUSTICA E SEGURANCA PUBLIC;Nota fiscal;05.151.226/0001-07;EXPRESSO MINAS FRIOS LTDA;75776;2;1;Completa;Serviço;Despesa orçamentária;2026-03-09;2026-04-01;2026-04-01;2231,25;Não
2370 - INSTITUTO MINEIRO DE AGROPECUARIA;Outros;33.224.254/0001-42;MGS MINAS GERAIS ADMINISTRACAO E SERVICOS S/A;680738;;1;Completa;Serviço;Despesa orçamentária;2026-03-30;2026-04-01;2026-04-01;509,96;Não
1500 - SECRETARIA DE ESTADO DE PLANEJAMENTO E GESTAO;Nota fiscal;16.636.540/0001-04;COMPANHIA DE TECNOLOGIA DA INFORMACAO DO ESTADO DE MINAS GERAIS-PRODEMGE;2962;;1;Completa;Serviço;Despesa orçamentária;2026-03-30;2026-03-31;2026-04-01;114751,0;Não
1320 - SECRETARIA DE ESTADO DA SAUDE;Nota fiscal;33.224.254/0001-42;MGS MINAS GERAIS ADMINISTRACAO E SERVICOS S/A;118622026;;1;Completa;Serviço;Despesa orçamentária;2026-03-24;2026-03-25;2026-04-01;2263,28;Não
1320 - SECRETARIA DE ESTADO DA SAUDE;Outros;***.272.136-**;BRENDA GUIMARAES MARQUES;2122026;;1;Completa;Serviço;Despesa orçamentária;2026-04-01;2026-04-01;2026-04-01;6663,35;Não
1450 - SECRETARIA DE ESTADO DE JUSTICA E SEGURANCA PUBLIC;Nota fiscal;08.624.977/0001-91;TERRAVIVA AMBIENTAL LTDA;3222;;1;Completa;Serviço;Despesa orçamentária;2026-02-18;2026-02-18;2026-04-01;1140,0;Não
2370 - INSTITUTO MINEIRO DE AGROPECUARIA;Nota fiscal;76.535.764/0001-43;OI S.A. - EM RECUPERACAO JUDICIAL;50862;10;1;Completa;Serviço;Despesa orçamentária;2026-03-21;2026-03-26;2026-04-01;457,11;Não
1450 - SECRETARIA DE ESTADO DE JUSTICA E SEGURANCA PUBLIC;Nota fiscal;27.894.649/0001-50;BG SOLUCOES E ALIMENTACAO LTDA;3017;;1;Completa;Serviço;Despesa orçamentária;2026-03-10;2026-03-10;2026-04-01;144390,74;Não
1490 - SECRETARIA DE ESTADO DE GOVERNO;Nota fiscal;12.685.506/0001-60;PRONTO EVENTOS TECNOLOGIA E INTEGRACAO LTDA;3055;1;1;Completa;Serviço;Despesa orçamentária;2026-03-26;2026-03-26;2026-04-01;2204,46;Não
2320 - FUNDACAO CENTRO DE HEMATOLOGIA E HEMOTERAPIA DE MG;Nota fiscal;16.636.540/0001-04;COMPANHIA DE TECNOLOGIA DA INFORMACAO DO ESTADO DE MINAS GERAIS-PRODEMGE;2354;FH;1;Completa;Serviço;Despesa orçamentária;2026-03-13;2026-04-01;2026-04-01;7320,0;Não
1500 - SECRETARIA DE ESTADO DE PLANEJAMENTO E GESTAO;Nota fiscal;33.224.254/0001-42;MGS MINAS GERAIS ADMINISTRACAO E SERVICOS S/A;20261241;1;1;Completa;Serviço;Despesa orçamentária;2026-03-30;2026-03-31;2026-04-01;709267,65;Não
2270 - FUNDACAO HOSPITALAR DO ESTADO DE MINAS GERAIS;Nota fiscal;04.398.505/0001-07;CONSORCIO OPERACIONAL DO TRANS. COLETIVO DE PASSAG. POR ONIBUS DO MUNICIP. DE BH;3826006506286;;1;Completa;Serviço;Despesa orçamentária;2026-04-01;2026-04-01;2026-04-01;15,0;Não
2270 - FUNDACAO HOSPITALAR DO ESTADO DE MINAS GERAIS;Nota fiscal;12.889.035/0002-93;INOVAMED HOSPITALAR LTDA;59736;;1;Completa - Recebimento definitivo;Consumo;Despesa orçamentária;2026-03-25;2026-03-27;2026-04-01;545,78;Não
1450 - SECRETARIA DE ESTADO DE JUSTICA E SEGURANCA PUBLIC;Nota fiscal;05.151.226/0001-07;EXPRESSO MINAS FRIOS LTDA;75777;2;1;Completa;Serviço;Despesa orçamentária;2026-03-09;2026-04-01;2026-04-01;708,75;Não
1450 - SECRETARIA DE ESTADO DE JUSTICA E SEGURANCA PUBLIC;Nota fiscal;81.243.735/0009-03;POSITIVO TECNOLOGIA S.A.;149913;3;1;Completa - Recebimento definitivo;Permanente;Despesa extra orçamentária;2026-02-09;2026-02-13;2026-04-01;17192,0;Não
1450 - SECRETARIA DE ESTADO DE JUSTICA E SEGURANCA PUBLIC;Nota fiscal;61.070.787/0001-52;LOGICRON SERVICOS LTDA;20;3;1;Completa;Serviço;Despesa extra orçamentária;2026-03-03;2026-03-03;2026-04-01;29425,0;Não
1320 - SECRETARIA DE ESTADO DA SAUDE;Nota fiscal;18.269.125/0001-87;BIOHOSP PRODUTOS HOSPITALARES SA;776631;1;1;Completa - Recebimento definitivo;Consumo;Despesa extra orçamentária;2026-03-31;2026-04-01;2026-04-01;1514,0;Não
1260 - SECRETARIA DE ESTADO DE EDUCACAO;Outros;30.850.360/0001-43;ATUARE CORRETAGEM E ADMINISTRACAO DE IMOVEIS LTDA.;9476528;8;1;Completa;Serviço;Despesa orçamentária;2026-04-01;2026-04-01;2026-04-01;17000,0;Não
1450 - SECRETARIA DE ESTADO DE JUSTICA E SEGURANCA PUBLIC;Nota fiscal;05.151.226/0001-07;EXPRESSO MINAS FRIOS LTDA;75778;2;1;Completa;Serviço;Despesa orçamentária;2026-03-09;2026-04-01;2026-04-01;840,0;Não
2010 - INST.DE PREVIDENCIA DOS SERVIDORES DO EST.M.GERAIS;Nota fiscal;33.224.254/0001-42;MGS MINAS GERAIS ADMINISTRACAO E SERVICOS S/A;12029;1A;1;Completa;Serviço;Despesa orçamentária;2026-03-25;2026-03-25;2026-04-01;9668,14;Não
1540 - ESCOLA DE SAUDE PUBLICA DE MINAS GERAIS;Outros;***.770.176-**;LISE PRATA DE OLIVEIRA;9453468;3;1;Completa;Serviço;Despesa orçamentária;2026-03-13;2026-03-13;2026-04-01;2800,0;Não
1250 - POLICIA MILITAR DE MINAS GERAIS;Nota fiscal;07.432.517/0001-07;SIMPRESS COMERCIO LOCACAO E SERVICOS LTDA;367999;;1;Completa;Serviço;Despesa orçamentária;2026-03-13;2026-04-01;2026-04-01;2,33;Não
2270 - FUNDACAO HOSPITALAR DO ESTADO DE MINAS GERAIS;Nota fiscal;33.224.254/0001-42;MGS MINAS GERAIS ADMINISTRACAO E SERVICOS S/A;12496;1;1;Completa;Serviço;Despesa orçamentária;2026-03-30;2026-03-31;2026-04-01;44508,9;Não
1490 - SECRETARIA DE ESTADO DE GOVERNO;Nota fiscal;12.685.506/0001-60;PRONTO EVENTOS TECNOLOGIA E INTEGRACAO LTDA;3056;1;1;Completa;Serviço;Despesa orçamentária;2026-03-26;2026-03-26;2026-04-01;163,98;Não
1400 - CORPO DE BOMBEIROS MILITAR DE MINAS GERAIS;Nota fiscal;21.995.096/0001-45;SIDNEY CARLOS DA SILVA - ME;2447;;1;Completa;Serviço;Despesa extra orçamentária;2026-03-30;2026-04-01;2026-04-01;244,8;Não
1450 - SECRETARIA DE ESTADO DE JUSTICA E SEGURANCA PUBLIC;Nota fiscal;08.624.977/0001-91;TERRAVIVA AMBIENTAL LTDA;20254998;;1;Completa;Serviço;Despesa extra orçamentária;2025-05-19;2025-05-19;2026-04-01;424,49;Não
2010 - INST.DE PREVIDENCIA DOS SERVIDORES DO EST.M.GERAIS;Outros;33.224.254/0001-42;MGS MINAS GERAIS ADMINISTRACAO E SERVICOS S/A;679853;;1;Completa;Serviço;Despesa orçamentária;2026-03-25;2026-03-25;2026-04-01;1020,36;Não
1400 - CORPO DE BOMBEIROS MILITAR DE MINAS GERAIS;Nota fiscal;04.335.223/0001-60;MAXIMO PECAS & PRODUTOS LTDA;34949;;1;Completa - Recebimento definitivo;Consumo;Despesa extra orçamentária;2026-03-24;2026-03-24;2026-04-01;15876,0;Não
1260 - SECRETARIA DE ESTADO DE EDUCACAO;Outros;23.378.509/0001-78;ECP PARTICIPACOES LTDA;9074323;122;2;Completa;Serviço;Despesa orçamentária;2026-04-01;2026-04-01;2026-04-01;51324,25;Não
2270 - FUNDACAO HOSPITALAR DO ESTADO DE MINAS GERAIS;Nota fiscal;09.400.443/0001-44;OFICIAL PAPER INDUSTRIA E COMERCIO LTDA;13228;1;1;Completa - Recebimento definitivo;Consumo;Despesa extra orçamentária;2026-04-01;2026-04-01;2026-04-01;10920,0;Não
2300 - DEPARTAMENTO DE ESTRADAS DE RODAGEM;Nota fiscal;70.073.275/0001-30;GEOSISTEMAS ENGENHARIA E PLANEJAMENTO LTDA;170;;1;Completa;Serviço;Despesa orçamentária;2026-03-30;2026-03-30;2026-04-01;190866,35;Não
2300 - DEPARTAMENTO DE ESTRADAS DE RODAGEM;Nota fiscal;08.027.764/0001-82;CENTRO AUTOMOTIVO PRONTO CAR LTDA -ME;20260200;;1;Completa;Serviço;Despesa orçamentária;2026-03-31;2026-03-31;2026-04-01;147,66;Não
1490 - SECRETARIA DE ESTADO DE GOVERNO;Nota fiscal;12.685.506/0001-60;PRONTO EVENTOS TECNOLOGIA E INTEGRACAO LTDA;3057;1;1;Completa;Serviço;Despesa orçamentária;2026-03-26;2026-03-26;2026-04-01;713,7;Não
1400 - CORPO DE BOMBEIROS MILITAR DE MINAS GERAIS;Nota fiscal;11.383.895/0001-07;UNIR PECAS DIESEL LTDA - EPP;28577;;1;Completa - Recebimento definitivo;Consumo;Despesa orçamentária;2026-03-31;2026-03-31;2026-04-01;1012,2;Não
2270 - FUNDACAO HOSPITALAR DO ESTADO DE MINAS GERAIS;Nota fiscal;04.086.552/0001-15;BIOPLASMA PRODUTOS PARA LABORATORIOS E CORRELATOS LTDA;72558;1;1;Completa - Recebimento definitivo;Consumo;Despesa extra orçamentária;2026-03-23;2026-04-01;2026-04-01;2101,0;Não
2010 - INST.DE PREVIDENCIA DOS SERVIDORES DO EST.M.GERAIS;Outros;***.579.166-**;ANGELA DEANGELES ALAMY;32026;;1;Completa;Serviço;Despesa orçamentária;2026-04-01;2026-04-01;2026-04-01;1970,0;Não
2270 - FUNDACAO HOSPITALAR DO ESTADO DE MINAS GERAIS;Nota fiscal;21.921.393/0003-08;ORTHO CLINICAL DIAGNOSTICS DO BRASIL PRODUTOS PARA SAUDE LTDA.;269277;;1;Completa - Recebimento definitivo;Consumo;Despesa extra orçamentária;2026-03-23;2026-03-30;2026-04-01;928,0;Não
1510 - POLICIA CIVIL DO ESTADO DE MINAS GERAIS;Outros;15.176.599/0001-96;FN CONSTRUTORA E EMPREENDIMENTOS LTDA - EPP;84;;1;Completa;Serviço;Despesa orçamentária;2026-03-31;2026-03-31;2026-04-01;7193,15;Não
1190 - SECRETARIA DE ESTADO DE FAZENDA DE MINAS GERAIS;Outros;33.224.254/0001-42;MGS MINAS GERAIS ADMINISTRACAO E SERVICOS S/A;680423;;1;Completa;Serviço;Despesa orçamentária;2026-03-27;2026-03-27;2026-04-01;604,16;Não
1400 - CORPO DE BOMBEIROS MILITAR DE MINAS GERAIS;Nota fiscal;22.512.453/0001-30;PNEUS CAP LTDA -ME;16135;;2;Completa;Serviço;Despesa orçamentária;2026-03-30;2026-04-01;2026-04-01;890,46;Não
2010 - INST.DE PREVIDENCIA DOS SERVIDORES DO EST.M.GERAIS;Nota fiscal;33.224.254/0001-42;MGS MINAS GERAIS ADMINISTRACAO E SERVICOS S/A;11946;1A;1;Completa;Serviço;Despesa orçamentária;2026-03-25;2026-03-25;2026-04-01;34271,59;Não
2320 - FUNDACAO CENTRO DE HEMATOLOGIA E HEMOTERAPIA DE MG;Nota fiscal;19.499.671/0001-77;MS SERVICOS DE MANUTENCAO LTDA;217;FH;1;Completa;Serviço;Despesa orçamentária;2026-03-27;2026-04-01;2026-04-01;10486,85;Não
1510 - POLICIA CIVIL DO ESTADO DE MINAS GERAIS;Nota fiscal;34.274.233/0025-71;VIBRA ENERGIA S.A;4852091;0;1;Completa - Recebimento definitivo;Consumo;Despesa orçamentária;2026-03-30;2026-03-30;2026-04-01;17741,24;Não
1450 - SECRETARIA DE ESTADO DE JUSTICA E SEGURANCA PUBLIC;Outros;81.243.735/0009-03;POSITIVO TECNOLOGIA S.A.;149912;3;1;Completa - Recebimento definitivo;Permanente;Despesa extra orçamentária;2026-02-09;2026-02-13;2026-04-01;498568,0;Não
1400 - CORPO DE BOMBEIROS MILITAR DE MINAS GERAIS;Nota fiscal;04.335.223/0001-60;MAXIMO PECAS & PRODUTOS LTDA;34954;;1;Completa - Recebimento definitivo;Consumo;Despesa extra orçamentária;2026-03-26;2026-03-26;2026-04-01;511,8;Não
1490 - SECRETARIA DE ESTADO DE GOVERNO;Nota fiscal;12.685.506/0001-60;PRONTO EVENTOS TECNOLOGIA E INTEGRACAO LTDA;3058;1;1;Completa;Serviço;Despesa orçamentária;2026-03-26;2026-03-26;2026-04-01;170,39;Não
2120 - INST.PREV.DOS SERV.MILITARES DO ESTADO M.GERAIS;Nota fiscal;02.435.614/0001-21;SANTANA SISTEMAS DE SEGURANCA LTDA;62;;1;Completa;Serviço;Despesa orçamentária;2026-03-31;2026-03-31;2026-04-01;800,0;Não
2310 - UNIVERSIDADE ESTADUAL DE MONTES CLAROS;Nota fiscal;33.224.254/0001-42;MGS MINAS GERAIS ADMINISTRACAO E SERVICOS S/A;202600000012626;;1;Incompleta;Serviço;Despesa orçamentária;2026-03-30;2026-04-01;2026-04-01;8664,49;Não
1450 - SECRETARIA DE ESTADO DE JUSTICA E SEGURANCA PUBLIC;Nota fiscal;28.964.042/0001-61;ZAP MUSIC E DEDETIZADORA LTDA;160;1;1;Completa;Serviço;Despesa orçamentária;2026-03-17;2026-03-17;2026-04-01;1800,0;Não
1070 - GABINETE MILITAR DO GOVERNADOR DO ESTADO DE MG;Outros;07.346.478/0001-17;METODO SYSTEM COMERCIO E SERVICOS LTDA;10310;;1;Completa;Serviço;Despesa orçamentária;2026-04-01;2026-04-01;2026-04-01;2748,15;Não
2010 - INST.DE PREVIDENCIA DOS SERVIDORES DO EST.M.GERAIS;Outros;33.224.254/0001-42;MGS MINAS GERAIS ADMINISTRACAO E SERVICOS S/A;679835;;1;Completa;Serviço;Despesa orçamentária;2026-03-25;2026-03-25;2026-04-01;2992,38;Não
1490 - SECRETARIA DE ESTADO DE GOVERNO;Nota fiscal;12.685.506/0001-60;PRONTO EVENTOS TECNOLOGIA E INTEGRACAO LTDA;3033;1;1;Completa;Serviço;Despesa orçamentária;2026-03-11;2026-03-11;2026-04-01;261,4;Não
1510 - POLICIA CIVIL DO ESTADO DE MINAS GERAIS;Nota fiscal;34.274.233/0025-71;VIBRA ENERGIA S.A;4852096;0;1;Completa - Recebimento definitivo;Consumo;Despesa orçamentária;2026-03-30;2026-03-30;2026-04-01;35482,48;Não
1260 - SECRETARIA DE ESTADO DE EDUCACAO;Nota fiscal;79.788.766/0029-33;BRINK MOBIL EQUIPAMENTOS EDUCACIONAIS LTDA;70;0;1;Completa - Recebimento definitivo;Consumo;Despesa extra orçamentária;2026-02-25;2026-03-25;2026-04-01;94200,15;Não
1490 - SECRETARIA DE ESTADO DE GOVERNO;Nota fiscal;12.685.506/0001-60;PRONTO EVENTOS TECNOLOGIA E INTEGRACAO LTDA;3034;1;1;Completa;Serviço;Despesa orçamentária;2026-03-11;2026-03-11;2026-04-01;3575,94;Não
2270 - FUNDACAO HOSPITALAR DO ESTADO DE MINAS GERAIS;Nota fiscal;21.681.325/0001-57;MULTIFARMA COMERCIO E REPRESENTACOES LTDA.;288287;;1;Completa - Recebimento definitivo;Consumo;Despesa orçamentária;2026-03-25;2026-03-26;2026-04-01;348,0;Não
1510 - POLICIA CIVIL DO ESTADO DE MINAS GERAIS;Nota fiscal;34.274.233/0025-71;VIBRA ENERGIA S.A;4852097;0;1;Completa - Recebimento definitivo;Consumo;Despesa orçamentária;2026-03-30;2026-03-30;2026-04-01;17741,24;Não
1400 - CORPO DE BOMBEIROS MILITAR DE MINAS GERAIS;Nota fiscal;11.383.895/0001-07;UNIR PECAS DIESEL LTDA - EPP;28568;;1;Completa - Recebimento definitivo;Consumo;Despesa orçamentária;2026-03-27;2026-03-27;2026-04-01;485,0;Não
2180 - FUNDACAO CLOVIS SALGADO;Nota fiscal;12.187.718/0001-18;HIPER CHAVES LTDA -ME;92;;1;Completa;Serviço;Despesa orçamentária;2026-03-31;2026-04-01;2026-04-01;80,0;Não
1510 - POLICIA CIVIL DO ESTADO DE MINAS GERAIS;Outros;***.253.376-**;VANESSA FONSECA PERES;126;;1;Incompleta;Serviço;Despesa orçamentária;2026-04-01;2026-04-01;2026-04-01;8479,03;Não
1070 - GABINETE MILITAR DO GOVERNADOR DO ESTADO DE MG;Outros;07.346.478/0001-17;METODO SYSTEM COMERCIO E SERVICOS LTDA;10311;;1;Completa;Serviço;Despesa orçamentária;2026-04-01;2026-04-01;2026-04-01;23178,13;Não
1450 - SECRETARIA DE ESTADO DE JUSTICA E SEGURANCA PUBLIC;Nota fiscal;28.964.042/0001-61;ZAP MUSIC E DEDETIZADORA LTDA;169;;1;Completa;Serviço;Despesa orçamentária;2026-03-18;2026-03-18;2026-04-01;3875,52;Não
2350 - UNIVERSIDADE DO ESTADO DE MINAS GERAIS;Nota fiscal;17.348.816/0001-03;PRISCILA VIANA PATTA 06830424674;36;;1;Completa;Serviço;Despesa orçamentária;2026-03-31;2026-04-01;2026-04-01;5555,2;Não
2310 - UNIVERSIDADE ESTADUAL DE MONTES CLAROS;Outros;33.224.254/0001-42;MGS MINAS GERAIS ADMINISTRACAO E SERVICOS S/A;680847;;1;Incompleta;Serviço;Despesa orçamentária;2026-03-30;2026-04-01;2026-04-01;52141,88;Não
1260 - SECRETARIA DE ESTADO DE EDUCACAO;Nota fiscal;08.273.364/0001-57;TICKET GESTAO EM MANUTENCAO EZC S.A;48475623;;1;Completa;Serviço;Despesa orçamentária;2026-03-18;2026-04-01;2026-04-01;529,14;Não
1260 - SECRETARIA DE ESTADO DE EDUCACAO;Nota fiscal;79.788.766/0029-33;BRINK MOBIL EQUIPAMENTOS EDUCACIONAIS LTDA;73;0;1;Completa - Recebimento definitivo;Consumo;Despesa extra orçamentária;2026-02-25;2026-03-25;2026-04-01;87923,94;Não
2300 - DEPARTAMENTO DE ESTRADAS DE RODAGEM;Nota fiscal;02.102.203/0001-14;EFICAZ SEGURANCA ELETRONICA LTDA;431;RPS;1;Completa;Serviço;Despesa orçamentária;2026-03-30;2026-03-31;2026-04-01;335,27;Não
1400 - CORPO DE BOMBEIROS MILITAR DE MINAS GERAIS;Nota fiscal;08.057.428/0001-82;GRIFFE PNEUS AUTO CENTER LTDA - EPP;38620;;1;Completa - Recebimento definitivo;Consumo;Despesa orçamentária;2026-03-26;2026-03-26;2026-04-01;35,32;Não
1190 - SECRETARIA DE ESTADO DE FAZENDA DE MINAS GERAIS;Nota fiscal;33.224.254/0001-42;MGS MINAS GERAIS ADMINISTRACAO E SERVICOS S/A;91212026;;1;Completa;Serviço;Despesa extra orçamentária;2026-02-25;2026-03-20;2026-04-01;227,7;Não
2270 - FUNDACAO HOSPITALAR DO ESTADO DE MINAS GERAIS;Nota fiscal;29.290.196/0001-88;MALINOIS LICITACOES LTDA;267;;1;Completa - Recebimento definitivo;Consumo;Despesa orçamentária;2026-03-12;2026-04-01;2026-04-01;1288,05;Não
1400 - CORPO DE BOMBEIROS MILITAR DE MINAS GERAIS;Nota fiscal;05.340.639/0001-30;PRIME CONSULTORIA E ASSESSORIA EMPRESARIAL LTDA;2829545;0;1;Completa;Serviço;Despesa extra orçamentária;2026-04-01;2026-04-01;2026-04-01;188338,41;Não
2370 - INSTITUTO MINEIRO DE AGROPECUARIA;Nota fiscal;16.636.540/0001-04;COMPANHIA DE TECNOLOGIA DA INFORMACAO DO ESTADO DE MINAS GERAIS-PRODEMGE;2913;;1;Completa;Serviço;Despesa orçamentária;2026-03-30;2026-04-01;2026-04-01;53728,0;Não
2120 - INST.PREV.DOS SERV.MILITARES DO ESTADO M.GERAIS;Nota fiscal;02.435.614/0001-21;SANTANA SISTEMAS DE SEGURANCA LTDA;85;;1;Completa;Serviço;Despesa orçamentária;2026-03-31;2026-03-31;2026-04-01;800,0;Não
1490 - SECRETARIA DE ESTADO DE GOVERNO;Nota fiscal;12.685.506/0001-60;PRONTO EVENTOS TECNOLOGIA E INTEGRACAO LTDA;2997;1;1;Completa;Serviço;Despesa orçamentária;2026-02-23;2026-02-23;2026-04-01;1035,14;Não
2120 - INST.PREV.DOS SERV.MILITARES DO ESTADO M.GERAIS;Nota fiscal;21.650.715/0001-60;INSTITUTO DE DESENVOLVIMENTO PUBLICO PLENUM BRASIL LTDA;708;;1;Completa;Serviço;Despesa orçamentária;2026-04-01;2026-04-01;2026-04-01;7470,0;Não
2010 - INST.DE PREVIDENCIA DOS SERVIDORES DO EST.M.GERAIS;Outros;33.224.254/0001-42;MGS MINAS GERAIS ADMINISTRACAO E SERVICOS S/A;680929;;1;Completa;Serviço;Despesa orçamentária;2026-03-30;2026-03-30;2026-04-01;46,36;Não
1450 - SECRETARIA DE ESTADO DE JUSTICA E SEGURANCA PUBLIC;Nota fiscal;28.964.042/0001-61;ZAP MUSIC E DEDETIZADORA LTDA;170;1;1;Completa;Serviço;Despesa orçamentária;2026-03-18;2026-03-18;2026-04-01;751,44;Não
1510 - POLICIA CIVIL DO ESTADO DE MINAS GERAIS;Outros;***.253.376-**;VANESSA FONSECA PERES;12026;;1;Completa;Serviço;Despesa orçamentária;2026-04-01;2026-04-01;2026-04-01;8479,03;Não
1490 - SECRETARIA DE ESTADO DE GOVERNO;Nota fiscal;12.685.506/0001-60;PRONTO EVENTOS TECNOLOGIA E INTEGRACAO LTDA;2998;1;1;Completa;Serviço;Despesa orçamentária;2026-02-23;2026-02-23;2026-04-01;20335,54;Não
1490 - SECRETARIA DE ESTADO DE GOVERNO;Nota fiscal;12.685.506/0001-60;PRONTO EVENTOS TECNOLOGIA E INTEGRACAO LTDA;2999;1;1;Completa;Serviço;Despesa orçamentária;2026-02-23;2026-02-23;2026-04-01;3136,8;Não
1450 - SECRETARIA DE ESTADO DE JUSTICA E SEGURANCA PUBLIC;Nota fiscal;28.964.042/0001-61;ZAP MUSIC E DEDETIZADORA LTDA;171;;1;Completa;Serviço;Despesa orçamentária;2026-03-18;2026-03-18;2026-04-01;1327,0;Não
2270 - FUNDACAO HOSPITALAR DO ESTADO DE MINAS GERAIS;Nota fiscal;24.314.643/0001-78;VIACAO NOSSA SENHORA DA CONCEICAO LTDA;1000034442;;1;Completa;Serviço;Despesa orçamentária;2026-04-01;2026-04-01;2026-04-01;282,67;Não
2180 - FUNDACAO CLOVIS SALGADO;Nota fiscal;12.187.718/0001-18;HIPER CHAVES LTDA -ME;91;;2;Completa;Serviço;Despesa orçamentária;2026-03-31;2026-04-01;2026-04-01;536,0;Não
2300 - DEPARTAMENTO DE ESTRADAS DE RODAGEM;Nota fiscal;20.569.802/0001-24;CONSTRUTORA LOSANGO LTDA;2026154;;1;Completa;Serviço;Despesa orçamentária;2026-03-27;2026-03-27;2026-04-01;171099,42;Não
2310 - UNIVERSIDADE ESTADUAL DE MONTES CLAROS;Nota fiscal;33.224.254/0001-42;MGS MINAS GERAIS ADMINISTRACAO E SERVICOS S/A;202600000012627;;1;Incompleta;Serviço;Despesa orçamentária;2026-03-30;2026-04-01;2026-04-01;572652,01;Não
1250 - POLICIA MILITAR DE MINAS GERAIS;Nota fiscal;27.056.617/0001-85;HELP SERVICOS E CONSULTORIA LTDA;76;-;1;Completa;Serviço;Despesa orçamentária;2026-03-09;2026-04-01;2026-04-01;17853,0;Não
1450 - SECRETARIA DE ESTADO DE JUSTICA E SEGURANCA PUBLIC;Nota fiscal;28.964.042/0001-61;ZAP MUSIC E DEDETIZADORA LTDA;179;;1;Completa;Serviço;Despesa orçamentária;2026-03-20;2026-03-20;2026-04-01;1942,38;Não
1080 - ADVOCACIA-GERAL DO ESTADO DE MINAS GERAIS;Nota fiscal;33.224.254/0001-42;MGS MINAS GERAIS ADMINISTRACAO E SERVICOS S/A;202611891;;1;Completa;Serviço;Despesa orçamentária;2026-03-24;2026-04-01;2026-04-01;307242,83;Não
1260 - SECRETARIA DE ESTADO DE EDUCACAO;Nota fiscal;25.109.467/0001-03;SOLUCAO INDUSTRIA E COMERCIO DE MOVEIS LTDA;8322;1;1;Completa - Recebimento definitivo;Permanente;Despesa orçamentária;2026-02-26;2026-03-26;2026-04-01;85200,0;Não
2420 - INSTITUTO DE DESENVOLVIMENTO NORTE E NORDESTE MG;Nota fiscal;33.224.254/0001-42;MGS MINAS GERAIS ADMINISTRACAO E SERVICOS S/A;11108;;1;Completa;Serviço;Despesa orçamentária;2026-03-25;2026-03-27;2026-04-01;3980,4;Não
2150 - FUNDACAO HELENA ANTIPOFF;Nota fiscal;43.465.628/0001-75;NUVEM DISTRIBUIDORA LTDA;27142;1;1;Completa - Recebimento definitivo;Consumo;Despesa orçamentária;2026-03-16;2026-03-26;2026-04-01;1211,1;Não
2070 - FUND. DE AMPARO A PESQ. DO ESTADO DE MINAS GERAIS;Nota fiscal;19.877.300/0001-81;LANLINK SERVICOS DE INFORMATICA SA;7820;;1;Completa;Serviço;Despesa orçamentária;2026-03-30;2026-04-01;2026-04-01;43743,26;Não
1030 - TRIBUNAL DE JUSTICA DO ESTADO DE MINAS GERAIS;Nota fiscal;20.501.854/0001-69;ALCANCE ENGENHARIA E CONSTRUCAO LTDA;2026145;;1;Completa;Serviço;Despesa orçamentária;2026-04-01;2026-04-01;2026-04-01;643793,81;Não
1510 - POLICIA CIVIL DO ESTADO DE MINAS GERAIS;Nota fiscal;34.274.233/0025-71;VIBRA ENERGIA S.A;4851903;0;1;Completa - Recebimento definitivo;Consumo;Despesa orçamentária;2026-03-30;2026-03-30;2026-04-01;17741,24;Não
2420 - INSTITUTO DE DESENVOLVIMENTO NORTE E NORDESTE MG;Nota fiscal;33.224.254/0001-42;MGS MINAS GERAIS ADMINISTRACAO E SERVICOS S/A;678745;;1;Completa;Serviço;Despesa orçamentária;2026-03-25;2026-03-27;2026-04-01;509,96;Não
1260 - SECRETARIA DE ESTADO DE EDUCACAO;Outros;26.026.641/0001-09;CENTAURO TRANSPORTE DE PASSAGEIROS E TURISMO LTDA;246;;1;Completa;Serviço;Despesa orçamentária;2026-03-26;2026-04-01;2026-04-01;11292,4;Não
2310 - UNIVERSIDADE ESTADUAL DE MONTES CLAROS;Nota fiscal;23.688.733/0001-66;JP CIRURGICA LTDA;19146;;1;Completa - Recebimento definitivo;Consumo;Despesa extra orçamentária;2026-03-19;2026-04-01;2026-04-01;867,0;Não
2100 - INSTITUTO ESTADUAL DE FLORESTAS-IEF;Nota fiscal;71.220.016/0001-58;ELMAZ TARRAF COMERCIO DE CAMINHOES E ONIBUS LTDA;945;;1;Completa;Serviço;Despesa extra orçamentária;2026-03-31;2026-04-01;2026-04-01;5915,0;Não
1450 - SECRETARIA DE ESTADO DE JUSTICA E SEGURANCA PUBLIC;Nota fiscal;28.964.042/0001-61;ZAP MUSIC E DEDETIZADORA LTDA;177;;1;Completa;Serviço;Despesa orçamentária;2026-03-18;2026-03-18;2026-04-01;1598,57;Não
1450 - SECRETARIA DE ESTADO DE JUSTICA E SEGURANCA PUBLIC;Nota fiscal;28.964.042/0001-61;ZAP MUSIC E DEDETIZADORA LTDA;175;;1;Completa;Serviço;Despesa orçamentária;2026-03-19;2026-03-19;2026-04-01;261,75;Não
1400 - CORPO DE BOMBEIROS MILITAR DE MINAS GERAIS;Nota fiscal;11.383.895/0001-07;UNIR PECAS DIESEL LTDA - EPP;28576;;1;Completa - Recebimento definitivo;Consumo;Despesa orçamentária;2026-03-31;2026-03-31;2026-04-01;5884,86;Não
1510 - POLICIA CIVIL DO ESTADO DE MINAS GERAIS;Nota fiscal;34.274.233/0025-71;VIBRA ENERGIA S.A;4852098;0;1;Completa - Recebimento definitivo;Consumo;Despesa orçamentária;2026-03-30;2026-03-30;2026-04-01;22309,0;Não
1370 - SECRETARIA ESTADO DE MEIO AMB.DESENV SUSTENTAVEL;Nota fiscal;32.578.387/0004-05;PARK PLACE TECHNOLOGIES BRAZIL LTDA;202646;;1;Completa;Serviço;Despesa orçamentária;2026-03-11;2026-03-24;2026-04-01;9060,69;Não
2420 - INSTITUTO DE DESENVOLVIMENTO NORTE E NORDESTE MG;Nota fiscal;33.224.254/0001-42;MGS MINAS GERAIS ADMINISTRACAO E SERVICOS S/A;679773;;1;Completa;Serviço;Despesa orçamentária;2026-03-25;2026-03-27;2026-04-01;395,32;Não
2270 - FUNDACAO HOSPITALAR DO ESTADO DE MINAS GERAIS;Nota fiscal;12.889.035/0002-93;INOVAMED HOSPITALAR LTDA;59642;;1;Completa - Recebimento definitivo;Consumo;Despesa orçamentária;2026-03-25;2026-03-27;2026-04-01;303,0;Não
1250 - POLICIA MILITAR DE MINAS GERAIS;Nota fiscal;07.432.517/0001-07;SIMPRESS COMERCIO LOCACAO E SERVICOS LTDA;360409;;1;Completa;Serviço;Despesa orçamentária;2026-03-02;2026-04-01;2026-04-01;123,77;Não
1010 - ASSEMBLEIA LEGISLATIVA DO ESTADO DE MINAS GERAIS;Nota fiscal;36.996.487/0001-51;LOBO SOLUCOES EM LICITACOES E COMERCIO LTDA;3282026;0;1;Completa - Recebimento definitivo;Consumo;Despesa extra orçamentária;2026-03-31;2026-03-31;2026-04-01;4350,0;Não
1260 - SECRETARIA DE ESTADO DE EDUCACAO;Outros;26.026.641/0001-09;CENTAURO TRANSPORTE DE PASSAGEIROS E TURISMO LTDA;247;;1;Completa;Serviço;Despesa orçamentária;2026-03-26;2026-04-01;2026-04-01;1602,3;Não
1450 - SECRETARIA DE ESTADO DE JUSTICA E SEGURANCA PUBLIC;Nota fiscal;28.964.042/0001-61;ZAP MUSIC E DEDETIZADORA LTDA;178;;1;Completa;Serviço;Despesa orçamentária;2026-03-20;2026-03-20;2026-04-01;1096,8;Não
1260 - SECRETARIA DE ESTADO DE EDUCACAO;Nota fiscal;03.773.700/0001-07;SERVICO NACIONAL DE APRENDIZAGEM INDUSTRIAL - DEPARTAMENTO REGIONAL DE MINAS GERAIS;492;;1;Completa;Serviço;Despesa orçamentária;2026-03-27;2026-04-01;2026-04-01;49688,25;Não
1500 - SECRETARIA DE ESTADO DE PLANEJAMENTO E GESTAO;Nota fiscal;16.636.540/0001-04;COMPANHIA DE TECNOLOGIA DA INFORMACAO DO ESTADO DE MINAS GERAIS-PRODEMGE;2963;;1;Completa;Serviço;Despesa orçamentária;2026-03-30;2026-03-31;2026-04-01;8856,0;Não
1260 - SECRETARIA DE ESTADO DE EDUCACAO;Outros;26.026.641/0001-09;CENTAURO TRANSPORTE DE PASSAGEIROS E TURISMO LTDA;248;;1;Completa;Serviço;Despesa orçamentária;2026-03-26;2026-04-01;2026-04-01;6300,0;Não
1010 - ASSEMBLEIA LEGISLATIVA DO ESTADO DE MINAS GERAIS;Nota fiscal;25.898.537/0001-41;ATRIUM EMPRESA DE VIAGENS E TURISMO LTDA - EPP;15982026;;1;Completa;Serviço;Despesa orçamentária;2026-03-24;2026-03-30;2026-04-01;6823,11;Não
2320 - FUNDACAO CENTRO DE HEMATOLOGIA E HEMOTERAPIA DE MG;Outros;02.421.421/0001-11;TIM S A;5708216187;;1;Completa;Serviço;Despesa orçamentária;2026-03-26;2026-04-01;2026-04-01;1939,4;Não
2270 - FUNDACAO HOSPITALAR DO ESTADO DE MINAS GERAIS;Outros;17.983.226/0001-52;4TECH MANUTENCAO LABORATORIAL, REFRIGERACAO E HOSPITALAR LTDA;258;;1;Completa;Serviço;Despesa orçamentária;2026-04-01;2026-04-01;2026-04-01;775,0;Não
2070 - FUND. DE AMPARO A PESQ. DO ESTADO DE MINAS GERAIS;Outros;02.656.438/0001-58;MGL INDUSTRIA COMERCIO E SERVICOS LTDA;133589;;1;Completa;Serviço;Despesa orçamentária;2026-03-30;2026-04-01;2026-04-01;5307,32;Não
2270 - FUNDACAO HOSPITALAR DO ESTADO DE MINAS GERAIS;Nota fiscal;05.439.635/0004-56;ANTIBIOTICOS DO BRASIL LTDA.;310526;1;1;Completa - Recebimento definitivo;Consumo;Despesa orçamentária;2026-03-17;2026-03-27;2026-04-01;2752,0;Não
1450 - SECRETARIA DE ESTADO DE JUSTICA E SEGURANCA PUBLIC;Nota fiscal;28.964.042/0001-61;ZAP MUSIC E DEDETIZADORA LTDA;173;;1;Completa;Serviço;Despesa orçamentária;2026-03-18;2026-03-18;2026-04-01;654,0;Não
2270 - FUNDACAO HOSPITALAR DO ESTADO DE MINAS GERAIS;Nota fiscal;03.945.035/0001-91;ACACIA COMERCIO DE MEDICAMENTOS LTDA;340586;1;1;Completa - Recebimento definitivo;Consumo;Despesa orçamentária;2026-03-19;2026-03-27;2026-04-01;111,74;Não
2270 - FUNDACAO HOSPITALAR DO ESTADO DE MINAS GERAIS;Nota fiscal;13.739.782/0003-99;FORCA TATICA VIGILANCIA E SEGURANCA LTDA;29;;1;Completa;Serviço;Despesa orçamentária;2026-04-01;2026-04-01;2026-04-01;76320,0;Não
2420 - INSTITUTO DE DESENVOLVIMENTO NORTE E NORDESTE MG;Nota fiscal;33.224.254/0001-42;MGS MINAS GERAIS ADMINISTRACAO E SERVICOS S/A;11897;3;1;Completa;Serviço;Despesa orçamentária;2026-03-25;2026-03-27;2026-04-01;3317,8;Não
1450 - SECRETARIA DE ESTADO DE JUSTICA E SEGURANCA PUBLIC;Nota fiscal;08.100.954/0001-88;GTO GRUPO TECNICO EM ODONTOLOGIA LTDA - ME;1101;;1;Completa;Serviço;Despesa extra orçamentária;2026-03-17;2026-03-17;2026-04-01;2626,34;Não
2270 - FUNDACAO HOSPITALAR DO ESTADO DE MINAS GERAIS;Nota fiscal;25.031.668/0001-27;SAMEH SOLUCOES HOSPITALARES LTDA;127093;1;1;Completa - Recebimento definitivo;Consumo;Despesa orçamentária;2026-03-20;2026-03-23;2026-04-01;143,1;Não
1370 - SECRETARIA ESTADO DE MEIO AMB.DESENV SUSTENTAVEL;Nota fiscal;03.308.401/0001-00;VERTIGO COMPUTACAO LTDA;139;;1;Completa;Serviço;Despesa orçamentária;2026-03-20;2026-03-25;2026-04-01;18236,0;Não
1400 - CORPO DE BOMBEIROS MILITAR DE MINAS GERAIS;Nota fiscal;25.361.124/0001-23;AACP SERVICO AMBIENTAL LTDA;158;1;1;Completa;Serviço;Despesa orçamentária;2026-03-25;2026-03-26;2026-04-01;8827,85;Não
2270 - FUNDACAO HOSPITALAR DO ESTADO DE MINAS GERAIS;Nota fiscal;12.889.035/0002-93;INOVAMED HOSPITALAR LTDA;60105;;1;Completa - Recebimento definitivo;Consumo;Despesa orçamentária;2026-03-27;2026-03-31;2026-04-01;18,3;Não
2300 - DEPARTAMENTO DE ESTRADAS DE RODAGEM;Outros;02.102.203/0001-14;EFICAZ SEGURANCA ELETRONICA LTDA;10708;1;1;Completa;Serviço;Despesa orçamentária;2026-03-30;2026-03-31;2026-04-01;1010,0;Não
1250 - POLICIA MILITAR DE MINAS GERAIS;Nota fiscal;25.361.124/0001-23;AACP SERVICO AMBIENTAL LTDA;164;;1;Completa;Serviço;Despesa orçamentária;2026-03-31;2026-04-01;2026-04-01;9199,67;Não
1010 - ASSEMBLEIA LEGISLATIVA DO ESTADO DE MINAS GERAIS;Outros;***.664.265-**;ELIARA SANTANA FERREIRA;62026;;1;Completa;Serviço;Despesa orçamentária;2026-03-20;2026-03-31;2026-04-01;623,0;Não
2270 - FUNDACAO HOSPITALAR DO ESTADO DE MINAS GERAIS;Nota fiscal;55.643.555/0001-43;RIOQUIMICA S.A.;129059;2;2;Completa - Recebimento definitivo;Consumo;Despesa extra orçamentária;2026-01-19;2026-02-25;2026-04-01;22,0;Não
1400 - CORPO DE BOMBEIROS MILITAR DE MINAS GERAIS;Nota fiscal;11.383.895/0001-07;UNIR PECAS DIESEL LTDA - EPP;28567;;1;Completa - Recebimento definitivo;Consumo;Despesa orçamentária;2026-03-27;2026-03-27;2026-04-01;1900,0;Não
2270 - FUNDACAO HOSPITALAR DO ESTADO DE MINAS GERAIS;Nota fiscal;67.729.178/0002-20;COMERCIAL CIRURGICA RIOCLARENSE LTDA;913334;;1;Completa - Recebimento definitivo;Consumo;Despesa orçamentária;2026-03-28;2026-03-31;2026-04-01;718,5;Não
2350 - UNIVERSIDADE DO ESTADO DE MINAS GERAIS;Nota fiscal;08.273.364/0001-57;TICKET GESTAO EM MANUTENCAO EZC S.A;4846;1;1;Completa;Serviço;Despesa extra orçamentária;2026-03-11;2026-03-18;2026-04-01;6112,35;Não
2270 - FUNDACAO HOSPITALAR DO ESTADO DE MINAS GERAIS;Nota fiscal;24.638.170/0001-64;DISTRIBUIDORA MENDONCA E MIRANDA LTDA;2144;;1;Completa - Recebimento definitivo;Consumo;Despesa orçamentária;2026-03-30;2026-03-30;2026-04-01;4264,0;Não
2270 - FUNDACAO HOSPITALAR DO ESTADO DE MINAS GERAIS;Nota fiscal;67.729.178/0002-20;COMERCIAL CIRURGICA RIOCLARENSE LTDA;913395;;1;Completa - Recebimento definitivo;Consumo;Despesa orçamentária;2026-03-28;2026-03-31;2026-04-01;2428,65;Não
2310 - UNIVERSIDADE ESTADUAL DE MONTES CLAROS;Nota fiscal;41.733.464/0001-94;SHL - SAUDE HOSPITALAR E LABORATORIAL LTDA;5034;1;1;Completa - Recebimento definitivo;Consumo;Despesa orçamentária;2026-03-24;2026-04-01;2026-04-01;1807,0;Não
1250 - POLICIA MILITAR DE MINAS GERAIS;Nota fiscal;34.274.233/0025-71;VIBRA ENERGIA S.A;4853992;;1;Completa - Recebimento definitivo;Consumo;Despesa orçamentária;2026-04-01;2026-04-01;2026-04-01;22309,0;Não
2100 - INSTITUTO ESTADUAL DE FLORESTAS-IEF;Nota fiscal;71.220.016/0001-58;ELMAZ TARRAF COMERCIO DE CAMINHOES E ONIBUS LTDA;523714;;1;Completa;Serviço;Despesa extra orçamentária;2026-03-30;2026-03-30;2026-04-01;4210,7;Não
1510 - POLICIA CIVIL DO ESTADO DE MINAS GERAIS;Nota fiscal;11.502.786/0001-61;ORGANOTRAT CONTROLE DE VETORES E PRAGAS URBANAS LTDA;106;1;1;Incompleta;Serviço;Despesa orçamentária;2026-03-23;2026-03-23;2026-04-01;307,51;Não
1490 - SECRETARIA DE ESTADO DE GOVERNO;Nota fiscal;12.685.506/0001-60;PRONTO EVENTOS TECNOLOGIA E INTEGRACAO LTDA;2995;1;1;Completa;Serviço;Despesa orçamentária;2026-02-23;2026-02-23;2026-04-01;30990,24;Não
2270 - FUNDACAO HOSPITALAR DO ESTADO DE MINAS GERAIS;Nota fiscal;02.662.841/0001-90;MASTERMED COMERCIAL LTDA -EPP;13649;;1;Completa - Recebimento definitivo;Consumo;Despesa orçamentária;2026-03-30;2026-03-31;2026-04-01;911,24;Não
2010 - INST.DE PREVIDENCIA DOS SERVIDORES DO EST.M.GERAIS;Outros;43.358.072/0001-18;MARQUES IMOBILIARIA E CORRETORA DE IMOVEIS LTDA;32026;;1;Incompleta;Consumo;Despesa orçamentária;2026-04-01;2026-04-01;2026-04-01;4000,0;Não
1070 - GABINETE MILITAR DO GOVERNADOR DO ESTADO DE MG;Nota fiscal;66.336.322/0001-14;SACOLAO CENTER SETELAGOANO LTDA -EPP;13634;;1;Completa - Recebimento definitivo;Consumo;Despesa orçamentária;2026-03-31;2026-03-31;2026-04-01;3237,95;Não
1250 - POLICIA MILITAR DE MINAS GERAIS;Nota fiscal;07.432.517/0001-07;SIMPRESS COMERCIO LOCACAO E SERVICOS LTDA;360418;;1;Completa;Serviço;Despesa orçamentária;2026-03-02;2026-04-01;2026-04-01;54,94;Não
1250 - POLICIA MILITAR DE MINAS GERAIS;Nota fiscal;34.274.233/0025-71;VIBRA ENERGIA S.A;4853490;;1;Completa - Recebimento definitivo;Consumo;Despesa orçamentária;2026-03-31;2026-04-01;2026-04-01;17741,24;Não
2270 - FUNDACAO HOSPITALAR DO ESTADO DE MINAS GERAIS;Nota fiscal;44.734.671/0022-86;CRISTALIA PRODUTOS QUIMICOS FARMACEUTICOS LTDA;946062;;1;Completa - Recebimento definitivo;Consumo;Despesa orçamentária;2026-03-27;2026-03-31;2026-04-01;1882,0;Não
2310 - UNIVERSIDADE ESTADUAL DE MONTES CLAROS;Nota fiscal;03.526.622/0001-46;C & D INDUSTRIA E COMERCIO DE ALIMENTOS LTDA;19176;1;1;Completa - Recebimento definitivo;Consumo;Despesa orçamentária;2026-03-26;2026-04-01;2026-04-01;3386,42;Não
1250 - POLICIA MILITAR DE MINAS GERAIS;Nota fiscal;34.274.233/0387-62;VIBRA ENERGIA S.A;249807;;1;Completa - Recebimento definitivo;Consumo;Despesa orçamentária;2026-04-01;2026-04-01;2026-04-01;35482,48;Não
1010 - ASSEMBLEIA LEGISLATIVA DO ESTADO DE MINAS GERAIS;Nota fiscal;25.898.537/0001-41;ATRIUM EMPRESA DE VIAGENS E TURISMO LTDA - EPP;15072026;;1;Completa;Serviço;Despesa orçamentária;2026-03-12;2026-03-26;2026-04-01;422,0;Não
2010 - INST.DE PREVIDENCIA DOS SERVIDORES DO EST.M.GERAIS;Outros;43.358.072/0001-18;MARQUES IMOBILIARIA E CORRETORA DE IMOVEIS LTDA;32026;;1;Completa;Serviço;Despesa orçamentária;2026-04-01;2026-04-01;2026-04-01;4000,0;Não
1010 - ASSEMBLEIA LEGISLATIVA DO ESTADO DE MINAS GERAIS;Nota fiscal;25.898.537/0001-41;ATRIUM EMPRESA DE VIAGENS E TURISMO LTDA - EPP;15472026;;1;Completa;Serviço;Despesa orçamentária;2026-03-18;2026-03-26;2026-04-01;3008,0;Não
2310 - UNIVERSIDADE ESTADUAL DE MONTES CLAROS;Nota fiscal;03.526.622/0001-46;C & D INDUSTRIA E COMERCIO DE ALIMENTOS LTDA;19177;1;1;Completa - Recebimento definitivo;Consumo;Despesa orçamentária;2026-03-26;2026-04-01;2026-04-01;9483,8;Não
1250 - POLICIA MILITAR DE MINAS GERAIS;Nota fiscal;01.406.617/0001-74;AGENCIA DE INTEGRACAO EMPRESA ESCOLA LTDA;33218;;1;Completa;Serviço;Despesa orçamentária;2026-03-26;2026-03-26;2026-04-01;27038,91;Não
1260 - SECRETARIA DE ESTADO DE EDUCACAO;Nota fiscal;38.588.648/0001-01;MULTIMIX DISTRIBUIDORA LTDA;561;1;1;Completa - Recebimento definitivo;Consumo;Despesa orçamentária;2026-03-23;2026-03-25;2026-04-01;171,03;Não
1010 - ASSEMBLEIA LEGISLATIVA DO ESTADO DE MINAS GERAIS;Nota fiscal;25.898.537/0001-41;ATRIUM EMPRESA DE VIAGENS E TURISMO LTDA - EPP;15682026;;1;Completa;Serviço;Despesa orçamentária;2026-03-23;2026-03-26;2026-04-01;12781,55;Não
2270 - FUNDACAO HOSPITALAR DO ESTADO DE MINAS GERAIS;Nota fiscal;37.438.274/0001-77;SELLMED PRODUTOS MEDICOS E HOSPITALARES LTDA;51525;;1;Completa - Recebimento definitivo;Consumo;Despesa orçamentária;2026-03-25;2026-04-01;2026-04-01;166,67;Não
2460 - AGENCIA DE DESENVOLVIMENTO DA RMVA;Nota fiscal;07.432.517/0001-07;SIMPRESS COMERCIO LOCACAO E SERVICOS LTDA;361260;;1;Completa;Serviço;Despesa orçamentária;2026-03-03;2026-03-13;2026-04-01;287,14;Não
1540 - ESCOLA DE SAUDE PUBLICA DE MINAS GERAIS;Nota fiscal;38.588.648/0001-01;MULTIMIX DISTRIBUIDORA LTDA;569;1;1;Completa - Recebimento definitivo;Consumo;Despesa orçamentária;2026-03-25;2026-03-31;2026-04-01;160,0;Não
1010 - ASSEMBLEIA LEGISLATIVA DO ESTADO DE MINAS GERAIS;Nota fiscal;25.898.537/0001-41;ATRIUM EMPRESA DE VIAGENS E TURISMO LTDA - EPP;16062026;;1;Completa;Serviço;Despesa orçamentária;2026-03-24;2026-03-26;2026-04-01;10924,4;Não
2310 - UNIVERSIDADE ESTADUAL DE MONTES CLAROS;Nota fiscal;33.169.991/0001-90;D C R SANTOS LTDA;2205;5;1;Completa - Recebimento definitivo;Consumo;Despesa orçamentária;2026-03-24;2026-04-01;2026-04-01;3000,0;Não
2350 - UNIVERSIDADE DO ESTADO DE MINAS GERAIS;Nota fiscal;31.514.772/0001-75;BRUNO CHRISTIAN MOURTHE NUNES 55146791600;61;;1;Completa;Serviço;Despesa orçamentária;2026-03-31;2026-04-01;2026-04-01;4375,68;Não
1190 - SECRETARIA DE ESTADO DE FAZENDA DE MINAS GERAIS;Nota fiscal;40.432.544/0112-62;CLARO S.A.;260326051;;1;Completa;Serviço;Despesa orçamentária;2026-03-02;2026-04-01;2026-04-01;124,52;Não
2270 - FUNDACAO HOSPITALAR DO ESTADO DE MINAS GERAIS;Nota fiscal;21.681.325/0001-57;MULTIFARMA COMERCIO E REPRESENTACOES LTDA.;288680;1;1;Completa - Recebimento definitivo;Consumo;Despesa extra orçamentária;2026-03-31;2026-04-01;2026-04-01;2623,0;Não
1400 - CORPO DE BOMBEIROS MILITAR DE MINAS GERAIS;Nota fiscal;14.994.215/0001-80;ROMULO SIQUEIRA CARDOSO MECANICA;1753;;1;Completa;Serviço;Despesa orçamentária;2026-03-31;2026-04-01;2026-04-01;1138,5;Não
1010 - ASSEMBLEIA LEGISLATIVA DO ESTADO DE MINAS GERAIS;Nota fiscal;25.898.537/0001-41;ATRIUM EMPRESA DE VIAGENS E TURISMO LTDA - EPP;16302026;;1;Completa;Serviço;Despesa orçamentária;2026-03-25;2026-03-26;2026-04-01;19156,0;Não
1260 - SECRETARIA DE ESTADO DE EDUCACAO;Outros;***.460.426-**;SILVIA LUCIA COSTA ALVES;3;26;1;Completa;Serviço;Despesa orçamentária;2026-03-11;2026-04-01;2026-04-01;1360,0;Não
2310 - UNIVERSIDADE ESTADUAL DE MONTES CLAROS;Nota fiscal;12.477.490/0002-81;LIDER NOTEBOOKS COMERCIO E SERVICOS LTDA;16331;1;1;Completa - Recebimento definitivo;Permanente;Despesa extra orçamentária;2026-03-19;2026-04-01;2026-04-01;118110,0;Não
1250 - POLICIA MILITAR DE MINAS GERAIS;Nota fiscal;34.274.233/0025-71;VIBRA ENERGIA S.A;4853991;;1;Completa - Recebimento definitivo;Consumo;Despesa orçamentária;2026-04-01;2026-04-01;2026-04-01;17741,24;Não
1250 - POLICIA MILITAR DE MINAS GERAIS;Nota fiscal;07.432.517/0001-07;SIMPRESS COMERCIO LOCACAO E SERVICOS LTDA;360410;;1;Completa;Serviço;Despesa orçamentária;2026-03-02;2026-04-01;2026-04-01;123,77;Não
2270 - FUNDACAO HOSPITALAR DO ESTADO DE MINAS GERAIS;Nota fiscal;37.438.274/0001-77;SELLMED PRODUTOS MEDICOS E HOSPITALARES LTDA;51338;;1;Completa - Recebimento definitivo;Consumo;Despesa orçamentária;2026-03-20;2026-04-01;2026-04-01;1175,0;Não
1450 - SECRETARIA DE ESTADO DE JUSTICA E SEGURANCA PUBLIC;Nota fiscal;28.964.042/0001-61;ZAP MUSIC E DEDETIZADORA LTDA;166;E;1;Completa;Serviço;Despesa orçamentária;2026-03-17;2026-03-17;2026-04-01;2164,74;Não
2300 - DEPARTAMENTO DE ESTRADAS DE RODAGEM;Nota fiscal;09.398.568/0001-87;CASA DAS ANTENAS E ALARMES LTDA.;2026019;;1;Completa;Serviço;Despesa orçamentária;2026-03-31;2026-03-31;2026-04-01;3070,52;Não
1400 - CORPO DE BOMBEIROS MILITAR DE MINAS GERAIS;Nota fiscal;50.589.966/0001-84;F A S IMPERIO AUTO CENTER LTDA;732026;;1;Completa;Serviço;Despesa orçamentária;2026-03-14;2026-03-27;2026-04-01;1490,4;Não
1250 - POLICIA MILITAR DE MINAS GERAIS;Nota fiscal;55.360.529/0001-08;ELEVE ADMINISTRADORA DE CONDOMINIOS LTDA;33;;1;Completa;Serviço;Despesa orçamentária;2026-03-30;2026-04-01;2026-04-01;8475,95;Não
1250 - POLICIA MILITAR DE MINAS GERAIS;Nota fiscal;17.331.294/0001-37;W M PORTAS EMPREENDIMENTOS EM MOVEIS PLANEJADOS LTDA - EPP;1183;2;1;Completa - Recebimento definitivo;Consumo;Despesa orçamentária;2026-03-31;2026-03-31;2026-04-01;1590,0;Não
1260 - SECRETARIA DE ESTADO DE EDUCACAO;Nota fiscal;41.658.519/0001-49;CENTRAL SUPRIMENTOS LTDA -ME;15110;;1;Completa - Recebimento definitivo;Consumo;Despesa orçamentária;2026-03-30;2026-04-01;2026-04-01;811,8;Não
2270 - FUNDACAO HOSPITALAR DO ESTADO DE MINAS GERAIS;Nota fiscal;13.739.782/0003-99;FORCA TATICA VIGILANCIA E SEGURANCA LTDA;30;;1;Completa;Serviço;Despesa orçamentária;2026-04-01;2026-04-01;2026-04-01;16759,86;Não
2310 - UNIVERSIDADE ESTADUAL DE MONTES CLAROS;Nota fiscal;49.039.321/0001-99;EASY CLEAN DISTRIBUIDORA LTDA;21352;1;2;Completa - Recebimento definitivo;Consumo;Despesa extra orçamentária;2026-01-19;2026-04-01;2026-04-01;21944,0;Não
1450 - SECRETARIA DE ESTADO DE JUSTICA E SEGURANCA PUBLIC;Nota fiscal;16.636.540/0001-04;COMPANHIA DE TECNOLOGIA DA INFORMACAO DO ESTADO DE MINAS GERAIS-PRODEMGE;20262481;;1;Completa;Serviço;Despesa orçamentária;2026-03-17;2026-03-17;2026-04-01;340800,0;Não
1250 - POLICIA MILITAR DE MINAS GERAIS;Nota fiscal;07.432.517/0001-07;SIMPRESS COMERCIO LOCACAO E SERVICOS LTDA;360417;;1;Completa;Serviço;Despesa orçamentária;2026-03-02;2026-04-01;2026-04-01;33,73;Não
1190 - SECRETARIA DE ESTADO DE FAZENDA DE MINAS GERAIS;Outros;***.529.636-**;WILSON VAZ;32026;;1;Completa;Serviço;Despesa orçamentária;2026-04-01;2026-04-01;2026-04-01;21247,38;Não
1450 - SECRETARIA DE ESTADO DE JUSTICA E SEGURANCA PUBLIC;Nota fiscal;16.636.540/0001-04;COMPANHIA DE TECNOLOGIA DA INFORMACAO DO ESTADO DE MINAS GERAIS-PRODEMGE;20262482;;1;Completa;Serviço;Despesa orçamentária;2026-03-17;2026-03-17;2026-04-01;17760,0;Não
1400 - CORPO DE BOMBEIROS MILITAR DE MINAS GERAIS;Nota fiscal;50.589.966/0001-84;F A S IMPERIO AUTO CENTER LTDA;75;;1;Completa;Serviço;Despesa orçamentária;2026-03-14;2026-03-26;2026-04-01;5454,24;Não
1080 - ADVOCACIA-GERAL DO ESTADO DE MINAS GERAIS;Nota fiscal;52.042.924/0001-54;SABINO EMPREENDIMENTOS LTDA;256;;1;Completa - Recebimento definitivo;Consumo;Despesa orçamentária;2026-03-22;2026-03-22;2026-04-01;5628,0;Não
1710 - SECRETARIA DE ESTADO DE COMUNICACAO SOCIAL;Nota fiscal;05.893.556/0001-78;CLX COMUNICACAO E PUBLICIDADE LTDA;285;;1;Completa;Serviço;Despesa extra orçamentária;2026-03-13;2026-04-01;2026-04-01;11265,76;Não
2370 - INSTITUTO MINEIRO DE AGROPECUARIA;Outros;76.535.764/0001-43;OI S.A. - EM RECUPERACAO JUDICIAL;1700461753035;;1;Completa;Serviço;Despesa orçamentária;2026-03-21;2026-03-21;2026-04-01;711,06;Não
2370 - INSTITUTO MINEIRO DE AGROPECUARIA;Nota fiscal;33.224.254/0001-42;MGS MINAS GERAIS ADMINISTRACAO E SERVICOS S/A;12615;1;1;Completa;Serviço;Despesa orçamentária;2026-03-30;2026-04-01;2026-04-01;3750,99;Não
2460 - AGENCIA DE DESENVOLVIMENTO DA RMVA;Nota fiscal;07.432.517/0001-07;SIMPRESS COMERCIO LOCACAO E SERVICOS LTDA;361259;;1;Completa;Serviço;Despesa orçamentária;2026-03-03;2026-03-13;2026-04-01;7,44;Não
2270 - FUNDACAO HOSPITALAR DO ESTADO DE MINAS GERAIS;Nota fiscal;00.583.890/0001-01;FAMAP NUTRICAO PARENTERAL LTDA;479621;;1;Completa - Recebimento definitivo;Consumo;Despesa orçamentária;2026-01-14;2026-01-14;2026-04-01;127,4;Não
1400 - CORPO DE BOMBEIROS MILITAR DE MINAS GERAIS;Nota fiscal;33.224.254/0001-42;MGS MINAS GERAIS ADMINISTRACAO E SERVICOS S/A;12808;2;1;Completa;Serviço;Despesa orçamentária;2026-03-31;2026-03-31;2026-04-01;359631,96;Não
2370 - INSTITUTO MINEIRO DE AGROPECUARIA;Outros;33.224.254/0001-42;MGS MINAS GERAIS ADMINISTRACAO E SERVICOS S/A;680736;;1;Completa;Serviço;Despesa orçamentária;2026-03-30;2026-04-01;2026-04-01;509,96;Não
1250 - POLICIA MILITAR DE MINAS GERAIS;Nota fiscal;59.708.408/0001-65;VG COMERCIO E SERVICOS LTDA;27;1;1;Completa - Recebimento definitivo;Permanente;Despesa orçamentária;2026-03-30;2026-04-01;2026-04-01;4750,68;Não
1400 - CORPO DE BOMBEIROS MILITAR DE MINAS GERAIS;Nota fiscal;50.589.966/0001-84;F A S IMPERIO AUTO CENTER LTDA;76;;1;Completa;Serviço;Despesa orçamentária;2026-03-14;2026-03-26;2026-04-01;605,64;Não
1190 - SECRETARIA DE ESTADO DE FAZENDA DE MINAS GERAIS;Nota fiscal;40.432.544/0112-62;CLARO S.A.;260325091;;1;Completa;Serviço;Despesa orçamentária;2026-03-02;2026-04-01;2026-04-01;124,52;Não
2270 - FUNDACAO HOSPITALAR DO ESTADO DE MINAS GERAIS;Nota fiscal;24.638.170/0001-64;DISTRIBUIDORA MENDONCA E MIRANDA LTDA;2149;;1;Completa - Recebimento definitivo;Consumo;Despesa orçamentária;2026-03-30;2026-03-30;2026-04-01;1646,0;Não
1710 - SECRETARIA DE ESTADO DE COMUNICACAO SOCIAL;Nota fiscal;05.893.556/0001-78;CLX COMUNICACAO E PUBLICIDADE LTDA;332;;1;Completa;Serviço;Despesa extra orçamentária;2026-03-20;2026-04-01;2026-04-01;7439,98;Não
2310 - UNIVERSIDADE ESTADUAL DE MONTES CLAROS;Nota fiscal;03.526.622/0001-46;C & D INDUSTRIA E COMERCIO DE ALIMENTOS LTDA;202600000000007;;1;Completa;Serviço;Despesa orçamentária;2026-03-31;2026-03-31;2026-04-01;13033,9;Não
1400 - CORPO DE BOMBEIROS MILITAR DE MINAS GERAIS;Nota fiscal;50.589.966/0001-84;F A S IMPERIO AUTO CENTER LTDA;77;;1;Completa;Serviço;Despesa orçamentária;2026-03-14;2026-03-26;2026-04-01;1019,58;Não
1400 - CORPO DE BOMBEIROS MILITAR DE MINAS GERAIS;Nota fiscal;33.224.254/0001-42;MGS MINAS GERAIS ADMINISTRACAO E SERVICOS S/A;11956;2;1;Completa;Serviço;Despesa orçamentária;2026-03-25;2026-03-26;2026-04-01;67144,47;Não
1260 - SECRETARIA DE ESTADO DE EDUCACAO;Nota fiscal;05.598.350/0001-15;INSTITUTO EDUCACIONAL ALFAUNIPAC S.A.;4522026;NFS;1;Completa;Serviço;Despesa extra orçamentária;2026-03-27;2026-03-31;2026-04-01;56675,61;Não
2170 - FUNDACAO DE ARTE DE OURO PRETO-FAOP;Nota fiscal;33.224.254/0001-42;MGS MINAS GERAIS ADMINISTRACAO E SERVICOS S/A;202600012711;1;1;Completa;Serviço;Despesa orçamentária;2026-03-30;2026-03-31;2026-04-01;4222,6;Não
2310 - UNIVERSIDADE ESTADUAL DE MONTES CLAROS;Nota fiscal;03.526.622/0001-46;C & D INDUSTRIA E COMERCIO DE ALIMENTOS LTDA;202600000000008;;1;Completa;Serviço;Despesa orçamentária;2026-03-31;2026-03-31;2026-04-01;23976,8;Não
2040 - LOTERIA DO ESTADO DE MINAS GERAIS;Nota fiscal;02.421.421/0001-11;TIM S A;5639313101;;2;Completa;Serviço;Despesa extra orçamentária;2025-12-09;2025-12-11;2026-04-01;80,14;Não
2310 - UNIVERSIDADE ESTADUAL DE MONTES CLAROS;Nota fiscal;19.791.896/0001-00;SUPERGASBRAS ENERGIA LTDA;13184;14;1;Completa - Recebimento definitivo;Consumo;Despesa extra orçamentária;2026-03-25;2026-04-01;2026-04-01;5187,0;Não
2310 - UNIVERSIDADE ESTADUAL DE MONTES CLAROS;Nota fiscal;39.371.768/0001-07;DGM DISTRIBUIDORA AGUA MINERAL LTDA;1837;;1;Completa - Recebimento definitivo;Consumo;Despesa extra orçamentária;2026-03-20;2026-04-01;2026-04-01;1080,0;Não
1230 - SECRET. DE ESTADO DE AGRICULTURA, PECUARIA E ABAST;Nota fiscal;45.738.290/0001-03;HIDRO TECH ENERGY LTDA;16;;1;Completa;Serviço;Despesa extra orçamentária;2026-03-27;2026-04-01;2026-04-01;200812,44;Não
1230 - SECRET. DE ESTADO DE AGRICULTURA, PECUARIA E ABAST;Nota fiscal;33.224.254/0001-42;MGS MINAS GERAIS ADMINISTRACAO E SERVICOS S/A;12594;;1;Completa;Serviço;Despesa orçamentária;2026-03-30;2026-04-01;2026-04-01;31621,31;Não
1400 - CORPO DE BOMBEIROS MILITAR DE MINAS GERAIS;Nota fiscal;33.224.254/0001-42;MGS MINAS GERAIS ADMINISTRACAO E SERVICOS S/A;11966;2;1;Completa;Serviço;Despesa orçamentária;2026-03-25;2026-03-26;2026-04-01;12197,86;Não
2270 - FUNDACAO HOSPITALAR DO ESTADO DE MINAS GERAIS;Nota fiscal;04.147.853/0001-01;LAV-UNICA LAVANDERIA HOSPITALAR LTDA;2789;;1;Completa;Serviço;Despesa orçamentária;2026-04-01;2026-04-01;2026-04-01;81876,19;Não
1190 - SECRETARIA DE ESTADO DE FAZENDA DE MINAS GERAIS;Nota fiscal;40.432.544/0112-62;CLARO S.A.;260325176;;1;Completa;Serviço;Despesa orçamentária;2026-03-02;2026-04-01;2026-04-01;124,52;Não
1710 - SECRETARIA DE ESTADO DE COMUNICACAO SOCIAL;Nota fiscal;05.893.556/0001-78;CLX COMUNICACAO E PUBLICIDADE LTDA;333;;1;Completa;Serviço;Despesa extra orçamentária;2026-03-20;2026-04-01;2026-04-01;7134,5;Não
1400 - CORPO DE BOMBEIROS MILITAR DE MINAS GERAIS;Nota fiscal;50.589.966/0001-84;F A S IMPERIO AUTO CENTER LTDA;78;1;1;Completa;Serviço;Despesa orçamentária;2026-03-14;2026-03-26;2026-04-01;3982,3;Não
2270 - FUNDACAO HOSPITALAR DO ESTADO DE MINAS GERAIS;Nota fiscal;43.556.958/0001-76;ALTERNATIVA DISTRIBUIDORA HOSPITALAR LTDA;4339;1;1;Completa - Recebimento definitivo;Consumo;Despesa orçamentária;2026-03-23;2026-03-31;2026-04-01;2472,0;Não
1510 - POLICIA CIVIL DO ESTADO DE MINAS GERAIS;Nota fiscal;18.152.404/0001-66;MAQNETE COMERCIO E SERVICOS LTDA -ME;5785;;1;Incompleta;Serviço;Despesa extra orçamentária;2026-03-23;2026-03-30;2026-04-01;123135,6;Não
1400 - CORPO DE BOMBEIROS MILITAR DE MINAS GERAIS;Nota fiscal;33.224.254/0001-42;MGS MINAS GERAIS ADMINISTRACAO E SERVICOS S/A;11962;3;1;Completa;Serviço;Despesa orçamentária;2026-03-25;2026-03-26;2026-04-01;23178,23;Não
1320 - SECRETARIA DE ESTADO DA SAUDE;Nota fiscal;02.513.899/0004-14;GRIFOLS BRASIL LTDA;51754;1;1;Completa - Recebimento definitivo;Consumo;Despesa orçamentária;2026-03-24;2026-03-31;2026-04-01;1981000,0;Não
2370 - INSTITUTO MINEIRO DE AGROPECUARIA;Nota fiscal;33.224.254/0001-42;MGS MINAS GERAIS ADMINISTRACAO E SERVICOS S/A;12788;1;1;Completa;Serviço;Despesa orçamentária;2026-03-30;2026-04-01;2026-04-01;4387,01;Não
1080 - ADVOCACIA-GERAL DO ESTADO DE MINAS GERAIS;Nota fiscal;52.042.924/0001-54;SABINO EMPREENDIMENTOS LTDA;257;;1;Completa - Recebimento definitivo;Permanente;Despesa orçamentária;2026-03-22;2026-04-01;2026-04-01;621,9;Não
1400 - CORPO DE BOMBEIROS MILITAR DE MINAS GERAIS;Nota fiscal;50.589.966/0001-84;F A S IMPERIO AUTO CENTER LTDA;882026;;1;Completa;Serviço;Despesa orçamentária;2026-03-14;2026-03-27;2026-04-01;190,43;Não
2310 - UNIVERSIDADE ESTADUAL DE MONTES CLAROS;Nota fiscal;02.178.270/0001-12;VILSON VALENCA DOS SANTOS JUNIOR -ME;815;1;1;Completa - Recebimento definitivo;Consumo;Despesa extra orçamentária;2026-03-19;2026-04-01;2026-04-01;2589,0;Não
1400 - CORPO DE BOMBEIROS MILITAR DE MINAS GERAIS;Nota fiscal;33.224.254/0001-42;MGS MINAS GERAIS ADMINISTRACAO E SERVICOS S/A;11902;2;1;Completa;Serviço;Despesa orçamentária;2026-03-25;2026-03-26;2026-04-01;54687,07;Não
1510 - POLICIA CIVIL DO ESTADO DE MINAS GERAIS;Nota fiscal;18.152.404/0001-66;MAQNETE COMERCIO E SERVICOS LTDA -ME;5785;;1;Completa - Recebimento definitivo;Consumo;Despesa extra orçamentária;2026-03-23;2026-03-30;2026-04-01;123135,6;Não
1450 - SECRETARIA DE ESTADO DE JUSTICA E SEGURANCA PUBLIC;Nota fiscal;78.126.950/0011-26;MICROSENS S/A;43347;58;1;Completa - Recebimento definitivo;Permanente;Despesa extra orçamentária;2026-02-20;2026-04-01;2026-04-01;149036,0;Não
2310 - UNIVERSIDADE ESTADUAL DE MONTES CLAROS;Nota fiscal;02.178.270/0001-12;VILSON VALENCA DOS SANTOS JUNIOR -ME;819;1;1;Completa - Recebimento definitivo;Consumo;Despesa extra orçamentária;2026-03-24;2026-04-01;2026-04-01;228,75;Não
2310 - UNIVERSIDADE ESTADUAL DE MONTES CLAROS;Nota fiscal;02.178.270/0001-12;VILSON VALENCA DOS SANTOS JUNIOR -ME;820;1;1;Completa - Recebimento definitivo;Consumo;Despesa extra orçamentária;2026-03-24;2026-04-01;2026-04-01;261,4;Não
1400 - CORPO DE BOMBEIROS MILITAR DE MINAS GERAIS;Nota fiscal;33.224.254/0001-42;MGS MINAS GERAIS ADMINISTRACAO E SERVICOS S/A;12612;2;1;Completa;Serviço;Despesa orçamentária;2026-03-30;2026-03-31;2026-04-01;47679,36;Não
1190 - SECRETARIA DE ESTADO DE FAZENDA DE MINAS GERAIS;Nota fiscal;40.432.544/0112-62;CLARO S.A.;260325270;;1;Completa;Serviço;Despesa orçamentária;2026-03-02;2026-04-01;2026-04-01;124,52;Não
1320 - SECRETARIA DE ESTADO DA SAUDE;Nota fiscal;38.588.648/0001-01;MULTIMIX DISTRIBUIDORA LTDA;555;1;1;Completa - Recebimento definitivo;Consumo;Despesa orçamentária;2026-03-20;2026-04-01;2026-04-01;57,01;Não
1400 - CORPO DE BOMBEIROS MILITAR DE MINAS GERAIS;Nota fiscal;50.589.966/0001-84;F A S IMPERIO AUTO CENTER LTDA;902026;;1;Completa;Serviço;Despesa orçamentária;2026-03-16;2026-03-26;2026-04-01;3808,14;Não
1500 - SECRETARIA DE ESTADO DE PLANEJAMENTO E GESTAO;Nota fiscal;16.636.540/0001-04;COMPANHIA DE TECNOLOGIA DA INFORMACAO DO ESTADO DE MINAS GERAIS-PRODEMGE;20262964;;1;Completa;Serviço;Despesa orçamentária;2026-03-30;2026-03-31;2026-04-01;3780,0;Não
1710 - SECRETARIA DE ESTADO DE COMUNICACAO SOCIAL;Nota fiscal;05.893.556/0001-78;CLX COMUNICACAO E PUBLICIDADE LTDA;297;;1;Completa;Serviço;Despesa extra orçamentária;2026-03-13;2026-04-01;2026-04-01;8192,11;Não
1320 - SECRETARIA DE ESTADO DA SAUDE;Nota fiscal;07.418.547/0001-50;HBR AVIACAO S.A.;2203;3;1;Completa;Serviço;Despesa extra orçamentária;2026-03-25;2026-04-01;2026-04-01;675,54;Não
2310 - UNIVERSIDADE ESTADUAL DE MONTES CLAROS;Nota fiscal;02.178.270/0001-12;VILSON VALENCA DOS SANTOS JUNIOR -ME;821;1;1;Completa - Recebimento definitivo;Consumo;Despesa orçamentária;2026-03-24;2026-04-01;2026-04-01;6791,55;Não
1510 - POLICIA CIVIL DO ESTADO DE MINAS GERAIS;Nota fiscal;18.152.404/0001-66;MAQNETE COMERCIO E SERVICOS LTDA -ME;5786;;1;Completa - Recebimento definitivo;Consumo;Despesa extra orçamentária;2026-03-23;2026-03-30;2026-04-01;179,76;Não
2370 - INSTITUTO MINEIRO DE AGROPECUARIA;Outros;33.224.254/0001-42;MGS MINAS GERAIS ADMINISTRACAO E SERVICOS S/A;680743;;1;Completa;Serviço;Despesa orçamentária;2026-03-30;2026-04-01;2026-04-01;509,96;Não
1080 - ADVOCACIA-GERAL DO ESTADO DE MINAS GERAIS;Nota fiscal;33.224.254/0001-42;MGS MINAS GERAIS ADMINISTRACAO E SERVICOS S/A;202611890;;1;Completa;Serviço;Despesa orçamentária;2026-03-24;2026-04-01;2026-04-01;11899,51;Não
1400 - CORPO DE BOMBEIROS MILITAR DE MINAS GERAIS;Nota fiscal;36.996.487/0001-51;LOBO SOLUCOES EM LICITACOES E COMERCIO LTDA;318;1;1;Completa - Recebimento definitivo;Permanente;Despesa extra orçamentária;2026-03-09;2026-03-27;2026-04-01;897,0;Não
1080 - ADVOCACIA-GERAL DO ESTADO DE MINAS GERAIS;Nota fiscal;33.224.254/0001-42;MGS MINAS GERAIS ADMINISTRACAO E SERVICOS S/A;202611889;;1;Completa;Serviço;Despesa orçamentária;2026-03-24;2026-04-01;2026-04-01;25477,0;Não
2270 - FUNDACAO HOSPITALAR DO ESTADO DE MINAS GERAIS;Nota fiscal;24.638.170/0001-64;DISTRIBUIDORA MENDONCA E MIRANDA LTDA;2150;;1;Completa - Recebimento definitivo;Consumo;Despesa orçamentária;2026-03-30;2026-03-30;2026-04-01;1646,0;Não
1400 - CORPO DE BOMBEIROS MILITAR DE MINAS GERAIS;Nota fiscal;33.224.254/0001-42;MGS MINAS GERAIS ADMINISTRACAO E SERVICOS S/A;11903;2;1;Completa;Serviço;Despesa orçamentária;2026-03-25;2026-03-26;2026-04-01;54077,18;Não
1250 - POLICIA MILITAR DE MINAS GERAIS;Nota fiscal;34.274.233/0025-71;VIBRA ENERGIA S.A;4853993;;1;Completa - Recebimento definitivo;Consumo;Despesa orçamentária;2026-04-01;2026-04-01;2026-04-01;22309,0;Não
1400 - CORPO DE BOMBEIROS MILITAR DE MINAS GERAIS;Nota fiscal;33.224.254/0001-42;MGS MINAS GERAIS ADMINISTRACAO E SERVICOS S/A;12814;2;1;Completa;Serviço;Despesa orçamentária;2026-03-31;2026-03-31;2026-04-01;47932,63;Não
1250 - POLICIA MILITAR DE MINAS GERAIS;Nota fiscal;34.274.233/0025-71;VIBRA ENERGIA S.A;4854003;;1;Completa - Recebimento definitivo;Consumo;Despesa orçamentária;2026-04-01;2026-04-01;2026-04-01;22309,0;Não
1250 - POLICIA MILITAR DE MINAS GERAIS;Nota fiscal;16.636.540/0001-04;COMPANHIA DE TECNOLOGIA DA INFORMACAO DO ESTADO DE MINAS GERAIS-PRODEMGE;2804;1;3;Incompleta;Serviço;Despesa orçamentária;2026-03-24;2026-03-31;2026-04-01;41683,2;Não
1250 - POLICIA MILITAR DE MINAS GERAIS;Nota fiscal;34.274.233/0025-71;VIBRA ENERGIA S.A;4854004;;1;Completa - Recebimento definitivo;Consumo;Despesa orçamentária;2026-04-01;2026-04-01;2026-04-01;17741,24;Não
1250 - POLICIA MILITAR DE MINAS GERAIS;Nota fiscal;34.274.233/0208-04;VIBRA ENERGIA S.A;182010;;1;Completa - Recebimento definitivo;Consumo;Despesa orçamentária;2026-04-01;2026-04-01;2026-04-01;17741,24;Não
2310 - UNIVERSIDADE ESTADUAL DE MONTES CLAROS;Nota fiscal;21.767.486/0001-68;ROSILAN COMERCIO E LICITACOES LTDA;14490;1;1;Completa - Recebimento definitivo;Consumo;Despesa orçamentária;2026-03-26;2026-04-01;2026-04-01;9580,0;Não
1400 - CORPO DE BOMBEIROS MILITAR DE MINAS GERAIS;Nota fiscal;33.224.254/0001-42;MGS MINAS GERAIS ADMINISTRACAO E SERVICOS S/A;11955;2;1;Completa;Serviço;Despesa orçamentária;2026-03-25;2026-03-26;2026-04-01;23571,08;Não
1250 - POLICIA MILITAR DE MINAS GERAIS;Nota fiscal;07.418.547/0003-12;HBR AVIACAO S.A.;2223;3;1;Completa;Serviço;Despesa extra orçamentária;2026-03-30;2026-04-01;2026-04-01;225,18;Não
2300 - DEPARTAMENTO DE ESTRADAS DE RODAGEM;Nota fiscal;20.569.802/0001-24;CONSTRUTORA LOSANGO LTDA;2026152;;1;Completa;Serviço;Despesa orçamentária;2026-03-27;2026-03-27;2026-04-01;640003,17;Não
1320 - SECRETARIA DE ESTADO DA SAUDE;Nota fiscal;32.849.883/0001-03;ORBITA SERVICOS E COMERCIO DE PRODUTOS PARA SAUDE LTDA;6672;1;1;Completa - Recebimento definitivo;Consumo;Despesa orçamentária;2026-03-26;2026-04-01;2026-04-01;2904,0;Não
1710 - SECRETARIA DE ESTADO DE COMUNICACAO SOCIAL;Outros;18.351.226/0001-00;ORO COMUNICACAO LTDA.;188;;1;Completa;Serviço;Despesa extra orçamentária;2026-02-12;2026-04-01;2026-04-01;34783,31;Não
1500 - SECRETARIA DE ESTADO DE PLANEJAMENTO E GESTAO;Nota fiscal;12.477.490/0002-81;LIDER NOTEBOOKS COMERCIO E SERVICOS LTDA;15555;;2;Completa - Recebimento definitivo;Permanente;Despesa extra orçamentária;2026-02-04;2026-03-25;2026-04-01;3937,0;Não
1400 - CORPO DE BOMBEIROS MILITAR DE MINAS GERAIS;Nota fiscal;33.224.254/0001-42;MGS MINAS GERAIS ADMINISTRACAO E SERVICOS S/A;11945;2;1;Completa;Serviço;Despesa orçamentária;2026-03-25;2026-03-26;2026-04-01;43381,23;Não
2300 - DEPARTAMENTO DE ESTRADAS DE RODAGEM;Nota fiscal;20.569.802/0001-24;CONSTRUTORA LOSANGO LTDA;2026153;;1;Completa;Serviço;Despesa orçamentária;2026-03-27;2026-03-27;2026-04-01;223942,79;Não
1190 - SECRETARIA DE ESTADO DE FAZENDA DE MINAS GERAIS;Nota fiscal;01.389.269/0001-74;ALCTEL TELECOMUNICACOES E INFORMATICA LTDA;2026400;;1;Completa;Serviço;Despesa orçamentária;2026-03-04;2026-04-01;2026-04-01;403,15;Não
1260 - SECRETARIA DE ESTADO DE EDUCACAO;Nota fiscal;25.109.467/0001-03;SOLUCAO INDUSTRIA E COMERCIO DE MOVEIS LTDA;8321;1;1;Completa - Recebimento definitivo;Permanente;Despesa orçamentária;2025-02-25;2026-03-25;2026-04-01;85200,0;Não
1400 - CORPO DE BOMBEIROS MILITAR DE MINAS GERAIS;Nota fiscal;33.224.254/0001-42;MGS MINAS GERAIS ADMINISTRACAO E SERVICOS S/A;11918;2;1;Completa;Serviço;Despesa orçamentária;2026-03-25;2026-03-26;2026-04-01;12232,37;Não
1400 - CORPO DE BOMBEIROS MILITAR DE MINAS GERAIS;Nota fiscal;33.224.254/0001-42;MGS MINAS GERAIS ADMINISTRACAO E SERVICOS S/A;12751;2;1;Completa;Serviço;Despesa orçamentária;2026-03-30;2026-03-31;2026-04-01;11919,84;Não
1400 - CORPO DE BOMBEIROS MILITAR DE MINAS GERAIS;Nota fiscal;07.589.921/0001-80;TBG AUTO CENTER LTDA -ME;305;;1;Completa;Serviço;Despesa orçamentária;2026-03-11;2026-04-01;2026-04-01;6130,77;Não
1260 - SECRETARIA DE ESTADO DE EDUCACAO;Nota fiscal;28.616.101/0001-00;SEGPRO SEGURANCA LTDA - ME;439;;1;Completa;Serviço;Despesa orçamentária;2026-04-01;2026-04-01;2026-04-01;842,14;Não
1400 - CORPO DE BOMBEIROS MILITAR DE MINAS GERAIS;Nota fiscal;33.224.254/0001-42;MGS MINAS GERAIS ADMINISTRACAO E SERVICOS S/A;11919;2;1;Completa;Serviço;Despesa orçamentária;2026-03-25;2026-03-26;2026-04-01;22846,37;Não
2270 - FUNDACAO HOSPITALAR DO ESTADO DE MINAS GERAIS;Nota fiscal;67.729.178/0002-20;COMERCIAL CIRURGICA RIOCLARENSE LTDA;912791;;1;Completa - Recebimento definitivo;Consumo;Despesa orçamentária;2026-03-26;2026-04-01;2026-04-01;368,0;Não
1400 - CORPO DE BOMBEIROS MILITAR DE MINAS GERAIS;Nota fiscal;07.589.921/0001-80;TBG AUTO CENTER LTDA -ME;311;;1;Completa;Serviço;Despesa orçamentária;2026-03-11;2026-04-01;2026-04-01;13279,5;Não
1320 - SECRETARIA DE ESTADO DA SAUDE;Nota fiscal;04.307.650/0026-93;ONCO PROD DISTRIBUIDORA DE PRODUTOS HOSPITALARES E ONCOLOGICOS LTDA.;343105;27;1;Completa - Recebimento definitivo;Consumo;Despesa orçamentária;2026-03-26;2026-04-01;2026-04-01;49050,9;Não
1400 - CORPO DE BOMBEIROS MILITAR DE MINAS GERAIS;Nota fiscal;33.224.254/0001-42;MGS MINAS GERAIS ADMINISTRACAO E SERVICOS S/A;11951;2;1;Completa;Serviço;Despesa orçamentária;2026-03-25;2026-03-26;2026-04-01;48124,28;Não
1250 - POLICIA MILITAR DE MINAS GERAIS;Outros;14.566.091/0001-31;DIVISAOWEB LTDA;202600000000178;;1;Completa;Serviço;Despesa extra orçamentária;2026-03-31;2026-04-01;2026-04-01;23500,0;Não
2430 - AGENCIA DE DESENVOLVIMENTO DA RMBH;Nota fiscal;33.224.254/0001-42;MGS MINAS GERAIS ADMINISTRACAO E SERVICOS S/A;202612235;;1;Completa;Serviço;Despesa orçamentária;2026-04-01;2026-04-01;2026-04-01;193674,09;Não
1300 - SECRET. DE ESTADO DE INFRAESTRUTURA E MOBILIDADE;Outros;13.012.956/0001-55;MINAS ARENA - GESTAO DE INSTALACOES ESPORTIVAS S.A.;555;E;1;Completa;Serviço;Despesa orçamentária;2026-03-25;2026-03-25;2026-04-01;4444775,5;Não
1400 - CORPO DE BOMBEIROS MILITAR DE MINAS GERAIS;Nota fiscal;33.224.254/0001-42;MGS MINAS GERAIS ADMINISTRACAO E SERVICOS S/A;11937;2;1;Completa;Serviço;Despesa orçamentária;2026-03-25;2026-03-26;2026-04-01;17681,1;Não
2430 - AGENCIA DE DESENVOLVIMENTO DA RMBH;Nota fiscal;33.224.254/0001-42;MGS MINAS GERAIS ADMINISTRACAO E SERVICOS S/A;202612236;;1;Completa;Serviço;Despesa orçamentária;2026-04-01;2026-04-01;2026-04-01;2266,64;Não
2260 - FUNDACAO EZEQUIEL DIAS;Nota fiscal;28.911.309/0001-52;ASCLE BRASIL LTDA;12803;1;1;Completa - Recebimento definitivo;Consumo;Despesa orçamentária;2026-03-13;2026-03-30;2026-04-01;4290,0;Não
2260 - FUNDACAO EZEQUIEL DIAS;Nota fiscal;33.131.079/0007-34;CARL ZEISS DO BRASIL LTDA;135691;1;1;Completa - Recebimento definitivo;Permanente;Despesa extra orçamentária;2026-01-21;2026-04-01;2026-04-01;59705,15;Não
2430 - AGENCIA DE DESENVOLVIMENTO DA RMBH;Nota fiscal;33.224.254/0001-42;MGS MINAS GERAIS ADMINISTRACAO E SERVICOS S/A;202612232;;1;Completa;Serviço;Despesa orçamentária;2026-04-01;2026-04-01;2026-04-01;9760,89;Não
1450 - SECRETARIA DE ESTADO DE JUSTICA E SEGURANCA PUBLIC;Nota fiscal;26.295.145/0001-50;D.I.COMERCIO DE PECAS E SERVICOS PARA GERADORES LTDA - ME;149;;1;Completa;Serviço;Despesa orçamentária;2026-01-22;2026-01-22;2026-04-01;1600,1;Não
1400 - CORPO DE BOMBEIROS MILITAR DE MINAS GERAIS;Nota fiscal;33.224.254/0001-42;MGS MINAS GERAIS ADMINISTRACAO E SERVICOS S/A;12798;2;1;Completa;Serviço;Despesa orçamentária;2026-03-31;2026-03-31;2026-04-01;31193,26;Não
1400 - CORPO DE BOMBEIROS MILITAR DE MINAS GERAIS;Nota fiscal;07.589.921/0001-80;TBG AUTO CENTER LTDA -ME;3162026;;1;Completa;Serviço;Despesa orçamentária;2026-03-11;2026-04-01;2026-04-01;10166,83;Não
2270 - FUNDACAO HOSPITALAR DO ESTADO DE MINAS GERAIS;Nota fiscal;44.734.671/0022-86;CRISTALIA PRODUTOS QUIMICOS FARMACEUTICOS LTDA;945851;;1;Completa - Recebimento definitivo;Consumo;Despesa orçamentária;2026-03-27;2026-03-27;2026-04-01;180,0;Não
1070 - GABINETE MILITAR DO GOVERNADOR DO ESTADO DE MG;Nota fiscal;34.454.477/0001-69;PLANEAR ENGENHARIA DE AR CONDICIONADO LTDA;170;900;1;Completa;Serviço;Despesa orçamentária;2026-04-01;2026-04-01;2026-04-01;1185,84;Não
1450 - SECRETARIA DE ESTADO DE JUSTICA E SEGURANCA PUBLIC;Outros;08.100.954/0001-88;GTO GRUPO TECNICO EM ODONTOLOGIA LTDA - ME;5838;;1;Completa;Serviço;Despesa extra orçamentária;2025-11-24;2025-11-24;2026-04-01;3900,0;Não
1270 - SECRETARIA DE ESTADO DE CULTURA E TURISMO;Nota fiscal;07.227.688/0001-96;UNIVERSO DAS BOMBAS LTDA -ME;34;;1;Completa;Serviço;Despesa orçamentária;2026-03-04;2026-03-04;2026-04-01;628,71;Não
2270 - FUNDACAO HOSPITALAR DO ESTADO DE MINAS GERAIS;Nota fiscal;25.031.668/0001-27;SAMEH SOLUCOES HOSPITALARES LTDA;127745;;1;Completa - Recebimento definitivo;Consumo;Despesa orçamentária;2026-03-30;2026-03-31;2026-04-01;380,02;Não
1400 - CORPO DE BOMBEIROS MILITAR DE MINAS GERAIS;Nota fiscal;07.589.921/0001-80;TBG AUTO CENTER LTDA -ME;3222026;;1;Completa;Serviço;Despesa orçamentária;2026-03-12;2026-04-01;2026-04-01;10333,32;Não
1070 - GABINETE MILITAR DO GOVERNADOR DO ESTADO DE MG;Nota fiscal;34.454.477/0001-69;PLANEAR ENGENHARIA DE AR CONDICIONADO LTDA;171;900;1;Completa;Serviço;Despesa orçamentária;2026-04-01;2026-04-01;2026-04-01;1087,02;Não
1450 - SECRETARIA DE ESTADO DE JUSTICA E SEGURANCA PUBLIC;Nota fiscal;08.100.954/0001-88;GTO GRUPO TECNICO EM ODONTOLOGIA LTDA - ME;1084;2;1;Completa;Serviço;Despesa orçamentária;2026-03-12;2026-03-12;2026-04-01;1047,51;Não
1400 - CORPO DE BOMBEIROS MILITAR DE MINAS GERAIS;Nota fiscal;07.589.921/0001-80;TBG AUTO CENTER LTDA -ME;325;;1;Completa;Serviço;Despesa orçamentária;2026-03-12;2026-04-01;2026-04-01;129,6;Não
1450 - SECRETARIA DE ESTADO DE JUSTICA E SEGURANCA PUBLIC;Outros;33.224.254/0001-42;MGS MINAS GERAIS ADMINISTRACAO E SERVICOS S/A;681290;;1;Completa;Serviço;Despesa orçamentária;2026-04-01;2026-04-01;2026-04-01;441,32;Não
2010 - INST.DE PREVIDENCIA DOS SERVIDORES DO EST.M.GERAIS;Nota fiscal;00.583.890/0001-01;FAMAP NUTRICAO PARENTERAL LTDA;469006;1;1;Completa - Recebimento definitivo;Consumo;Despesa extra orçamentária;2025-10-07;2025-10-07;2026-04-01;1249,08;Não
1450 - SECRETARIA DE ESTADO DE JUSTICA E SEGURANCA PUBLIC;Nota fiscal;11.319.926/0001-60;KSM MANUTENCAO DE MAQUINAS E EQUIPAMENTOS LTDA -ME;6;2;1;Completa;Serviço;Despesa orçamentária;2026-02-23;2026-02-23;2026-04-01;2508,0;Não
1190 - SECRETARIA DE ESTADO DE FAZENDA DE MINAS GERAIS;Nota fiscal;01.389.269/0001-74;ALCTEL TELECOMUNICACOES E INFORMATICA LTDA;20264001;;1;Completa;Serviço;Despesa orçamentária;2026-03-04;2026-04-01;2026-04-01;403,15;Não
2260 - FUNDACAO EZEQUIEL DIAS;Nota fiscal;05.350.235/0001-27;UNIVERSO INOX INDUSTRIA E COMERCIO LTDA -EPP;202600000000003;;1;Completa;Serviço;Despesa orçamentária;2026-03-24;2026-03-30;2026-04-01;18367,0;Não
1400 - CORPO DE BOMBEIROS MILITAR DE MINAS GERAIS;Outros;33.224.254/0001-42;MGS MINAS GERAIS ADMINISTRACAO E SERVICOS S/A;680011;;1;Completa;Serviço;Despesa orçamentária;2026-03-25;2026-03-26;2026-04-01;5405,6;Não
1450 - SECRETARIA DE ESTADO DE JUSTICA E SEGURANCA PUBLIC;Nota fiscal;11.319.926/0001-60;KSM MANUTENCAO DE MAQUINAS E EQUIPAMENTOS LTDA -ME;772;1;1;Completa;Serviço;Despesa extra orçamentária;2025-11-19;2025-11-19;2026-04-01;8165,0;Não
2010 - INST.DE PREVIDENCIA DOS SERVIDORES DO EST.M.GERAIS;Nota fiscal;00.583.890/0001-01;FAMAP NUTRICAO PARENTERAL LTDA;469126;1;1;Completa - Recebimento definitivo;Consumo;Despesa extra orçamentária;2025-10-08;2025-10-08;2026-04-01;1312,69;Não
1320 - SECRETARIA DE ESTADO DA SAUDE;Nota fiscal;04.307.650/0026-93;ONCO PROD DISTRIBUIDORA DE PRODUTOS HOSPITALARES E ONCOLOGICOS LTDA.;343081;27;1;Completa - Recebimento definitivo;Consumo;Despesa orçamentária;2026-03-26;2026-04-01;2026-04-01;62328,0;Não
1400 - CORPO DE BOMBEIROS MILITAR DE MINAS GERAIS;Outros;33.224.254/0001-42;MGS MINAS GERAIS ADMINISTRACAO E SERVICOS S/A;679862;;1;Completa;Serviço;Despesa orçamentária;2026-03-25;2026-03-26;2026-04-01;1020,8;Não
2270 - FUNDACAO HOSPITALAR DO ESTADO DE MINAS GERAIS;Nota fiscal;60.665.981/0009-75;UNIAO QUIMICA FARMACEUTICA NACIONAL S A;1065547;;1;Completa - Recebimento definitivo;Consumo;Despesa orçamentária;2026-03-29;2026-03-31;2026-04-01;26,0;Não
2010 - INST.DE PREVIDENCIA DOS SERVIDORES DO EST.M.GERAIS;Nota fiscal;00.583.890/0001-01;FAMAP NUTRICAO PARENTERAL LTDA;469657;1;1;Incompleta;Consumo;Despesa extra orçamentária;2025-08-20;2025-08-20;2026-04-01;3062,68;Não
1450 - SECRETARIA DE ESTADO DE JUSTICA E SEGURANCA PUBLIC;Nota fiscal;11.319.926/0001-60;KSM MANUTENCAO DE MAQUINAS E EQUIPAMENTOS LTDA -ME;7;1;1;Completa;Serviço;Despesa extra orçamentária;2026-02-23;2026-02-23;2026-04-01;1829,43;Não
2320 - FUNDACAO CENTRO DE HEMATOLOGIA E HEMOTERAPIA DE MG;Outros;42.828.145/0001-25;PERIM IMOVEIS LTDA -ME;835;;1;Completa;Serviço;Despesa orçamentária;2026-03-10;2026-04-01;2026-04-01;19713,8;Não
2310 - UNIVERSIDADE ESTADUAL DE MONTES CLAROS;Nota fiscal;33.224.254/0001-42;MGS MINAS GERAIS ADMINISTRACAO E SERVICOS S/A;202600000012559;;1;Completa;Serviço;Despesa orçamentária;2026-03-30;2026-04-01;2026-04-01;6865,81;Não
1450 - SECRETARIA DE ESTADO DE JUSTICA E SEGURANCA PUBLIC;Nota fiscal;11.319.926/0001-60;KSM MANUTENCAO DE MAQUINAS E EQUIPAMENTOS LTDA -ME;740;;2;Completa;Serviço;Despesa extra orçamentária;2025-08-20;2025-08-20;2026-04-01;3216,0;Não
2270 - FUNDACAO HOSPITALAR DO ESTADO DE MINAS GERAIS;Nota fiscal;00.325.244/0001-44;LIGA SISTEMAS DE INFORMATICA LTDA -ME;855;;2;Completa;Serviço;Despesa orçamentária;2026-03-27;2026-03-30;2026-04-01;878,56;Não
2320 - FUNDACAO CENTRO DE HEMATOLOGIA E HEMOTERAPIA DE MG;Nota fiscal;59.456.277/0006-80;ORACLE DO BRASIL SISTEMAS LTDA;2302;;1;Completa;Serviço;Despesa orçamentária;2026-03-25;2026-04-01;2026-04-01;4455,51;Não
1190 - SECRETARIA DE ESTADO DE FAZENDA DE MINAS GERAIS;Nota fiscal;07.268.152/0004-61;VS DATA COMERCIO & DISTRIBUICAO LTDA;6182;;1;Completa;Serviço;Despesa orçamentária;2026-03-25;2026-04-01;2026-04-01;692665,16;Não
2320 - FUNDACAO CENTRO DE HEMATOLOGIA E HEMOTERAPIA DE MG;Nota fiscal;59.456.277/0006-80;ORACLE DO BRASIL SISTEMAS LTDA;2312;;1;Completa;Serviço;Despesa orçamentária;2026-03-25;2026-04-01;2026-04-01;1971,59;Não
1450 - SECRETARIA DE ESTADO DE JUSTICA E SEGURANCA PUBLIC;Outros;33.224.254/0001-42;MGS MINAS GERAIS ADMINISTRACAO E SERVICOS S/A;681292;;1;Completa;Serviço;Despesa orçamentária;2026-04-01;2026-04-01;2026-04-01;697,84;Não
1440 - DEFENSORIA PUBLICA DO ESTADO DE MINAS GERAIS;Outros;33.224.254/0001-42;MGS MINAS GERAIS ADMINISTRACAO E SERVICOS S/A;679967;;1;Completa;Serviço;Despesa orçamentária;2026-03-25;2026-03-26;2026-04-01;733,44;Não
1260 - SECRETARIA DE ESTADO DE EDUCACAO;Nota fiscal;31.126.227/0001-01;GT BARREIRO CURSOS TECNICOS LTDA;3528;;1;Completa;Serviço;Despesa extra orçamentária;2026-04-01;2026-04-01;2026-04-01;1410,75;Não
1070 - GABINETE MILITAR DO GOVERNADOR DO ESTADO DE MG;Nota fiscal;20.161.464/0001-97;ECO PLAST COMERCIO LTDA;28287;804;1;Completa - Disponível para recebimento definitivo;Consumo;Despesa extra orçamentária;2026-01-30;2026-01-30;2026-04-01;14130,0;Não
2310 - UNIVERSIDADE ESTADUAL DE MONTES CLAROS;Outros;33.224.254/0001-42;MGS MINAS GERAIS ADMINISTRACAO E SERVICOS S/A;680836;;1;Completa;Serviço;Despesa orçamentária;2026-03-30;2026-04-01;2026-04-01;463,6;Não
1450 - SECRETARIA DE ESTADO DE JUSTICA E SEGURANCA PUBLIC;Nota fiscal;11.319.926/0001-60;KSM MANUTENCAO DE MAQUINAS E EQUIPAMENTOS LTDA -ME;56;1;1;Completa;Serviço;Despesa extra orçamentária;2026-02-28;2026-02-28;2026-04-01;2481,0;Não
2060 - FUNDACAO JOAO PINHEIRO;Nota fiscal;38.588.648/0001-01;MULTIMIX DISTRIBUIDORA LTDA;568;;1;Completa - Recebimento definitivo;Consumo;Despesa orçamentária;2026-03-25;2026-04-01;2026-04-01;57,01;Não
1070 - GABINETE MILITAR DO GOVERNADOR DO ESTADO DE MG;Nota fiscal;07.418.547/0003-12;HBR AVIACAO S.A.;1522026;;1;Completa;Serviço;Despesa orçamentária;2026-02-04;2026-03-30;2026-04-01;1800,0;Não
1190 - SECRETARIA DE ESTADO DE FAZENDA DE MINAS GERAIS;Nota fiscal;40.432.544/0112-62;CLARO S.A.;2603200028024;;1;Completa;Serviço;Despesa orçamentária;2026-03-02;2026-04-01;2026-04-01;157,57;Não
2430 - AGENCIA DE DESENVOLVIMENTO DA RMBH;Nota fiscal;11.735.086/0001-17;B & F - LAVAGEM AUTOMOTIVA E PREDIAL LTDA. - ME;326;;1;Completa;Serviço;Despesa orçamentária;2026-04-01;2026-04-01;2026-04-01;140,32;Não
2270 - FUNDACAO HOSPITALAR DO ESTADO DE MINAS GERAIS;Nota fiscal;60.665.981/0009-75;UNIAO QUIMICA FARMACEUTICA NACIONAL S A;1064221;;1;Completa - Recebimento definitivo;Consumo;Despesa orçamentária;2026-03-26;2026-03-30;2026-04-01;219,0;Não
1450 - SECRETARIA DE ESTADO DE JUSTICA E SEGURANCA PUBLIC;Nota fiscal;11.319.926/0001-60;KSM MANUTENCAO DE MAQUINAS E EQUIPAMENTOS LTDA -ME;64;2;1;Completa;Serviço;Despesa extra orçamentária;2026-02-28;2026-02-28;2026-04-01;461,07;Não
2270 - FUNDACAO HOSPITALAR DO ESTADO DE MINAS GERAIS;Outros;10.426.715/0001-64;CONSORCIO OTIMO DE BILHETAGEM ELETRONICA;644854;;1;Completa;Serviço;Despesa orçamentária;2026-04-01;2026-04-01;2026-04-01;17,35;Não
1500 - SECRETARIA DE ESTADO DE PLANEJAMENTO E GESTAO;Nota fiscal;33.224.254/0011-14;MGS MINAS GERAIS ADMINISTRACAO E SERVICOS S/A;202673;;1;Completa;Serviço;Despesa orçamentária;2026-03-30;2026-03-31;2026-04-01;182455,07;Não
2270 - FUNDACAO HOSPITALAR DO ESTADO DE MINAS GERAIS;Nota fiscal;02.794.555/0005-01;COLOPLAST DO BRASIL LTDA;64332;1;1;Completa - Recebimento definitivo;Consumo;Despesa orçamentária;2026-03-25;2026-04-01;2026-04-01;24600,0;Não
1450 - SECRETARIA DE ESTADO DE JUSTICA E SEGURANCA PUBLIC;Outros;33.224.254/0001-42;MGS MINAS GERAIS ADMINISTRACAO E SERVICOS S/A;681374;;1;Completa;Serviço;Despesa orçamentária;2026-04-01;2026-04-01;2026-04-01;1070,96;Não
1450 - SECRETARIA DE ESTADO DE JUSTICA E SEGURANCA PUBLIC;Nota fiscal;57.494.031/0010-54;COMPANHIA BRASILEIRA DE CARTUCHOS;313288;1;1;Completa - Recebimento definitivo;Consumo;Despesa extra orçamentária;2026-02-25;2026-03-09;2026-04-01;11470,0;Não
1260 - SECRETARIA DE ESTADO DE EDUCACAO;Outros;07.432.517/0001-07;SIMPRESS COMERCIO LOCACAO E SERVICOS LTDA;293582;;1;Completa;Serviço;Despesa extra orçamentária;2025-06-25;2025-06-25;2026-04-01;16,46;Não
1260 - SECRETARIA DE ESTADO DE EDUCACAO;Nota fiscal;03.773.700/0001-07;SERVICO NACIONAL DE APRENDIZAGEM INDUSTRIAL - DEPARTAMENTO REGIONAL DE MINAS GERAIS;495;;1;Completa;Serviço;Despesa orçamentária;2026-03-27;2026-04-01;2026-04-01;1765,57;Não
1260 - SECRETARIA DE ESTADO DE EDUCACAO;Nota fiscal;25.109.467/0001-03;SOLUCAO INDUSTRIA E COMERCIO DE MOVEIS LTDA;8320;1;2;Completa - Recebimento definitivo;Permanente;Despesa orçamentária;2026-02-25;2026-03-25;2026-04-01;119280,0;Não
2060 - FUNDACAO JOAO PINHEIRO;Nota fiscal;38.588.648/0001-01;MULTIMIX DISTRIBUIDORA LTDA;567;;1;Completa - Recebimento definitivo;Consumo;Despesa orçamentária;2026-03-25;2026-04-01;2026-04-01;64,0;Não
2170 - FUNDACAO DE ARTE DE OURO PRETO-FAOP;Outros;33.224.254/0001-42;MGS MINAS GERAIS ADMINISTRACAO E SERVICOS S/A;680960;1;1;Completa;Serviço;Despesa orçamentária;2026-03-30;2026-03-31;2026-04-01;4136,37;Não
2270 - FUNDACAO HOSPITALAR DO ESTADO DE MINAS GERAIS;Nota fiscal;41.835.448/0001-02;DISNIBRA COMERCIO E ASSISTENCIA TECNICA LTDA -EPP;4867;;1;Completa;Serviço;Despesa orçamentária;2026-04-01;2026-04-01;2026-04-01;5890,0;Não
2370 - INSTITUTO MINEIRO DE AGROPECUARIA;Nota fiscal;07.526.112/0001-20;BLOCK ALERT SISTEMAS DE SEGURANCA LTDA -ME;2386;;1;Completa;Serviço;Despesa orçamentária;2026-04-01;2026-04-01;2026-04-01;638,0;Não
1450 - SECRETARIA DE ESTADO DE JUSTICA E SEGURANCA PUBLIC;Nota fiscal;05.151.226/0001-07;EXPRESSO MINAS FRIOS LTDA;76010;2;1;Completa;Serviço;Despesa orçamentária;2026-03-11;2026-04-01;2026-04-01;4357,5;Não
1260 - SECRETARIA DE ESTADO DE EDUCACAO;Outros;34.028.316/0015-09;EMPRESA BRASILEIRA DE CORREIOS E TELEGRAFOS - ECT;2473639;;1;Completa;Serviço;Despesa orçamentária;2026-03-19;2026-03-19;2026-04-01;104,52;Não
1490 - SECRETARIA DE ESTADO DE GOVERNO;Outros;05.340.639/0001-30;PRIME CONSULTORIA E ASSESSORIA EMPRESARIAL LTDA;124705;;1;Completa;Serviço;Despesa orçamentária;2026-03-16;2026-04-01;2026-04-01;5912,21;Não
2270 - FUNDACAO HOSPITALAR DO ESTADO DE MINAS GERAIS;Nota fiscal;02.259.625/0001-06;CENTRAL DE ARTIGOS PARA LABORATORIOS LTDA;357783;;1;Completa - Recebimento definitivo;Consumo;Despesa orçamentária;2026-03-30;2026-03-30;2026-04-01;374,0;Não
1450 - SECRETARIA DE ESTADO DE JUSTICA E SEGURANCA PUBLIC;Nota fiscal;05.151.226/0001-07;EXPRESSO MINAS FRIOS LTDA;76007;2;1;Completa;Serviço;Despesa orçamentária;2026-03-11;2026-04-01;2026-04-01;3097,5;Não
2270 - FUNDACAO HOSPITALAR DO ESTADO DE MINAS GERAIS;Nota fiscal;31.287.695/0001-68;SUPREMA FARMA FARMACIA DE MANIPULACAO LTDA;1683;;1;Completa - Recebimento definitivo;Consumo;Despesa extra orçamentária;2026-03-23;2026-03-25;2026-04-01;74,8;Não
2370 - INSTITUTO MINEIRO DE AGROPECUARIA;Nota fiscal;34.274.233/0025-71;VIBRA ENERGIA S.A;4852093;0;1;Completa - Recebimento definitivo;Consumo;Despesa orçamentária;2026-03-30;2026-03-30;2026-04-01;35482,48;Não
1370 - SECRETARIA ESTADO DE MEIO AMB.DESENV SUSTENTAVEL;Nota fiscal;16.636.540/0001-04;COMPANHIA DE TECNOLOGIA DA INFORMACAO DO ESTADO DE MINAS GERAIS-PRODEMGE;20262725;;1;Completa;Serviço;Despesa orçamentária;2026-02-20;2026-03-30;2026-04-01;125749,45;Não
1450 - SECRETARIA DE ESTADO DE JUSTICA E SEGURANCA PUBLIC;Nota fiscal;05.151.226/0001-07;EXPRESSO MINAS FRIOS LTDA;76008;2;1;Completa;Serviço;Despesa orçamentária;2026-03-11;2026-04-01;2026-04-01;980,0;Não
2310 - UNIVERSIDADE ESTADUAL DE MONTES CLAROS;Nota fiscal;41.826.744/0001-47;MEDIODONTOMINAS IMPORTACAO E COMERCIO LTDA;264351;1;1;Completa - Recebimento definitivo;Consumo;Despesa extra orçamentária;2026-02-06;2026-04-01;2026-04-01;1246,42;Não
1450 - SECRETARIA DE ESTADO DE JUSTICA E SEGURANCA PUBLIC;Nota fiscal;05.151.226/0001-07;EXPRESSO MINAS FRIOS LTDA;76009;2;1;Completa;Serviço;Despesa orçamentária;2026-03-11;2026-04-01;2026-04-01;402,5;Não
1190 - SECRETARIA DE ESTADO DE FAZENDA DE MINAS GERAIS;Nota fiscal;33.224.254/0001-42;MGS MINAS GERAIS ADMINISTRACAO E SERVICOS S/A;202612352;;1;Completa;Serviço;Despesa orçamentária;2026-03-27;2026-04-01;2026-04-01;10543,43;Não
1090 - PROCURADORIA GERAL DE JUSTICA;Outros;33.224.254/0001-42;MGS MINAS GERAIS ADMINISTRACAO E SERVICOS S/A;679850;;1;Completa;Serviço;Despesa orçamentária;2026-03-25;2026-03-26;2026-04-01;664,68;Não
2310 - UNIVERSIDADE ESTADUAL DE MONTES CLAROS;Nota fiscal;41.826.744/0001-47;MEDIODONTOMINAS IMPORTACAO E COMERCIO LTDA;264352;1;1;Completa - Recebimento definitivo;Consumo;Despesa extra orçamentária;2026-02-06;2026-04-01;2026-04-01;1120,0;Não
1190 - SECRETARIA DE ESTADO DE FAZENDA DE MINAS GERAIS;Nota fiscal;33.224.254/0001-42;MGS MINAS GERAIS ADMINISTRACAO E SERVICOS S/A;202612351;;1;Completa;Serviço;Despesa orçamentária;2026-03-27;2026-04-01;2026-04-01;396,66;Não
2330 - INSTITUTO DE METROLOGIA E QUALIDADE DE MG;Outros;01.017.250/0001-05;VOETUR TURISMO E REPRESENTACOES LTDA;1323495;;1;Completa;Serviço;Despesa orçamentária;2026-03-03;2026-04-01;2026-04-01;2016,46;Não
2310 - UNIVERSIDADE ESTADUAL DE MONTES CLAROS;Nota fiscal;33.224.254/0001-42;MGS MINAS GERAIS ADMINISTRACAO E SERVICOS S/A;202600000012631;;2;Completa;Serviço;Despesa orçamentária;2026-03-30;2026-04-01;2026-04-01;38710,41;Não
1190 - SECRETARIA DE ESTADO DE FAZENDA DE MINAS GERAIS;Outros;33.224.254/0001-42;MGS MINAS GERAIS ADMINISTRACAO E SERVICOS S/A;680417;;1;Completa;Serviço;Despesa orçamentária;2026-03-27;2026-04-01;2026-04-01;1015,84;Não
1510 - POLICIA CIVIL DO ESTADO DE MINAS GERAIS;Nota fiscal;20.367.629/0001-81;HELICOPTEROS DO BRASIL S/A HELIBRAS;2026115311;;1;Completa - Recebimento definitivo;Consumo;Despesa orçamentária;2026-03-31;2026-04-01;2026-04-01;1541,55;Não
1450 - SECRETARIA DE ESTADO DE JUSTICA E SEGURANCA PUBLIC;Nota fiscal;08.624.977/0001-91;TERRAVIVA AMBIENTAL LTDA;202511551;;1;Completa;Serviço;Despesa extra orçamentária;2025-11-14;2025-11-14;2026-04-01;838,09;Não
1450 - SECRETARIA DE ESTADO DE JUSTICA E SEGURANCA PUBLIC;Nota fiscal;33.224.254/0001-42;MGS MINAS GERAIS ADMINISTRACAO E SERVICOS S/A;202612943;;1;Completa;Serviço;Despesa orçamentária;2026-04-01;2026-04-01;2026-04-01;4380,88;Não
2100 - INSTITUTO ESTADUAL DE FLORESTAS-IEF;Nota fiscal;07.432.517/0001-07;SIMPRESS COMERCIO LOCACAO E SERVICOS LTDA;340427;E;1;Completa;Serviço;Despesa extra orçamentária;2026-01-20;2026-01-20;2026-04-01;1,26;Não
2310 - UNIVERSIDADE ESTADUAL DE MONTES CLAROS;Nota fiscal;41.826.744/0001-47;MEDIODONTOMINAS IMPORTACAO E COMERCIO LTDA;264372;1;2;Completa - Recebimento definitivo;Consumo;Despesa extra orçamentária;2026-02-06;2026-04-01;2026-04-01;1176,77;Não
2310 - UNIVERSIDADE ESTADUAL DE MONTES CLAROS;Outros;33.224.254/0001-42;MGS MINAS GERAIS ADMINISTRACAO E SERVICOS S/A;680843;;2;Completa;Serviço;Despesa orçamentária;2026-03-30;2026-04-01;2026-04-01;3564,44;Não
2370 - INSTITUTO MINEIRO DE AGROPECUARIA;Nota fiscal;34.274.233/0025-71;VIBRA ENERGIA S.A;4853301;0;1;Completa - Recebimento definitivo;Consumo;Despesa orçamentária;2026-03-31;2026-03-31;2026-04-01;17741,24;Não
1480 - SECRETARIA DE ESTADO DE DESENVOLVIMENTO SOCIAL;Nota fiscal;03.447.242/0024-02;SERVICO NACIONAL DE APRENDIZAGEM COMERCIAL - SENAC MINAS;20;;1;Completa;Serviço;Despesa extra orçamentária;2026-03-27;2026-03-27;2026-04-01;19200,0;Não
2270 - FUNDACAO HOSPITALAR DO ESTADO DE MINAS GERAIS;Outros;24.314.643/0001-78;VIACAO NOSSA SENHORA DA CONCEICAO LTDA;27685013;;1;Completa;Serviço;Despesa orçamentária;2026-04-01;2026-04-01;2026-04-01;707,0;Não
2270 - FUNDACAO HOSPITALAR DO ESTADO DE MINAS GERAIS;Nota fiscal;12.927.876/0001-67;SOMA/MG PRODUTOS HOSPITALARES LTDA;369025;;1;Completa - Recebimento definitivo;Consumo;Despesa orçamentária;2026-03-27;2026-03-27;2026-04-01;26,4;Não
2270 - FUNDACAO HOSPITALAR DO ESTADO DE MINAS GERAIS;Nota fiscal;01.640.262/0001-83;CITOPHARMA MANIPULACAO DE MEDICAMENTOS ESPECIAIS LTDA;203437;1;1;Completa - Recebimento definitivo;Consumo;Despesa orçamentária;2026-04-01;2026-04-01;2026-04-01;780,64;Não
1020 - TRIBUNAL DE CONTAS DO ESTADO DE MINAS GERAIS;Outros;33.224.254/0001-42;MGS MINAS GERAIS ADMINISTRACAO E SERVICOS S/A;679969;;1;Completa;Serviço;Despesa orçamentária;2026-03-25;2026-03-26;2026-04-01;504,24;Não
2270 - FUNDACAO HOSPITALAR DO ESTADO DE MINAS GERAIS;Nota fiscal;12.499.494/0002-60;HOSPINOVA DISTRIBUIDORA DE PRODUTOS HOSPITALARES LTDA.;7707;201;1;Completa - Recebimento definitivo;Consumo;Despesa orçamentária;2026-03-27;2026-04-01;2026-04-01;9884,0;Não
2310 - UNIVERSIDADE ESTADUAL DE MONTES CLAROS;Nota fiscal;41.826.744/0001-47;MEDIODONTOMINAS IMPORTACAO E COMERCIO LTDA;264354;1;1;Completa - Recebimento definitivo;Consumo;Despesa extra orçamentária;2026-02-06;2026-04-01;2026-04-01;148,4;Não
1480 - SECRETARIA DE ESTADO DE DESENVOLVIMENTO SOCIAL;Nota fiscal;03.447.242/0024-02;SERVICO NACIONAL DE APRENDIZAGEM COMERCIAL - SENAC MINAS;40;;1;Completa;Serviço;Despesa extra orçamentária;2026-03-30;2026-03-30;2026-04-01;4638,0;Não
1450 - SECRETARIA DE ESTADO DE JUSTICA E SEGURANCA PUBLIC;Outros;33.224.254/0001-42;MGS MINAS GERAIS ADMINISTRACAO E SERVICOS S/A;681373;;1;Completa;Serviço;Despesa orçamentária;2026-04-01;2026-04-01;2026-04-01;583,28;Não
2310 - UNIVERSIDADE ESTADUAL DE MONTES CLAROS;Nota fiscal;41.826.744/0001-47;MEDIODONTOMINAS IMPORTACAO E COMERCIO LTDA;264356;1;1;Completa - Recebimento definitivo;Consumo;Despesa extra orçamentária;2026-02-06;2026-04-01;2026-04-01;148,4;Não
2330 - INSTITUTO DE METROLOGIA E QUALIDADE DE MG;Outros;01.017.250/0001-05;VOETUR TURISMO E REPRESENTACOES LTDA;1323496;;1;Completa;Serviço;Despesa orçamentária;2026-03-03;2026-04-01;2026-04-01;792,01;Não
1190 - SECRETARIA DE ESTADO DE FAZENDA DE MINAS GERAIS;Nota fiscal;01.389.269/0001-74;ALCTEL TELECOMUNICACOES E INFORMATICA LTDA;2026402;;1;Completa;Serviço;Despesa orçamentária;2026-03-04;2026-04-01;2026-04-01;134,38;Não
2310 - UNIVERSIDADE ESTADUAL DE MONTES CLAROS;Nota fiscal;41.826.744/0001-47;MEDIODONTOMINAS IMPORTACAO E COMERCIO LTDA;264357;1;1;Completa - Recebimento definitivo;Consumo;Despesa extra orçamentária;2026-02-06;2026-04-01;2026-04-01;183,81;Não
1260 - SECRETARIA DE ESTADO DE EDUCACAO;Nota fiscal;05.598.350/0001-15;INSTITUTO EDUCACIONAL ALFAUNIPAC S.A.;482;0;1;Completa;Serviço;Despesa orçamentária;2026-04-01;2026-04-01;2026-04-01;9662,64;Não
1260 - SECRETARIA DE ESTADO DE EDUCACAO;Outros;***.539.616-**;FABIO DA SILVA CAMPOS;32026;;1;Completa;Serviço;Despesa orçamentária;2026-04-01;2026-04-01;2026-04-01;30000,0;Não
2270 - FUNDACAO HOSPITALAR DO ESTADO DE MINAS GERAIS;Nota fiscal;67.729.178/0002-20;COMERCIAL CIRURGICA RIOCLARENSE LTDA;913490;1;1;Completa - Recebimento definitivo;Consumo;Despesa orçamentária;2026-03-28;2026-04-01;2026-04-01;883,2;Não
2090 - FUNDACAO ESTADUAL DO MEIO AMBIENTE;Nota fiscal;33.224.254/0001-42;MGS MINAS GERAIS ADMINISTRACAO E SERVICOS S/A;12731;1;1;Completa;Serviço;Despesa orçamentária;2026-03-30;2026-04-01;2026-04-01;44160,07;Não
2370 - INSTITUTO MINEIRO DE AGROPECUARIA;Nota fiscal;76.535.764/0001-43;OI S.A. - EM RECUPERACAO JUDICIAL;50861;10;1;Completa;Serviço;Despesa orçamentária;2026-03-21;2026-03-26;2026-04-01;50,79;Não
2310 - UNIVERSIDADE ESTADUAL DE MONTES CLAROS;Nota fiscal;41.826.744/0001-47;MEDIODONTOMINAS IMPORTACAO E COMERCIO LTDA;264353;1;1;Completa - Recebimento definitivo;Consumo;Despesa extra orçamentária;2026-02-06;2026-04-01;2026-04-01;648,11;Não
2270 - FUNDACAO HOSPITALAR DO ESTADO DE MINAS GERAIS;Nota fiscal;09.603.161/0004-97;CONVATEC BRASIL LTDA;191905;1;1;Completa - Recebimento definitivo;Consumo;Despesa orçamentária;2026-03-12;2026-03-31;2026-04-01;12110,4;Não
1480 - SECRETARIA DE ESTADO DE DESENVOLVIMENTO SOCIAL;Nota fiscal;03.447.242/0024-02;SERVICO NACIONAL DE APRENDIZAGEM COMERCIAL - SENAC MINAS;21;;1;Completa;Serviço;Despesa extra orçamentária;2026-03-27;2026-03-27;2026-04-01;10920,0;Não
1190 - SECRETARIA DE ESTADO DE FAZENDA DE MINAS GERAIS;Nota fiscal;01.389.269/0001-74;ALCTEL TELECOMUNICACOES E INFORMATICA LTDA;2026403;;1;Completa;Serviço;Despesa orçamentária;2026-03-04;2026-04-01;2026-04-01;403,15;Não
1260 - SECRETARIA DE ESTADO DE EDUCACAO;Nota fiscal;05.598.350/0001-15;INSTITUTO EDUCACIONAL ALFAUNIPAC S.A.;481;;1;Completa;Serviço;Despesa orçamentária;2026-04-01;2026-04-01;2026-04-01;16833,42;Não
1260 - SECRETARIA DE ESTADO DE EDUCACAO;Outros;07.432.517/0001-07;SIMPRESS COMERCIO LOCACAO E SERVICOS LTDA;293550;;1;Completa;Serviço;Despesa extra orçamentária;2025-06-25;2025-06-25;2026-04-01;140,84;Não
2270 - FUNDACAO HOSPITALAR DO ESTADO DE MINAS GERAIS;Nota fiscal;20.235.404/0001-71;DCB DISTRIBUIDORA CIRURGICA BRASILEIRA LTDA;105613;1;1;Completa - Recebimento definitivo;Consumo;Despesa orçamentária;2026-03-23;2026-03-27;2026-04-01;3924,0;Não
2310 - UNIVERSIDADE ESTADUAL DE MONTES CLAROS;Nota fiscal;41.826.744/0001-47;MEDIODONTOMINAS IMPORTACAO E COMERCIO LTDA;264358;1;1;Completa - Recebimento definitivo;Consumo;Despesa extra orçamentária;2026-02-06;2026-04-01;2026-04-01;299,9;Não
2090 - FUNDACAO ESTADUAL DO MEIO AMBIENTE;Outros;33.224.254/0001-42;MGS MINAS GERAIS ADMINISTRACAO E SERVICOS S/A;680776;;1;Completa;Serviço;Despesa orçamentária;2026-03-30;2026-03-31;2026-04-01;3542,12;Não
1260 - SECRETARIA DE ESTADO DE EDUCACAO;Nota fiscal;05.598.350/0001-15;INSTITUTO EDUCACIONAL ALFAUNIPAC S.A.;480;;1;Completa;Serviço;Despesa orçamentária;2026-04-01;2026-04-01;2026-04-01;28955,88;Não
1480 - SECRETARIA DE ESTADO DE DESENVOLVIMENTO SOCIAL;Nota fiscal;03.447.242/0024-02;SERVICO NACIONAL DE APRENDIZAGEM COMERCIAL - SENAC MINAS;41;;1;Completa;Serviço;Despesa extra orçamentária;2026-03-30;2026-03-30;2026-04-01;2340,0;Não
2270 - FUNDACAO HOSPITALAR DO ESTADO DE MINAS GERAIS;Nota fiscal;05.194.502/0001-14;ALFALAGOS LTDA ;420149;1;1;Completa - Recebimento definitivo;Consumo;Despesa orçamentária;2026-03-30;2026-03-31;2026-04-01;1671,0;Não
1090 - PROCURADORIA GERAL DE JUSTICA;Outros;33.224.254/0001-42;MGS MINAS GERAIS ADMINISTRACAO E SERVICOS S/A;679834;;1;Completa;Serviço;Despesa orçamentária;2026-03-25;2026-03-26;2026-04-01;504,24;Não
2310 - UNIVERSIDADE ESTADUAL DE MONTES CLAROS;Nota fiscal;41.826.744/0001-47;MEDIODONTOMINAS IMPORTACAO E COMERCIO LTDA;264367;1;1;Completa - Recebimento definitivo;Consumo;Despesa extra orçamentária;2026-02-06;2026-04-01;2026-04-01;116,02;Não
1480 - SECRETARIA DE ESTADO DE DESENVOLVIMENTO SOCIAL;Nota fiscal;03.447.242/0025-93;SERVICO NACIONAL DE APRENDIZAGEM COMERCIAL - SENAC MINAS;53;;1;Completa;Serviço;Despesa extra orçamentária;2026-03-30;2026-03-30;2026-04-01;19200,0;Não
2270 - FUNDACAO HOSPITALAR DO ESTADO DE MINAS GERAIS;Nota fiscal;18.269.125/0001-87;BIOHOSP PRODUTOS HOSPITALARES SA;775664;1;1;Completa - Recebimento definitivo;Consumo;Despesa orçamentária;2026-03-25;2026-03-26;2026-04-01;1116,0;Não
1260 - SECRETARIA DE ESTADO DE EDUCACAO;Nota fiscal;05.598.350/0001-15;INSTITUTO EDUCACIONAL ALFAUNIPAC S.A.;479;;1;Completa;Serviço;Despesa orçamentária;2026-04-01;2026-04-01;2026-04-01;14643,44;Não
2320 - FUNDACAO CENTRO DE HEMATOLOGIA E HEMOTERAPIA DE MG;Outros;***.854.946-**;MANOEL EUFRASIO DE CARVALHO;3;26;1;Completa;Serviço;Despesa orçamentária;2026-04-01;2026-04-01;2026-04-01;12615,66;Não
1190 - SECRETARIA DE ESTADO DE FAZENDA DE MINAS GERAIS;Nota fiscal;***.715.256-**;PAULO HENRIQUE MAGALHAES GONCALVES;32026;;1;Completa;Serviço;Despesa orçamentária;2026-04-01;2026-04-01;2026-04-01;26873,35;Não
1260 - SECRETARIA DE ESTADO DE EDUCACAO;Outros;12.440.436/0001-80;ARAUJO PENNA EMPREENDIMENTOS LTDA;32026;;1;Completa;Serviço;Despesa orçamentária;2026-04-01;2026-04-01;2026-04-01;15623,15;Não
1450 - SECRETARIA DE ESTADO DE JUSTICA E SEGURANCA PUBLIC;Nota fiscal;81.243.735/0009-03;POSITIVO TECNOLOGIA S.A.;149335;3;1;Completa - Recebimento definitivo;Permanente;Despesa extra orçamentária;2026-01-23;2026-02-03;2026-04-01;34384,0;Não
1480 - SECRETARIA DE ESTADO DE DESENVOLVIMENTO SOCIAL;Nota fiscal;03.447.242/0025-93;SERVICO NACIONAL DE APRENDIZAGEM COMERCIAL - SENAC MINAS;42;;1;Completa;Serviço;Despesa extra orçamentária;2026-03-31;2026-03-31;2026-04-01;4314,0;Não
1500 - SECRETARIA DE ESTADO DE PLANEJAMENTO E GESTAO;Nota fiscal;05.208.211/0001-38;IN HAUS INDUSTRIAL E SERVICOS DE LOGISTICA S/A;159857;;1;Incompleta;Serviço;Despesa orçamentária;2026-03-30;2026-03-30;2026-04-01;502977,3;Não
1190 - SECRETARIA DE ESTADO DE FAZENDA DE MINAS GERAIS;Outros;18.468.538/0001-90;GONG EMPREENDIMENTOS IMOBILIARIOS LTDA;32026;;1;Completa;Serviço;Despesa orçamentária;2026-04-01;2026-04-01;2026-04-01;6385,23;Não
2310 - UNIVERSIDADE ESTADUAL DE MONTES CLAROS;Nota fiscal;41.826.744/0001-47;MEDIODONTOMINAS IMPORTACAO E COMERCIO LTDA;264355;1;1;Completa - Recebimento definitivo;Consumo;Despesa extra orçamentária;2026-02-06;2026-04-01;2026-04-01;148,4;Não
1480 - SECRETARIA DE ESTADO DE DESENVOLVIMENTO SOCIAL;Nota fiscal;03.447.242/0037-27;SERVICO NACIONAL DE APRENDIZAGEM COMERCIAL - SENAC MINAS;14;;1;Completa;Serviço;Despesa extra orçamentária;2026-03-30;2026-03-30;2026-04-01;19200,0;Não
2270 - FUNDACAO HOSPITALAR DO ESTADO DE MINAS GERAIS;Nota fiscal;44.734.671/0022-86;CRISTALIA PRODUTOS QUIMICOS FARMACEUTICOS LTDA;939211;;1;Completa - Recebimento definitivo;Consumo;Despesa orçamentária;2026-03-20;2026-03-20;2026-04-01;1520,0;Não
1260 - SECRETARIA DE ESTADO DE EDUCACAO;Nota fiscal;05.598.350/0001-15;INSTITUTO EDUCACIONAL ALFAUNIPAC S.A.;478;0;1;Completa;Serviço;Despesa orçamentária;2026-04-01;2026-04-01;2026-04-01;6076,72;Não
2270 - FUNDACAO HOSPITALAR DO ESTADO DE MINAS GERAIS;Nota fiscal;67.729.178/0002-20;COMERCIAL CIRURGICA RIOCLARENSE LTDA;912953;1;1;Completa - Recebimento definitivo;Consumo;Despesa orçamentária;2026-03-27;2026-03-30;2026-04-01;1561,5;Não
2330 - INSTITUTO DE METROLOGIA E QUALIDADE DE MG;Outros;01.017.250/0001-05;VOETUR TURISMO E REPRESENTACOES LTDA;1323497;;1;Completa;Serviço;Despesa orçamentária;2026-03-03;2026-04-01;2026-04-01;2592,25;Não
2270 - FUNDACAO HOSPITALAR DO ESTADO DE MINAS GERAIS;Nota fiscal;58.295.213/0023-83;PHILIPS MEDICAL SYSTEMS LTDA;23688;;1;Completa;Serviço;Despesa orçamentária;2025-09-23;2025-09-24;2026-04-01;4964,82;Não
1030 - TRIBUNAL DE JUSTICA DO ESTADO DE MINAS GERAIS;Nota fiscal;20.501.854/0001-69;ALCANCE ENGENHARIA E CONSTRUCAO LTDA;2026147;;1;Completa;Serviço;Despesa orçamentária;2026-04-01;2026-04-01;2026-04-01;954132,85;Não
1480 - SECRETARIA DE ESTADO DE DESENVOLVIMENTO SOCIAL;Nota fiscal;03.447.242/0037-27;SERVICO NACIONAL DE APRENDIZAGEM COMERCIAL - SENAC MINAS;43;;1;Completa;Serviço;Despesa extra orçamentária;2026-03-31;2026-03-31;2026-04-01;6060,0;Não
1510 - POLICIA CIVIL DO ESTADO DE MINAS GERAIS;Outros;05.002.545/0001-50;DINAMICA ADMINISTRADORA DE IMOVEIS E SERVICOS LTDA;32026;A;1;Completa;Serviço;Despesa orçamentária;2026-04-01;2026-04-01;2026-04-01;5188,31;Não
2270 - FUNDACAO HOSPITALAR DO ESTADO DE MINAS GERAIS;Nota fiscal;58.295.213/0023-83;PHILIPS MEDICAL SYSTEMS LTDA;23689;;1;Completa;Serviço;Despesa orçamentária;2025-09-23;2025-09-24;2026-04-01;4964,82;Não
2010 - INST.DE PREVIDENCIA DOS SERVIDORES DO EST.M.GERAIS;Nota fiscal;05.814.441/0001-40;PREMIER SEGURANCA ELETRONICA LTDA;755;;1;Completa;Serviço;Despesa orçamentária;2026-04-01;2026-04-01;2026-04-01;48276,65;Não
1450 - SECRETARIA DE ESTADO DE JUSTICA E SEGURANCA PUBLIC;Nota fiscal;33.224.254/0001-42;MGS MINAS GERAIS ADMINISTRACAO E SERVICOS S/A;202612965;;1;Completa;Serviço;Despesa orçamentária;2026-04-01;2026-04-01;2026-04-01;282951,66;Não
1480 - SECRETARIA DE ESTADO DE DESENVOLVIMENTO SOCIAL;Nota fiscal;03.447.242/0037-27;SERVICO NACIONAL DE APRENDIZAGEM COMERCIAL - SENAC MINAS;15;;1;Completa;Serviço;Despesa extra orçamentária;2026-03-30;2026-03-30;2026-04-01;17280,0;Não
1070 - GABINETE MILITAR DO GOVERNADOR DO ESTADO DE MG;Nota fiscal;20.161.464/0001-97;ECO PLAST COMERCIO LTDA;28668;;1;Completa - Recebimento definitivo;Consumo;Despesa orçamentária;2026-03-30;2026-03-30;2026-04-01;70650,0;Não
2010 - INST.DE PREVIDENCIA DOS SERVIDORES DO EST.M.GERAIS;Nota fiscal;05.814.441/0001-40;PREMIER SEGURANCA ELETRONICA LTDA;755;2;1;Completa;Serviço;Despesa orçamentária;2026-04-01;2026-04-01;2026-04-01;8890,64;Não
2370 - INSTITUTO MINEIRO DE AGROPECUARIA;Nota fiscal;34.274.233/0025-71;VIBRA ENERGIA S.A;4854045;0;1;Completa - Recebimento definitivo;Consumo;Despesa orçamentária;2026-04-01;2026-04-01;2026-04-01;17741,24;Não
2010 - INST.DE PREVIDENCIA DOS SERVIDORES DO EST.M.GERAIS;Nota fiscal;05.814.441/0001-40;PREMIER SEGURANCA ELETRONICA LTDA;755;3;1;Completa;Serviço;Despesa orçamentária;2026-04-01;2026-04-01;2026-04-01;10920,9;Não
2270 - FUNDACAO HOSPITALAR DO ESTADO DE MINAS GERAIS;Nota fiscal;35.820.448/0030-70;WHITE MARTINS GASES INDUSTRIAIS LTDA;4399;686;1;Completa - Recebimento definitivo;Consumo;Despesa orçamentária;2026-03-31;2026-04-01;2026-04-01;1276,8;Não
1480 - SECRETARIA DE ESTADO DE DESENVOLVIMENTO SOCIAL;Nota fiscal;03.447.242/0037-27;SERVICO NACIONAL DE APRENDIZAGEM COMERCIAL - SENAC MINAS;44;;1;Completa;Serviço;Despesa extra orçamentária;2026-03-31;2026-03-31;2026-04-01;3918,0;Não
1190 - SECRETARIA DE ESTADO DE FAZENDA DE MINAS GERAIS;Nota fiscal;***.602.826-**;GERALDA MARQUES ALVES KOJIMA;32026;;1;Completa;Serviço;Despesa orçamentária;2026-04-01;2026-04-01;2026-04-01;2767,29;Não
1260 - SECRETARIA DE ESTADO DE EDUCACAO;Nota fiscal;05.598.350/0001-15;INSTITUTO EDUCACIONAL ALFAUNIPAC S.A.;477;;2;Completa;Serviço;Despesa orçamentária;2026-04-01;2026-04-01;2026-04-01;37271,4;Não
2010 - INST.DE PREVIDENCIA DOS SERVIDORES DO EST.M.GERAIS;Nota fiscal;01.645.409/0003-90;AUTO SUTURE DO BRASIL LTDA.;1002752;1;1;Completa - Recebimento definitivo;Consumo;Despesa orçamentária;2026-03-12;2026-03-30;2026-04-01;300,0;Não
2300 - DEPARTAMENTO DE ESTRADAS DE RODAGEM;Nota fiscal;11.369.367/0001-01;COMMANDO SEGURANCA ELETRONICA LTDA;162;;1;Completa;Serviço;Despesa orçamentária;2026-04-01;2026-04-01;2026-04-01;939,81;Não
1260 - SECRETARIA DE ESTADO DE EDUCACAO;Outros;44.842.188/0001-90;LOPES E VALERIO HOLDING LTDA;32026;;1;Completa;Serviço;Despesa orçamentária;2026-04-01;2026-04-01;2026-04-01;22091,32;Não
2370 - INSTITUTO MINEIRO DE AGROPECUARIA;Nota fiscal;33.224.254/0001-42;MGS MINAS GERAIS ADMINISTRACAO E SERVICOS S/A;12642;;1;Completa;Serviço;Despesa orçamentária;2026-03-30;2026-04-01;2026-04-01;4387,01;Não
1320 - SECRETARIA DE ESTADO DA SAUDE;Nota fiscal;32.849.883/0001-03;ORBITA SERVICOS E COMERCIO DE PRODUTOS PARA SAUDE LTDA;6671;1;1;Completa - Recebimento definitivo;Consumo;Despesa orçamentária;2026-03-26;2026-04-01;2026-04-01;1713,0;Não
2300 - DEPARTAMENTO DE ESTRADAS DE RODAGEM;Nota fiscal;08.697.901/0001-96;TECH-URB EMPREENDIMENTOS LTDA;2026257;;1;Completa;Serviço;Despesa orçamentária;2026-03-27;2026-03-27;2026-04-01;69482,76;Não
2300 - DEPARTAMENTO DE ESTRADAS DE RODAGEM;Nota fiscal;08.697.901/0001-96;TECH-URB EMPREENDIMENTOS LTDA;2026258;;1;Completa;Serviço;Despesa orçamentária;2026-03-27;2026-03-27;2026-04-01;2270,41;Não
2300 - DEPARTAMENTO DE ESTRADAS DE RODAGEM;Nota fiscal;08.697.901/0001-96;TECH-URB EMPREENDIMENTOS LTDA;2026259;;1;Completa;Serviço;Despesa orçamentária;2026-03-27;2026-03-27;2026-04-01;209180,73;Não
2300 - DEPARTAMENTO DE ESTRADAS DE RODAGEM;Nota fiscal;08.697.901/0001-96;TECH-URB EMPREENDIMENTOS LTDA;2026260;;1;Completa;Serviço;Despesa orçamentária;2026-03-27;2026-03-27;2026-04-01;11838,93;Não
2300 - DEPARTAMENTO DE ESTRADAS DE RODAGEM;Nota fiscal;08.697.901/0001-96;TECH-URB EMPREENDIMENTOS LTDA;2026261;;1;Completa;Serviço;Despesa orçamentária;2026-03-27;2026-03-27;2026-04-01;2682,92;Não
2300 - DEPARTAMENTO DE ESTRADAS DE RODAGEM;Nota fiscal;08.697.901/0001-96;TECH-URB EMPREENDIMENTOS LTDA;2026262;;1;Completa;Serviço;Despesa orçamentária;2026-03-27;2026-03-27;2026-04-01;2509,79;Não
2300 - DEPARTAMENTO DE ESTRADAS DE RODAGEM;Nota fiscal;08.697.901/0001-96;TECH-URB EMPREENDIMENTOS LTDA;2026263;;1;Completa;Serviço;Despesa orçamentária;2026-03-27;2026-03-27;2026-04-01;9182,06;Não
2300 - DEPARTAMENTO DE ESTRADAS DE RODAGEM;Nota fiscal;08.697.901/0001-96;TECH-URB EMPREENDIMENTOS LTDA;2026264;;1;Completa;Serviço;Despesa orçamentária;2026-03-27;2026-03-27;2026-04-01;20571,18;Não
2300 - DEPARTAMENTO DE ESTRADAS DE RODAGEM;Nota fiscal;08.697.901/0001-96;TECH-URB EMPREENDIMENTOS LTDA;2026265;;1;Completa;Serviço;Despesa orçamentária;2026-03-27;2026-03-27;2026-04-01;83176,61;Não
2370 - INSTITUTO MINEIRO DE AGROPECUARIA;Outros;33.224.254/0001-42;MGS MINAS GERAIS ADMINISTRACAO E SERVICOS S/A;680745;;1;Completa;Serviço;Despesa orçamentária;2026-03-30;2026-04-01;2026-04-01;509,96;Não
2300 - DEPARTAMENTO DE ESTRADAS DE RODAGEM;Nota fiscal;08.697.901/0001-96;TECH-URB EMPREENDIMENTOS LTDA;2026266;;1;Completa;Serviço;Despesa orçamentária;2026-03-27;2026-03-27;2026-04-01;12309,9;Não
2300 - DEPARTAMENTO DE ESTRADAS DE RODAGEM;Nota fiscal;08.697.901/0001-96;TECH-URB EMPREENDIMENTOS LTDA;2026267;;1;Completa;Serviço;Despesa orçamentária;2026-03-27;2026-03-27;2026-04-01;16068,58;Não
2300 - DEPARTAMENTO DE ESTRADAS DE RODAGEM;Nota fiscal;08.697.901/0001-96;TECH-URB EMPREENDIMENTOS LTDA;2026268;;1;Completa;Serviço;Despesa orçamentária;2026-03-27;2026-03-27;2026-04-01;106851,81;Não
2300 - DEPARTAMENTO DE ESTRADAS DE RODAGEM;Nota fiscal;08.697.901/0001-96;TECH-URB EMPREENDIMENTOS LTDA;2026269;;1;Completa;Serviço;Despesa orçamentária;2026-03-27;2026-03-27;2026-04-01;17043,6;Não
2300 - DEPARTAMENTO DE ESTRADAS DE RODAGEM;Nota fiscal;08.697.901/0001-96;TECH-URB EMPREENDIMENTOS LTDA;2026270;;1;Completa;Serviço;Despesa orçamentária;2026-03-27;2026-03-27;2026-04-01;64074,23;Não
2300 - DEPARTAMENTO DE ESTRADAS DE RODAGEM;Nota fiscal;08.697.901/0001-96;TECH-URB EMPREENDIMENTOS LTDA;2026271;;1;Completa;Serviço;Despesa orçamentária;2026-03-27;2026-03-27;2026-04-01;10346,98;Não
2300 - DEPARTAMENTO DE ESTRADAS DE RODAGEM;Nota fiscal;08.697.901/0001-96;TECH-URB EMPREENDIMENTOS LTDA;2026272;;1;Completa;Serviço;Despesa orçamentária;2026-03-27;2026-03-27;2026-04-01;18104,96;Não
1190 - SECRETARIA DE ESTADO DE FAZENDA DE MINAS GERAIS;Nota fiscal;***.084.536-**;LUIZ FERNANDO KOJIMA GONCALVES;32026;;1;Completa;Serviço;Despesa orçamentária;2026-04-01;2026-04-01;2026-04-01;2767,28;Não
2300 - DEPARTAMENTO DE ESTRADAS DE RODAGEM;Nota fiscal;08.697.901/0001-96;TECH-URB EMPREENDIMENTOS LTDA;2026273;;1;Completa;Serviço;Despesa orçamentária;2026-03-27;2026-03-27;2026-04-01;212589,54;Não
2300 - DEPARTAMENTO DE ESTRADAS DE RODAGEM;Nota fiscal;08.697.901/0001-96;TECH-URB EMPREENDIMENTOS LTDA;2026274;;1;Completa;Serviço;Despesa orçamentária;2026-03-27;2026-03-27;2026-04-01;8609,29;Não
2300 - DEPARTAMENTO DE ESTRADAS DE RODAGEM;Nota fiscal;08.697.901/0001-96;TECH-URB EMPREENDIMENTOS LTDA;2026275;;1;Completa;Serviço;Despesa orçamentária;2026-03-27;2026-03-27;2026-04-01;22314,78;Não
2270 - FUNDACAO HOSPITALAR DO ESTADO DE MINAS GERAIS;Nota fiscal;61.418.042/0001-31;CIRURGICA FERNANDES - COMERCIO DE MATERIAIS CIRURGICOS E HOSPITALARES - SOCIEDADE LIMITADA;1971847;4;1;Completa - Recebimento definitivo;Consumo;Despesa orçamentária;2026-03-19;2026-03-27;2026-04-01;385,0;Não
1480 - SECRETARIA DE ESTADO DE DESENVOLVIMENTO SOCIAL;Nota fiscal;03.447.242/0030-50;SERVICO NACIONAL DE APRENDIZAGEM COMERCIAL - SENAC MINAS;17776;;1;Completa;Serviço;Despesa extra orçamentária;2026-03-31;2026-03-31;2026-04-01;18720,0;Não
2270 - FUNDACAO HOSPITALAR DO ESTADO DE MINAS GERAIS;Nota fiscal;23.864.942/0001-13;UNIQUE DISTRIBUIDORA DE MEDICAMENTOS LTDA;24132;;1;Completa - Recebimento definitivo;Consumo;Despesa orçamentária;2026-03-24;2026-04-01;2026-04-01;2841,0;Não
2300 - DEPARTAMENTO DE ESTRADAS DE RODAGEM;Nota fiscal;17.281.106/0001-03;COMPANHIA DE SANEAMENTO DE MINAS GERAIS COPASA MG;126171013255;;1;Completa;Serviço;Despesa orçamentária;2026-03-10;2026-03-25;2026-04-01;1255,71;Não
1260 - SECRETARIA DE ESTADO DE EDUCACAO;Nota fiscal;08.726.137/0001-30;TJ AR CONDICIONADO LTDA -ME;211;;1;Completa;Serviço;Despesa orçamentária;2026-03-24;2026-03-24;2026-04-01;220,6;Não
1260 - SECRETARIA DE ESTADO DE EDUCACAO;Nota fiscal;03.773.700/0001-07;SERVICO NACIONAL DE APRENDIZAGEM INDUSTRIAL - DEPARTAMENTO REGIONAL DE MINAS GERAIS;496;3;1;Completa;Serviço;Despesa orçamentária;2026-03-31;2026-03-31;2026-04-01;116771,89;Não
2310 - UNIVERSIDADE ESTADUAL DE MONTES CLAROS;Nota fiscal;41.826.744/0001-47;MEDIODONTOMINAS IMPORTACAO E COMERCIO LTDA;264057;1;1;Completa - Recebimento definitivo;Consumo;Despesa extra orçamentária;2026-02-05;2026-04-01;2026-04-01;148,4;Não
1500 - SECRETARIA DE ESTADO DE PLANEJAMENTO E GESTAO;Outros;33.224.254/0001-42;MGS MINAS GERAIS ADMINISTRACAO E SERVICOS S/A;679810;;1;Completa;Serviço;Despesa orçamentária;2026-03-25;2026-03-26;2026-04-01;504,24;Não
2300 - DEPARTAMENTO DE ESTRADAS DE RODAGEM;Nota fiscal;18.988.444/0001-42;ESTACIONAMENTO PRIME WASH LTDA - ME;100001251;;1;Completa;Serviço;Despesa orçamentária;2026-04-01;2026-04-01;2026-04-01;351,54;Não
1450 - SECRETARIA DE ESTADO DE JUSTICA E SEGURANCA PUBLIC;Nota fiscal;33.224.254/0001-42;MGS MINAS GERAIS ADMINISTRACAO E SERVICOS S/A;202612966;;1;Completa;Serviço;Despesa orçamentária;2026-04-01;2026-04-01;2026-04-01;2641157,46;Não
2370 - INSTITUTO MINEIRO DE AGROPECUARIA;Nota fiscal;34.274.233/0025-71;VIBRA ENERGIA S.A;4853488;0;1;Incompleta;Consumo;Despesa orçamentária;2026-03-31;2026-03-31;2026-04-01;17741,24;Não
2270 - FUNDACAO HOSPITALAR DO ESTADO DE MINAS GERAIS;Nota fiscal;20.209.036/0001-97;JEOVA JIREH GESTAO DE ESTOQUE EM LOGISTICA BR LTDA;202600000018893;;1;Completa;Serviço;Despesa orçamentária;2026-03-31;2026-03-31;2026-04-01;345943,54;Não
1710 - SECRETARIA DE ESTADO DE COMUNICACAO SOCIAL;Outros;18.351.226/0001-00;ORO COMUNICACAO LTDA.;203;;1;Completa;Serviço;Despesa extra orçamentária;2026-02-19;2026-04-01;2026-04-01;34783,31;Não
1320 - SECRETARIA DE ESTADO DA SAUDE;Nota fiscal;08.273.364/0001-57;TICKET GESTAO EM MANUTENCAO EZC S.A;48499680;;1;Completa;Serviço;Despesa orçamentária;2026-04-01;2026-04-01;2026-04-01;1627,12;Não
1480 - SECRETARIA DE ESTADO DE DESENVOLVIMENTO SOCIAL;Nota fiscal;03.447.242/0030-50;SERVICO NACIONAL DE APRENDIZAGEM COMERCIAL - SENAC MINAS;45;;1;Completa;Serviço;Despesa extra orçamentária;2026-03-31;2026-03-31;2026-04-01;4512,0;Não
2310 - UNIVERSIDADE ESTADUAL DE MONTES CLAROS;Nota fiscal;41.826.744/0001-47;MEDIODONTOMINAS IMPORTACAO E COMERCIO LTDA;264054;1;1;Completa - Recebimento definitivo;Consumo;Despesa extra orçamentária;2026-02-05;2026-04-01;2026-04-01;648,11;Não
1190 - SECRETARIA DE ESTADO DE FAZENDA DE MINAS GERAIS;Nota fiscal;***.856.746-**;MARCELO AUGUSTO KOJIMA GONCALVES;32026;;1;Completa;Serviço;Despesa orçamentária;2026-04-01;2026-04-01;2026-04-01;2767,28;Não
2320 - FUNDACAO CENTRO DE HEMATOLOGIA E HEMOTERAPIA DE MG;Nota fiscal;11.675.038/0001-80;GARRASEG SOLUCOES EM SEGURANCA ELETRONICA LTDA;563;;1;Completa;Serviço;Despesa orçamentária;2026-04-01;2026-04-01;2026-04-01;2338,62;Não
1260 - SECRETARIA DE ESTADO DE EDUCACAO;Outros;***.435.586-**;RENATO BONTEMPO;9440590;16;1;Completa;Serviço;Despesa orçamentária;2026-04-01;2026-04-01;2026-04-01;3500,0;Não
1510 - POLICIA CIVIL DO ESTADO DE MINAS GERAIS;Outros;***.023.996-**;OTAVIO AMABILE MARTELETTO;12026;;1;Completa;Serviço;Despesa orçamentária;2026-02-02;2026-02-02;2026-04-01;2717,26;Não
2310 - UNIVERSIDADE ESTADUAL DE MONTES CLAROS;Nota fiscal;41.826.744/0001-47;MEDIODONTOMINAS IMPORTACAO E COMERCIO LTDA;264056;1;1;Completa - Recebimento definitivo;Consumo;Despesa extra orçamentária;2026-02-05;2026-04-01;2026-04-01;648,11;Não
1320 - SECRETARIA DE ESTADO DA SAUDE;Nota fiscal;07.432.517/0001-07;SIMPRESS COMERCIO LOCACAO E SERVICOS LTDA;368953;;1;Completa;Serviço;Despesa orçamentária;2026-03-17;2026-03-25;2026-04-01;625,28;Não
2300 - DEPARTAMENTO DE ESTRADAS DE RODAGEM;Nota fiscal;08.273.364/0001-57;TICKET GESTAO EM MANUTENCAO EZC S.A;48497526;;1;Completa;Serviço;Despesa orçamentária;2026-04-01;2026-04-01;2026-04-01;392,54;Não
1450 - SECRETARIA DE ESTADO DE JUSTICA E SEGURANCA PUBLIC;Nota fiscal;05.905.254/0001-72;HR REFEICOES LTDA;8402;;1;Completa;Serviço;Despesa orçamentária;2026-03-04;2026-03-04;2026-04-01;44117,77;Não
2300 - DEPARTAMENTO DE ESTRADAS DE RODAGEM;Nota fiscal;08.273.364/0001-57;TICKET GESTAO EM MANUTENCAO EZC S.A;48497535;U;1;Completa;Serviço;Despesa orçamentária;2026-04-01;2026-04-01;2026-04-01;1612,62;Não
1480 - SECRETARIA DE ESTADO DE DESENVOLVIMENTO SOCIAL;Nota fiscal;03.447.242/0017-83;SERVICO NACIONAL DE APRENDIZAGEM COMERCIAL - SENAC MINAS;78;;1;Completa;Serviço;Despesa extra orçamentária;2026-04-01;2026-04-01;2026-04-01;16800,0;Não
2420 - INSTITUTO DE DESENVOLVIMENTO NORTE E NORDESTE MG;Nota fiscal;33.224.254/0001-42;MGS MINAS GERAIS ADMINISTRACAO E SERVICOS S/A;11105;3;1;Completa;Serviço;Despesa orçamentária;2026-03-18;2026-03-27;2026-04-01;21166,55;Não
1320 - SECRETARIA DE ESTADO DA SAUDE;Nota fiscal;07.432.517/0001-07;SIMPRESS COMERCIO LOCACAO E SERVICOS LTDA;368982;;1;Completa;Serviço;Despesa orçamentária;2026-03-17;2026-03-25;2026-04-01;189,5;Não
2270 - FUNDACAO HOSPITALAR DO ESTADO DE MINAS GERAIS;Nota fiscal;33.224.254/0001-42;MGS MINAS GERAIS ADMINISTRACAO E SERVICOS S/A;202612497;;1;Completa;Serviço;Despesa orçamentária;2026-03-30;2026-04-01;2026-04-01;350328,13;Não
2370 - INSTITUTO MINEIRO DE AGROPECUARIA;Nota fiscal;33.224.254/0001-42;MGS MINAS GERAIS ADMINISTRACAO E SERVICOS S/A;11094;1;1;Completa;Serviço;Despesa orçamentária;2026-03-18;2026-04-01;2026-04-01;4387,01;Não
2270 - FUNDACAO HOSPITALAR DO ESTADO DE MINAS GERAIS;Nota fiscal;21.681.325/0001-57;MULTIFARMA COMERCIO E REPRESENTACOES LTDA.;287726;;1;Completa - Recebimento definitivo;Consumo;Despesa orçamentária;2026-03-17;2026-03-17;2026-04-01;348,0;Não
2100 - INSTITUTO ESTADUAL DE FLORESTAS-IEF;Nota fiscal;33.224.254/0001-42;MGS MINAS GERAIS ADMINISTRACAO E SERVICOS S/A;11803;;1;Completa;Serviço;Despesa orçamentária;2026-03-24;2026-03-31;2026-04-01;27267,51;Não
2300 - DEPARTAMENTO DE ESTRADAS DE RODAGEM;Nota fiscal;10.957.855/0001-69;AGR BOTELHO ENGENHARIA LTDA;2026141;;1;Completa;Serviço;Despesa extra orçamentária;2026-03-20;2026-04-01;2026-04-01;1900,53;Não
2420 - INSTITUTO DE DESENVOLVIMENTO NORTE E NORDESTE MG;Nota fiscal;33.224.254/0001-42;MGS MINAS GERAIS ADMINISTRACAO E SERVICOS S/A;678748;3;1;Completa;Serviço;Despesa orçamentária;2026-03-18;2026-03-27;2026-04-01;1715,12;Não
1500 - SECRETARIA DE ESTADO DE PLANEJAMENTO E GESTAO;Outros;33.224.254/0001-42;MGS MINAS GERAIS ADMINISTRACAO E SERVICOS S/A;679954;;1;Completa;Serviço;Despesa orçamentária;2026-03-25;2026-03-26;2026-04-01;435,48;Não
2420 - INSTITUTO DE DESENVOLVIMENTO NORTE E NORDESTE MG;Nota fiscal;33.224.254/0001-42;MGS MINAS GERAIS ADMINISTRACAO E SERVICOS S/A;11106;3;1;Completa;Serviço;Despesa orçamentária;2026-03-18;2026-03-27;2026-04-01;112,68;Não
2300 - DEPARTAMENTO DE ESTRADAS DE RODAGEM;Nota fiscal;10.957.855/0001-69;AGR BOTELHO ENGENHARIA LTDA;2026142;;1;Completa;Serviço;Despesa extra orçamentária;2026-03-20;2026-04-01;2026-04-01;32912,7;Não
2370 - INSTITUTO MINEIRO DE AGROPECUARIA;Outros;33.224.254/0001-42;MGS MINAS GERAIS ADMINISTRACAO E SERVICOS S/A;678741;;1;Completa;Serviço;Despesa orçamentária;2026-03-18;2026-04-01;2026-04-01;509,96;Não
2310 - UNIVERSIDADE ESTADUAL DE MONTES CLAROS;Nota fiscal;22.680.363/0001-58;JOSE BORGES RAMOS;6065;1;1;Completa - Recebimento definitivo;Permanente;Despesa orçamentária;2026-02-19;2026-03-25;2026-04-01;270,0;Não
2120 - INST.PREV.DOS SERV.MILITARES DO ESTADO M.GERAIS;Nota fiscal;20.858.411/0001-20;AMGS COMERCIO E REPRESENTACOES LTDA;619909;2;1;Completa - Recebimento definitivo;Consumo;Despesa extra orçamentária;2026-02-02;2026-04-01;2026-04-01;545,66;Não
1480 - SECRETARIA DE ESTADO DE DESENVOLVIMENTO SOCIAL;Nota fiscal;03.447.242/0017-83;SERVICO NACIONAL DE APRENDIZAGEM COMERCIAL - SENAC MINAS;79;;1;Completa;Serviço;Despesa extra orçamentária;2026-04-01;2026-04-01;2026-04-01;19200,0;Não
2270 - FUNDACAO HOSPITALAR DO ESTADO DE MINAS GERAIS;Nota fiscal;12.499.494/0002-60;HOSPINOVA DISTRIBUIDORA DE PRODUTOS HOSPITALARES LTDA.;7706;201;1;Completa - Recebimento definitivo;Consumo;Despesa orçamentária;2026-03-27;2026-03-31;2026-04-01;61704,0;Não
2420 - INSTITUTO DE DESENVOLVIMENTO NORTE E NORDESTE MG;Nota fiscal;33.224.254/0001-42;MGS MINAS GERAIS ADMINISTRACAO E SERVICOS S/A;11997;3;1;Completa;Serviço;Despesa extra orçamentária;2026-03-25;2026-03-27;2026-04-01;1566,69;Não
1010 - ASSEMBLEIA LEGISLATIVA DO ESTADO DE MINAS GERAIS;Nota fiscal;23.106.216/0001-31;PONTAL SERVICOS EM COMUNICACAO DIGITAL LTDA;106872026;;2;Completa;Serviço;Despesa orçamentária;2026-03-18;2026-03-20;2026-04-01;217,74;Não
2320 - FUNDACAO CENTRO DE HEMATOLOGIA E HEMOTERAPIA DE MG;Nota fiscal;03.339.370/0001-46;INTERACT SOLUTIONS LTDA;583;;1;Completa;Serviço;Despesa orçamentária;2026-03-02;2026-04-01;2026-04-01;25097,8;Não
1450 - SECRETARIA DE ESTADO DE JUSTICA E SEGURANCA PUBLIC;Nota fiscal;02.334.709/0001-59;CL RESTAURANTE DE EUGENOPOLIS LTDA;7485;;1;Completa;Serviço;Despesa orçamentária;2026-03-11;2026-03-11;2026-04-01;89434,59;Não
1710 - SECRETARIA DE ESTADO DE COMUNICACAO SOCIAL;Nota fiscal;61.704.482/0004-06;AGENCIA NACIONAL DE PROPAGANDA LTDA;186;;1;Completa;Serviço;Despesa extra orçamentária;2026-02-09;2026-04-01;2026-04-01;373057,25;Não
1400 - CORPO DE BOMBEIROS MILITAR DE MINAS GERAIS;Nota fiscal;34.274.233/0025-71;VIBRA ENERGIA S.A;4853489;0;1;Completa - Recebimento definitivo;Consumo;Despesa orçamentária;2026-03-31;2026-04-01;2026-04-01;22309,0;Não
1480 - SECRETARIA DE ESTADO DE DESENVOLVIMENTO SOCIAL;Nota fiscal;03.447.242/0017-83;SERVICO NACIONAL DE APRENDIZAGEM COMERCIAL - SENAC MINAS;47;;1;Completa;Serviço;Despesa extra orçamentária;2026-04-01;2026-04-01;2026-04-01;5412,0;Não
2060 - FUNDACAO JOAO PINHEIRO;Nota fiscal;32.227.070/0001-73;CETUS CONSTRUTORA LTDA;3529;;1;Completa;Serviço;Despesa extra orçamentária;2026-03-31;2026-04-01;2026-04-01;3331,95;Não
1010 - ASSEMBLEIA LEGISLATIVA DO ESTADO DE MINAS GERAIS;Nota fiscal;21.615.459/0001-70;KOMUH AGENCIA DIGITAL LTDA.;6282026;;2;Completa;Serviço;Despesa orçamentária;2026-03-24;2026-03-27;2026-04-01;38078,0;Não
2310 - UNIVERSIDADE ESTADUAL DE MONTES CLAROS;Nota fiscal;41.826.744/0001-47;MEDIODONTOMINAS IMPORTACAO E COMERCIO LTDA;264058;1;1;Completa - Recebimento definitivo;Consumo;Despesa extra orçamentária;2026-02-05;2026-04-01;2026-04-01;1286,02;Não
2310 - UNIVERSIDADE ESTADUAL DE MONTES CLAROS;Nota fiscal;65.295.172/0001-85;METODO TELECOMUNICACOES E COMERCIO LTDA;202600000004758;;1;Completa;Serviço;Despesa orçamentária;2026-04-01;2026-04-01;2026-04-01;9760,69;Não
2270 - FUNDACAO HOSPITALAR DO ESTADO DE MINAS GERAIS;Nota fiscal;21.921.393/0003-08;ORTHO CLINICAL DIAGNOSTICS DO BRASIL PRODUTOS PARA SAUDE LTDA.;269623;1;1;Completa - Recebimento definitivo;Consumo;Despesa orçamentária;2026-03-26;2026-04-01;2026-04-01;4729,8;Não
1260 - SECRETARIA DE ESTADO DE EDUCACAO;Outros;12.626.653/0001-60;GRANATO ADMINISTRACAO DE BENS LTDA - EPP;32026;;1;Completa;Serviço;Despesa orçamentária;2026-04-01;2026-04-01;2026-04-01;80359,62;Não
1500 - SECRETARIA DE ESTADO DE PLANEJAMENTO E GESTAO;Outros;33.224.254/0001-42;MGS MINAS GERAIS ADMINISTRACAO E SERVICOS S/A;679953;;1;Completa;Serviço;Despesa orçamentária;2026-03-25;2026-03-26;2026-04-01;504,24;Não
1480 - SECRETARIA DE ESTADO DE DESENVOLVIMENTO SOCIAL;Nota fiscal;03.447.242/0012-79;SERVICO NACIONAL DE APRENDIZAGEM COMERCIAL - SENAC MINAS;7491;;1;Completa;Serviço;Despesa extra orçamentária;2026-04-01;2026-04-01;2026-04-01;17280,0;Não
1190 - SECRETARIA DE ESTADO DE FAZENDA DE MINAS GERAIS;Nota fiscal;33.224.254/0001-42;MGS MINAS GERAIS ADMINISTRACAO E SERVICOS S/A;202612446;;1;Completa;Serviço;Despesa orçamentária;2026-03-30;2026-04-01;2026-04-01;2141,64;Não
2270 - FUNDACAO HOSPITALAR DO ESTADO DE MINAS GERAIS;Outros;05.340.639/0001-30;PRIME CONSULTORIA E ASSESSORIA EMPRESARIAL LTDA;2829577;;1;Completa;Serviço;Despesa orçamentária;2026-04-01;2026-04-01;2026-04-01;4096,08;Não
1480 - SECRETARIA DE ESTADO DE DESENVOLVIMENTO SOCIAL;Nota fiscal;01.406.617/0001-74;AGENCIA DE INTEGRACAO EMPRESA ESCOLA LTDA;33197;;2;Completa;Serviço;Despesa orçamentária;2026-03-24;2026-03-24;2026-04-01;28922,21;Não
1480 - SECRETARIA DE ESTADO DE DESENVOLVIMENTO SOCIAL;Nota fiscal;03.447.242/0012-79;SERVICO NACIONAL DE APRENDIZAGEM COMERCIAL - SENAC MINAS;48;;1;Completa;Serviço;Despesa extra orçamentária;2026-04-01;2026-04-01;2026-04-01;3870,0;Não
1260 - SECRETARIA DE ESTADO DE EDUCACAO;Outros;12.626.653/0001-60;GRANATO ADMINISTRACAO DE BENS LTDA - EPP;32026;1;1;Completa;Serviço;Despesa orçamentária;2026-04-01;2026-04-01;2026-04-01;10428,49;Não
1400 - CORPO DE BOMBEIROS MILITAR DE MINAS GERAIS;Nota fiscal;34.274.233/0025-71;VIBRA ENERGIA S.A;4853449;0;2;Completa - Recebimento definitivo;Consumo;Despesa orçamentária;2026-03-31;2026-04-01;2026-04-01;17741,24;Não
1710 - SECRETARIA DE ESTADO DE COMUNICACAO SOCIAL;Nota fiscal;24.172.716/0001-34;FLD S.A.;637;;1;Completa;Serviço;Despesa extra orçamentária;2026-01-27;2026-04-01;2026-04-01;11598,93;Não
1500 - SECRETARIA DE ESTADO DE PLANEJAMENTO E GESTAO;Outros;33.224.254/0001-42;MGS MINAS GERAIS ADMINISTRACAO E SERVICOS S/A;679904;;1;Completa;Serviço;Despesa orçamentária;2026-03-25;2026-03-26;2026-04-01;504,24;Não
1260 - SECRETARIA DE ESTADO DE EDUCACAO;Outros;***.899.276-**;SALMA MAMUD AMADO INCROCCI;32026;2;1;Completa;Serviço;Despesa orçamentária;2026-04-01;2026-04-01;2026-04-01;10428,49;Não
2420 - INSTITUTO DE DESENVOLVIMENTO NORTE E NORDESTE MG;Nota fiscal;33.224.254/0001-42;MGS MINAS GERAIS ADMINISTRACAO E SERVICOS S/A;11997;0;1;Completa;Serviço;Despesa orçamentária;2026-03-25;2026-03-27;2026-04-01;1566,69;Não
1260 - SECRETARIA DE ESTADO DE EDUCACAO;Outros;***.675.416-**;PAULO ROBERTO DA COSTA FARIA;3;;1;Completa;Serviço;Despesa orçamentária;2026-04-01;2026-04-01;2026-04-01;6778,89;Não
1500 - SECRETARIA DE ESTADO DE PLANEJAMENTO E GESTAO;Nota fiscal;16.636.540/0001-04;COMPANHIA DE TECNOLOGIA DA INFORMACAO DO ESTADO DE MINAS GERAIS-PRODEMGE;2965;;1;Completa;Serviço;Despesa orçamentária;2026-03-30;2026-03-31;2026-04-01;114751,0;Não
1320 - SECRETARIA DE ESTADO DA SAUDE;Nota fiscal;50.850.407/0001-86;HOSPCLEAN COMERCIO LTDA;1735;1;1;Completa - Recebimento definitivo;Consumo;Despesa orçamentária;2026-03-30;2026-04-01;2026-04-01;26666,4;Não
1260 - SECRETARIA DE ESTADO DE EDUCACAO;Outros;***.420.536-**;AUREA VIEIRA SANTOS CARVALHO;32026;3;1;Completa;Serviço;Despesa orçamentária;2026-04-01;2026-04-01;2026-04-01;116,62;Não
2300 - DEPARTAMENTO DE ESTRADAS DE RODAGEM;Nota fiscal;44.416.618/0005-36;PROJEL - ENGENHARIA ESPECIALIZADA LTDA;202682;;1;Completa;Serviço;Despesa orçamentária;2026-03-27;2026-03-30;2026-04-01;111634,05;Não
1010 - ASSEMBLEIA LEGISLATIVA DO ESTADO DE MINAS GERAIS;Outros;***.109.346-**;CAROLINA MAGALHAES BRAGA;42026;;1;Completa;Serviço;Despesa orçamentária;2026-03-30;2026-03-30;2026-04-01;7776,0;Não
1710 - SECRETARIA DE ESTADO DE COMUNICACAO SOCIAL;Nota fiscal;24.172.716/0001-34;FLD S.A.;1466;;1;Completa;Serviço;Despesa extra orçamentária;2026-03-17;2026-04-01;2026-04-01;7710,96;Não
1260 - SECRETARIA DE ESTADO DE EDUCACAO;Nota fiscal;05.598.350/0001-15;INSTITUTO EDUCACIONAL ALFAUNIPAC S.A.;476;0;1;Completa;Serviço;Despesa orçamentária;2026-04-01;2026-04-01;2026-04-01;18885,69;Não
1190 - SECRETARIA DE ESTADO DE FAZENDA DE MINAS GERAIS;Nota fiscal;33.224.254/0001-42;MGS MINAS GERAIS ADMINISTRACAO E SERVICOS S/A;202612447;;1;Completa;Serviço;Despesa orçamentária;2026-03-30;2026-04-01;2026-04-01;26792,52;Não
1260 - SECRETARIA DE ESTADO DE EDUCACAO;Outros;***.475.436-**;HAMILTON CARVALHO DOS SANTOS;217;202;1;Completa;Serviço;Despesa orçamentária;2026-04-01;2026-04-01;2026-04-01;446,76;Não
1010 - ASSEMBLEIA LEGISLATIVA DO ESTADO DE MINAS GERAIS;Nota fiscal;23.504.040/0001-76;BUZZMONITOR TECNOLOGIA LTDA;91862026;;1;Completa;Serviço;Despesa orçamentária;2026-03-20;2026-03-27;2026-04-01;8237,0;Não
1260 - SECRETARIA DE ESTADO DE EDUCACAO;Outros;***.148.516-**;LUIZ GUSTAVO VIEIRA SANTOS;32026;5;1;Completa;Serviço;Despesa orçamentária;2026-04-01;2026-04-01;2026-04-01;116,62;Não
1500 - SECRETARIA DE ESTADO DE PLANEJAMENTO E GESTAO;Outros;33.224.254/0001-42;MGS MINAS GERAIS ADMINISTRACAO E SERVICOS S/A;679872;;1;Completa;Serviço;Despesa orçamentária;2026-03-25;2026-03-26;2026-04-01;504,24;Não
1030 - TRIBUNAL DE JUSTICA DO ESTADO DE MINAS GERAIS;Nota fiscal;28.186.370/0001-84;STUQUI - ENGENHARIA E CONSTRUCOES LTDA;202640;;1;Completa;Serviço;Despesa orçamentária;2026-04-01;2026-04-01;2026-04-01;41601,33;Não
2270 - FUNDACAO HOSPITALAR DO ESTADO DE MINAS GERAIS;Nota fiscal;12.927.876/0001-67;SOMA/MG PRODUTOS HOSPITALARES LTDA;368633;;1;Completa - Recebimento definitivo;Consumo;Despesa orçamentária;2026-03-23;2026-03-23;2026-04-01;460,14;Não
1260 - SECRETARIA DE ESTADO DE EDUCACAO;Outros;***.823.976-**;MARINA VIEIRA SANTOS;32026;6;1;Completa;Serviço;Despesa orçamentária;2026-04-01;2026-04-01;2026-04-01;116,62;Não
1080 - ADVOCACIA-GERAL DO ESTADO DE MINAS GERAIS;Outros;33.224.254/0001-42;MGS MINAS GERAIS ADMINISTRACAO E SERVICOS S/A;679827;;1;Completa;Serviço;Despesa orçamentária;2026-03-25;2026-04-01;2026-04-01;1555,1;Não
2180 - FUNDACAO CLOVIS SALGADO;Nota fiscal;00.822.938/0001-97;ELEVADORES MODULO LTDA -ME;133;;1;Completa;Serviço;Despesa orçamentária;2026-04-01;2026-04-01;2026-04-01;1500,0;Não
1320 - SECRETARIA DE ESTADO DA SAUDE;Nota fiscal;26.357.434/0001-37;MPSTE MANUTENCAO E PRESTACAO DE SERVICOS ELETRONICOS LTDA -ME;15;-;1;Completa;Serviço;Despesa orçamentária;2026-03-31;2026-04-01;2026-04-01;17868,91;Não
1260 - SECRETARIA DE ESTADO DE EDUCACAO;Nota fiscal;05.598.350/0001-15;INSTITUTO EDUCACIONAL ALFAUNIPAC S.A.;475;0;1;Completa;Serviço;Despesa orçamentária;2026-04-01;2026-04-01;2026-04-01;15672,9;Não
1260 - SECRETARIA DE ESTADO DE EDUCACAO;Outros;***.148.506-**;PEDRO AUGUSTO VIEIRA SANTOS;32026;7;1;Completa;Serviço;Despesa orçamentária;2026-04-01;2026-04-01;2026-04-01;116,62;Não
1080 - ADVOCACIA-GERAL DO ESTADO DE MINAS GERAIS;Nota fiscal;33.224.254/0001-42;MGS MINAS GERAIS ADMINISTRACAO E SERVICOS S/A;202611914;;1;Completa;Serviço;Despesa orçamentária;2026-03-25;2026-04-01;2026-04-01;16004,21;Não
1510 - POLICIA CIVIL DO ESTADO DE MINAS GERAIS;Nota fiscal;10.776.130/0001-74;GERAIS IMOBILIARIA LOCACAO E VENDA LTDA -ME;202603;;1;Completa;Serviço;Despesa orçamentária;2026-04-01;2026-04-01;2026-04-01;33598,68;Não
2270 - FUNDACAO HOSPITALAR DO ESTADO DE MINAS GERAIS;Nota fiscal;21.681.325/0001-57;MULTIFARMA COMERCIO E REPRESENTACOES LTDA.;288125;;1;Completa - Recebimento definitivo;Consumo;Despesa orçamentária;2026-03-23;2026-03-23;2026-04-01;26,8;Não
2300 - DEPARTAMENTO DE ESTRADAS DE RODAGEM;Nota fiscal;44.416.618/0005-36;PROJEL - ENGENHARIA ESPECIALIZADA LTDA;202683;;1;Completa;Serviço;Despesa orçamentária;2026-03-27;2026-03-30;2026-04-01;51894,31;Não
1260 - SECRETARIA DE ESTADO DE EDUCACAO;Outros;***.587.236-**;SOLANGE GARCIA SANTOS RIBEIRO;32026;8;1;Completa;Serviço;Despesa orçamentária;2026-04-01;2026-04-01;2026-04-01;446,76;Não
2180 - FUNDACAO CLOVIS SALGADO;Nota fiscal;20.772.709/0001-12;ALPHAVILLE COMERCIO DE MATERIAIS DE CONSTRUCAO LTDA - EPP;514207;;1;Completa - Recebimento definitivo;Consumo;Despesa extra orçamentária;2026-03-30;2026-03-31;2026-04-01;248,16;Não
2310 - UNIVERSIDADE ESTADUAL DE MONTES CLAROS;Nota fiscal;40.456.487/0001-36;BDT ENGENHARIA LTDA;202600000000078;;1;Completa;Serviço;Despesa extra orçamentária;2026-02-23;2026-02-26;2026-04-01;162314,07;Não
1500 - SECRETARIA DE ESTADO DE PLANEJAMENTO E GESTAO;Outros;33.224.254/0001-42;MGS MINAS GERAIS ADMINISTRACAO E SERVICOS S/A;679905;;1;Completa;Serviço;Despesa orçamentária;2026-03-25;2026-03-26;2026-04-01;504,24;Não
1080 - ADVOCACIA-GERAL DO ESTADO DE MINAS GERAIS;Nota fiscal;33.224.254/0001-42;MGS MINAS GERAIS ADMINISTRACAO E SERVICOS S/A;202611916;;1;Completa;Serviço;Despesa orçamentária;2026-03-25;2026-04-01;2026-04-01;370,49;Não
2270 - FUNDACAO HOSPITALAR DO ESTADO DE MINAS GERAIS;Nota fiscal;24.314.643/0001-78;VIACAO NOSSA SENHORA DA CONCEICAO LTDA;34442;;1;Completa;Serviço;Despesa orçamentária;2026-04-01;2026-04-01;2026-04-01;282,8;Não
2270 - FUNDACAO HOSPITALAR DO ESTADO DE MINAS GERAIS;Nota fiscal;12.499.494/0002-60;HOSPINOVA DISTRIBUIDORA DE PRODUTOS HOSPITALARES LTDA.;7672;;1;Completa - Recebimento definitivo;Consumo;Despesa orçamentária;2026-03-20;2026-03-20;2026-04-01;3043,8;Não
1710 - SECRETARIA DE ESTADO DE COMUNICACAO SOCIAL;Nota fiscal;24.172.716/0001-34;FLD S.A.;1316;;1;Completa;Serviço;Despesa extra orçamentária;2026-03-11;2026-04-01;2026-04-01;1572218,55;Não
2300 - DEPARTAMENTO DE ESTRADAS DE RODAGEM;Nota fiscal;44.416.618/0005-36;PROJEL - ENGENHARIA ESPECIALIZADA LTDA;202684;;1;Completa;Serviço;Despesa orçamentária;2026-03-27;2026-03-30;2026-04-01;118231,63;Não
2270 - FUNDACAO HOSPITALAR DO ESTADO DE MINAS GERAIS;Nota fiscal;12.499.494/0002-60;HOSPINOVA DISTRIBUIDORA DE PRODUTOS HOSPITALARES LTDA.;7670;;1;Completa - Recebimento definitivo;Consumo;Despesa orçamentária;2026-03-20;2026-03-20;2026-04-01;2435,04;Não
2120 - INST.PREV.DOS SERV.MILITARES DO ESTADO M.GERAIS;Nota fiscal;20.858.411/0001-20;AMGS COMERCIO E REPRESENTACOES LTDA;619910;2;1;Completa - Recebimento definitivo;Consumo;Despesa extra orçamentária;2026-02-02;2026-04-01;2026-04-01;1091,32;Não
2170 - FUNDACAO DE ARTE DE OURO PRETO-FAOP;Nota fiscal;05.340.639/0001-30;PRIME CONSULTORIA E ASSESSORIA EMPRESARIAL LTDA;111420;E;1;Completa;Serviço;Despesa orçamentária;2026-03-08;2026-04-01;2026-04-01;1680,77;Não
1260 - SECRETARIA DE ESTADO DE EDUCACAO;Nota fiscal;00.708.033/0001-90;PONTES MOL CONSULTORIA IMOBILIARIA LTDA;25;;1;Completa;Serviço;Despesa orçamentária;2026-04-01;2026-04-01;2026-04-01;8217,03;Não
1500 - SECRETARIA DE ESTADO DE PLANEJAMENTO E GESTAO;Outros;33.224.254/0001-42;MGS MINAS GERAIS ADMINISTRACAO E SERVICOS S/A;679968;;1;Completa;Serviço;Despesa orçamentária;2026-03-25;2026-03-26;2026-04-01;504,24;Não
2300 - DEPARTAMENTO DE ESTRADAS DE RODAGEM;Nota fiscal;44.416.618/0005-36;PROJEL - ENGENHARIA ESPECIALIZADA LTDA;202685;;1;Completa;Serviço;Despesa orçamentária;2026-03-27;2026-03-30;2026-04-01;116563,06;Não
1230 - SECRET. DE ESTADO DE AGRICULTURA, PECUARIA E ABAST;Nota fiscal;33.224.254/0001-42;MGS MINAS GERAIS ADMINISTRACAO E SERVICOS S/A;681051;;1;Completa;Serviço;Despesa orçamentária;2026-03-31;2026-03-31;2026-04-01;93,92;Não
2270 - FUNDACAO HOSPITALAR DO ESTADO DE MINAS GERAIS;Nota fiscal;61.072.393/0039-06;PFIZER BRASIL LTDA;413406;;1;Completa - Recebimento definitivo;Consumo;Despesa orçamentária;2026-03-25;2026-04-01;2026-04-01;82664,0;Não
1190 - SECRETARIA DE ESTADO DE FAZENDA DE MINAS GERAIS;Nota fiscal;37.746.176/0001-05;MARIA HELENA GARCIA EUSTAQUIO;96;;1;Completa;Serviço;Despesa orçamentária;2026-04-01;2026-04-01;2026-04-01;380,0;Não
1450 - SECRETARIA DE ESTADO DE JUSTICA E SEGURANCA PUBLIC;Nota fiscal;78.126.950/0011-26;MICROSENS S/A;43349;58;1;Completa - Recebimento definitivo;Permanente;Despesa extra orçamentária;2026-02-23;2026-04-01;2026-04-01;76196,0;Não
1230 - SECRET. DE ESTADO DE AGRICULTURA, PECUARIA E ABAST;Nota fiscal;33.224.254/0001-42;MGS MINAS GERAIS ADMINISTRACAO E SERVICOS S/A;681050;;1;Completa;Serviço;Despesa orçamentária;2026-03-31;2026-03-31;2026-04-01;46,96;Não
1320 - SECRETARIA DE ESTADO DA SAUDE;Nota fiscal;07.418.547/0001-50;HBR AVIACAO S.A.;31912;;1;Completa;Serviço;Despesa extra orçamentária;2026-03-17;2026-03-18;2026-04-01;1004,8;Não
2170 - FUNDACAO DE ARTE DE OURO PRETO-FAOP;Nota fiscal;05.340.639/0001-30;PRIME CONSULTORIA E ASSESSORIA EMPRESARIAL LTDA;92365;E;1;Completa;Serviço;Despesa orçamentária;2026-03-01;2026-04-01;2026-04-01;1933,65;Não
1230 - SECRET. DE ESTADO DE AGRICULTURA, PECUARIA E ABAST;Nota fiscal;33.224.254/0001-42;MGS MINAS GERAIS ADMINISTRACAO E SERVICOS S/A;12796;26;1;Completa;Serviço;Despesa orçamentária;2026-03-31;2026-03-31;2026-04-01;1340,38;Não
1260 - SECRETARIA DE ESTADO DE EDUCACAO;Nota fiscal;05.598.350/0001-15;INSTITUTO EDUCACIONAL ALFAUNIPAC S.A.;465;;1;Completa;Serviço;Despesa orçamentária;2026-03-31;2026-04-01;2026-04-01;15733,84;Não
2310 - UNIVERSIDADE ESTADUAL DE MONTES CLAROS;Nota fiscal;07.797.967/0001-95;NP TECNOLOGIA E GESTAO DE DADOS LTDA;202600000001573;;1;Completa;Serviço;Despesa orçamentária;2026-03-20;2026-04-01;2026-04-01;24600,0;Não
2270 - FUNDACAO HOSPITALAR DO ESTADO DE MINAS GERAIS;Nota fiscal;61.072.393/0039-06;PFIZER BRASIL LTDA;413405;;1;Completa - Recebimento definitivo;Consumo;Despesa orçamentária;2026-03-25;2026-04-01;2026-04-01;41332,0;Não
2270 - FUNDACAO HOSPITALAR DO ESTADO DE MINAS GERAIS;Outros;04.398.505/0001-07;CONSORCIO OPERACIONAL DO TRANS. COLETIVO DE PASSAG. POR ONIBUS DO MUNICIP. DE BH;6501637;;1;Completa;Serviço;Despesa orçamentária;2026-04-01;2026-04-01;2026-04-01;15,0;Não
2300 - DEPARTAMENTO DE ESTRADAS DE RODAGEM;Nota fiscal;44.416.618/0005-36;PROJEL - ENGENHARIA ESPECIALIZADA LTDA;202686;;1;Completa;Serviço;Despesa orçamentária;2026-03-27;2026-03-30;2026-04-01;115911,43;Não
1500 - SECRETARIA DE ESTADO DE PLANEJAMENTO E GESTAO;Outros;33.224.254/0001-42;MGS MINAS GERAIS ADMINISTRACAO E SERVICOS S/A;679983;;1;Completa;Serviço;Despesa orçamentária;2026-03-25;2026-03-26;2026-04-01;481,32;Não
1710 - SECRETARIA DE ESTADO DE COMUNICACAO SOCIAL;Nota fiscal;24.172.716/0001-34;FLD S.A.;1371;;2;Completa;Serviço;Despesa orçamentária;2026-03-13;2026-04-01;2026-04-01;355,51;Não
2310 - UNIVERSIDADE ESTADUAL DE MONTES CLAROS;Nota fiscal;41.826.744/0001-47;MEDIODONTOMINAS IMPORTACAO E COMERCIO LTDA;264053;1;1;Completa - Recebimento definitivo;Consumo;Despesa extra orçamentária;2026-02-05;2026-04-01;2026-04-01;197,6;Não
2300 - DEPARTAMENTO DE ESTRADAS DE RODAGEM;Nota fiscal;44.416.618/0005-36;PROJEL - ENGENHARIA ESPECIALIZADA LTDA;202687;;1;Completa;Serviço;Despesa orçamentária;2026-03-27;2026-03-30;2026-04-01;116365,42;Não
2180 - FUNDACAO CLOVIS SALGADO;Nota fiscal;00.822.938/0001-97;ELEVADORES MODULO LTDA -ME;134;;2;Completa;Serviço;Despesa orçamentária;2026-04-01;2026-04-01;2026-04-01;5300,0;Não
1500 - SECRETARIA DE ESTADO DE PLANEJAMENTO E GESTAO;Nota fiscal;16.636.540/0001-04;COMPANHIA DE TECNOLOGIA DA INFORMACAO DO ESTADO DE MINAS GERAIS-PRODEMGE;2966;;1;Completa;Serviço;Despesa orçamentária;2026-03-30;2026-03-31;2026-04-01;8856,0;Não
2270 - FUNDACAO HOSPITALAR DO ESTADO DE MINAS GERAIS;Outros;04.398.505/0001-07;CONSORCIO OPERACIONAL DO TRANS. COLETIVO DE PASSAG. POR ONIBUS DO MUNICIP. DE BH;6497281;;1;Completa;Serviço;Despesa orçamentária;2026-04-01;2026-04-01;2026-04-01;15,0;Não
1010 - ASSEMBLEIA LEGISLATIVA DO ESTADO DE MINAS GERAIS;Nota fiscal;00.028.986/0010-07;ELEVADORES ATLAS SCHINDLER LTDA.;275842026;;1;Completa;Serviço;Despesa orçamentária;2026-03-24;2026-03-31;2026-04-01;13992,09;Não
2270 - FUNDACAO HOSPITALAR DO ESTADO DE MINAS GERAIS;Outros;04.398.505/0001-07;CONSORCIO OPERACIONAL DO TRANS. COLETIVO DE PASSAG. POR ONIBUS DO MUNICIP. DE BH;6498016;;1;Completa;Serviço;Despesa orçamentária;2026-04-01;2026-04-01;2026-04-01;15,0;Não
2300 - DEPARTAMENTO DE ESTRADAS DE RODAGEM;Nota fiscal;44.416.618/0005-36;PROJEL - ENGENHARIA ESPECIALIZADA LTDA;202688;;1;Completa;Serviço;Despesa orçamentária;2026-03-27;2026-03-30;2026-04-01;119332,18;Não
2420 - INSTITUTO DE DESENVOLVIMENTO NORTE E NORDESTE MG;Nota fiscal;33.224.254/0001-42;MGS MINAS GERAIS ADMINISTRACAO E SERVICOS S/A;11139;;1;Completa;Serviço;Despesa orçamentária;2026-03-19;2026-03-27;2026-04-01;11570,52;Não
1500 - SECRETARIA DE ESTADO DE PLANEJAMENTO E GESTAO;Outros;33.224.254/0001-42;MGS MINAS GERAIS ADMINISTRACAO E SERVICOS S/A;679935;;1;Completa;Serviço;Despesa orçamentária;2026-03-25;2026-03-26;2026-04-01;504,24;Não
2310 - UNIVERSIDADE ESTADUAL DE MONTES CLAROS;Nota fiscal;41.826.744/0001-47;MEDIODONTOMINAS IMPORTACAO E COMERCIO LTDA;264059;1;1;Completa - Recebimento definitivo;Consumo;Despesa extra orçamentária;2026-02-05;2026-04-01;2026-04-01;299,9;Não
2260 - FUNDACAO EZEQUIEL DIAS;Nota fiscal;40.406.815/0001-90;40.406.815 ROSEMAR BATISTA FELIX DA CUNHA SILVA;36;;1;Completa - Recebimento definitivo;Permanente;Despesa orçamentária;2026-03-19;2026-04-01;2026-04-01;565,48;Não
2170 - FUNDACAO DE ARTE DE OURO PRETO-FAOP;Nota fiscal;05.340.639/0001-30;PRIME CONSULTORIA E ASSESSORIA EMPRESARIAL LTDA;24696;E;1;Completa;Serviço;Despesa orçamentária;2026-03-16;2026-04-01;2026-04-01;2986,72;Não
2270 - FUNDACAO HOSPITALAR DO ESTADO DE MINAS GERAIS;Outros;04.398.505/0001-07;CONSORCIO OPERACIONAL DO TRANS. COLETIVO DE PASSAG. POR ONIBUS DO MUNICIP. DE BH;6497851;;1;Completa;Serviço;Despesa orçamentária;2026-04-01;2026-04-01;2026-04-01;15,0;Não
1260 - SECRETARIA DE ESTADO DE EDUCACAO;Nota fiscal;05.598.350/0001-15;INSTITUTO EDUCACIONAL ALFAUNIPAC S.A.;4532026;NFS;2;Completa;Serviço;Despesa orçamentária;2026-03-27;2026-03-31;2026-04-01;56675,61;Não
2420 - INSTITUTO DE DESENVOLVIMENTO NORTE E NORDESTE MG;Nota fiscal;33.224.254/0001-42;MGS MINAS GERAIS ADMINISTRACAO E SERVICOS S/A;678751;3;1;Completa;Serviço;Despesa orçamentária;2026-03-18;2026-03-27;2026-04-01;1067,88;Não
1260 - SECRETARIA DE ESTADO DE EDUCACAO;Nota fiscal;05.598.350/0001-15;INSTITUTO EDUCACIONAL ALFAUNIPAC S.A.;469;;1;Completa;Serviço;Despesa orçamentária;2026-03-31;2026-04-01;2026-04-01;8696,66;Não
2310 - UNIVERSIDADE ESTADUAL DE MONTES CLAROS;Nota fiscal;41.826.744/0001-47;MEDIODONTOMINAS IMPORTACAO E COMERCIO LTDA;264060;1;1;Completa - Recebimento definitivo;Consumo;Despesa extra orçamentária;2026-02-05;2026-04-01;2026-04-01;299,9;Não
1510 - POLICIA CIVIL DO ESTADO DE MINAS GERAIS;Outros;***.181.506-**;KATIA CARVALHO PEDROSA;272026;;1;Completa;Serviço;Despesa orçamentária;2026-04-01;2026-04-01;2026-04-01;35861,69;Não
2300 - DEPARTAMENTO DE ESTRADAS DE RODAGEM;Nota fiscal;44.416.618/0005-36;PROJEL - ENGENHARIA ESPECIALIZADA LTDA;202689;;1;Completa;Serviço;Despesa orçamentária;2026-03-27;2026-03-30;2026-04-01;219277,48;Não
2420 - INSTITUTO DE DESENVOLVIMENTO NORTE E NORDESTE MG;Nota fiscal;33.224.254/0001-42;MGS MINAS GERAIS ADMINISTRACAO E SERVICOS S/A;679774;;1;Completa;Serviço;Despesa orçamentária;2026-03-25;2026-03-27;2026-04-01;50,72;Não
1710 - SECRETARIA DE ESTADO DE COMUNICACAO SOCIAL;Nota fiscal;24.172.716/0001-34;FLD S.A.;1407;;1;Completa;Serviço;Despesa orçamentária;2026-03-16;2026-04-01;2026-04-01;101,6;Não
2300 - DEPARTAMENTO DE ESTRADAS DE RODAGEM;Nota fiscal;33.224.254/0001-42;MGS MINAS GERAIS ADMINISTRACAO E SERVICOS S/A;12286;193;1;Completa;Serviço;Despesa orçamentária;2026-03-26;2026-03-26;2026-04-01;22935,82;Não
2260 - FUNDACAO EZEQUIEL DIAS;Nota fiscal;08.159.024/0002-80;G.B. COMERCIO E DISTRIBUIDORA DE GELO SECO E GASES LTDA;2666;1;1;Completa - Recebimento definitivo;Consumo;Despesa orçamentária;2026-03-30;2026-04-01;2026-04-01;1535,1;Não
2310 - UNIVERSIDADE ESTADUAL DE MONTES CLAROS;Nota fiscal;41.826.744/0001-47;MEDIODONTOMINAS IMPORTACAO E COMERCIO LTDA;264061;1;1;Completa - Recebimento definitivo;Consumo;Despesa extra orçamentária;2026-02-05;2026-04-01;2026-04-01;116,02;Não
2170 - FUNDACAO DE ARTE DE OURO PRETO-FAOP;Nota fiscal;05.340.639/0001-30;PRIME CONSULTORIA E ASSESSORIA EMPRESARIAL LTDA;152718;E;1;Completa;Serviço;Despesa orçamentária;2026-04-01;2026-04-01;2026-04-01;2026,01;Não
2260 - FUNDACAO EZEQUIEL DIAS;Nota fiscal;00.645.535/0001-10;2A ENGENHARIA E CONSTRUCOES LTDA;17;;2;Completa;Serviço;Despesa orçamentária;2026-03-13;2026-03-25;2026-04-01;204834,02;Não
2270 - FUNDACAO HOSPITALAR DO ESTADO DE MINAS GERAIS;Nota fiscal;08.273.364/0001-57;TICKET GESTAO EM MANUTENCAO EZC S.A;48499750;;1;Completa;Serviço;Despesa orçamentária;2026-04-01;2026-04-01;2026-04-01;4619,15;Não
2310 - UNIVERSIDADE ESTADUAL DE MONTES CLAROS;Nota fiscal;41.826.744/0001-47;MEDIODONTOMINAS IMPORTACAO E COMERCIO LTDA;264062;1;1;Completa - Recebimento definitivo;Consumo;Despesa extra orçamentária;2026-02-05;2026-04-01;2026-04-01;459,64;Não
2100 - INSTITUTO ESTADUAL DE FLORESTAS-IEF;Nota fiscal;21.681.325/0001-57;MULTIFARMA COMERCIO E REPRESENTACOES LTDA.;281704;;1;Incompleta;Consumo;Despesa extra orçamentária;2025-11-24;2026-04-01;2026-04-01;55414,0;Não
1260 - SECRETARIA DE ESTADO DE EDUCACAO;Nota fiscal;05.598.350/0001-15;INSTITUTO EDUCACIONAL ALFAUNIPAC S.A.;468;;1;Completa;Serviço;Despesa orçamentária;2026-03-31;2026-04-01;2026-04-01;23082,51;Não
2420 - INSTITUTO DE DESENVOLVIMENTO NORTE E NORDESTE MG;Nota fiscal;33.224.254/0001-42;MGS MINAS GERAIS ADMINISTRACAO E SERVICOS S/A;11085;3;1;Completa;Serviço;Despesa orçamentária;2026-03-24;2026-03-27;2026-04-01;181920,09;Não
2270 - FUNDACAO HOSPITALAR DO ESTADO DE MINAS GERAIS;Nota fiscal;44.734.671/0022-86;CRISTALIA PRODUTOS QUIMICOS FARMACEUTICOS LTDA;940227;10;1;Completa - Recebimento definitivo;Consumo;Despesa orçamentária;2026-03-20;2026-03-24;2026-04-01;359,7;Não
1260 - SECRETARIA DE ESTADO DE EDUCACAO;Nota fiscal;30.123.415/0001-13;CESAR MOREIRA ALVES LTDA;15;;1;Completa;Serviço;Despesa orçamentária;2026-04-01;2026-04-01;2026-04-01;1250,0;Não
2300 - DEPARTAMENTO DE ESTRADAS DE RODAGEM;Nota fiscal;10.957.855/0001-69;AGR BOTELHO ENGENHARIA LTDA;2026154;;1;Completa;Serviço;Despesa orçamentária;2026-04-01;2026-04-01;2026-04-01;352944,53;Não
1080 - ADVOCACIA-GERAL DO ESTADO DE MINAS GERAIS;Nota fiscal;02.108.681/0001-31;ATTUS PROCURADORIA DIGITAL LTDA;202694;;1;Completa;Serviço;Despesa orçamentária;2026-03-31;2026-04-01;2026-04-01;44028,6;Não
1080 - ADVOCACIA-GERAL DO ESTADO DE MINAS GERAIS;Nota fiscal;21.641.059/0001-39;DISTRIBUIDORA PERES & ARAUJO LTDA - ME;2819;;1;Completa - Recebimento definitivo;Consumo;Despesa extra orçamentária;2026-03-01;2026-04-01;2026-04-01;2856,0;Não
1510 - POLICIA CIVIL DO ESTADO DE MINAS GERAIS;Outros;19.125.749/0001-93;IRMAOS COSTA LTDA;42026;;1;Completa;Serviço;Despesa orçamentária;2026-04-01;2026-04-01;2026-04-01;9347,68;Não
2370 - INSTITUTO MINEIRO DE AGROPECUARIA;Nota fiscal;33.224.254/0001-42;MGS MINAS GERAIS ADMINISTRACAO E SERVICOS S/A;12456;1;1;Completa;Serviço;Despesa orçamentária;2026-03-30;2026-04-01;2026-04-01;93949,68;Não
2300 - DEPARTAMENTO DE ESTRADAS DE RODAGEM;Nota fiscal;10.957.855/0001-69;AGR BOTELHO ENGENHARIA LTDA;2026155;;1;Completa;Serviço;Despesa orçamentária;2026-04-01;2026-04-01;2026-04-01;4716,58;Não
1710 - SECRETARIA DE ESTADO DE COMUNICACAO SOCIAL;Nota fiscal;24.172.716/0001-34;FLD S.A.;1425;;1;Completa;Serviço;Despesa orçamentária;2026-03-16;2026-04-01;2026-04-01;203,2;Não
2270 - FUNDACAO HOSPITALAR DO ESTADO DE MINAS GERAIS;Nota fiscal;16.841.652/0001-99;SOCIEDADE MINEIRA DE TERAPIA INTENSIVA;643;;1;Completa;Serviço;Despesa orçamentária;2026-03-24;2026-03-24;2026-04-01;10471,6;Não
1510 - POLICIA CIVIL DO ESTADO DE MINAS GERAIS;Outros;07.320.887/0001-44;M & M CONSULTORIA MERCADOLOGICA LTDA;32026;;1;Completa;Serviço;Despesa orçamentária;2026-04-01;2026-04-01;2026-04-01;26658,49;Não
1260 - SECRETARIA DE ESTADO DE EDUCACAO;Nota fiscal;05.598.350/0001-15;INSTITUTO EDUCACIONAL ALFAUNIPAC S.A.;467;;1;Completa;Serviço;Despesa orçamentária;2026-03-31;2026-04-01;2026-04-01;8505,98;Não
2270 - FUNDACAO HOSPITALAR DO ESTADO DE MINAS GERAIS;Nota fiscal;08.273.364/0001-57;TICKET GESTAO EM MANUTENCAO EZC S.A;48499754;;1;Completa;Serviço;Despesa orçamentária;2026-04-01;2026-04-01;2026-04-01;10082,92;Não
2270 - FUNDACAO HOSPITALAR DO ESTADO DE MINAS GERAIS;Nota fiscal;31.673.254/0010-95;LABORATORIOS B BRAUN SA;1065665;;1;Completa - Recebimento definitivo;Consumo;Despesa orçamentária;2026-03-30;2026-04-01;2026-04-01;6790,0;Não
2270 - FUNDACAO HOSPITALAR DO ESTADO DE MINAS GERAIS;Nota fiscal;02.662.841/0001-90;MASTERMED COMERCIAL LTDA -EPP;13627;;1;Completa - Recebimento definitivo;Consumo;Despesa orçamentária;2026-03-19;2026-03-20;2026-04-01;455,62;Não
1260 - SECRETARIA DE ESTADO DE EDUCACAO;Outros;***.475.436-**;HAMILTON CARVALHO DOS SANTOS;32026;4;1;Completa;Serviço;Despesa orçamentária;2026-04-01;2026-04-01;2026-04-01;446,76;Não
1710 - SECRETARIA DE ESTADO DE COMUNICACAO SOCIAL;Nota fiscal;24.172.716/0001-34;FLD S.A.;1427;;1;Completa;Serviço;Despesa orçamentária;2026-03-16;2026-04-01;2026-04-01;101,6;Não
2270 - FUNDACAO HOSPITALAR DO ESTADO DE MINAS GERAIS;Nota fiscal;08.273.364/0001-57;TICKET GESTAO EM MANUTENCAO EZC S.A;48499664;;1;Completa;Serviço;Despesa orçamentária;2026-04-01;2026-04-01;2026-04-01;1744,66;Não
2270 - FUNDACAO HOSPITALAR DO ESTADO DE MINAS GERAIS;Nota fiscal;33.224.254/0001-42;MGS MINAS GERAIS ADMINISTRACAO E SERVICOS S/A;202612497;1;1;Completa;Serviço;Despesa orçamentária;2026-03-30;2026-04-01;2026-04-01;210834,01;Não
2310 - UNIVERSIDADE ESTADUAL DE MONTES CLAROS;Nota fiscal;41.826.744/0001-47;MEDIODONTOMINAS IMPORTACAO E COMERCIO LTDA;264055;1;1;Completa - Recebimento definitivo;Consumo;Despesa extra orçamentária;2026-02-05;2026-04-01;2026-04-01;648,11;Não
1260 - SECRETARIA DE ESTADO DE EDUCACAO;Nota fiscal;05.598.350/0001-15;INSTITUTO EDUCACIONAL ALFAUNIPAC S.A.;466;;1;Incompleta;Serviço;Despesa orçamentária;2026-03-31;2026-04-01;2026-04-01;10138,35;Não
2120 - INST.PREV.DOS SERV.MILITARES DO ESTADO M.GERAIS;Nota fiscal;26.295.145/0001-50;D.I.COMERCIO DE PECAS E SERVICOS PARA GERADORES LTDA - ME;1418;1;1;Completa;Serviço;Despesa orçamentária;2026-03-30;2026-04-01;2026-04-01;1235,0;Não
1260 - SECRETARIA DE ESTADO DE EDUCACAO;Outros;23.342.609/0001-44;SOLUCAO ENGENHARIA, CONSTRUCOES E ESTRUTURAS METALICAS LTDA;863;;1;Completa;Serviço;Despesa extra orçamentária;2026-04-01;2026-04-01;2026-04-01;24707,66;Não
2270 - FUNDACAO HOSPITALAR DO ESTADO DE MINAS GERAIS;Nota fiscal;16.841.652/0001-99;SOCIEDADE MINEIRA DE TERAPIA INTENSIVA;644;;1;Completa;Serviço;Despesa orçamentária;2026-03-24;2026-03-24;2026-04-01;10471,6;Não
2300 - DEPARTAMENTO DE ESTRADAS DE RODAGEM;Nota fiscal;33.224.254/0001-42;MGS MINAS GERAIS ADMINISTRACAO E SERVICOS S/A;680263;193;1;Completa;Serviço;Despesa orçamentária;2026-03-26;2026-03-26;2026-04-01;1948,38;Não
2420 - INSTITUTO DE DESENVOLVIMENTO NORTE E NORDESTE MG;Nota fiscal;33.224.254/0001-42;MGS MINAS GERAIS ADMINISTRACAO E SERVICOS S/A;11084;;1;Completa;Serviço;Despesa orçamentária;2026-03-24;2026-03-27;2026-04-01;7655,13;Não
1190 - SECRETARIA DE ESTADO DE FAZENDA DE MINAS GERAIS;Nota fiscal;04.480.670/0001-03;SET SOLUCOES EM SEGURANCA LTDA - ME;2026376;;1;Completa;Serviço;Despesa orçamentária;2026-04-01;2026-04-01;2026-04-01;949,58;Não
2310 - UNIVERSIDADE ESTADUAL DE MONTES CLAROS;Nota fiscal;14.443.066/0001-60;MJF INFORMATICA LTDA;202600000000062;;1;Completa;Serviço;Despesa orçamentária;2026-04-01;2026-04-01;2026-04-01;10321,25;Não
2420 - INSTITUTO DE DESENVOLVIMENTO NORTE E NORDESTE MG;Nota fiscal;33.224.254/0001-42;MGS MINAS GERAIS ADMINISTRACAO E SERVICOS S/A;11887;3;1;Completa;Serviço;Despesa orçamentária;2026-03-24;2026-03-27;2026-04-01;28,96;Não
2270 - FUNDACAO HOSPITALAR DO ESTADO DE MINAS GERAIS;Nota fiscal;09.524.545/0001-71;WF TECNOLOGIA CIENTIFICA LTDA;4509;;1;Completa;Serviço;Despesa orçamentária;2026-03-25;2026-04-01;2026-04-01;356,64;Não
1710 - SECRETARIA DE ESTADO DE COMUNICACAO SOCIAL;Nota fiscal;24.172.716/0001-34;FLD S.A.;1435;;1;Completa;Serviço;Despesa orçamentária;2026-03-17;2026-04-01;2026-04-01;101,6;Não
2420 - INSTITUTO DE DESENVOLVIMENTO NORTE E NORDESTE MG;Nota fiscal;33.224.254/0001-42;MGS MINAS GERAIS ADMINISTRACAO E SERVICOS S/A;11888;3;1;Completa;Serviço;Despesa orçamentária;2026-03-24;2026-03-27;2026-04-01;2713,83;Não
2270 - FUNDACAO HOSPITALAR DO ESTADO DE MINAS GERAIS;Nota fiscal;08.273.364/0001-57;TICKET GESTAO EM MANUTENCAO EZC S.A;48499755;;1;Completa;Serviço;Despesa orçamentária;2026-04-01;2026-04-01;2026-04-01;184,63;Não
1500 - SECRETARIA DE ESTADO DE PLANEJAMENTO E GESTAO;Nota fiscal;16.636.540/0001-04;COMPANHIA DE TECNOLOGIA DA INFORMACAO DO ESTADO DE MINAS GERAIS-PRODEMGE;2967;;1;Completa;Serviço;Despesa orçamentária;2026-03-30;2026-03-31;2026-04-01;3780,0;Não
2310 - UNIVERSIDADE ESTADUAL DE MONTES CLAROS;Nota fiscal;41.826.744/0001-47;MEDIODONTOMINAS IMPORTACAO E COMERCIO LTDA;264242;1;1;Completa - Recebimento definitivo;Consumo;Despesa extra orçamentária;2026-02-06;2026-04-01;2026-04-01;714,58;Não
1260 - SECRETARIA DE ESTADO DE EDUCACAO;Nota fiscal;97.541.725/0001-29;PONTUAL ELEVADORES LTDA -ME;1091;;1;Completa;Serviço;Despesa orçamentária;2026-03-25;2026-04-01;2026-04-01;430,0;Não
2320 - FUNDACAO CENTRO DE HEMATOLOGIA E HEMOTERAPIA DE MG;Outros;13.376.524/0001-23;CONSORCIO EMPREENDEDOR SHOPPING ESTACAO BH;5900001833;;1;Completa;Serviço;Despesa orçamentária;2026-04-01;2026-04-01;2026-04-01;69395,62;Não
2270 - FUNDACAO HOSPITALAR DO ESTADO DE MINAS GERAIS;Nota fiscal;33.224.254/0001-42;MGS MINAS GERAIS ADMINISTRACAO E SERVICOS S/A;202612497;2;1;Completa;Serviço;Despesa orçamentária;2026-03-30;2026-04-01;2026-04-01;133336,31;Não
1710 - SECRETARIA DE ESTADO DE COMUNICACAO SOCIAL;Nota fiscal;24.172.716/0001-34;FLD S.A.;1437;;1;Completa;Serviço;Despesa orçamentária;2026-03-17;2026-04-01;2026-04-01;101,6;Não
2060 - FUNDACAO JOAO PINHEIRO;Nota fiscal;32.227.070/0001-73;CETUS CONSTRUTORA LTDA;3525;;1;Completa;Serviço;Despesa extra orçamentária;2026-03-31;2026-04-01;2026-04-01;26264,29;Não
1510 - POLICIA CIVIL DO ESTADO DE MINAS GERAIS;Nota fiscal;***.658.066-**;JOSE LUIZ FEICHAS;32026;;1;Completa;Serviço;Despesa orçamentária;2026-03-31;2026-03-31;2026-04-01;11833,08;Não
1510 - POLICIA CIVIL DO ESTADO DE MINAS GERAIS;Outros;***.415.456-**;NILCE MARIA GONCALVES ALVES;32026;;1;Completa;Serviço;Despesa orçamentária;2026-04-01;2026-04-01;2026-04-01;3156,02;Não
2270 - FUNDACAO HOSPITALAR DO ESTADO DE MINAS GERAIS;Nota fiscal;09.524.545/0001-71;WF TECNOLOGIA CIENTIFICA LTDA;4489;;1;Completa;Serviço;Despesa orçamentária;2026-03-16;2026-04-01;2026-04-01;944,04;Não
2310 - UNIVERSIDADE ESTADUAL DE MONTES CLAROS;Nota fiscal;41.826.744/0001-47;MEDIODONTOMINAS IMPORTACAO E COMERCIO LTDA;264244;1;1;Completa - Recebimento definitivo;Consumo;Despesa extra orçamentária;2026-02-06;2026-04-01;2026-04-01;805,3;Não
2260 - FUNDACAO EZEQUIEL DIAS;Nota fiscal;08.159.024/0002-80;G.B. COMERCIO E DISTRIBUIDORA DE GELO SECO E GASES LTDA;2667;1;1;Completa - Recebimento definitivo;Consumo;Despesa orçamentária;2026-03-30;2026-04-01;2026-04-01;438,6;Não
1030 - TRIBUNAL DE JUSTICA DO ESTADO DE MINAS GERAIS;Nota fiscal;33.146.648/0001-20;CONCREMAT ENGENHARIA E TECNOLOGIA S/A;20261701;;1;Completa;Serviço;Despesa orçamentária;2026-04-01;2026-04-01;2026-04-01;97238,33;Não
2060 - FUNDACAO JOAO PINHEIRO;Nota fiscal;32.227.070/0001-73;CETUS CONSTRUTORA LTDA;3526;;1;Completa;Serviço;Despesa extra orçamentária;2026-03-31;2026-04-01;2026-04-01;47464,09;Não
2270 - FUNDACAO HOSPITALAR DO ESTADO DE MINAS GERAIS;Nota fiscal;33.224.254/0001-42;MGS MINAS GERAIS ADMINISTRACAO E SERVICOS S/A;202612498;;2;Completa;Serviço;Despesa orçamentária;2026-03-30;2026-04-01;2026-04-01;55172,62;Não
2310 - UNIVERSIDADE ESTADUAL DE MONTES CLAROS;Nota fiscal;41.826.744/0001-47;MEDIODONTOMINAS IMPORTACAO E COMERCIO LTDA;264245;1;1;Completa - Recebimento definitivo;Consumo;Despesa extra orçamentária;2026-02-06;2026-04-01;2026-04-01;148,4;Não
1710 - SECRETARIA DE ESTADO DE COMUNICACAO SOCIAL;Nota fiscal;24.172.716/0001-34;FLD S.A.;1438;;1;Completa;Serviço;Despesa orçamentária;2026-03-17;2026-04-01;2026-04-01;101,6;Não
1450 - SECRETARIA DE ESTADO DE JUSTICA E SEGURANCA PUBLIC;Nota fiscal;11.319.926/0001-60;KSM MANUTENCAO DE MAQUINAS E EQUIPAMENTOS LTDA -ME;63;2;1;Completa;Serviço;Despesa extra orçamentária;2026-02-28;2026-02-28;2026-04-01;461,07;Não
2270 - FUNDACAO HOSPITALAR DO ESTADO DE MINAS GERAIS;Nota fiscal;37.513.162/0001-33;WATT CONSTRUTORA LTDA;34;;1;Completa;Serviço;Despesa orçamentária;2026-04-01;2026-04-01;2026-04-01;581020,63;Não
2310 - UNIVERSIDADE ESTADUAL DE MONTES CLAROS;Nota fiscal;41.826.744/0001-47;MEDIODONTOMINAS IMPORTACAO E COMERCIO LTDA;264246;1;1;Completa - Recebimento definitivo;Consumo;Despesa extra orçamentária;2026-02-06;2026-04-01;2026-04-01;353,71;Não
2300 - DEPARTAMENTO DE ESTRADAS DE RODAGEM;Nota fiscal;19.201.128/0001-41;ASSOCIACAO PROFISSIONALIZANTE DO MENOR DE BELO HORIZONTE -ASSPROM;20261158;;1;Completa;Serviço;Despesa orçamentária;2026-03-31;2026-04-01;2026-04-01;24731,17;Não
1370 - SECRETARIA ESTADO DE MEIO AMB.DESENV SUSTENTAVEL;Nota fiscal;04.103.550/0001-97;EDS - ENERGIA E DESENVOLVIMENTO SUSTENTAVEL LTDA;795;;1;Completa;Serviço;Despesa orçamentária;2026-01-22;2026-01-23;2026-04-01;2625,24;Não
2120 - INST.PREV.DOS SERV.MILITARES DO ESTADO M.GERAIS;Nota fiscal;20.858.411/0001-20;AMGS COMERCIO E REPRESENTACOES LTDA;621733;2;1;Completa - Recebimento definitivo;Consumo;Despesa extra orçamentária;2026-02-02;2026-04-01;2026-04-01;545,66;Não
2310 - UNIVERSIDADE ESTADUAL DE MONTES CLAROS;Nota fiscal;41.826.744/0001-47;MEDIODONTOMINAS IMPORTACAO E COMERCIO LTDA;264240;1;1;Completa - Recebimento definitivo;Consumo;Despesa extra orçamentária;2026-02-06;2026-04-01;2026-04-01;148,4;Não
2240 - INSTITUTO MINEIRO DE GESTAO DAS AGUAS;Nota fiscal;15.165.937/0001-94;BF DOS SANTOS RESTAURANTE LTDA;2374;;1;Completa;Serviço;Despesa orçamentária;2026-03-30;2026-04-01;2026-04-01;9065,0;Não
2300 - DEPARTAMENTO DE ESTRADAS DE RODAGEM;Nota fiscal;19.201.128/0001-41;ASSOCIACAO PROFISSIONALIZANTE DO MENOR DE BELO HORIZONTE -ASSPROM;20261157;;1;Completa;Serviço;Despesa orçamentária;2026-03-31;2026-04-01;2026-04-01;39094,48;Não
2320 - FUNDACAO CENTRO DE HEMATOLOGIA E HEMOTERAPIA DE MG;Nota fiscal;09.449.769/0001-66;DRX SERVICOS TECNICOS EM COMPUTADORES, MAQUINAS E EQUIPAMENTOS LTDA;1278;;1;Completa;Serviço;Despesa orçamentária;2026-03-30;2026-04-01;2026-04-01;207,02;Não
2180 - FUNDACAO CLOVIS SALGADO;Nota fiscal;00.028.986/0010-07;ELEVADORES ATLAS SCHINDLER LTDA.;13088;;1;Completa;Serviço;Despesa orçamentária;2026-01-18;2026-04-01;2026-04-01;644,25;Não
2310 - UNIVERSIDADE ESTADUAL DE MONTES CLAROS;Nota fiscal;41.826.744/0001-47;MEDIODONTOMINAS IMPORTACAO E COMERCIO LTDA;264241;1;2;Completa - Recebimento definitivo;Consumo;Despesa extra orçamentária;2026-02-06;2026-04-01;2026-04-01;278,92;Não
1260 - SECRETARIA DE ESTADO DE EDUCACAO;Nota fiscal;07.432.517/0001-07;SIMPRESS COMERCIO LOCACAO E SERVICOS LTDA;366323;;1;Completa;Serviço;Despesa orçamentária;2026-03-12;2026-03-12;2026-04-01;507,21;Não
1710 - SECRETARIA DE ESTADO DE COMUNICACAO SOCIAL;Nota fiscal;24.172.716/0001-34;FLD S.A.;1440;;1;Completa;Serviço;Despesa orçamentária;2026-03-17;2026-04-01;2026-04-01;203,2;Não
2310 - UNIVERSIDADE ESTADUAL DE MONTES CLAROS;Nota fiscal;41.826.744/0001-47;MEDIODONTOMINAS IMPORTACAO E COMERCIO LTDA;264239;1;1;Completa - Recebimento definitivo;Consumo;Despesa extra orçamentária;2026-02-06;2026-04-01;2026-04-01;348,06;Não
1230 - SECRET. DE ESTADO DE AGRICULTURA, PECUARIA E ABAST;Nota fiscal;29.220.447/0001-58;BC AGRO COMERCIO LTDA;17417;;1;Completa - Recebimento definitivo;Consumo;Despesa extra orçamentária;2026-02-18;2026-04-01;2026-04-01;741500,0;Não
1080 - ADVOCACIA-GERAL DO ESTADO DE MINAS GERAIS;Nota fiscal;33.224.254/0001-42;MGS MINAS GERAIS ADMINISTRACAO E SERVICOS S/A;202611898;;1;Completa;Serviço;Despesa orçamentária;2026-03-25;2026-04-01;2026-04-01;11975,32;Não
2310 - UNIVERSIDADE ESTADUAL DE MONTES CLAROS;Nota fiscal;41.826.744/0001-47;MEDIODONTOMINAS IMPORTACAO E COMERCIO LTDA;264247;1;1;Completa - Recebimento definitivo;Consumo;Despesa extra orçamentária;2025-02-06;2025-04-01;2026-04-01;148,4;Não
1080 - ADVOCACIA-GERAL DO ESTADO DE MINAS GERAIS;Nota fiscal;33.224.254/0001-42;MGS MINAS GERAIS ADMINISTRACAO E SERVICOS S/A;202611901;;1;Completa;Serviço;Despesa orçamentária;2026-03-25;2026-04-01;2026-04-01;158,1;Não
1010 - ASSEMBLEIA LEGISLATIVA DO ESTADO DE MINAS GERAIS;Nota fiscal;18.876.112/0001-76;GIBBOR PUBLICIDADE E PUBLICACOES DE EDITAIS LTDA;7422026;;1;Completa;Serviço;Despesa orçamentária;2026-04-01;2026-04-01;2026-04-01;4337,6;Não
1710 - SECRETARIA DE ESTADO DE COMUNICACAO SOCIAL;Nota fiscal;24.172.716/0001-34;FLD S.A.;1441;;1;Completa;Serviço;Despesa orçamentária;2026-03-17;2026-04-01;2026-04-01;101,6;Não
2090 - FUNDACAO ESTADUAL DO MEIO AMBIENTE;Nota fiscal;33.224.254/0001-42;MGS MINAS GERAIS ADMINISTRACAO E SERVICOS S/A;12604;;1;Completa;Serviço;Despesa orçamentária;2026-03-30;2026-03-31;2026-04-01;16361,25;Não
2310 - UNIVERSIDADE ESTADUAL DE MONTES CLAROS;Nota fiscal;41.826.744/0001-47;MEDIODONTOMINAS IMPORTACAO E COMERCIO LTDA;264243;1;1;Completa - Recebimento definitivo;Consumo;Despesa extra orçamentária;2026-02-06;2026-04-01;2026-04-01;148,4;Não
1080 - ADVOCACIA-GERAL DO ESTADO DE MINAS GERAIS;Outros;33.224.254/0001-42;MGS MINAS GERAIS ADMINISTRACAO E SERVICOS S/A;679918;;1;Completa;Serviço;Despesa orçamentária;2026-03-25;2026-04-01;2026-04-01;1067,88;Não
1260 - SECRETARIA DE ESTADO DE EDUCACAO;Nota fiscal;07.432.517/0001-07;SIMPRESS COMERCIO LOCACAO E SERVICOS LTDA;366337;;1;Completa;Serviço;Despesa orçamentária;2026-03-12;2026-03-12;2026-04-01;204,74;Não
2310 - UNIVERSIDADE ESTADUAL DE MONTES CLAROS;Nota fiscal;13.255.174/0001-47;ESTERISCLIN LTDA -EPP;202600000000124;;2;Completa;Serviço;Despesa extra orçamentária;2026-03-19;2026-03-20;2026-04-01;50553,13;Não
2180 - FUNDACAO CLOVIS SALGADO;Outros;76.535.764/0001-43;OI S.A. - EM RECUPERACAO JUDICIAL;33024;;1;Completa;Serviço;Despesa orçamentária;2026-03-26;2026-04-01;2026-04-01;735,81;Não
1260 - SECRETARIA DE ESTADO DE EDUCACAO;Outros;***.551.176-**;MARIA ENIR DE BRITO NEGRAO;170103;;1;Completa;Serviço;Despesa orçamentária;2026-04-01;2026-04-01;2026-04-01;16391,22;Não
1710 - SECRETARIA DE ESTADO DE COMUNICACAO SOCIAL;Nota fiscal;24.172.716/0001-34;FLD S.A.;1444;;1;Completa;Serviço;Despesa orçamentária;2026-03-17;2026-04-01;2026-04-01;203,2;Não
1190 - SECRETARIA DE ESTADO DE FAZENDA DE MINAS GERAIS;Nota fiscal;40.432.544/0112-62;CLARO S.A.;2602200028110;;1;Completa;Serviço;Despesa orçamentária;2026-01-02;2026-04-01;2026-04-01;150,01;Não
1260 - SECRETARIA DE ESTADO DE EDUCACAO;Outros;***.046.096-**;PAULO REGIS SOARES NEGRAO;1702;;1;Completa;Serviço;Despesa orçamentária;2026-04-01;2026-04-01;2026-04-01;16391,22;Não
2310 - UNIVERSIDADE ESTADUAL DE MONTES CLAROS;Nota fiscal;41.826.744/0001-47;MEDIODONTOMINAS IMPORTACAO E COMERCIO LTDA;265694;1;1;Completa - Recebimento definitivo;Consumo;Despesa orçamentária;2026-02-23;2026-04-01;2026-04-01;972,58;Não
1450 - SECRETARIA DE ESTADO DE JUSTICA E SEGURANCA PUBLIC;Nota fiscal;33.224.254/0001-42;MGS MINAS GERAIS ADMINISTRACAO E SERVICOS S/A;202612832;;1;Completa;Serviço;Despesa orçamentária;2026-04-01;2026-04-01;2026-04-01;149813,11;Não
2310 - UNIVERSIDADE ESTADUAL DE MONTES CLAROS;Nota fiscal;41.826.744/0001-47;MEDIODONTOMINAS IMPORTACAO E COMERCIO LTDA;265693;1;1;Completa - Recebimento definitivo;Consumo;Despesa orçamentária;2026-02-23;2026-04-01;2026-04-01;972,58;Não
1190 - SECRETARIA DE ESTADO DE FAZENDA DE MINAS GERAIS;Nota fiscal;40.432.544/0112-62;CLARO S.A.;2602200025740;;1;Completa;Serviço;Despesa orçamentária;2026-02-01;2026-04-01;2026-04-01;124,52;Não
2100 - INSTITUTO ESTADUAL DE FLORESTAS-IEF;Outros;***.399.806-**;ELIR JOSE DA SILVEIRA;52026;;1;Completa;Serviço;Despesa orçamentária;2026-03-31;2026-04-01;2026-04-01;1500,34;Não
2310 - UNIVERSIDADE ESTADUAL DE MONTES CLAROS;Nota fiscal;41.826.744/0001-47;MEDIODONTOMINAS IMPORTACAO E COMERCIO LTDA;265695;1;1;Completa - Recebimento definitivo;Consumo;Despesa orçamentária;2026-02-23;2026-04-01;2026-04-01;486,29;Não
1450 - SECRETARIA DE ESTADO DE JUSTICA E SEGURANCA PUBLIC;Nota fiscal;33.224.254/0001-42;MGS MINAS GERAIS ADMINISTRACAO E SERVICOS S/A;202612831;;1;Completa;Serviço;Despesa orçamentária;2026-04-01;2026-04-01;2026-04-01;13336,38;Não
2090 - FUNDACAO ESTADUAL DO MEIO AMBIENTE;Outros;33.224.254/0001-42;MGS MINAS GERAIS ADMINISTRACAO E SERVICOS S/A;680766;;1;Completa;Serviço;Despesa orçamentária;2026-03-30;2026-03-31;2026-04-01;1621,8;Não
2310 - UNIVERSIDADE ESTADUAL DE MONTES CLAROS;Nota fiscal;41.826.744/0001-47;MEDIODONTOMINAS IMPORTACAO E COMERCIO LTDA;265556;1;1;Completa - Recebimento definitivo;Consumo;Despesa extra orçamentária;2026-02-20;2026-04-01;2026-04-01;989,15;Não
1260 - SECRETARIA DE ESTADO DE EDUCACAO;Outros;***.461.806-**;LUIZ ANTONIO MANICA;32026222;;1;Completa;Serviço;Despesa orçamentária;2026-03-31;2026-03-31;2026-04-01;23656,42;Não
1190 - SECRETARIA DE ESTADO DE FAZENDA DE MINAS GERAIS;Nota fiscal;40.432.544/0112-62;CLARO S.A.;260325655;;1;Completa;Serviço;Despesa orçamentária;2026-03-02;2026-04-01;2026-04-01;130,8;Não
1710 - SECRETARIA DE ESTADO DE COMUNICACAO SOCIAL;Nota fiscal;24.172.716/0001-34;FLD S.A.;1445;;1;Completa;Serviço;Despesa orçamentária;2026-03-17;2026-04-01;2026-04-01;101,6;Não
2310 - UNIVERSIDADE ESTADUAL DE MONTES CLAROS;Nota fiscal;41.826.744/0001-47;MEDIODONTOMINAS IMPORTACAO E COMERCIO LTDA;265557;1;1;Completa - Recebimento definitivo;Consumo;Despesa extra orçamentária;2026-02-20;2026-04-01;2026-04-01;299,9;Não
2310 - UNIVERSIDADE ESTADUAL DE MONTES CLAROS;Nota fiscal;41.826.744/0001-47;MEDIODONTOMINAS IMPORTACAO E COMERCIO LTDA;265558;1;1;Completa - Recebimento definitivo;Consumo;Despesa extra orçamentária;2026-02-20;2026-04-01;2026-04-01;419,69;Não
2310 - UNIVERSIDADE ESTADUAL DE MONTES CLAROS;Nota fiscal;41.826.744/0001-47;MEDIODONTOMINAS IMPORTACAO E COMERCIO LTDA;265559;1;1;Completa - Recebimento definitivo;Consumo;Despesa extra orçamentária;2026-02-20;2026-04-01;2026-04-01;176,11;Não
1190 - SECRETARIA DE ESTADO DE FAZENDA DE MINAS GERAIS;Nota fiscal;40.432.544/0112-62;CLARO S.A.;2603200025655;;1;Completa;Serviço;Despesa orçamentária;2026-03-02;2026-04-01;2026-04-01;130,8;Não
2100 - INSTITUTO ESTADUAL DE FLORESTAS-IEF;Outros;***.141.216-**;ADRIANO ARNAUT MAIA;32026;;1;Completa;Serviço;Despesa orçamentária;2026-03-30;2026-04-01;2026-04-01;3647,71;Não
2270 - FUNDACAO HOSPITALAR DO ESTADO DE MINAS GERAIS;Nota fiscal;35.820.448/0030-70;WHITE MARTINS GASES INDUSTRIAIS LTDA;5006;683;2;Completa - Recebimento definitivo;Consumo;Despesa orçamentária;2026-03-19;2026-03-31;2026-04-01;3732,0;Não
2310 - UNIVERSIDADE ESTADUAL DE MONTES CLAROS;Nota fiscal;41.826.744/0001-47;MEDIODONTOMINAS IMPORTACAO E COMERCIO LTDA;265555;1;1;Completa - Recebimento definitivo;Consumo;Despesa extra orçamentária;2026-02-20;2026-04-01;2026-04-01;299,9;Não
2270 - FUNDACAO HOSPITALAR DO ESTADO DE MINAS GERAIS;Nota fiscal;35.820.448/0030-70;WHITE MARTINS GASES INDUSTRIAIS LTDA;5007;683;1;Completa - Recebimento definitivo;Consumo;Despesa orçamentária;2026-03-19;2026-03-31;2026-04-01;412,76;Não
1250 - POLICIA MILITAR DE MINAS GERAIS;Nota fiscal;71.505.564/0001-24;EMIGE MATERIAIS ODONTOLOGICOS LTDA;53155;;1;Completa - Recebimento definitivo;Consumo;Despesa orçamentária;2026-03-30;2026-04-01;2026-04-01;3285,2;Não
2310 - UNIVERSIDADE ESTADUAL DE MONTES CLAROS;Nota fiscal;41.826.744/0001-47;MEDIODONTOMINAS IMPORTACAO E COMERCIO LTDA;265554;1;1;Completa - Recebimento definitivo;Consumo;Despesa extra orçamentária;2026-02-20;2026-04-01;2026-04-01;203,82;Não
2310 - UNIVERSIDADE ESTADUAL DE MONTES CLAROS;Nota fiscal;41.826.744/0001-47;MEDIODONTOMINAS IMPORTACAO E COMERCIO LTDA;265553;1;1;Completa - Recebimento definitivo;Consumo;Despesa extra orçamentária;2026-02-20;2026-04-01;2026-04-01;148,4;Não
2310 - UNIVERSIDADE ESTADUAL DE MONTES CLAROS;Nota fiscal;41.826.744/0001-47;MEDIODONTOMINAS IMPORTACAO E COMERCIO LTDA;265561;1;1;Completa - Recebimento definitivo;Consumo;Despesa extra orçamentária;2026-02-20;2026-04-01;2026-04-01;275,48;Não
2270 - FUNDACAO HOSPITALAR DO ESTADO DE MINAS GERAIS;Nota fiscal;35.820.448/0030-70;WHITE MARTINS GASES INDUSTRIAIS LTDA;5033;683;1;Completa - Recebimento definitivo;Consumo;Despesa orçamentária;2026-03-26;2026-03-31;2026-04-01;3732,0;Não
1320 - SECRETARIA DE ESTADO DA SAUDE;Nota fiscal;60.318.797/0001-00;ASTRAZENECA DO BRASIL LTDA.;746538;1;1;Completa - Recebimento definitivo;Consumo;Despesa orçamentária;2026-03-25;2026-03-31;2026-04-01;1139256,0;Não
2310 - UNIVERSIDADE ESTADUAL DE MONTES CLAROS;Nota fiscal;41.826.744/0001-47;MEDIODONTOMINAS IMPORTACAO E COMERCIO LTDA;265562;1;1;Completa - Recebimento definitivo;Consumo;Despesa extra orçamentária;2026-02-20;2026-04-01;2026-04-01;2216,39;Não
2310 - UNIVERSIDADE ESTADUAL DE MONTES CLAROS;Nota fiscal;41.826.744/0001-47;MEDIODONTOMINAS IMPORTACAO E COMERCIO LTDA;265550;1;1;Completa - Recebimento definitivo;Consumo;Despesa extra orçamentária;2026-02-20;2026-04-01;2026-04-01;197,6;Não
2310 - UNIVERSIDADE ESTADUAL DE MONTES CLAROS;Nota fiscal;41.826.744/0001-47;MEDIODONTOMINAS IMPORTACAO E COMERCIO LTDA;265551;1;1;Completa - Recebimento definitivo;Consumo;Despesa extra orçamentária;2026-02-20;2026-04-01;2026-04-01;561,66;Não
1260 - SECRETARIA DE ESTADO DE EDUCACAO;Nota fiscal;17.676.389/0001-92;BSC SEGURANCA ELETRONICA E TECNOLOGIA LTDA.;4887;;1;Completa;Serviço;Despesa orçamentária;2026-03-04;2026-04-01;2026-04-01;1245,0;Não
2310 - UNIVERSIDADE ESTADUAL DE MONTES CLAROS;Nota fiscal;41.826.744/0001-47;MEDIODONTOMINAS IMPORTACAO E COMERCIO LTDA;265547;1;1;Completa - Recebimento definitivo;Consumo;Despesa extra orçamentária;2026-02-20;2026-04-01;2026-04-01;648,11;Não
2310 - UNIVERSIDADE ESTADUAL DE MONTES CLAROS;Nota fiscal;41.826.744/0001-47;MEDIODONTOMINAS IMPORTACAO E COMERCIO LTDA;265548;1;1;Completa - Recebimento definitivo;Consumo;Despesa extra orçamentária;2026-02-20;2026-04-01;2026-04-01;1296,22;Não
2270 - FUNDACAO HOSPITALAR DO ESTADO DE MINAS GERAIS;Nota fiscal;82.641.325/0021-61;CREMER S.A.;512126;;1;Completa - Recebimento definitivo;Consumo;Despesa orçamentária;2026-03-27;2026-04-01;2026-04-01;1975,68;Não
2310 - UNIVERSIDADE ESTADUAL DE MONTES CLAROS;Nota fiscal;41.826.744/0001-47;MEDIODONTOMINAS IMPORTACAO E COMERCIO LTDA;265549;1;1;Completa - Recebimento definitivo;Consumo;Despesa extra orçamentária;2026-02-20;2026-04-01;2026-04-01;648,11;Não
2310 - UNIVERSIDADE ESTADUAL DE MONTES CLAROS;Nota fiscal;41.826.744/0001-47;MEDIODONTOMINAS IMPORTACAO E COMERCIO LTDA;265552;1;1;Completa - Recebimento definitivo;Consumo;Despesa extra orçamentária;2026-02-20;2026-04-01;2026-04-01;648,11;Não
1190 - SECRETARIA DE ESTADO DE FAZENDA DE MINAS GERAIS;Outros;01.548.339/0001-90;SERTA SERVICOS TECNICOS E ADMINISTRATIVOS LTDA - EM RECUPERACAO JUDICIAL;202600000003079;;1;Completa;Serviço;Despesa orçamentária;2026-03-26;2026-04-01;2026-04-01;6192,65;Não
2090 - FUNDACAO ESTADUAL DO MEIO AMBIENTE;Nota fiscal;33.224.254/0001-42;MGS MINAS GERAIS ADMINISTRACAO E SERVICOS S/A;12623;;1;Completa;Serviço;Despesa orçamentária;2026-03-30;2026-03-30;2026-04-01;32260,5;Não
1450 - SECRETARIA DE ESTADO DE JUSTICA E SEGURANCA PUBLIC;Nota fiscal;33.224.254/0001-42;MGS MINAS GERAIS ADMINISTRACAO E SERVICOS S/A;202612886;;1;Completa;Serviço;Despesa orçamentária;2026-04-01;2026-04-01;2026-04-01;28622,11;Não
1190 - SECRETARIA DE ESTADO DE FAZENDA DE MINAS GERAIS;Outros;01.548.339/0001-90;SERTA SERVICOS TECNICOS E ADMINISTRATIVOS LTDA - EM RECUPERACAO JUDICIAL;202600000003081;;1;Completa;Serviço;Despesa orçamentária;2026-03-26;2026-04-01;2026-04-01;561,67;Não
1450 - SECRETARIA DE ESTADO DE JUSTICA E SEGURANCA PUBLIC;Outros;33.224.254/0001-42;MGS MINAS GERAIS ADMINISTRACAO E SERVICOS S/A;681288;;1;Completa;Serviço;Despesa orçamentária;2026-04-01;2026-04-01;2026-04-01;2734,74;Não
2090 - FUNDACAO ESTADUAL DO MEIO AMBIENTE;Outros;33.224.254/0001-42;MGS MINAS GERAIS ADMINISTRACAO E SERVICOS S/A;680772;;1;Completa;Serviço;Despesa orçamentária;2026-03-30;2026-03-30;2026-04-01;2594,4;Não
1190 - SECRETARIA DE ESTADO DE FAZENDA DE MINAS GERAIS;Outros;01.548.339/0001-90;SERTA SERVICOS TECNICOS E ADMINISTRATIVOS LTDA - EM RECUPERACAO JUDICIAL;202600000003080;;1;Completa;Serviço;Despesa orçamentária;2026-03-26;2026-04-01;2026-04-01;3420,43;Não
1190 - SECRETARIA DE ESTADO DE FAZENDA DE MINAS GERAIS;Outros;01.548.339/0001-90;SERTA SERVICOS TECNICOS E ADMINISTRATIVOS LTDA - EM RECUPERACAO JUDICIAL;202600000003082;;1;Completa;Serviço;Despesa orçamentária;2026-03-26;2026-04-01;2026-04-01;451,78;Não
1450 - SECRETARIA DE ESTADO DE JUSTICA E SEGURANCA PUBLIC;Nota fiscal;33.224.254/0001-42;MGS MINAS GERAIS ADMINISTRACAO E SERVICOS S/A;202612996;;1;Completa;Serviço;Despesa orçamentária;2026-04-01;2026-04-01;2026-04-01;8857,95;Não
1230 - SECRET. DE ESTADO DE AGRICULTURA, PECUARIA E ABAST;Nota fiscal;07.633.363/0001-03;FREDERICO MELO LACERDA;11;;1;Completa;Serviço;Despesa extra orçamentária;2026-03-20;2026-04-01;2026-04-01;18249,67;Não
1260 - SECRETARIA DE ESTADO DE EDUCACAO;Outros;23.342.609/0001-44;SOLUCAO ENGENHARIA, CONSTRUCOES E ESTRUTURAS METALICAS LTDA;862;;1;Completa;Serviço;Despesa extra orçamentária;2026-04-01;2026-04-01;2026-04-01;156775,99;Não
1080 - ADVOCACIA-GERAL DO ESTADO DE MINAS GERAIS;Nota fiscal;33.224.254/0001-42;MGS MINAS GERAIS ADMINISTRACAO E SERVICOS S/A;202611953;;1;Completa;Serviço;Despesa orçamentária;2026-03-25;2026-04-01;2026-04-01;11570,52;Não
1450 - SECRETARIA DE ESTADO DE JUSTICA E SEGURANCA PUBLIC;Nota fiscal;33.224.254/0001-42;MGS MINAS GERAIS ADMINISTRACAO E SERVICOS S/A;202612969;;1;Completa;Serviço;Despesa orçamentária;2026-04-01;2026-04-01;2026-04-01;16166,52;Não
1080 - ADVOCACIA-GERAL DO ESTADO DE MINAS GERAIS;Outros;33.224.254/0001-42;MGS MINAS GERAIS ADMINISTRACAO E SERVICOS S/A;679966;;1;Completa;Serviço;Despesa orçamentária;2026-03-25;2026-04-01;2026-04-01;1067,88;Não
1190 - SECRETARIA DE ESTADO DE FAZENDA DE MINAS GERAIS;Outros;01.389.269/0001-74;ALCTEL TELECOMUNICACOES E INFORMATICA LTDA;202600000000418;;1;Completa;Serviço;Despesa orçamentária;2026-03-04;2026-04-01;2026-04-01;201,58;Não
1190 - SECRETARIA DE ESTADO DE FAZENDA DE MINAS GERAIS;Outros;01.389.269/0001-74;ALCTEL TELECOMUNICACOES E INFORMATICA LTDA;202600000000419;;1;Completa;Serviço;Despesa orçamentária;2026-03-04;2026-04-01;2026-04-01;134,38;Não
1450 - SECRETARIA DE ESTADO DE JUSTICA E SEGURANCA PUBLIC;Nota fiscal;33.224.254/0001-42;MGS MINAS GERAIS ADMINISTRACAO E SERVICOS S/A;202612968;;1;Completa;Serviço;Despesa orçamentária;2026-04-01;2026-04-01;2026-04-01;33944,81;Não
1080 - ADVOCACIA-GERAL DO ESTADO DE MINAS GERAIS;Nota fiscal;05.340.639/0001-30;PRIME CONSULTORIA E ASSESSORIA EMPRESARIAL LTDA;152693;;1;Completa;Serviço;Despesa orçamentária;2026-04-01;2026-04-01;2026-04-01;574,21;Não
1500 - SECRETARIA DE ESTADO DE PLANEJAMENTO E GESTAO;Outros;***.998.056-**;Zeni Carvalho de Oliveira e Silva;136850360;;1;Completa;Serviço;Despesa orçamentária;2026-04-01;2026-04-01;2026-04-01;2037,13;Não
2180 - FUNDACAO CLOVIS SALGADO;Outros;28.100.129/0001-90;LAVO! TA NOVO PRESTACAO DE SERVICOS LTDA - ME;202604;;1;Completa;Serviço;Despesa orçamentária;2026-04-01;2026-04-01;2026-04-01;3106,3;Não
1450 - SECRETARIA DE ESTADO DE JUSTICA E SEGURANCA PUBLIC;Nota fiscal;33.224.254/0001-42;MGS MINAS GERAIS ADMINISTRACAO E SERVICOS S/A;202612967;;1;Completa;Serviço;Despesa orçamentária;2026-04-01;2026-04-01;2026-04-01;609642,91;Não
1500 - SECRETARIA DE ESTADO DE PLANEJAMENTO E GESTAO;Outros;14.856.485/0001-24;ESSENCIAL IMOBILIARIA LTDA -ME;136852654;;1;Completa;Serviço;Despesa orçamentária;2026-04-01;2026-04-01;2026-04-01;745,43;Não
1500 - SECRETARIA DE ESTADO DE PLANEJAMENTO E GESTAO;Outros;14.856.485/0001-24;ESSENCIAL IMOBILIARIA LTDA -ME;136852970;;1;Incompleta;Serviço;Despesa orçamentária;2026-04-01;2026-04-01;2026-04-01;1444,33;Não
1260 - SECRETARIA DE ESTADO DE EDUCACAO;Nota fiscal;76.535.764/0001-43;OI S.A. - EM RECUPERACAO JUDICIAL;1700461724868;U;1;Completa;Serviço;Despesa orçamentária;2026-02-02;2026-04-01;2026-04-01;352,81;Não
1260 - SECRETARIA DE ESTADO DE EDUCACAO;Nota fiscal;76.535.764/0001-43;OI S.A. - EM RECUPERACAO JUDICIAL;1700461742619;U;1;Completa;Serviço;Despesa orçamentária;2026-03-02;2026-04-01;2026-04-01;211,96;Não
1190 - SECRETARIA DE ESTADO DE FAZENDA DE MINAS GERAIS;Nota fiscal;01.548.339/0001-90;SERTA SERVICOS TECNICOS E ADMINISTRATIVOS LTDA - EM RECUPERACAO JUDICIAL;3084;;1;Completa;Serviço;Despesa orçamentária;2026-03-30;2026-03-31;2026-04-01;10668,68;Não
1190 - SECRETARIA DE ESTADO DE FAZENDA DE MINAS GERAIS;Nota fiscal;01.548.339/0001-90;SERTA SERVICOS TECNICOS E ADMINISTRATIVOS LTDA - EM RECUPERACAO JUDICIAL;3086;;1;Completa;Serviço;Despesa orçamentária;2026-03-30;2026-03-31;2026-04-01;1517,29;Não
1190 - SECRETARIA DE ESTADO DE FAZENDA DE MINAS GERAIS;Nota fiscal;01.548.339/0001-90;SERTA SERVICOS TECNICOS E ADMINISTRATIVOS LTDA - EM RECUPERACAO JUDICIAL;3099;;1;Completa;Serviço;Despesa orçamentária;2026-04-02;2026-04-02;2026-04-02;1945,29;Não
1190 - SECRETARIA DE ESTADO DE FAZENDA DE MINAS GERAIS;Outros;***.476.336-**;ALCEBIADES BARBOSA DA FONSECA;32026;;1;Completa;Serviço;Despesa orçamentária;2026-04-02;2026-04-02;2026-04-02;22086,2;Não
1190 - SECRETARIA DE ESTADO DE FAZENDA DE MINAS GERAIS;Outros;***.340.746-**;WALTER SILVEIRA SILVA;32026;;1;Completa;Serviço;Despesa orçamentária;2026-04-02;2026-04-02;2026-04-02;756,67;Não
2270 - FUNDACAO HOSPITALAR DO ESTADO DE MINAS GERAIS;Nota fiscal;19.717.870/0001-04;KIENTRO BRASIL LTDA;4620;1;1;Completa - Recebimento definitivo;Consumo;Despesa orçamentária;2026-03-26;2026-03-31;2026-04-02;1211,76;Não
2270 - FUNDACAO HOSPITALAR DO ESTADO DE MINAS GERAIS;Nota fiscal;17.085.673/0001-94;NEXOMED HOSPITALAR LTDA;40009;1;1;Completa - Recebimento definitivo;Consumo;Despesa orçamentária;2026-03-27;2026-03-27;2026-04-02;3773,4;Não
2270 - FUNDACAO HOSPITALAR DO ESTADO DE MINAS GERAIS;Nota fiscal;00.874.929/0001-40;MED CENTER COMERCIAL LTDA;680738;1;1;Completa - Recebimento definitivo;Consumo;Despesa orçamentária;2026-03-24;2026-03-27;2026-04-02;1323,88;Não
2270 - FUNDACAO HOSPITALAR DO ESTADO DE MINAS GERAIS;Nota fiscal;58.426.628/0001-33;SAMTRONIC INDUSTRIA E COMERCIO LTDA;386240;1;1;Completa - Recebimento definitivo;Consumo;Despesa orçamentária;2026-03-24;2026-03-27;2026-04-02;2400,0;Não
2270 - FUNDACAO HOSPITALAR DO ESTADO DE MINAS GERAIS;Nota fiscal;49.324.221/0001-04;FRESENIUS KABI BRASIL LTDA.;1915142;1;1;Completa - Recebimento definitivo;Consumo;Despesa orçamentária;2026-03-24;2026-03-27;2026-04-02;26400,0;Não
2270 - FUNDACAO HOSPITALAR DO ESTADO DE MINAS GERAIS;Nota fiscal;10.403.238/0001-11;AMED S/A;71884;1;1;Completa - Recebimento definitivo;Consumo;Despesa orçamentária;2026-02-26;2026-03-27;2026-04-02;81469,2;Não
2270 - FUNDACAO HOSPITALAR DO ESTADO DE MINAS GERAIS;Nota fiscal;13.694.036/0001-64;EMENALLI MEDICAL LTDA;20334;1;1;Completa - Recebimento definitivo;Consumo;Despesa orçamentária;2026-03-27;2026-03-30;2026-04-02;432,9;Não
2270 - FUNDACAO HOSPITALAR DO ESTADO DE MINAS GERAIS;Nota fiscal;39.935.073/0001-00;MG2 NUTRICAO LTDA;13392;1;1;Completa - Recebimento definitivo;Consumo;Despesa orçamentária;2026-03-23;2026-03-30;2026-04-02;590,0;Não
2270 - FUNDACAO HOSPITALAR DO ESTADO DE MINAS GERAIS;Nota fiscal;19.717.870/0001-04;KIENTRO BRASIL LTDA;4551;1;1;Completa - Recebimento definitivo;Consumo;Despesa orçamentária;2026-03-18;2026-03-30;2026-04-02;4613,04;Não
2270 - FUNDACAO HOSPITALAR DO ESTADO DE MINAS GERAIS;Nota fiscal;08.245.855/0001-94;MHEDICA SERVICE COMERCIO E MANUTENCAO LTDA;61251;1;1;Completa - Recebimento definitivo;Consumo;Despesa orçamentária;2026-03-26;2026-03-30;2026-04-02;174,3;Não
2270 - FUNDACAO HOSPITALAR DO ESTADO DE MINAS GERAIS;Nota fiscal;31.495.759/0001-16;SIRIO PHARMA LTDA;20182;1;1;Completa - Recebimento definitivo;Consumo;Despesa extra orçamentária;2026-03-24;2026-03-27;2026-04-02;573,85;Não
2090 - FUNDACAO ESTADUAL DO MEIO AMBIENTE;Outros;05.340.639/0001-30;PRIME CONSULTORIA E ASSESSORIA EMPRESARIAL LTDA;2855856;;1;Completa;Serviço;Despesa orçamentária;2026-04-02;2026-04-02;2026-04-02;29110,67;Não
2270 - FUNDACAO HOSPITALAR DO ESTADO DE MINAS GERAIS;Nota fiscal;33.224.254/0001-42;MGS MINAS GERAIS ADMINISTRACAO E SERVICOS S/A;12491;51;1;Completa;Serviço;Despesa orçamentária;2026-03-30;2026-03-31;2026-04-02;21140,11;Não
2270 - FUNDACAO HOSPITALAR DO ESTADO DE MINAS GERAIS;Nota fiscal;33.224.254/0001-42;MGS MINAS GERAIS ADMINISTRACAO E SERVICOS S/A;12492;52;1;Completa;Serviço;Despesa orçamentária;2026-03-30;2026-03-31;2026-04-02;33999,94;Não
2270 - FUNDACAO HOSPITALAR DO ESTADO DE MINAS GERAIS;Nota fiscal;33.224.254/0001-42;MGS MINAS GERAIS ADMINISTRACAO E SERVICOS S/A;12492;3;1;Completa;Serviço;Despesa orçamentária;2026-03-30;2026-03-31;2026-04-02;99796,19;Não
2270 - FUNDACAO HOSPITALAR DO ESTADO DE MINAS GERAIS;Nota fiscal;33.224.254/0001-42;MGS MINAS GERAIS ADMINISTRACAO E SERVICOS S/A;12492;4;1;Completa;Serviço;Despesa orçamentária;2026-03-30;2026-03-31;2026-04-02;99899,33;Não
1250 - POLICIA MILITAR DE MINAS GERAIS;Nota fiscal;52.042.924/0001-54;SABINO EMPREENDIMENTOS LTDA;260;1;1;Completa - Recebimento definitivo;Permanente;Despesa orçamentária;2026-03-29;2026-03-31;2026-04-02;1341,88;Não
1250 - POLICIA MILITAR DE MINAS GERAIS;Nota fiscal;45.403.502/0001-00;45.403.502 HERVANDES DA SILVA LOPES;8;1;1;Completa - Recebimento definitivo;Permanente;Despesa orçamentária;2026-03-31;2026-04-01;2026-04-02;845,0;Não
2270 - FUNDACAO HOSPITALAR DO ESTADO DE MINAS GERAIS;Nota fiscal;33.224.254/0001-42;MGS MINAS GERAIS ADMINISTRACAO E SERVICOS S/A;12493;51;1;Completa;Serviço;Despesa orçamentária;2026-03-30;2026-03-31;2026-04-02;60649,83;Não
2270 - FUNDACAO HOSPITALAR DO ESTADO DE MINAS GERAIS;Nota fiscal;33.224.254/0001-42;MGS MINAS GERAIS ADMINISTRACAO E SERVICOS S/A;12494;52;1;Completa;Serviço;Despesa orçamentária;2026-03-30;2026-03-31;2026-04-02;90980,03;Não
2270 - FUNDACAO HOSPITALAR DO ESTADO DE MINAS GERAIS;Nota fiscal;33.224.254/0001-42;MGS MINAS GERAIS ADMINISTRACAO E SERVICOS S/A;12494;3;1;Completa;Serviço;Despesa orçamentária;2026-03-30;2026-03-31;2026-04-02;240927,83;Não
2270 - FUNDACAO HOSPITALAR DO ESTADO DE MINAS GERAIS;Nota fiscal;33.224.254/0001-42;MGS MINAS GERAIS ADMINISTRACAO E SERVICOS S/A;12490;51;1;Completa;Serviço;Despesa orçamentária;2026-03-30;2026-03-31;2026-04-03;107119,67;Não
1070 - GABINETE MILITAR DO GOVERNADOR DO ESTADO DE MG;Nota fiscal;17.455.913/0002-86;VOAR AVIATION TAXI AEREO E MANUTENCAO LTDA.;1581;;1;Completa;Serviço;Despesa extra orçamentária;2026-04-02;2026-04-02;2026-04-03;487,5;Não
2270 - FUNDACAO HOSPITALAR DO ESTADO DE MINAS GERAIS;Nota fiscal;26.401.571/0001-21;TRES PHARMA DISTRIBUIDORA E SERVICOS LTDA ;106431;1;1;Completa - Recebimento definitivo;Consumo;Despesa extra orçamentária;2026-03-23;2026-03-23;2026-04-03;1566,0;Não
2270 - FUNDACAO HOSPITALAR DO ESTADO DE MINAS GERAIS;Nota fiscal;44.734.671/0022-86;CRISTALIA PRODUTOS QUIMICOS FARMACEUTICOS LTDA;938593;10;1;Completa - Recebimento definitivo;Consumo;Despesa orçamentária;2026-03-19;2026-03-23;2026-04-03;18120,0;Não
2270 - FUNDACAO HOSPITALAR DO ESTADO DE MINAS GERAIS;Nota fiscal;44.734.671/0022-86;CRISTALIA PRODUTOS QUIMICOS FARMACEUTICOS LTDA;939044;10;1;Completa - Recebimento definitivo;Consumo;Despesa orçamentária;2026-03-19;2026-03-24;2026-04-03;15723,7;Não
2270 - FUNDACAO HOSPITALAR DO ESTADO DE MINAS GERAIS;Nota fiscal;44.734.671/0022-86;CRISTALIA PRODUTOS QUIMICOS FARMACEUTICOS LTDA;939123;10;1;Completa - Recebimento definitivo;Consumo;Despesa orçamentária;2026-03-19;2026-03-23;2026-04-03;50,0;Não
2270 - FUNDACAO HOSPITALAR DO ESTADO DE MINAS GERAIS;Nota fiscal;44.734.671/0022-86;CRISTALIA PRODUTOS QUIMICOS FARMACEUTICOS LTDA;939829;10;1;Completa - Recebimento definitivo;Consumo;Despesa orçamentária;2026-03-20;2026-03-23;2026-04-03;622,2;Não
2270 - FUNDACAO HOSPITALAR DO ESTADO DE MINAS GERAIS;Nota fiscal;44.734.671/0022-86;CRISTALIA PRODUTOS QUIMICOS FARMACEUTICOS LTDA;939125;10;1;Completa - Recebimento definitivo;Consumo;Despesa orçamentária;2026-03-19;2026-03-23;2026-04-03;396,0;Não
2270 - FUNDACAO HOSPITALAR DO ESTADO DE MINAS GERAIS;Nota fiscal;44.734.671/0022-86;CRISTALIA PRODUTOS QUIMICOS FARMACEUTICOS LTDA;938594;10;1;Completa - Recebimento definitivo;Consumo;Despesa orçamentária;2026-03-19;2026-03-24;2026-04-03;10644,0;Não
2270 - FUNDACAO HOSPITALAR DO ESTADO DE MINAS GERAIS;Nota fiscal;44.734.671/0022-86;CRISTALIA PRODUTOS QUIMICOS FARMACEUTICOS LTDA;939126;10;1;Completa - Recebimento definitivo;Consumo;Despesa orçamentária;2026-03-19;2026-03-23;2026-04-03;119,9;Não
2270 - FUNDACAO HOSPITALAR DO ESTADO DE MINAS GERAIS;Nota fiscal;44.734.671/0022-86;CRISTALIA PRODUTOS QUIMICOS FARMACEUTICOS LTDA;939045;10;1;Completa - Recebimento definitivo;Consumo;Despesa orçamentária;2026-03-19;2026-03-23;2026-04-03;490,0;Não
2270 - FUNDACAO HOSPITALAR DO ESTADO DE MINAS GERAIS;Nota fiscal;12.927.876/0001-67;SOMA/MG PRODUTOS HOSPITALARES LTDA;368554;1;1;Completa - Recebimento definitivo;Consumo;Despesa orçamentária;2026-03-23;2026-03-24;2026-04-03;260,4;Não
2270 - FUNDACAO HOSPITALAR DO ESTADO DE MINAS GERAIS;Nota fiscal;21.681.325/0001-57;MULTIFARMA COMERCIO E REPRESENTACOES LTDA.;288119;1;1;Completa - Recebimento definitivo;Consumo;Despesa orçamentária;2026-03-23;2026-03-24;2026-04-03;91,62;Não
2270 - FUNDACAO HOSPITALAR DO ESTADO DE MINAS GERAIS;Nota fiscal;60.665.981/0009-75;UNIAO QUIMICA FARMACEUTICA NACIONAL S A;1063075;1;1;Completa - Recebimento definitivo;Consumo;Despesa orçamentária;2026-03-23;2026-03-24;2026-04-03;5390,0;Não
2270 - FUNDACAO HOSPITALAR DO ESTADO DE MINAS GERAIS;Nota fiscal;60.665.981/0009-75;UNIAO QUIMICA FARMACEUTICA NACIONAL S A;1063210;1;1;Completa - Recebimento definitivo;Consumo;Despesa orçamentária;2026-03-23;2026-03-24;2026-04-03;5900,0;Não
2270 - FUNDACAO HOSPITALAR DO ESTADO DE MINAS GERAIS;Nota fiscal;60.665.981/0009-75;UNIAO QUIMICA FARMACEUTICA NACIONAL S A;1063211;1;1;Completa - Recebimento definitivo;Consumo;Despesa orçamentária;2026-03-23;2026-03-24;2026-04-03;3366,0;Não
2270 - FUNDACAO HOSPITALAR DO ESTADO DE MINAS GERAIS;Nota fiscal;03.945.035/0001-91;ACACIA COMERCIO DE MEDICAMENTOS LTDA;340668;1;1;Completa - Recebimento definitivo;Consumo;Despesa orçamentária;2026-03-20;2026-03-24;2026-04-03;2340,0;Não
2270 - FUNDACAO HOSPITALAR DO ESTADO DE MINAS GERAIS;Nota fiscal;03.945.035/0001-91;ACACIA COMERCIO DE MEDICAMENTOS LTDA;340683;1;1;Completa - Recebimento definitivo;Consumo;Despesa orçamentária;2026-03-20;2026-03-24;2026-04-03;37,25;Não
2270 - FUNDACAO HOSPITALAR DO ESTADO DE MINAS GERAIS;Nota fiscal;03.945.035/0001-91;ACACIA COMERCIO DE MEDICAMENTOS LTDA;340685;1;1;Completa - Recebimento definitivo;Consumo;Despesa orçamentária;2026-03-20;2026-03-24;2026-04-03;1128,6;Não
2270 - FUNDACAO HOSPITALAR DO ESTADO DE MINAS GERAIS;Nota fiscal;60.665.981/0009-75;UNIAO QUIMICA FARMACEUTICA NACIONAL S A;1063171;1;1;Completa - Recebimento definitivo;Consumo;Despesa orçamentária;2026-03-23;2026-03-25;2026-04-03;849,0;Não
1030 - TRIBUNAL DE JUSTICA DO ESTADO DE MINAS GERAIS;Nota fiscal;78.533.312/0001-58;PLANSUL PLANEJAMENTO E CONSULTORIA LTDA;202612341;;1;Completa;Serviço;Despesa extra orçamentária;2026-04-01;2026-04-03;2026-04-03;2824,38;Não
1030 - TRIBUNAL DE JUSTICA DO ESTADO DE MINAS GERAIS;Nota fiscal;78.533.312/0001-58;PLANSUL PLANEJAMENTO E CONSULTORIA LTDA;202612342;;1;Completa;Serviço;Despesa extra orçamentária;2026-04-01;2026-04-03;2026-04-03;5415,98;Não
1030 - TRIBUNAL DE JUSTICA DO ESTADO DE MINAS GERAIS;Nota fiscal;78.533.312/0001-58;PLANSUL PLANEJAMENTO E CONSULTORIA LTDA;202612343;;1;Completa;Serviço;Despesa extra orçamentária;2026-04-01;2026-04-03;2026-04-03;5498,45;Não
1030 - TRIBUNAL DE JUSTICA DO ESTADO DE MINAS GERAIS;Nota fiscal;78.533.312/0001-58;PLANSUL PLANEJAMENTO E CONSULTORIA LTDA;202612344;;1;Completa;Serviço;Despesa extra orçamentária;2026-04-01;2026-04-03;2026-04-03;5718,41;Não
1030 - TRIBUNAL DE JUSTICA DO ESTADO DE MINAS GERAIS;Nota fiscal;78.533.312/0001-58;PLANSUL PLANEJAMENTO E CONSULTORIA LTDA;202612345;;1;Completa;Serviço;Despesa extra orçamentária;2026-04-01;2026-04-03;2026-04-03;7572,78;Não
1030 - TRIBUNAL DE JUSTICA DO ESTADO DE MINAS GERAIS;Nota fiscal;78.533.312/0001-58;PLANSUL PLANEJAMENTO E CONSULTORIA LTDA;202612347;;1;Completa;Serviço;Despesa extra orçamentária;2026-04-01;2026-04-03;2026-04-03;5542,97;Não
1030 - TRIBUNAL DE JUSTICA DO ESTADO DE MINAS GERAIS;Nota fiscal;78.533.312/0001-58;PLANSUL PLANEJAMENTO E CONSULTORIA LTDA;202612348;;1;Completa;Serviço;Despesa extra orçamentária;2026-04-01;2026-04-03;2026-04-03;9997,15;Não
1030 - TRIBUNAL DE JUSTICA DO ESTADO DE MINAS GERAIS;Nota fiscal;78.533.312/0001-58;PLANSUL PLANEJAMENTO E CONSULTORIA LTDA;202612346;;1;Completa;Serviço;Despesa extra orçamentária;2026-04-01;2026-04-03;2026-04-03;5673,89;Não
2270 - FUNDACAO HOSPITALAR DO ESTADO DE MINAS GERAIS;Nota fiscal;28.345.933/0001-30;PURAH MEDICAL & CO LTDA;22656;1;1;Completa - Recebimento definitivo;Consumo;Despesa orçamentária;2026-03-25;2026-04-01;2026-04-04;3150,0;Não
2270 - FUNDACAO HOSPITALAR DO ESTADO DE MINAS GERAIS;Nota fiscal;02.881.877/0004-07;POLAR FIX INDUSTRIA E COMERCIO DE PRODUTOS HOSPITALARES LTDA;58693;1;1;Completa - Recebimento definitivo;Consumo;Despesa orçamentária;2026-03-20;2026-03-31;2026-04-04;28525,0;Não
2270 - FUNDACAO HOSPITALAR DO ESTADO DE MINAS GERAIS;Nota fiscal;07.295.190/0001-60;DBI COMERCIO E IMPORTACAO LTDA;70659;1;1;Completa - Recebimento definitivo;Consumo;Despesa orçamentária;2026-03-24;2026-03-31;2026-04-04;21980,0;Não
2270 - FUNDACAO HOSPITALAR DO ESTADO DE MINAS GERAIS;Nota fiscal;20.235.404/0001-71;DCB DISTRIBUIDORA CIRURGICA BRASILEIRA LTDA;105653;1;1;Completa - Recebimento definitivo;Consumo;Despesa orçamentária;2026-03-24;2026-03-31;2026-04-04;25096,5;Não
2270 - FUNDACAO HOSPITALAR DO ESTADO DE MINAS GERAIS;Nota fiscal;20.235.404/0001-71;DCB DISTRIBUIDORA CIRURGICA BRASILEIRA LTDA;105669;1;1;Completa - Recebimento definitivo;Consumo;Despesa orçamentária;2026-03-25;2026-03-31;2026-04-04;7629,3;Não
2270 - FUNDACAO HOSPITALAR DO ESTADO DE MINAS GERAIS;Nota fiscal;20.235.404/0001-71;DCB DISTRIBUIDORA CIRURGICA BRASILEIRA LTDA;105679;1;1;Completa - Recebimento definitivo;Consumo;Despesa orçamentária;2026-03-25;2026-03-31;2026-04-04;9289,22;Não
2270 - FUNDACAO HOSPITALAR DO ESTADO DE MINAS GERAIS;Nota fiscal;04.889.013/0001-14;DISTRILAF DISTRIBUIDORA DE MEDICAMENTOS LTDA;148314;1;1;Completa - Recebimento definitivo;Consumo;Despesa orçamentária;2026-03-24;2026-03-31;2026-04-04;4745,0;Não
2270 - FUNDACAO HOSPITALAR DO ESTADO DE MINAS GERAIS;Nota fiscal;04.889.013/0001-14;DISTRILAF DISTRIBUIDORA DE MEDICAMENTOS LTDA;148315;1;1;Completa - Recebimento definitivo;Consumo;Despesa orçamentária;2026-03-24;2026-03-31;2026-04-04;53088,0;Não
2270 - FUNDACAO HOSPITALAR DO ESTADO DE MINAS GERAIS;Nota fiscal;06.207.441/0001-45;PROTEC EXPORT INDUSTRIA, COMERCIO, IMPORTACAO E EXPORTACAO DE EQUIPAMENTOS MEDICOS HOSPITALARES LTDA;184355;2;1;Completa - Recebimento definitivo;Consumo;Despesa orçamentária;2026-03-27;2026-03-31;2026-04-04;245,0;Não
2270 - FUNDACAO HOSPITALAR DO ESTADO DE MINAS GERAIS;Nota fiscal;67.729.178/0002-20;COMERCIAL CIRURGICA RIOCLARENSE LTDA;912752;1;1;Completa - Recebimento definitivo;Consumo;Despesa orçamentária;2026-03-26;2026-03-31;2026-04-04;6480,72;Não
2270 - FUNDACAO HOSPITALAR DO ESTADO DE MINAS GERAIS;Nota fiscal;67.729.178/0002-20;COMERCIAL CIRURGICA RIOCLARENSE LTDA;912754;1;1;Completa - Recebimento definitivo;Consumo;Despesa orçamentária;2026-03-26;2026-03-31;2026-04-04;6600,0;Não
2270 - FUNDACAO HOSPITALAR DO ESTADO DE MINAS GERAIS;Nota fiscal;31.673.254/0010-95;LABORATORIOS B BRAUN SA;1065236;0;1;Completa - Recebimento definitivo;Consumo;Despesa orçamentária;2026-03-27;2026-04-01;2026-04-04;712,0;Não
2100 - INSTITUTO ESTADUAL DE FLORESTAS-IEF;Nota fiscal;33.224.254/0001-42;MGS MINAS GERAIS ADMINISTRACAO E SERVICOS S/A;202600000011240;1;1;Completa;Serviço;Despesa orçamentária;2026-03-20;2026-03-31;2026-04-04;28351,22;Não
2100 - INSTITUTO ESTADUAL DE FLORESTAS-IEF;Outros;33.224.254/0001-42;MGS MINAS GERAIS ADMINISTRACAO E SERVICOS S/A;678972;1;1;Completa;Serviço;Despesa orçamentária;2026-03-20;2026-03-31;2026-04-04;2715,21;Não
2100 - INSTITUTO ESTADUAL DE FLORESTAS-IEF;Nota fiscal;33.224.254/0001-42;MGS MINAS GERAIS ADMINISTRACAO E SERVICOS S/A;202600000011216;1;1;Completa;Serviço;Despesa orçamentária;2026-03-19;2026-03-31;2026-04-04;7579,28;Não
2100 - INSTITUTO ESTADUAL DE FLORESTAS-IEF;Outros;33.224.254/0001-42;MGS MINAS GERAIS ADMINISTRACAO E SERVICOS S/A;678926;1;1;Completa;Serviço;Despesa orçamentária;2026-03-19;2026-03-31;2026-04-04;998,8;Não
2100 - INSTITUTO ESTADUAL DE FLORESTAS-IEF;Nota fiscal;33.224.254/0001-42;MGS MINAS GERAIS ADMINISTRACAO E SERVICOS S/A;202600000011830;1;1;Completa;Serviço;Despesa orçamentária;2026-03-24;2026-03-31;2026-04-04;59040,77;Não
2100 - INSTITUTO ESTADUAL DE FLORESTAS-IEF;Outros;33.224.254/0001-42;MGS MINAS GERAIS ADMINISTRACAO E SERVICOS S/A;679509;1;1;Completa;Serviço;Despesa orçamentária;2026-03-24;2026-03-31;2026-04-04;4648,6;Não
2100 - INSTITUTO ESTADUAL DE FLORESTAS-IEF;Nota fiscal;33.224.254/0001-42;MGS MINAS GERAIS ADMINISTRACAO E SERVICOS S/A;202600000011271;1;1;Completa;Serviço;Despesa orçamentária;2026-03-20;2026-03-31;2026-04-04;16552,21;Não
2100 - INSTITUTO ESTADUAL DE FLORESTAS-IEF;Outros;33.224.254/0001-42;MGS MINAS GERAIS ADMINISTRACAO E SERVICOS S/A;679030;1;1;Completa;Serviço;Despesa orçamentária;2026-03-20;2026-03-31;2026-04-04;1833,41;Não
2100 - INSTITUTO ESTADUAL DE FLORESTAS-IEF;Nota fiscal;33.224.254/0001-42;MGS MINAS GERAIS ADMINISTRACAO E SERVICOS S/A;202600000011875;1;1;Completa;Serviço;Despesa orçamentária;2026-03-24;2026-03-31;2026-04-04;59166,0;Não
2100 - INSTITUTO ESTADUAL DE FLORESTAS-IEF;Outros;33.224.254/0001-42;MGS MINAS GERAIS ADMINISTRACAO E SERVICOS S/A;679602;1;1;Completa;Serviço;Despesa orçamentária;2026-03-24;2026-03-31;2026-04-04;4373,1;Não
2100 - INSTITUTO ESTADUAL DE FLORESTAS-IEF;Nota fiscal;33.224.254/0001-42;MGS MINAS GERAIS ADMINISTRACAO E SERVICOS S/A;202600000011160;1;1;Completa;Serviço;Despesa orçamentária;2026-03-19;2026-03-31;2026-04-04;24809,7;Não
2100 - INSTITUTO ESTADUAL DE FLORESTAS-IEF;Outros;33.224.254/0001-42;MGS MINAS GERAIS ADMINISTRACAO E SERVICOS S/A;678731;1;1;Completa;Serviço;Despesa orçamentária;2026-03-18;2026-03-31;2026-04-04;2038,96;Não
2100 - INSTITUTO ESTADUAL DE FLORESTAS-IEF;Nota fiscal;33.224.254/0001-42;MGS MINAS GERAIS ADMINISTRACAO E SERVICOS S/A;202600000011799;1;1;Completa;Serviço;Despesa orçamentária;2026-03-24;2026-03-31;2026-04-04;33366,56;Não
2100 - INSTITUTO ESTADUAL DE FLORESTAS-IEF;Outros;33.224.254/0001-42;MGS MINAS GERAIS ADMINISTRACAO E SERVICOS S/A;679545;1;1;Completa;Serviço;Despesa orçamentária;2026-03-24;2026-03-31;2026-04-04;2729,96;Não
2270 - FUNDACAO HOSPITALAR DO ESTADO DE MINAS GERAIS;Nota fiscal;33.224.254/0001-42;MGS MINAS GERAIS ADMINISTRACAO E SERVICOS S/A;12494;4;1;Completa;Serviço;Despesa orçamentária;2026-03-30;2026-03-31;2026-04-04;409438,82;Não
2270 - FUNDACAO HOSPITALAR DO ESTADO DE MINAS GERAIS;Nota fiscal;33.224.254/0001-42;MGS MINAS GERAIS ADMINISTRACAO E SERVICOS S/A;12489;3;1;Completa;Serviço;Despesa orçamentária;2026-03-30;2026-03-31;2026-04-04;438419,43;Não
2270 - FUNDACAO HOSPITALAR DO ESTADO DE MINAS GERAIS;Nota fiscal;33.224.254/0001-42;MGS MINAS GERAIS ADMINISTRACAO E SERVICOS S/A;12489;4;1;Completa;Serviço;Despesa orçamentária;2026-03-30;2026-03-31;2026-04-04;691732,1;Não
2100 - INSTITUTO ESTADUAL DE FLORESTAS-IEF;Outros;33.224.254/0001-42;MGS MINAS GERAIS ADMINISTRACAO E SERVICOS S/A;679633;1;1;Completa;Serviço;Despesa orçamentária;2026-03-24;2026-03-31;2026-04-05;6147,39;Não
2270 - FUNDACAO HOSPITALAR DO ESTADO DE MINAS GERAIS;Nota fiscal;61.072.393/0039-06;PFIZER BRASIL LTDA;413271;11;1;Completa - Recebimento definitivo;Consumo;Despesa orçamentária;2026-03-23;2026-03-26;2026-04-05;16470,5;Não
2270 - FUNDACAO HOSPITALAR DO ESTADO DE MINAS GERAIS;Nota fiscal;21.681.325/0001-57;MULTIFARMA COMERCIO E REPRESENTACOES LTDA.;288113;1;1;Completa - Recebimento definitivo;Consumo;Despesa orçamentária;2026-02-23;2026-02-24;2026-04-05;465,0;Não
2270 - FUNDACAO HOSPITALAR DO ESTADO DE MINAS GERAIS;Nota fiscal;05.194.502/0001-14;ALFALAGOS LTDA ;419249;1;1;Completa - Recebimento definitivo;Consumo;Despesa orçamentária;2026-03-20;2026-03-24;2026-04-05;129,78;Não
2270 - FUNDACAO HOSPITALAR DO ESTADO DE MINAS GERAIS;Nota fiscal;26.401.571/0001-21;TRES PHARMA DISTRIBUIDORA E SERVICOS LTDA ;106634;1;1;Completa - Recebimento definitivo;Consumo;Despesa orçamentária;2026-03-25;2026-03-25;2026-04-05;4176,0;Não
2270 - FUNDACAO HOSPITALAR DO ESTADO DE MINAS GERAIS;Nota fiscal;73.856.593/0010-57;PRATI, DONADUZZI & CIA LTDA;996189;1;1;Completa - Recebimento definitivo;Consumo;Despesa orçamentária;2026-03-23;2026-03-24;2026-04-05;385,0;Não
2270 - FUNDACAO HOSPITALAR DO ESTADO DE MINAS GERAIS;Nota fiscal;34.729.047/0001-02;NSA DISTRIBUIDORA DE MEDICAMENTOS LTDA;51030;1;1;Completa - Recebimento definitivo;Consumo;Despesa orçamentária;2026-03-04;2026-03-25;2026-04-05;1159,0;Não
2270 - FUNDACAO HOSPITALAR DO ESTADO DE MINAS GERAIS;Nota fiscal;26.401.571/0001-21;TRES PHARMA DISTRIBUIDORA E SERVICOS LTDA ;106629;1;1;Completa - Recebimento definitivo;Consumo;Despesa orçamentária;2026-03-25;2026-03-25;2026-04-05;4959,0;Não
2280 - FUNDACAO DE EDUCACAO PARA TRABALHO DE MINAS GERAIS;Outros;10.426.715/0001-64;CONSORCIO OTIMO DE BILHETAGEM ELETRONICA;645352;;1;Completa;Serviço;Despesa orçamentária;2026-04-01;2026-04-06;2026-04-06;2323,0;Não
2280 - FUNDACAO DE EDUCACAO PARA TRABALHO DE MINAS GERAIS;Outros;90.180.605/0001-02;GENTE SEGURADORA SA;92057351;;1;Completa;Serviço;Despesa orçamentária;2026-03-31;2026-04-06;2026-04-06;6,0;Não
2280 - FUNDACAO DE EDUCACAO PARA TRABALHO DE MINAS GERAIS;Outros;04.398.505/0001-07;CONSORCIO OPERACIONAL DO TRANS. COLETIVO DE PASSAG. POR ONIBUS DO MUNICIP. DE BH;6441404;;1;Completa;Serviço;Despesa orçamentária;2026-04-01;2026-04-06;2026-04-06;14488,6;Não
2270 - FUNDACAO HOSPITALAR DO ESTADO DE MINAS GERAIS;Nota fiscal;25.031.668/0001-27;SAMEH SOLUCOES HOSPITALARES LTDA;127578;1;1;Completa - Recebimento definitivo;Consumo;Despesa orçamentária;2026-03-27;2026-03-30;2026-04-06;190,8;Não
1710 - SECRETARIA DE ESTADO DE COMUNICACAO SOCIAL;Nota fiscal;24.172.716/0001-34;FLD S.A.;947;;1;Completa;Serviço;Despesa extra orçamentária;2026-02-19;2026-04-06;2026-04-06;430447,46;Não
2310 - UNIVERSIDADE ESTADUAL DE MONTES CLAROS;Nota fiscal;43.029.546/0001-88;INB COMERCIO LTDA;1995;1;1;Completa - Recebimento definitivo;Consumo;Despesa orçamentária;2026-03-25;2026-04-06;2026-04-06;2268,0;Não
2310 - UNIVERSIDADE ESTADUAL DE MONTES CLAROS;Nota fiscal;47.686.320/0001-00;TECHFILME EMBALAGENS LTDA;64;1;1;Completa - Recebimento definitivo;Consumo;Despesa extra orçamentária;2026-03-13;2026-04-06;2026-04-06;13980,0;Não
1500 - SECRETARIA DE ESTADO DE PLANEJAMENTO E GESTAO;Outros;33.224.254/0001-42;MGS MINAS GERAIS ADMINISTRACAO E SERVICOS S/A;679856;;1;Completa;Serviço;Despesa orçamentária;2026-03-25;2026-03-26;2026-04-06;504,24;Não
2310 - UNIVERSIDADE ESTADUAL DE MONTES CLAROS;Nota fiscal;43.029.546/0001-88;INB COMERCIO LTDA;1996;1;1;Completa - Recebimento definitivo;Consumo;Despesa orçamentária;2026-03-25;2026-04-06;2026-04-06;480,0;Não
2310 - UNIVERSIDADE ESTADUAL DE MONTES CLAROS;Nota fiscal;66.969.262/0001-77;UNIT - INDUSTRIA, COMERCIO, IMPORTACAO E EXPORTACAO LIMITADA;21594;1;1;Completa - Recebimento definitivo;Consumo;Despesa extra orçamentária;2025-12-09;2026-04-06;2026-04-06;4050,0;Não
1320 - SECRETARIA DE ESTADO DA SAUDE;Nota fiscal;31.722.206/0001-59;IVANETE APARECIDA MIRANDA;3848;1;1;Completa - Recebimento definitivo;Consumo;Despesa orçamentária;2026-03-12;2026-04-01;2026-04-06;139,25;Não
2100 - INSTITUTO ESTADUAL DE FLORESTAS-IEF;Nota fiscal;07.820.223/0001-44;MARCELO LUIZ CLEMENTE BRANDAO -ME;4423;;1;Completa - Recebimento definitivo;Consumo;Despesa orçamentária;2026-03-11;2026-04-02;2026-04-06;1756,81;Não
1500 - SECRETARIA DE ESTADO DE PLANEJAMENTO E GESTAO;Outros;33.224.254/0001-42;MGS MINAS GERAIS ADMINISTRACAO E SERVICOS S/A;679990;;1;Completa;Serviço;Despesa orçamentária;2026-03-25;2026-03-26;2026-04-06;504,24;Não
2010 - INST.DE PREVIDENCIA DOS SERVIDORES DO EST.M.GERAIS;Nota fiscal;02.873.047/0001-95;VITAE TECNOLOGIA EM MEDICINA LTDA - EPP;95;2;1;Completa;Serviço;Despesa orçamentária;2026-04-02;2026-04-06;2026-04-06;3444,21;Não
1030 - TRIBUNAL DE JUSTICA DO ESTADO DE MINAS GERAIS;Nota fiscal;18.091.212/0001-97;MALBEC ENGENHARIA DE OBRAS LTDA.;202687;;2;Completa;Serviço;Despesa orçamentária;2026-04-06;2026-04-06;2026-04-06;16243,36;Não
2260 - FUNDACAO EZEQUIEL DIAS;Nota fiscal;08.374.457/0001-78;A&D MOTOBOYS LTDA;35;;1;Completa;Serviço;Despesa orçamentária;2026-04-01;2026-04-06;2026-04-06;3100,17;Não
2010 - INST.DE PREVIDENCIA DOS SERVIDORES DO EST.M.GERAIS;Nota fiscal;14.823.642/0001-03;NUCLEOMED COMERCIO E REPRESENTACAO COMERCIAL LTDA ;287247;1;1;Completa - Disponível para recebimento definitivo;Consumo;Despesa extra orçamentária;2026-03-30;2026-04-01;2026-04-06;2050,0;Não
1710 - SECRETARIA DE ESTADO DE COMUNICACAO SOCIAL;Nota fiscal;19.140.342/0001-35;PERFIL 252 COMUNICACAO COMPLETA LTDA.;558;;1;Completa;Serviço;Despesa extra orçamentária;2026-03-14;2026-04-06;2026-04-06;790,03;Não
1190 - SECRETARIA DE ESTADO DE FAZENDA DE MINAS GERAIS;Nota fiscal;06.976.881/0001-67;MS - SEGURANCA ELETRONICA LTDA - ME;1574;900;1;Completa;Serviço;Despesa orçamentária;2026-04-01;2026-04-06;2026-04-06;240,0;Não
2010 - INST.DE PREVIDENCIA DOS SERVIDORES DO EST.M.GERAIS;Nota fiscal;21.581.995/0001-00;SUPLEN MEDICAL LTDA;45999;1;1;Completa - Recebimento definitivo;Consumo;Despesa extra orçamentária;2026-03-30;2026-04-01;2026-04-06;300,0;Não
1190 - SECRETARIA DE ESTADO DE FAZENDA DE MINAS GERAIS;Nota fiscal;06.976.881/0001-67;MS - SEGURANCA ELETRONICA LTDA - ME;1577;900;1;Completa;Serviço;Despesa orçamentária;2026-04-01;2026-04-06;2026-04-06;310,0;Não
1020 - TRIBUNAL DE CONTAS DO ESTADO DE MINAS GERAIS;Nota fiscal;04.099.931/0001-40;PLOTACAD IMPRESSAO DIGITAL LTDA - ME;294;;1;Completa;Serviço;Despesa orçamentária;2026-04-01;2026-04-01;2026-04-06;1930,0;Não
2270 - FUNDACAO HOSPITALAR DO ESTADO DE MINAS GERAIS;Nota fiscal;02.357.251/0001-53;LIFEMED INDUSTRIAL DE EQUIPAMENTOS E ARTIGOS MEDICOS E HOSPITALARES S.A.;148124;;1;Completa - Recebimento definitivo;Consumo;Despesa orçamentária;2026-03-12;2026-03-25;2026-04-06;38649,6;Não
1450 - SECRETARIA DE ESTADO DE JUSTICA E SEGURANCA PUBLIC;Nota fiscal;11.319.926/0001-60;KSM MANUTENCAO DE MAQUINAS E EQUIPAMENTOS LTDA -ME;4;2;1;Completa;Serviço;Despesa extra orçamentária;2026-02-23;2026-02-23;2026-04-06;631,2;Não
2010 - INST.DE PREVIDENCIA DOS SERVIDORES DO EST.M.GERAIS;Nota fiscal;00.986.846/0012-03;ST JUDE MEDICAL BRASIL LTDA;52674;201;1;Completa - Recebimento definitivo;Consumo;Despesa extra orçamentária;2026-03-30;2026-04-01;2026-04-06;177,1;Não
1190 - SECRETARIA DE ESTADO DE FAZENDA DE MINAS GERAIS;Nota fiscal;06.976.881/0001-67;MS - SEGURANCA ELETRONICA LTDA - ME;1576;900;1;Completa;Serviço;Despesa orçamentária;2026-04-01;2026-04-06;2026-04-06;300,0;Não
1260 - SECRETARIA DE ESTADO DE EDUCACAO;Nota fiscal;16.906.004/0001-73;KS ARQUITETURA E CONSTRUCAO LTDA;229;;1;Completa;Serviço;Despesa orçamentária;2026-03-26;2026-03-26;2026-04-06;10363,82;Não
2260 - FUNDACAO EZEQUIEL DIAS;Nota fiscal;59.309.302/0001-99;INJEX INDUSTRIAS CIRURGICAS LTDA;161170;1;1;Completa - Recebimento definitivo;Consumo;Despesa orçamentária;2026-03-23;2026-03-31;2026-04-06;72,0;Não
1450 - SECRETARIA DE ESTADO DE JUSTICA E SEGURANCA PUBLIC;Nota fiscal;11.319.926/0001-60;KSM MANUTENCAO DE MAQUINAS E EQUIPAMENTOS LTDA -ME;739;1;1;Completa;Serviço;Despesa extra orçamentária;2025-08-15;2025-08-15;2026-04-06;1656,0;Não
1190 - SECRETARIA DE ESTADO DE FAZENDA DE MINAS GERAIS;Outros;06.981.180/0001-16;CEMIG DISTRIBUICAO S.A.;375784500;;1;Completa;Serviço;Despesa orçamentária;2026-04-02;2026-04-06;2026-04-06;28122,04;Não
1710 - SECRETARIA DE ESTADO DE COMUNICACAO SOCIAL;Nota fiscal;19.140.342/0001-35;PERFIL 252 COMUNICACAO COMPLETA LTDA.;566;;1;Completa;Serviço;Despesa extra orçamentária;2026-03-14;2026-04-06;2026-04-06;1145,53;Não
2010 - INST.DE PREVIDENCIA DOS SERVIDORES DO EST.M.GERAIS;Nota fiscal;03.787.326/0001-07;H MEDICAL IMPORTACAO E COMERCIO LTDA;11466;2;1;Completa - Recebimento definitivo;Consumo;Despesa orçamentária;2026-03-30;2026-04-01;2026-04-06;4690,0;Não
1250 - POLICIA MILITAR DE MINAS GERAIS;Nota fiscal;11.884.499/0001-63;J EMPREENDIMENTOS REFRIGERACAO E CLIMATIZACAO LTDA;82;;1;Completa;Serviço;Despesa extra orçamentária;2026-03-31;2026-04-06;2026-04-06;1149,99;Não
1320 - SECRETARIA DE ESTADO DA SAUDE;Nota fiscal;07.432.517/0001-07;SIMPRESS COMERCIO LOCACAO E SERVICOS LTDA;368999;;1;Completa;Serviço;Despesa orçamentária;2026-03-17;2026-03-24;2026-04-06;343,16;Não
2350 - UNIVERSIDADE DO ESTADO DE MINAS GERAIS;Nota fiscal;33.224.254/0001-42;MGS MINAS GERAIS ADMINISTRACAO E SERVICOS S/A;202611527;1;1;Incompleta;Serviço;Despesa orçamentária;2026-03-23;2026-03-26;2026-04-06;111619,23;Não
2010 - INST.DE PREVIDENCIA DOS SERVIDORES DO EST.M.GERAIS;Nota fiscal;41.721.051/0001-90;TRAUMINAS DISTRIBUIDORA DE MATERIAIS CIRURGICOS HOSPITALARES LTDA;1523061;1;1;Completa - Recebimento definitivo;Consumo;Despesa orçamentária;2026-03-30;2026-04-01;2026-04-06;7510,3;Não
1090 - PROCURADORIA GERAL DE JUSTICA;Nota fiscal;10.174.094/0001-79;GAMA LUZ COMERCIO VAREJISTA LTDA;2974;1;1;Completa - Disponível para recebimento definitivo;Consumo;Despesa orçamentária;2026-03-24;2026-03-24;2026-04-06;48714,5;Não
1010 - ASSEMBLEIA LEGISLATIVA DO ESTADO DE MINAS GERAIS;Nota fiscal;14.551.828/0001-42;VITHA SERVICE - EMPRESA DE ADMINISTRACAO E TERCEIRIZACAO DE SERVICOS LTDA;5312026;;1;Completa;Serviço;Despesa orçamentária;2026-03-30;2026-03-31;2026-04-06;219800,43;Não
2270 - FUNDACAO HOSPITALAR DO ESTADO DE MINAS GERAIS;Nota fiscal;35.820.448/0030-70;WHITE MARTINS GASES INDUSTRIAIS LTDA;21059;;1;Completa - Recebimento definitivo;Consumo;Despesa orçamentária;2026-03-25;2026-03-25;2026-04-06;153,84;Não
2010 - INST.DE PREVIDENCIA DOS SERVIDORES DO EST.M.GERAIS;Nota fiscal;17.085.673/0001-94;NEXOMED HOSPITALAR LTDA;40024;1;1;Completa - Recebimento definitivo;Consumo;Despesa orçamentária;2026-03-30;2026-04-01;2026-04-06;3931,09;Não
1010 - ASSEMBLEIA LEGISLATIVA DO ESTADO DE MINAS GERAIS;Nota fiscal;14.551.828/0001-42;VITHA SERVICE - EMPRESA DE ADMINISTRACAO E TERCEIRIZACAO DE SERVICOS LTDA;5322026;;1;Completa;Serviço;Despesa orçamentária;2026-03-30;2026-03-31;2026-04-06;1996,39;Não
2370 - INSTITUTO MINEIRO DE AGROPECUARIA;Outros;76.535.764/0001-43;OI S.A. - EM RECUPERACAO JUDICIAL;1700461753041;;1;Completa;Serviço;Despesa orçamentária;2026-03-21;2026-03-27;2026-04-06;203,16;Não
1710 - SECRETARIA DE ESTADO DE COMUNICACAO SOCIAL;Nota fiscal;19.140.342/0001-35;PERFIL 252 COMUNICACAO COMPLETA LTDA.;568;;1;Completa;Serviço;Despesa extra orçamentária;2026-03-14;2026-04-06;2026-04-06;671,52;Não
2270 - FUNDACAO HOSPITALAR DO ESTADO DE MINAS GERAIS;Nota fiscal;09.400.443/0001-44;OFICIAL PAPER INDUSTRIA E COMERCIO LTDA;13204;1;1;Completa - Recebimento definitivo;Consumo;Despesa extra orçamentária;2026-03-27;2026-03-27;2026-04-06;2197,0;Não
1190 - SECRETARIA DE ESTADO DE FAZENDA DE MINAS GERAIS;Nota fiscal;01.389.269/0001-74;ALCTEL TELECOMUNICACOES E INFORMATICA LTDA;667;;1;Completa;Serviço;Despesa orçamentária;2026-04-01;2026-04-06;2026-04-06;67,19;Não
2310 - UNIVERSIDADE ESTADUAL DE MONTES CLAROS;Nota fiscal;03.526.622/0001-46;C & D INDUSTRIA E COMERCIO DE ALIMENTOS LTDA;19174;1;1;Completa - Recebimento definitivo;Consumo;Despesa extra orçamentária;2026-03-25;2026-04-06;2026-04-06;5758,12;Não
1450 - SECRETARIA DE ESTADO DE JUSTICA E SEGURANCA PUBLIC;Nota fiscal;11.319.926/0001-60;KSM MANUTENCAO DE MAQUINAS E EQUIPAMENTOS LTDA -ME;16;1;1;Completa;Serviço;Despesa extra orçamentária;2026-02-28;2026-02-28;2026-04-06;1250,88;Não
1010 - ASSEMBLEIA LEGISLATIVA DO ESTADO DE MINAS GERAIS;Nota fiscal;14.551.828/0001-42;VITHA SERVICE - EMPRESA DE ADMINISTRACAO E TERCEIRIZACAO DE SERVICOS LTDA;5302026;;1;Completa;Serviço;Despesa orçamentária;2026-03-30;2026-03-31;2026-04-06;43,02;Não
2010 - INST.DE PREVIDENCIA DOS SERVIDORES DO EST.M.GERAIS;Nota fiscal;41.721.051/0001-90;TRAUMINAS DISTRIBUIDORA DE MATERIAIS CIRURGICOS HOSPITALARES LTDA;1522688;1;1;Completa - Recebimento definitivo;Consumo;Despesa orçamentária;2026-03-30;2026-04-01;2026-04-06;714,63;Não
1010 - ASSEMBLEIA LEGISLATIVA DO ESTADO DE MINAS GERAIS;Nota fiscal;14.551.828/0001-42;VITHA SERVICE - EMPRESA DE ADMINISTRACAO E TERCEIRIZACAO DE SERVICOS LTDA;5332026;;1;Completa;Serviço;Despesa orçamentária;2026-03-30;2026-03-31;2026-04-06;7,07;Não
2270 - FUNDACAO HOSPITALAR DO ESTADO DE MINAS GERAIS;Nota fiscal;00.740.696/0001-92;PMH PRODUTOS MEDICOS HOSPITALARES LTDA;470756;;1;Completa - Recebimento definitivo;Consumo;Despesa orçamentária;2026-03-19;2026-03-25;2026-04-06;5838,0;Não
2270 - FUNDACAO HOSPITALAR DO ESTADO DE MINAS GERAIS;Nota fiscal;21.921.393/0003-08;ORTHO CLINICAL DIAGNOSTICS DO BRASIL PRODUTOS PARA SAUDE LTDA.;269735;1;1;Completa - Recebimento definitivo;Consumo;Despesa orçamentária;2026-03-27;2026-04-02;2026-04-06;3935,0;Não
2270 - FUNDACAO HOSPITALAR DO ESTADO DE MINAS GERAIS;Nota fiscal;10.426.715/0001-64;CONSORCIO OTIMO DE BILHETAGEM ELETRONICA;3826006508181;;1;Completa;Serviço;Despesa orçamentária;2026-04-06;2026-04-06;2026-04-06;17,35;Não
1710 - SECRETARIA DE ESTADO DE COMUNICACAO SOCIAL;Outros;18.351.226/0001-00;ORO COMUNICACAO LTDA.;373;;1;Completa;Serviço;Despesa extra orçamentária;2026-03-23;2026-04-06;2026-04-06;39224,72;Não
2010 - INST.DE PREVIDENCIA DOS SERVIDORES DO EST.M.GERAIS;Nota fiscal;41.721.051/0001-90;TRAUMINAS DISTRIBUIDORA DE MATERIAIS CIRURGICOS HOSPITALARES LTDA;1522752;1;1;Completa - Recebimento definitivo;Consumo;Despesa orçamentária;2026-03-30;2026-04-01;2026-04-06;9016,61;Não
1190 - SECRETARIA DE ESTADO DE FAZENDA DE MINAS GERAIS;Nota fiscal;33.224.254/0001-42;MGS MINAS GERAIS ADMINISTRACAO E SERVICOS S/A;12632;1;1;Completa;Serviço;Despesa orçamentária;2026-03-30;2026-04-06;2026-04-06;38838,36;Não
2270 - FUNDACAO HOSPITALAR DO ESTADO DE MINAS GERAIS;Nota fiscal;09.400.443/0001-44;OFICIAL PAPER INDUSTRIA E COMERCIO LTDA;13206;1;1;Completa - Recebimento definitivo;Consumo;Despesa extra orçamentária;2026-03-27;2026-03-27;2026-04-06;3354,0;Não
2270 - FUNDACAO HOSPITALAR DO ESTADO DE MINAS GERAIS;Nota fiscal;73.856.593/0010-57;PRATI, DONADUZZI & CIA LTDA;994833;1;1;Completa - Recebimento definitivo;Consumo;Despesa orçamentária;2026-03-16;2026-03-30;2026-04-06;66,0;Não
2370 - INSTITUTO MINEIRO DE AGROPECUARIA;Outros;76.535.764/0001-43;OI S.A. - EM RECUPERACAO JUDICIAL;1700461753034;;1;Completa;Serviço;Despesa orçamentária;2026-03-21;2026-03-30;2026-04-06;101,58;Não
1320 - SECRETARIA DE ESTADO DA SAUDE;Nota fiscal;07.432.517/0001-07;SIMPRESS COMERCIO LOCACAO E SERVICOS LTDA;368915;;1;Completa;Serviço;Despesa orçamentária;2026-03-17;2026-04-06;2026-04-06;625,28;Não
1450 - SECRETARIA DE ESTADO DE JUSTICA E SEGURANCA PUBLIC;Nota fiscal;02.997.091/0001-07;BRASCOEMP BRASIL CONSTRUCOES E EMPREENDIMENTOS LTDA ;44;3;1;Completa;Serviço;Despesa extra orçamentária;2026-02-19;2026-02-19;2026-04-06;148568,85;Não
1320 - SECRETARIA DE ESTADO DA SAUDE;Nota fiscal;07.432.517/0001-07;SIMPRESS COMERCIO LOCACAO E SERVICOS LTDA;369514;;1;Completa;Serviço;Despesa orçamentária;2026-03-17;2026-04-06;2026-04-06;364,44;Não
1250 - POLICIA MILITAR DE MINAS GERAIS;Nota fiscal;70.958.392/0001-81;BIOBYTE SISTEMAS LTDA;166;;1;Completa;Serviço;Despesa orçamentária;2026-04-01;2026-04-06;2026-04-06;2616,5;Não
2310 - UNIVERSIDADE ESTADUAL DE MONTES CLAROS;Nota fiscal;03.526.622/0001-46;C & D INDUSTRIA E COMERCIO DE ALIMENTOS LTDA;19173;1;2;Completa - Recebimento definitivo;Consumo;Despesa extra orçamentária;2026-03-25;2026-04-06;2026-04-06;9139,71;Não
2270 - FUNDACAO HOSPITALAR DO ESTADO DE MINAS GERAIS;Nota fiscal;12.927.876/0001-67;SOMA/MG PRODUTOS HOSPITALARES LTDA;369011;1;1;Completa - Recebimento definitivo;Consumo;Despesa orçamentária;2026-03-27;2026-03-30;2026-04-06;1032,0;Não
1710 - SECRETARIA DE ESTADO DE COMUNICACAO SOCIAL;Nota fiscal;05.893.556/0001-78;CLX COMUNICACAO E PUBLICIDADE LTDA;321;;1;Completa;Serviço;Despesa extra orçamentária;2026-03-18;2026-04-06;2026-04-06;12555,39;Não
2270 - FUNDACAO HOSPITALAR DO ESTADO DE MINAS GERAIS;Nota fiscal;09.400.443/0001-44;OFICIAL PAPER INDUSTRIA E COMERCIO LTDA;13205;1;1;Completa - Recebimento definitivo;Consumo;Despesa extra orçamentária;2026-03-27;2026-03-27;2026-04-06;12454,0;Não
2270 - FUNDACAO HOSPITALAR DO ESTADO DE MINAS GERAIS;Nota fiscal;71.957.310/0001-47;GREINER BIO-ONE BRASIL PRODUTOS MEDICOS HOSPITALARES LTDA;245825;;1;Completa - Recebimento definitivo;Consumo;Despesa orçamentária;2026-03-10;2026-03-25;2026-04-06;1728,0;Não
1090 - PROCURADORIA GERAL DE JUSTICA;Nota fiscal;34.454.477/0001-69;PLANEAR ENGENHARIA DE AR CONDICIONADO LTDA;2026158;;1;Completa;Serviço;Despesa orçamentária;2026-04-01;2026-04-01;2026-04-06;9723,64;Não
1250 - POLICIA MILITAR DE MINAS GERAIS;Nota fiscal;07.418.547/0003-12;HBR AVIACAO S.A.;2772026;;1;Completa;Serviço;Despesa extra orçamentária;2026-03-31;2026-04-01;2026-04-06;920,0;Não
1030 - TRIBUNAL DE JUSTICA DO ESTADO DE MINAS GERAIS;Nota fiscal;04.960.022/0001-54;JEQUITIBA ENGENHARIA E EMPREENDIMENTOS LTDA;20261601;;1;Completa;Serviço;Despesa orçamentária;2026-04-06;2026-04-06;2026-04-06;40160,81;Não
1320 - SECRETARIA DE ESTADO DA SAUDE;Nota fiscal;07.432.517/0001-07;SIMPRESS COMERCIO LOCACAO E SERVICOS LTDA;368912;;1;Completa;Serviço;Despesa orçamentária;2026-03-17;2026-03-17;2026-04-06;507,21;Não
1710 - SECRETARIA DE ESTADO DE COMUNICACAO SOCIAL;Outros;18.351.226/0001-00;ORO COMUNICACAO LTDA.;331;;1;Completa;Serviço;Despesa extra orçamentária;2026-03-16;2026-04-06;2026-04-06;244742,6;Não
1190 - SECRETARIA DE ESTADO DE FAZENDA DE MINAS GERAIS;Outros;33.224.254/0001-42;MGS MINAS GERAIS ADMINISTRACAO E SERVICOS S/A;680691;;1;Completa;Serviço;Despesa orçamentária;2026-03-30;2026-04-06;2026-04-06;2985,52;Não
1500 - SECRETARIA DE ESTADO DE PLANEJAMENTO E GESTAO;Outros;33.224.254/0001-42;MGS MINAS GERAIS ADMINISTRACAO E SERVICOS S/A;679871;;1;Completa;Serviço;Despesa orçamentária;2026-03-25;2026-03-26;2026-04-06;481,32;Não
1190 - SECRETARIA DE ESTADO DE FAZENDA DE MINAS GERAIS;Nota fiscal;03.539.943/0001-85;ALARMES LORD LTDA -ME;325;;1;Completa;Serviço;Despesa orçamentária;2026-03-31;2026-04-06;2026-04-06;1003,03;Não
1320 - SECRETARIA DE ESTADO DA SAUDE;Nota fiscal;07.432.517/0001-07;SIMPRESS COMERCIO LOCACAO E SERVICOS LTDA;368941;;1;Completa;Serviço;Despesa orçamentária;2026-03-17;2026-04-06;2026-04-06;979,49;Não
2350 - UNIVERSIDADE DO ESTADO DE MINAS GERAIS;Nota fiscal;***.258.028-**;FERNANDO DE FARIA REIS;18;1;1;Completa;Serviço;Despesa orçamentária;2026-03-01;2026-04-01;2026-04-06;1822,03;Não
2270 - FUNDACAO HOSPITALAR DO ESTADO DE MINAS GERAIS;Nota fiscal;08.093.178/0001-36;VIGI & SEG VIGILANCIA E SEGURANCA LTDA;114;1;1;Completa;Serviço;Despesa orçamentária;2026-04-02;2026-04-06;2026-04-06;63699,52;Não
2310 - UNIVERSIDADE ESTADUAL DE MONTES CLAROS;Nota fiscal;43.029.546/0001-88;INB COMERCIO LTDA;1997;1;1;Completa - Recebimento definitivo;Consumo;Despesa orçamentária;2026-03-25;2026-04-06;2026-04-06;324,0;Não
1260 - SECRETARIA DE ESTADO DE EDUCACAO;Outros;03.049.886/0001-56;FADEMA - FUNDACAO DE APOIO AO DESENVOLVIMENTO DA EXTENSAO, PESQUISA, ENSINO PROFISSIONALIZANTE E TECNOLOGICO;136778936;;1;Completa;Serviço;Despesa orçamentária;2026-04-01;2026-04-01;2026-04-06;8020,0;Não
1320 - SECRETARIA DE ESTADO DA SAUDE;Nota fiscal;33.224.254/0001-42;MGS MINAS GERAIS ADMINISTRACAO E SERVICOS S/A;680920;;1;Completa;Serviço;Despesa orçamentária;2026-03-30;2026-04-06;2026-04-06;528,36;Não
2270 - FUNDACAO HOSPITALAR DO ESTADO DE MINAS GERAIS;Nota fiscal;61.418.042/0001-31;CIRURGICA FERNANDES - COMERCIO DE MATERIAIS CIRURGICOS E HOSPITALARES - SOCIEDADE LIMITADA;1971790;;1;Completa - Recebimento definitivo;Consumo;Despesa orçamentária;2026-03-19;2026-03-26;2026-04-06;150,0;Não
1260 - SECRETARIA DE ESTADO DE EDUCACAO;Nota fiscal;42.927.327/0001-53;E F PROJETOS E ENGENHARIA LTDA;40;;1;Completa;Serviço;Despesa orçamentária;2026-03-24;2026-03-24;2026-04-06;6991,59;Não
1710 - SECRETARIA DE ESTADO DE COMUNICACAO SOCIAL;Nota fiscal;24.172.716/0001-34;FLD S.A.;1182;;1;Completa;Serviço;Despesa extra orçamentária;2026-03-03;2026-04-06;2026-04-06;450785,92;Não
2270 - FUNDACAO HOSPITALAR DO ESTADO DE MINAS GERAIS;Nota fiscal;12.499.494/0002-60;HOSPINOVA DISTRIBUIDORA DE PRODUTOS HOSPITALARES LTDA.;7726;;1;Completa - Recebimento definitivo;Consumo;Despesa orçamentária;2026-04-01;2026-04-06;2026-04-06;28452,4;Não
2010 - INST.DE PREVIDENCIA DOS SERVIDORES DO EST.M.GERAIS;Outros;***.980.146-**;MARTINHA ELIANE NADALINI HOFFMANN SCHMITT;32026;;1;Completa;Serviço;Despesa orçamentária;2026-04-06;2026-04-06;2026-04-06;5671,37;Não
2270 - FUNDACAO HOSPITALAR DO ESTADO DE MINAS GERAIS;Nota fiscal;35.820.448/0030-70;WHITE MARTINS GASES INDUSTRIAIS LTDA;21101;;1;Completa - Recebimento definitivo;Consumo;Despesa orçamentária;2026-03-28;2026-03-28;2026-04-06;128,2;Não
1320 - SECRETARIA DE ESTADO DA SAUDE;Nota fiscal;23.387.194/0001-25;IMOBILIARIA RIBEIRO LTDA;65;;1;Completa;Serviço;Despesa orçamentária;2026-03-31;2026-04-06;2026-04-06;9919,9;Não
1260 - SECRETARIA DE ESTADO DE EDUCACAO;Outros;***.569.406-**;JOAO CACIANO DAMASCENO;2;;1;Completa;Serviço;Despesa orçamentária;2026-04-06;2026-04-06;2026-04-06;25110,07;Não
1510 - POLICIA CIVIL DO ESTADO DE MINAS GERAIS;Outros;***.195.596-**;PEDRO OSCAR BENFICA;3;26;1;Completa;Serviço;Despesa orçamentária;2026-03-31;2026-03-31;2026-04-06;3230,39;Não
1090 - PROCURADORIA GERAL DE JUSTICA;Nota fiscal;20.982.406/0001-24;BRAVO AR SERVICE COMERCIO MAQUINAS E EQUIPAMENTOS LTDA;2026103;;1;Completa;Serviço;Despesa orçamentária;2026-04-01;2026-04-01;2026-04-06;21364,51;Não
1320 - SECRETARIA DE ESTADO DA SAUDE;Nota fiscal;07.432.517/0001-07;SIMPRESS COMERCIO LOCACAO E SERVICOS LTDA;368935;;1;Completa;Serviço;Despesa orçamentária;2026-03-17;2026-03-17;2026-04-06;88,28;Não
2270 - FUNDACAO HOSPITALAR DO ESTADO DE MINAS GERAIS;Nota fiscal;29.290.196/0001-88;MALINOIS LICITACOES LTDA;264;;1;Completa - Recebimento definitivo;Consumo;Despesa orçamentária;2026-03-12;2026-04-06;2026-04-06;1194,0;Não
1260 - SECRETARIA DE ESTADO DE EDUCACAO;Nota fiscal;42.927.327/0001-53;E F PROJETOS E ENGENHARIA LTDA;41;;1;Completa;Serviço;Despesa orçamentária;2026-03-24;2026-03-24;2026-04-06;79822,68;Não
2330 - INSTITUTO DE METROLOGIA E QUALIDADE DE MG;Outros;16.888.649/0001-20;COUTO E OLIVEIRA IMOVEIS LTDA. - ME;32026;;1;Completa;Serviço;Despesa orçamentária;2026-04-06;2026-04-06;2026-04-06;1766,52;Não
2300 - DEPARTAMENTO DE ESTRADAS DE RODAGEM;Nota fiscal;33.224.254/0001-42;MGS MINAS GERAIS ADMINISTRACAO E SERVICOS S/A;12293;1;1;Incompleta;Serviço;Despesa orçamentária;2026-03-26;2026-03-26;2026-04-06;23622,22;Não
1260 - SECRETARIA DE ESTADO DE EDUCACAO;Nota fiscal;42.927.327/0001-53;E F PROJETOS E ENGENHARIA LTDA;42;;1;Completa;Serviço;Despesa orçamentária;2026-03-24;2026-03-24;2026-04-06;66537,24;Não
1260 - SECRETARIA DE ESTADO DE EDUCACAO;Nota fiscal;42.927.327/0001-53;E F PROJETOS E ENGENHARIA LTDA;44;;1;Completa;Serviço;Despesa orçamentária;2026-03-27;2026-03-27;2026-04-06;98343,7;Não
2270 - FUNDACAO HOSPITALAR DO ESTADO DE MINAS GERAIS;Nota fiscal;06.981.180/0001-16;CEMIG DISTRIBUICAO S.A.;375782852;;1;Completa;Serviço;Despesa orçamentária;2026-04-02;2026-04-02;2026-04-06;15349,63;Não
2270 - FUNDACAO HOSPITALAR DO ESTADO DE MINAS GERAIS;Nota fiscal;21.921.393/0003-08;ORTHO CLINICAL DIAGNOSTICS DO BRASIL PRODUTOS PARA SAUDE LTDA.;269846;1;1;Completa - Recebimento definitivo;Consumo;Despesa orçamentária;2026-03-27;2026-04-02;2026-04-06;120426,6;Não
1020 - TRIBUNAL DE CONTAS DO ESTADO DE MINAS GERAIS;Nota fiscal;23.248.665/0001-14;HOMEMURBANO EIRELI;262;;1;Completa;Serviço;Despesa orçamentária;2026-04-01;2026-04-01;2026-04-06;511,91;Não
2350 - UNIVERSIDADE DO ESTADO DE MINAS GERAIS;Nota fiscal;38.726.618/0001-06;LANDAETA EMPREENDIMENTOS IMOBILIARIOS LTDA -EPP;444;;1;Completa;Serviço;Despesa orçamentária;2026-03-01;2026-04-01;2026-04-06;115474,66;Não
1710 - SECRETARIA DE ESTADO DE COMUNICACAO SOCIAL;Nota fiscal;24.172.716/0001-34;FLD S.A.;1379;;1;Completa;Serviço;Despesa extra orçamentária;2026-03-13;2026-04-06;2026-04-06;559115,9;Não
1500 - SECRETARIA DE ESTADO DE PLANEJAMENTO E GESTAO;Outros;33.224.254/0001-42;MGS MINAS GERAIS ADMINISTRACAO E SERVICOS S/A;679939;;1;Completa;Serviço;Despesa orçamentária;2026-03-25;2026-03-26;2026-04-06;504,24;Não
2270 - FUNDACAO HOSPITALAR DO ESTADO DE MINAS GERAIS;Nota fiscal;19.717.870/0001-04;KIENTRO BRASIL LTDA;4546;;1;Completa - Recebimento definitivo;Consumo;Despesa orçamentária;2026-03-17;2026-03-26;2026-04-06;414,72;Não
2260 - FUNDACAO EZEQUIEL DIAS;Outros;33.224.254/0001-42;MGS MINAS GERAIS ADMINISTRACAO E SERVICOS S/A;12346;2;1;Completa;Serviço;Despesa orçamentária;2026-03-27;2026-03-31;2026-04-06;1382369,63;Não
2270 - FUNDACAO HOSPITALAR DO ESTADO DE MINAS GERAIS;Nota fiscal;76.386.283/0001-13;DIMEVA DISTRIBUIDORA E IMPORTADORA LTDA;121651;1;1;Completa - Recebimento definitivo;Consumo;Despesa orçamentária;2026-03-09;2026-03-25;2026-04-06;234,0;Não
2420 - INSTITUTO DE DESENVOLVIMENTO NORTE E NORDESTE MG;Nota fiscal;19.138.457/0001-95;ALGOR INDUSTRIA AGRICOLA LTDA;1456;3;1;Completa - Recebimento definitivo;Permanente;Despesa extra orçamentária;2026-02-27;2026-03-10;2026-04-06;74100,0;Não
2330 - INSTITUTO DE METROLOGIA E QUALIDADE DE MG;Outros;05.002.545/0001-50;DINAMICA ADMINISTRADORA DE IMOVEIS E SERVICOS LTDA;32026;;1;Completa;Serviço;Despesa orçamentária;2026-04-06;2026-04-06;2026-04-06;2617,02;Não
1710 - SECRETARIA DE ESTADO DE COMUNICACAO SOCIAL;Nota fiscal;24.172.716/0001-34;FLD S.A.;1350;;1;Completa;Serviço;Despesa orçamentária;2026-03-13;2026-04-06;2026-04-06;101,6;Não
2270 - FUNDACAO HOSPITALAR DO ESTADO DE MINAS GERAIS;Nota fiscal;00.201.182/0001-69;DISTRIBUIDORA DE AGUAS MINERAIS BH LTDA -EPP;34673;;1;Completa - Recebimento definitivo;Consumo;Despesa orçamentária;2026-04-01;2026-04-01;2026-04-06;2805,0;Não
1500 - SECRETARIA DE ESTADO DE PLANEJAMENTO E GESTAO;Outros;33.224.254/0001-42;MGS MINAS GERAIS ADMINISTRACAO E SERVICOS S/A;680016;;1;Completa;Serviço;Despesa orçamentária;2026-03-25;2026-03-26;2026-04-06;504,24;Não
1450 - SECRETARIA DE ESTADO DE JUSTICA E SEGURANCA PUBLIC;Nota fiscal;18.261.811/0001-01;SAMIR CAVALCANTE AUR;2937;;1;Completa;Serviço;Despesa orçamentária;2026-03-06;2026-03-06;2026-04-06;162507,69;Não
2150 - FUNDACAO HELENA ANTIPOFF;Nota fiscal;33.869.831/0001-53;GEBERTE FREIRE SILVA LTDA;955;1;1;Completa - Recebimento definitivo;Consumo;Despesa orçamentária;2026-04-01;2026-04-01;2026-04-06;3988,4;Não
1250 - POLICIA MILITAR DE MINAS GERAIS;Outros;71.134.886/0001-04;HOSPITAL VETERINARIO VIANNA SS;202600000015379;;1;Completa;Serviço;Despesa extra orçamentária;2026-03-27;2026-04-06;2026-04-06;648,0;Não
1320 - SECRETARIA DE ESTADO DA SAUDE;Nota fiscal;07.432.517/0001-07;SIMPRESS COMERCIO LOCACAO E SERVICOS LTDA;368919;;1;Completa;Serviço;Despesa orçamentária;2026-03-17;2026-04-06;2026-04-06;193,42;Não
1250 - POLICIA MILITAR DE MINAS GERAIS;Nota fiscal;18.934.686/0001-53;JOSE KLEBER LIMA;44;;1;Completa;Serviço;Despesa orçamentária;2026-03-31;2026-04-06;2026-04-06;3929,0;Não
1190 - SECRETARIA DE ESTADO DE FAZENDA DE MINAS GERAIS;Nota fiscal;01.548.339/0001-90;SERTA SERVICOS TECNICOS E ADMINISTRATIVOS LTDA - EM RECUPERACAO JUDICIAL;3097;;1;Completa;Serviço;Despesa orçamentária;2026-04-01;2026-04-01;2026-04-06;2965,86;Não
2270 - FUNDACAO HOSPITALAR DO ESTADO DE MINAS GERAIS;Nota fiscal;09.339.471/0001-01;MENDES JUNIOR SOLUCOES AMBIENTAIS LTDA;204;;1;Completa;Serviço;Despesa orçamentária;2026-04-02;2026-04-06;2026-04-06;1113,0;Não
1260 - SECRETARIA DE ESTADO DE EDUCACAO;Nota fiscal;27.258.184/0001-40;ELEVACO LTDA;325;;1;Completa;Serviço;Despesa orçamentária;2026-04-02;2026-04-06;2026-04-06;255,86;Não
2010 - INST.DE PREVIDENCIA DOS SERVIDORES DO EST.M.GERAIS;Nota fiscal;06.025.158/0001-00;OX-GENIUM EQUIPAMENTOS MEDICOS HOSPITALARES LTDA - EPP;178;;1;Completa;Serviço;Despesa orçamentária;2026-03-31;2026-03-31;2026-04-06;1458,33;Não
2270 - FUNDACAO HOSPITALAR DO ESTADO DE MINAS GERAIS;Nota fiscal;12.927.876/0001-67;SOMA/MG PRODUTOS HOSPITALARES LTDA;369510;;1;Completa - Recebimento definitivo;Consumo;Despesa orçamentária;2026-03-31;2026-04-06;2026-04-06;130,0;Não
1190 - SECRETARIA DE ESTADO DE FAZENDA DE MINAS GERAIS;Nota fiscal;01.548.339/0001-90;SERTA SERVICOS TECNICOS E ADMINISTRATIVOS LTDA - EM RECUPERACAO JUDICIAL;3098;;1;Completa;Serviço;Despesa orçamentária;2026-04-01;2026-04-01;2026-04-06;197,02;Não
2270 - FUNDACAO HOSPITALAR DO ESTADO DE MINAS GERAIS;Nota fiscal;17.085.673/0001-94;NEXOMED HOSPITALAR LTDA;40035;1;1;Completa;Serviço;Despesa orçamentária;2026-04-01;2026-04-01;2026-04-06;8814,58;Não
1030 - TRIBUNAL DE JUSTICA DO ESTADO DE MINAS GERAIS;Nota fiscal;55.403.198/0001-46;MATEUS ALEXANDRE DA SILVA;31;;1;Completa;Serviço;Despesa orçamentária;2026-04-04;2026-04-05;2026-04-06;2790,8;Não
2270 - FUNDACAO HOSPITALAR DO ESTADO DE MINAS GERAIS;Nota fiscal;06.981.180/0001-16;CEMIG DISTRIBUICAO S.A.;375785833;;1;Completa;Serviço;Despesa orçamentária;2026-04-02;2026-04-06;2026-04-06;65300,91;Não
2270 - FUNDACAO HOSPITALAR DO ESTADO DE MINAS GERAIS;Nota fiscal;01.640.262/0001-83;CITOPHARMA MANIPULACAO DE MEDICAMENTOS ESPECIAIS LTDA;11357;3;1;Completa - Recebimento definitivo;Consumo;Despesa orçamentária;2026-03-26;2026-03-27;2026-04-06;65,6;Não
2320 - FUNDACAO CENTRO DE HEMATOLOGIA E HEMOTERAPIA DE MG;Nota fiscal;00.503.272/0001-04;AUTO SERVICOS SANTO AGOSTINHO LTDA;32555;1;1;Completa - Recebimento definitivo;Consumo;Despesa orçamentária;2026-04-01;2026-04-06;2026-04-06;4096,63;Não
2270 - FUNDACAO HOSPITALAR DO ESTADO DE MINAS GERAIS;Nota fiscal;40.772.091/0001-06;TECHSTERI LTDA;11447;;1;Completa - Recebimento definitivo;Consumo;Despesa orçamentária;2026-03-23;2026-03-26;2026-04-06;980,0;Não
1500 - SECRETARIA DE ESTADO DE PLANEJAMENTO E GESTAO;Outros;33.224.254/0001-42;MGS MINAS GERAIS ADMINISTRACAO E SERVICOS S/A;679830;;1;Completa;Serviço;Despesa orçamentária;2026-03-25;2026-03-26;2026-04-06;435,48;Não
1710 - SECRETARIA DE ESTADO DE COMUNICACAO SOCIAL;Nota fiscal;24.172.716/0001-34;FLD S.A.;1353;;1;Completa;Serviço;Despesa orçamentária;2026-03-13;2026-04-06;2026-04-06;101,6;Não
2150 - FUNDACAO HELENA ANTIPOFF;Nota fiscal;33.869.831/0001-53;GEBERTE FREIRE SILVA LTDA;957;1;1;Completa - Recebimento definitivo;Consumo;Despesa orçamentária;2026-04-01;2026-04-01;2026-04-06;1196,52;Não
1480 - SECRETARIA DE ESTADO DE DESENVOLVIMENTO SOCIAL;Nota fiscal;07.132.995/0001-93;KEPLER VIAGENS, EVENTOS E TURISMO LTDA;672025;;1;Completa;Serviço;Despesa orçamentária;2025-11-25;2025-11-25;2026-04-06;26964,66;Não
1050 - TRIBUNAL DE JUSTICA MILITAR DO ESTADO DE M.G.;Outros;45.955.633/0001-91;CONSORCIO CEMIG SIM GD III;9975701;;1;Completa;Serviço;Despesa orçamentária;2026-04-02;2026-04-02;2026-04-06;27481,6;Não
2300 - DEPARTAMENTO DE ESTRADAS DE RODAGEM;Nota fiscal;59.128.553/0036-05;STRATURA ASFALTOS LTDA.;24631;;1;Completa - Recebimento definitivo;Consumo;Despesa orçamentária;2026-03-13;2026-04-06;2026-04-06;129746,96;Não
2270 - FUNDACAO HOSPITALAR DO ESTADO DE MINAS GERAIS;Nota fiscal;35.820.448/0030-70;WHITE MARTINS GASES INDUSTRIAIS LTDA;21114;;1;Completa - Recebimento definitivo;Consumo;Despesa orçamentária;2026-03-30;2026-03-30;2026-04-06;51,28;Não
1450 - SECRETARIA DE ESTADO DE JUSTICA E SEGURANCA PUBLIC;Nota fiscal;29.773.915/0001-11;FH METAIS LTDA;10319;1;1;Completa - Recebimento definitivo;Consumo;Despesa extra orçamentária;2026-04-02;2026-04-02;2026-04-06;58707,9;Não
2330 - INSTITUTO DE METROLOGIA E QUALIDADE DE MG;Outros;***.479.806-**;MARLENE MAFALDA DORNELAS;32026;;1;Completa;Serviço;Despesa orçamentária;2026-04-06;2026-04-06;2026-04-06;1577,59;Não
2270 - FUNDACAO HOSPITALAR DO ESTADO DE MINAS GERAIS;Nota fiscal;00.583.890/0001-01;FAMAP NUTRICAO PARENTERAL LTDA;471433;1;2;Completa - Recebimento definitivo;Consumo;Despesa extra orçamentária;2025-10-29;2025-10-29;2026-04-06;1361,09;Não
1260 - SECRETARIA DE ESTADO DE EDUCACAO;Nota fiscal;11.892.959/0001-03;EVOLUCAO ENGENHARIA CONSTRUCAO E ADMINISTRACAO LTDA;788;;1;Completa;Serviço;Despesa orçamentária;2026-03-27;2026-03-27;2026-04-06;68421,81;Não
1020 - TRIBUNAL DE CONTAS DO ESTADO DE MINAS GERAIS;Nota fiscal;14.278.276/0001-40;SX CORP LTDA;1772;;1;Completa;Serviço;Despesa orçamentária;2026-04-01;2026-04-01;2026-04-06;1522,83;Não
2270 - FUNDACAO HOSPITALAR DO ESTADO DE MINAS GERAIS;Nota fiscal;00.583.890/0001-01;FAMAP NUTRICAO PARENTERAL LTDA;471434;1;2;Completa - Recebimento definitivo;Consumo;Despesa extra orçamentária;2025-10-29;2025-10-29;2026-04-06;933,22;Não
1710 - SECRETARIA DE ESTADO DE COMUNICACAO SOCIAL;Nota fiscal;24.172.716/0001-34;FLD S.A.;1447;;1;Completa;Serviço;Despesa orçamentária;2026-03-17;2026-04-06;2026-04-06;101,6;Não
1030 - TRIBUNAL DE JUSTICA DO ESTADO DE MINAS GERAIS;Nota fiscal;03.535.902/0004-63;DECISION SERVICOS DE TECNOLOGIA DA INFORMACAO LTDA;62;;1;Completa;Serviço;Despesa orçamentária;2026-04-01;2026-04-01;2026-04-06;48946,26;Não
1250 - POLICIA MILITAR DE MINAS GERAIS;Nota fiscal;34.274.233/0025-71;VIBRA ENERGIA S.A;4855034;;1;Completa - Recebimento definitivo;Consumo;Despesa orçamentária;2026-04-02;2026-04-06;2026-04-06;22309,0;Não
2270 - FUNDACAO HOSPITALAR DO ESTADO DE MINAS GERAIS;Nota fiscal;06.981.180/0001-16;CEMIG DISTRIBUICAO S.A.;375785834;0;1;Completa;Serviço;Despesa orçamentária;2026-04-02;2026-04-06;2026-04-06;23593,0;Não
1260 - SECRETARIA DE ESTADO DE EDUCACAO;Outros;21.272.323/0001-04;MONTEZZI CORRETORA E ADMINISTRADORA DE IMOVEIS LTDA;3;3;1;Completa;Serviço;Despesa orçamentária;2026-04-06;2026-04-06;2026-04-06;2400,0;Não
1320 - SECRETARIA DE ESTADO DA SAUDE;Outros;33.224.254/0001-42;MGS MINAS GERAIS ADMINISTRACAO E SERVICOS S/A;678900;;1;Completa;Serviço;Despesa orçamentária;2026-03-19;2026-03-30;2026-04-06;22945,64;Não
2100 - INSTITUTO ESTADUAL DE FLORESTAS-IEF;Nota fiscal;71.220.016/0001-58;ELMAZ TARRAF COMERCIO DE CAMINHOES E ONIBUS LTDA;523725;;1;Completa;Serviço;Despesa extra orçamentária;2026-04-01;2026-04-01;2026-04-06;2100,02;Não
2270 - FUNDACAO HOSPITALAR DO ESTADO DE MINAS GERAIS;Nota fiscal;02.472.743/0001-90;DIMALAB ELETRONICS DO BRASIL LTDA - EPP;8061;;1;Completa - Recebimento definitivo;Consumo;Despesa orçamentária;2026-03-23;2026-03-25;2026-04-06;680,0;Não
1500 - SECRETARIA DE ESTADO DE PLANEJAMENTO E GESTAO;Outros;33.224.254/0001-42;MGS MINAS GERAIS ADMINISTRACAO E SERVICOS S/A;680017;;1;Completa;Serviço;Despesa orçamentária;2026-03-25;2026-03-26;2026-04-06;504,24;Não
2010 - INST.DE PREVIDENCIA DOS SERVIDORES DO EST.M.GERAIS;Nota fiscal;38.098.340/0001-70;BOSS MEDICAL, COMERCIO, IMPORTACAO, EXPORTACAO, REPRESENTACAO MATERIAL MEDICO HOSPITALAR LTDA;4913;1;1;Completa - Recebimento definitivo;Consumo;Despesa orçamentária;2026-03-31;2026-04-01;2026-04-06;99208,47;Não
1400 - CORPO DE BOMBEIROS MILITAR DE MINAS GERAIS;Outros;33.224.254/0001-42;MGS MINAS GERAIS ADMINISTRACAO E SERVICOS S/A;680003;;1;Completa;Serviço;Despesa orçamentária;2026-03-25;2026-03-26;2026-04-06;1995,2;Não
1250 - POLICIA MILITAR DE MINAS GERAIS;Nota fiscal;34.274.233/0025-71;VIBRA ENERGIA S.A;4848612;;1;Completa - Recebimento definitivo;Consumo;Despesa orçamentária;2026-03-25;2026-04-06;2026-04-06;17741,5;Não
2270 - FUNDACAO HOSPITALAR DO ESTADO DE MINAS GERAIS;Nota fiscal;21.681.325/0001-57;MULTIFARMA COMERCIO E REPRESENTACOES LTDA.;287850;1;1;Completa - Recebimento definitivo;Consumo;Despesa orçamentária;2026-03-18;2026-03-30;2026-04-06;564,0;Não
1320 - SECRETARIA DE ESTADO DA SAUDE;Nota fiscal;31.724.820/0001-50;ELETRICA VILEMAR LTDA;842;1;1;Incompleta;Serviço;Despesa orçamentária;2026-03-17;2026-04-01;2026-04-06;30,0;Não
1320 - SECRETARIA DE ESTADO DA SAUDE;Nota fiscal;33.224.254/0001-42;MGS MINAS GERAIS ADMINISTRACAO E SERVICOS S/A;202611188;;1;Completa;Serviço;Despesa orçamentária;2026-03-19;2026-03-30;2026-04-06;213874,95;Não
2270 - FUNDACAO HOSPITALAR DO ESTADO DE MINAS GERAIS;Nota fiscal;06.981.180/0001-16;CEMIG DISTRIBUICAO S.A.;375785831;;1;Completa;Serviço;Despesa orçamentária;2026-04-02;2026-04-06;2026-04-06;12506,21;Não
2300 - DEPARTAMENTO DE ESTRADAS DE RODAGEM;Nota fiscal;02.421.421/0001-11;TIM S A;5708219827;;1;Completa;Serviço;Despesa orçamentária;2026-03-08;2026-03-31;2026-04-06;4901,98;Não
1400 - CORPO DE BOMBEIROS MILITAR DE MINAS GERAIS;Outros;33.224.254/0001-42;MGS MINAS GERAIS ADMINISTRACAO E SERVICOS S/A;680964;;1;Completa;Serviço;Despesa orçamentária;2026-03-30;2026-03-31;2026-04-06;4083,2;Não
2310 - UNIVERSIDADE ESTADUAL DE MONTES CLAROS;Nota fiscal;01.142.718/0001-85;COLARES E DIAS INDUSTRIA E COMERCIO LTDA -EPP;202600000000012;;1;Completa;Serviço;Despesa extra orçamentária;2026-03-31;2026-04-01;2026-04-06;6425,3;Não
1500 - SECRETARIA DE ESTADO DE PLANEJAMENTO E GESTAO;Outros;33.224.254/0001-42;MGS MINAS GERAIS ADMINISTRACAO E SERVICOS S/A;679811;;1;Completa;Serviço;Despesa orçamentária;2026-03-25;2026-03-26;2026-04-06;504,24;Não
1250 - POLICIA MILITAR DE MINAS GERAIS;Nota fiscal;41.658.519/0001-49;CENTRAL SUPRIMENTOS LTDA -ME;15056;1;1;Completa - Recebimento definitivo;Consumo;Despesa extra orçamentária;2026-03-04;2026-04-06;2026-04-06;3570,0;Não
1400 - CORPO DE BOMBEIROS MILITAR DE MINAS GERAIS;Nota fiscal;03.438.229/0001-09;FUNDACAO EUCLIDES DA CUNHA DE APOIO INSTITUCIONAL A UFF;225;E;1;Completa;Serviço;Despesa extra orçamentária;2026-04-01;2026-04-01;2026-04-06;12726,0;Não
2270 - FUNDACAO HOSPITALAR DO ESTADO DE MINAS GERAIS;Nota fiscal;08.093.178/0001-36;VIGI & SEG VIGILANCIA E SEGURANCA LTDA;122;700;1;Completa;Serviço;Despesa orçamentária;2026-04-02;2026-04-06;2026-04-06;31283,58;Não
1500 - SECRETARIA DE ESTADO DE PLANEJAMENTO E GESTAO;Nota fiscal;33.224.254/0001-42;MGS MINAS GERAIS ADMINISTRACAO E SERVICOS S/A;12335;10;1;Completa;Serviço;Despesa orçamentária;2026-03-27;2026-03-31;2026-04-06;30494,93;Não
1400 - CORPO DE BOMBEIROS MILITAR DE MINAS GERAIS;Outros;33.224.254/0001-42;MGS MINAS GERAIS ADMINISTRACAO E SERVICOS S/A;679870;;1;Completa;Serviço;Despesa orçamentária;2026-03-25;2026-03-26;2026-04-06;4547,2;Não
1450 - SECRETARIA DE ESTADO DE JUSTICA E SEGURANCA PUBLIC;Nota fiscal;09.487.591/0005-71;NUTRIVIP ALIMENTACAO LTDA.;273;;1;Completa;Serviço;Despesa orçamentária;2026-01-08;2026-01-08;2026-04-06;51746,97;Não
2310 - UNIVERSIDADE ESTADUAL DE MONTES CLAROS;Nota fiscal;01.142.718/0001-85;COLARES E DIAS INDUSTRIA E COMERCIO LTDA -EPP;202600000000011;;1;Completa;Serviço;Despesa extra orçamentária;2026-03-31;2026-04-01;2026-04-06;14327,46;Não
1260 - SECRETARIA DE ESTADO DE EDUCACAO;Outros;17.771.775/0021-07;ARQUIDIOCESE DE UBERABA;32026;1;1;Completa;Serviço;Despesa orçamentária;2026-04-06;2026-04-06;2026-04-06;5349,62;Não
2270 - FUNDACAO HOSPITALAR DO ESTADO DE MINAS GERAIS;Nota fiscal;08.093.178/0001-36;VIGI & SEG VIGILANCIA E SEGURANCA LTDA;113;1;1;Completa;Serviço;Despesa orçamentária;2026-04-02;2026-04-06;2026-04-06;45763,12;Não
2310 - UNIVERSIDADE ESTADUAL DE MONTES CLAROS;Nota fiscal;01.142.718/0001-85;COLARES E DIAS INDUSTRIA E COMERCIO LTDA -EPP;202600000000010;;1;Completa;Serviço;Despesa extra orçamentária;2026-03-31;2026-04-01;2026-04-06;17799,0;Não
2370 - INSTITUTO MINEIRO DE AGROPECUARIA;Nota fiscal;76.535.764/0001-43;OI S.A. - EM RECUPERACAO JUDICIAL;1700461753043;;1;Completa;Serviço;Despesa orçamentária;2026-03-21;2026-04-06;2026-04-06;152,37;Não
1220 - SECRETARIA DE DESENVOLVIMENTO ECONOMICO;Outros;05.340.639/0001-30;PRIME CONSULTORIA E ASSESSORIA EMPRESARIAL LTDA;2816108;;1;Completa;Serviço;Despesa orçamentária;2026-03-01;2026-04-01;2026-04-06;0,58;Não
2010 - INST.DE PREVIDENCIA DOS SERVIDORES DO EST.M.GERAIS;Nota fiscal;10.884.060/0001-78;AOX COMERCIO DE IMPLANTES CIRURGICOS LTDA;7967;1;1;Completa - Recebimento definitivo;Consumo;Despesa orçamentária;2026-03-31;2026-04-01;2026-04-06;3193,0;Não
2300 - DEPARTAMENTO DE ESTRADAS DE RODAGEM;Nota fiscal;40.432.544/0112-62;CLARO S.A.;2604200021942;;1;Completa;Serviço;Despesa orçamentária;2026-04-01;2026-04-01;2026-04-06;830,52;Não
2270 - FUNDACAO HOSPITALAR DO ESTADO DE MINAS GERAIS;Nota fiscal;21.921.393/0003-08;ORTHO CLINICAL DIAGNOSTICS DO BRASIL PRODUTOS PARA SAUDE LTDA.;269622;1;1;Completa - Recebimento definitivo;Consumo;Despesa orçamentária;2026-03-27;2026-04-02;2026-04-06;83273,8;Não
1500 - SECRETARIA DE ESTADO DE PLANEJAMENTO E GESTAO;Outros;33.224.254/0001-42;MGS MINAS GERAIS ADMINISTRACAO E SERVICOS S/A;679900;;1;Completa;Serviço;Despesa orçamentária;2026-03-25;2026-03-26;2026-04-06;504,24;Não
2270 - FUNDACAO HOSPITALAR DO ESTADO DE MINAS GERAIS;Nota fiscal;35.820.448/0030-70;WHITE MARTINS GASES INDUSTRIAIS LTDA;5049;683;1;Completa - Disponível para recebimento definitivo;Consumo;Despesa orçamentária;2026-03-31;2026-03-31;2026-04-06;2948,94;Não
2270 - FUNDACAO HOSPITALAR DO ESTADO DE MINAS GERAIS;Nota fiscal;08.093.178/0001-36;VIGI & SEG VIGILANCIA E SEGURANCA LTDA;116;B;1;Completa;Serviço;Despesa orçamentária;2026-04-02;2026-04-02;2026-04-06;63699,52;Não
2300 - DEPARTAMENTO DE ESTRADAS DE RODAGEM;Nota fiscal;17.676.389/0001-92;BSC SEGURANCA ELETRONICA E TECNOLOGIA LTDA.;202600000000449;1;1;Completa;Serviço;Despesa orçamentária;2026-04-01;2026-04-06;2026-04-06;1833,06;Não
1400 - CORPO DE BOMBEIROS MILITAR DE MINAS GERAIS;Outros;33.224.254/0001-42;MGS MINAS GERAIS ADMINISTRACAO E SERVICOS S/A;679824;;1;Completa;Serviço;Despesa orçamentária;2026-03-25;2026-03-26;2026-04-06;4500,8;Não
1710 - SECRETARIA DE ESTADO DE COMUNICACAO SOCIAL;Nota fiscal;24.172.716/0001-34;FLD S.A.;1494;;1;Completa;Serviço;Despesa orçamentária;2026-03-18;2026-04-06;2026-04-06;101,6;Não
2010 - INST.DE PREVIDENCIA DOS SERVIDORES DO EST.M.GERAIS;Nota fiscal;10.884.060/0001-78;AOX COMERCIO DE IMPLANTES CIRURGICOS LTDA;7968;1;1;Completa - Recebimento definitivo;Consumo;Despesa orçamentária;2026-03-31;2026-04-01;2026-04-06;321,2;Não
1450 - SECRETARIA DE ESTADO DE JUSTICA E SEGURANCA PUBLIC;Nota fiscal;17.813.148/0001-48;NUTRIDORES REFEICOES COLETIVAS LTDA;3750;;1;Completa;Serviço;Despesa orçamentária;2026-03-05;2026-03-05;2026-04-06;300064,61;Não
1250 - POLICIA MILITAR DE MINAS GERAIS;Nota fiscal;34.274.233/0387-62;VIBRA ENERGIA S.A;249817;;1;Completa - Recebimento definitivo;Consumo;Despesa orçamentária;2026-04-01;2026-04-06;2026-04-06;17741,24;Não
2270 - FUNDACAO HOSPITALAR DO ESTADO DE MINAS GERAIS;Nota fiscal;60.665.981/0009-75;UNIAO QUIMICA FARMACEUTICA NACIONAL S A;1065534;1;1;Completa - Recebimento definitivo;Consumo;Despesa orçamentária;2026-03-29;2026-04-01;2026-04-06;130,0;Não
1220 - SECRETARIA DE DESENVOLVIMENTO ECONOMICO;Outros;05.340.639/0001-30;PRIME CONSULTORIA E ASSESSORIA EMPRESARIAL LTDA;124513;;1;Completa;Serviço;Despesa orçamentária;2026-03-16;2026-04-01;2026-04-06;332,26;Não
2270 - FUNDACAO HOSPITALAR DO ESTADO DE MINAS GERAIS;Nota fiscal;35.820.448/0030-70;WHITE MARTINS GASES INDUSTRIAIS LTDA;5048;683;1;Completa - Disponível para recebimento definitivo;Consumo;Despesa orçamentária;2026-03-31;2026-03-31;2026-04-06;61,54;Não
1400 - CORPO DE BOMBEIROS MILITAR DE MINAS GERAIS;Outros;33.224.254/0001-42;MGS MINAS GERAIS ADMINISTRACAO E SERVICOS S/A;681070;;1;Completa;Serviço;Despesa orçamentária;2026-03-31;2026-03-31;2026-04-06;4036,8;Não
2300 - DEPARTAMENTO DE ESTRADAS DE RODAGEM;Nota fiscal;23.664.303/0001-04;DME DISTRIBUICAO S.A. - DMED;3321388;1;3;Completa;Serviço;Despesa orçamentária;2026-01-21;2026-01-21;2026-04-06;1875,95;Não
1020 - TRIBUNAL DE CONTAS DO ESTADO DE MINAS GERAIS;Nota fiscal;07.346.478/0001-17;METODO SYSTEM COMERCIO E SERVICOS LTDA;1992026;;1;Completa;Serviço;Despesa orçamentária;2026-04-01;2026-04-01;2026-04-06;37622,42;Não
1260 - SECRETARIA DE ESTADO DE EDUCACAO;Outros;17.771.775/0021-07;ARQUIDIOCESE DE UBERABA;32026;U;2;Completa;Serviço;Despesa orçamentária;2026-04-06;2026-04-06;2026-04-06;5349,62;Não
1710 - SECRETARIA DE ESTADO DE COMUNICACAO SOCIAL;Nota fiscal;24.172.716/0001-34;FLD S.A.;1526;;1;Completa;Serviço;Despesa orçamentária;2026-03-19;2026-04-06;2026-04-06;101,6;Não
2010 - INST.DE PREVIDENCIA DOS SERVIDORES DO EST.M.GERAIS;Nota fiscal;10.884.060/0001-78;AOX COMERCIO DE IMPLANTES CIRURGICOS LTDA;7969;1;1;Completa - Recebimento definitivo;Consumo;Despesa orçamentária;2026-03-31;2026-04-01;2026-04-06;980,78;Não
1500 - SECRETARIA DE ESTADO DE PLANEJAMENTO E GESTAO;Nota fiscal;33.224.254/0001-42;MGS MINAS GERAIS ADMINISTRACAO E SERVICOS S/A;12317;10;1;Completa;Serviço;Despesa orçamentária;2026-03-26;2026-03-31;2026-04-06;345,12;Não
1190 - SECRETARIA DE ESTADO DE FAZENDA DE MINAS GERAIS;Nota fiscal;16.919.666/0001-88;BROMO SEGURANCA E VIGILANCIA ARMADA LTDA;2026211;;1;Completa;Serviço;Despesa orçamentária;2026-03-30;2026-04-01;2026-04-06;33691,68;Não
1250 - POLICIA MILITAR DE MINAS GERAIS;Nota fiscal;34.274.233/0025-71;VIBRA ENERGIA S.A;4854001;;1;Completa - Recebimento definitivo;Consumo;Despesa orçamentária;2026-04-01;2026-04-06;2026-04-06;17741,24;Não
1450 - SECRETARIA DE ESTADO DE JUSTICA E SEGURANCA PUBLIC;Nota fiscal;25.371.336/0001-91;DORES FOOD LTDA;275;;1;Completa;Serviço;Despesa orçamentária;2026-03-16;2026-03-16;2026-04-06;64057,03;Não
2120 - INST.PREV.DOS SERV.MILITARES DO ESTADO M.GERAIS;Nota fiscal;06.122.184/0001-49;ATEST CONSULTORIA ATUARIAL LTDA;72;;1;Completa;Serviço;Despesa orçamentária;2026-04-01;2026-04-01;2026-04-06;1121,83;Não
1250 - POLICIA MILITAR DE MINAS GERAIS;Nota fiscal;34.274.233/0025-71;VIBRA ENERGIA S.A;4854002;;1;Completa - Recebimento definitivo;Consumo;Despesa orçamentária;2026-04-01;2026-04-06;2026-04-06;17741,24;Não
1710 - SECRETARIA DE ESTADO DE COMUNICACAO SOCIAL;Nota fiscal;24.172.716/0001-34;FLD S.A.;1541;;1;Completa;Serviço;Despesa orçamentária;2026-03-19;2026-04-06;2026-04-06;1011,69;Não
2120 - INST.PREV.DOS SERV.MILITARES DO ESTADO M.GERAIS;Nota fiscal;34.028.316/0015-09;EMPRESA BRASILEIRA DE CORREIOS E TELEGRAFOS - ECT;2494243;;1;Completa;Serviço;Despesa orçamentária;2026-04-05;2026-04-06;2026-04-06;7144,28;Não
1090 - PROCURADORIA GERAL DE JUSTICA;Outros;05.340.639/0001-30;PRIME CONSULTORIA E ASSESSORIA EMPRESARIAL LTDA;2829419;;1;Completa;Serviço;Despesa orçamentária;2026-04-01;2026-04-06;2026-04-06;35835,41;Não
1450 - SECRETARIA DE ESTADO DE JUSTICA E SEGURANCA PUBLIC;Nota fiscal;25.371.336/0001-91;DORES FOOD LTDA;267;;2;Completa;Serviço;Despesa orçamentária;2026-03-03;2026-03-03;2026-04-06;32423,55;Não
2270 - FUNDACAO HOSPITALAR DO ESTADO DE MINAS GERAIS;Nota fiscal;09.028.635/0001-71;SIGNAZ PRODUTOS E NEGOCIOS LTDA;4706;1;1;Completa - Recebimento definitivo;Consumo;Despesa orçamentária;2026-03-23;2026-03-31;2026-04-06;1920,0;Não
1450 - SECRETARIA DE ESTADO DE JUSTICA E SEGURANCA PUBLIC;Nota fiscal;05.905.254/0001-72;HR REFEICOES LTDA;8432;;1;Completa;Serviço;Despesa orçamentária;2026-03-16;2026-03-16;2026-04-06;3791,14;Não
1400 - CORPO DE BOMBEIROS MILITAR DE MINAS GERAIS;Outros;33.224.254/0001-42;MGS MINAS GERAIS ADMINISTRACAO E SERVICOS S/A;679964;;1;Completa;Serviço;Despesa orçamentária;2026-03-25;2026-03-26;2026-04-06;2041,6;Não
1050 - TRIBUNAL DE JUSTICA MILITAR DO ESTADO DE M.G.;Nota fiscal;09.094.300/0001-51;OPEN SOLUCOES TRIBUTARIAS LTDA;5755;;1;Completa;Serviço;Despesa orçamentária;2026-03-30;2026-03-30;2026-04-06;16140,0;Não
1020 - TRIBUNAL DE CONTAS DO ESTADO DE MINAS GERAIS;Nota fiscal;12.057.731/0001-52;APOLO REFRIGERACAO LTDA;155;;1;Completa;Serviço;Despesa orçamentária;2026-04-01;2026-04-02;2026-04-06;49920,0;Não
2320 - FUNDACAO CENTRO DE HEMATOLOGIA E HEMOTERAPIA DE MG;Nota fiscal;04.534.176/0001-84;ACTS DO BRASIL LTDA;8708;;1;Completa - Recebimento definitivo;Consumo;Despesa orçamentária;2026-03-31;2026-04-06;2026-04-06;151540,8;Não
1540 - ESCOLA DE SAUDE PUBLICA DE MINAS GERAIS;Nota fiscal;16.636.540/0001-04;COMPANHIA DE TECNOLOGIA DA INFORMACAO DO ESTADO DE MINAS GERAIS-PRODEMGE;20262208;;1;Completa;Serviço;Despesa orçamentária;2026-03-06;2026-03-24;2026-04-06;703,0;Não
1260 - SECRETARIA DE ESTADO DE EDUCACAO;Nota fiscal;38.588.648/0001-01;MULTIMIX DISTRIBUIDORA LTDA;558;1;1;Completa - Recebimento definitivo;Consumo;Despesa orçamentária;2026-03-20;2026-04-06;2026-04-06;171,03;Não
1450 - SECRETARIA DE ESTADO DE JUSTICA E SEGURANCA PUBLIC;Nota fiscal;05.905.254/0001-72;HR REFEICOES LTDA;8431;;1;Completa;Serviço;Despesa orçamentária;2026-03-16;2026-03-16;2026-04-06;31646,15;Não
1510 - POLICIA CIVIL DO ESTADO DE MINAS GERAIS;Outros;***.801.996-**;SUELI CAMPIDELI FONSECA;22026;1;1;Completa;Serviço;Despesa orçamentária;2026-04-06;2026-04-06;2026-04-06;1800,0;Não
1710 - SECRETARIA DE ESTADO DE COMUNICACAO SOCIAL;Nota fiscal;24.172.716/0001-34;FLD S.A.;1566;;1;Completa;Serviço;Despesa orçamentária;2026-03-20;2026-04-06;2026-04-06;101,6;Não
1400 - CORPO DE BOMBEIROS MILITAR DE MINAS GERAIS;Outros;33.224.254/0001-42;MGS MINAS GERAIS ADMINISTRACAO E SERVICOS S/A;679958;;1;Completa;Serviço;Despesa orçamentária;2026-03-25;2026-03-26;2026-04-06;3572,8;Não
2270 - FUNDACAO HOSPITALAR DO ESTADO DE MINAS GERAIS;Nota fiscal;09.339.471/0001-01;MENDES JUNIOR SOLUCOES AMBIENTAIS LTDA;205;;1;Completa;Serviço;Despesa orçamentária;2026-04-02;2026-04-02;2026-04-06;6823,75;Não
2120 - INST.PREV.DOS SERV.MILITARES DO ESTADO M.GERAIS;Nota fiscal;23.921.349/0001-61;VISUAL SISTEMAS ELETRONICOS LTDA;974;2;1;Completa;Serviço;Despesa extra orçamentária;2026-04-01;2026-04-06;2026-04-06;1899,0;Não
2270 - FUNDACAO HOSPITALAR DO ESTADO DE MINAS GERAIS;Nota fiscal;03.945.035/0001-91;ACACIA COMERCIO DE MEDICAMENTOS LTDA;340619;;1;Completa - Recebimento definitivo;Consumo;Despesa orçamentária;2026-03-19;2026-03-23;2026-04-06;4187,08;Não
1260 - SECRETARIA DE ESTADO DE EDUCACAO;Nota fiscal;38.588.648/0001-01;MULTIMIX DISTRIBUIDORA LTDA;559;;1;Completa - Recebimento definitivo;Consumo;Despesa orçamentária;2026-03-20;2026-04-06;2026-04-06;320,0;Não
2300 - DEPARTAMENTO DE ESTRADAS DE RODAGEM;Nota fiscal;01.466.431/0001-00;GCT - GERENCIAMENTO E CONTROLE DE TRANSITO S/A;2026690;;1;Completa;Serviço;Despesa orçamentária;2026-03-30;2026-03-30;2026-04-06;116109,55;Não
1320 - SECRETARIA DE ESTADO DA SAUDE;Nota fiscal;33.224.254/0001-42;MGS MINAS GERAIS ADMINISTRACAO E SERVICOS S/A;12679;1;1;Completa;Serviço;Despesa orçamentária;2026-03-30;2026-04-06;2026-04-06;8080,21;Não
2320 - FUNDACAO CENTRO DE HEMATOLOGIA E HEMOTERAPIA DE MG;Nota fiscal;04.534.176/0001-84;ACTS DO BRASIL LTDA;8709;;1;Completa - Recebimento definitivo;Consumo;Despesa orçamentária;2026-03-31;2026-04-06;2026-04-06;181848,96;Não
2270 - FUNDACAO HOSPITALAR DO ESTADO DE MINAS GERAIS;Outros;06.981.180/0001-16;CEMIG DISTRIBUICAO S.A.;375785830;0;1;Completa;Serviço;Despesa orçamentária;2026-04-02;2026-04-06;2026-04-06;13996,05;Não
2010 - INST.DE PREVIDENCIA DOS SERVIDORES DO EST.M.GERAIS;Nota fiscal;61.774.923/0001-95;EXPRESSO CANTUARIA LTDA;3653;U;1;Completa;Serviço;Despesa orçamentária;2026-04-01;2026-04-06;2026-04-06;12900,0;Não
1260 - SECRETARIA DE ESTADO DE EDUCACAO;Nota fiscal;03.447.242/0007-01;SERVICO NACIONAL DE APRENDIZAGEM COMERCIAL - SENAC MINAS;15;;1;Completa;Serviço;Despesa orçamentária;2026-03-31;2026-03-31;2026-04-06;2107,8;Não
2270 - FUNDACAO HOSPITALAR DO ESTADO DE MINAS GERAIS;Nota fiscal;20.352.354/0001-02;GC LAB DIAGNOSTICOS LTDA;19022;1;1;Completa - Recebimento definitivo;Consumo;Despesa orçamentária;2026-03-30;2026-04-01;2026-04-06;1797,0;Não
1030 - TRIBUNAL DE JUSTICA DO ESTADO DE MINAS GERAIS;Nota fiscal;70.073.275/0001-30;GEOSISTEMAS ENGENHARIA E PLANEJAMENTO LTDA;2026196;;1;Completa;Serviço;Despesa orçamentária;2026-04-02;2026-04-02;2026-04-06;76618,22;Não
1400 - CORPO DE BOMBEIROS MILITAR DE MINAS GERAIS;Outros;33.224.254/0001-42;MGS MINAS GERAIS ADMINISTRACAO E SERVICOS S/A;679908;;1;Completa;Serviço;Despesa orçamentária;2026-03-25;2026-03-26;2026-04-06;997,6;Não
2270 - FUNDACAO HOSPITALAR DO ESTADO DE MINAS GERAIS;Nota fiscal;08.093.178/0001-36;VIGI & SEG VIGILANCIA E SEGURANCA LTDA;118;;1;Completa;Serviço;Despesa orçamentária;2026-04-02;2026-04-02;2026-04-06;31797,24;Não
1710 - SECRETARIA DE ESTADO DE COMUNICACAO SOCIAL;Nota fiscal;24.172.716/0001-34;FLD S.A.;1567;;1;Completa;Serviço;Despesa orçamentária;2026-03-20;2026-04-06;2026-04-06;101,6;Não
1320 - SECRETARIA DE ESTADO DA SAUDE;Nota fiscal;05.340.639/0001-30;PRIME CONSULTORIA E ASSESSORIA EMPRESARIAL LTDA;2845416;;1;Completa;Serviço;Despesa extra orçamentária;2026-04-01;2026-04-01;2026-04-06;7742,81;Não
2270 - FUNDACAO HOSPITALAR DO ESTADO DE MINAS GERAIS;Nota fiscal;07.942.715/0001-02;ENDOLATINA COMERCIO E REPRESENTACOES LTDA;264986;1;1;Completa - Recebimento definitivo;Consumo;Despesa extra orçamentária;2026-04-01;2026-04-01;2026-04-06;25089,96;Não
2270 - FUNDACAO HOSPITALAR DO ESTADO DE MINAS GERAIS;Nota fiscal;24.638.170/0001-64;DISTRIBUIDORA MENDONCA E MIRANDA LTDA;2119;;1;Completa - Recebimento definitivo;Consumo;Despesa orçamentária;2026-03-20;2026-03-26;2026-04-06;180,0;Não
2010 - INST.DE PREVIDENCIA DOS SERVIDORES DO EST.M.GERAIS;Outros;00.627.410/0001-67;SENTINELA IMOVEIS S/C LTDA;62;;1;Incompleta;Serviço;Despesa orçamentária;2026-04-06;2026-04-06;2026-04-06;3750,0;Não
1070 - GABINETE MILITAR DO GOVERNADOR DO ESTADO DE MG;Nota fiscal;04.335.223/0001-60;MAXIMO PECAS & PRODUTOS LTDA;34971;;1;Completa - Recebimento definitivo;Consumo;Despesa orçamentária;2026-04-02;2026-04-06;2026-04-06;276,72;Sim
1440 - DEFENSORIA PUBLICA DO ESTADO DE MINAS GERAIS;Nota fiscal;02.055.429/0001-01;AGUA DA FONTE - EIRELI - ME;9677;1;1;Completa - Recebimento definitivo;Consumo;Despesa orçamentária;2026-04-01;2026-04-01;2026-04-06;262,5;Não
1400 - CORPO DE BOMBEIROS MILITAR DE MINAS GERAIS;Outros;33.224.254/0001-42;MGS MINAS GERAIS ADMINISTRACAO E SERVICOS S/A;680966;;1;Completa;Serviço;Despesa orçamentária;2026-03-30;2026-03-31;2026-04-06;1020,8;Não
1500 - SECRETARIA DE ESTADO DE PLANEJAMENTO E GESTAO;Nota fiscal;22.148.707/0001-82;SPEEDMAIS SOLUCOES LTDA;55;A1;3;Completa;Serviço;Despesa extra orçamentária;2026-02-03;2026-02-10;2026-04-06;126369,02;Não
1030 - TRIBUNAL DE JUSTICA DO ESTADO DE MINAS GERAIS;Nota fiscal;05.275.229/0001-52;G.C.E S/A;2026613;;1;Completa;Serviço;Despesa orçamentária;2026-04-02;2026-04-06;2026-04-06;211028,12;Não
1320 - SECRETARIA DE ESTADO DA SAUDE;Nota fiscal;08.273.364/0001-57;TICKET GESTAO EM MANUTENCAO EZC S.A;48474683;;1;Completa;Serviço;Despesa orçamentária;2026-03-17;2026-04-06;2026-04-06;1047,32;Não
1070 - GABINETE MILITAR DO GOVERNADOR DO ESTADO DE MG;Nota fiscal;04.335.223/0001-60;MAXIMO PECAS & PRODUTOS LTDA;34970;;1;Completa - Recebimento definitivo;Consumo;Despesa orçamentária;2026-04-02;2026-04-06;2026-04-06;562,37;Sim
1320 - SECRETARIA DE ESTADO DA SAUDE;Nota fiscal;33.224.254/0001-42;MGS MINAS GERAIS ADMINISTRACAO E SERVICOS S/A;12628;1;1;Completa;Serviço;Despesa orçamentária;2026-03-30;2026-04-06;2026-04-06;31249,92;Não
1400 - CORPO DE BOMBEIROS MILITAR DE MINAS GERAIS;Outros;33.224.254/0001-42;MGS MINAS GERAIS ADMINISTRACAO E SERVICOS S/A;679840;;1;Completa;Serviço;Despesa orçamentária;2026-03-25;2026-03-26;2026-04-06;1879,2;Não
2270 - FUNDACAO HOSPITALAR DO ESTADO DE MINAS GERAIS;Nota fiscal;25.031.668/0001-27;SAMEH SOLUCOES HOSPITALARES LTDA;126967;1;1;Completa - Recebimento definitivo;Consumo;Despesa orçamentária;2026-03-19;2026-03-30;2026-04-06;1423,13;Não
1070 - GABINETE MILITAR DO GOVERNADOR DO ESTADO DE MG;Nota fiscal;04.335.223/0001-60;MAXIMO PECAS & PRODUTOS LTDA;34972;;1;Completa - Recebimento definitivo;Consumo;Despesa orçamentária;2026-04-02;2026-04-06;2026-04-06;528,24;Sim
1710 - SECRETARIA DE ESTADO DE COMUNICACAO SOCIAL;Nota fiscal;24.172.716/0001-34;FLD S.A.;1568;;1;Completa;Serviço;Despesa orçamentária;2026-03-20;2026-04-06;2026-04-06;101,6;Não
1450 - SECRETARIA DE ESTADO DE JUSTICA E SEGURANCA PUBLIC;Nota fiscal;17.813.148/0001-48;NUTRIDORES REFEICOES COLETIVAS LTDA;3727;;1;Completa;Serviço;Despesa orçamentária;2026-03-02;2026-03-02;2026-04-06;233557,3;Não
2270 - FUNDACAO HOSPITALAR DO ESTADO DE MINAS GERAIS;Nota fiscal;81.706.251/0001-98;PROMEFARMA MEDICAMENTOS E PRODUTOS HOSPITALARES LTDA;150206;2;1;Completa - Recebimento definitivo;Consumo;Despesa orçamentária;2026-03-16;2026-03-25;2026-04-06;210,45;Não
1400 - CORPO DE BOMBEIROS MILITAR DE MINAS GERAIS;Outros;33.224.254/0001-42;MGS MINAS GERAIS ADMINISTRACAO E SERVICOS S/A;679895;;1;Completa;Serviço;Despesa orçamentária;2026-03-25;2026-03-26;2026-04-06;4176,0;Não
2270 - FUNDACAO HOSPITALAR DO ESTADO DE MINAS GERAIS;Nota fiscal;05.209.279/0001-31;CONFIANCE MEDICAL PRODUTOS MEDICOS S.A.;26861;1;1;Completa - Recebimento definitivo;Consumo;Despesa extra orçamentária;2026-02-25;2026-03-31;2026-04-06;1558,27;Não
1260 - SECRETARIA DE ESTADO DE EDUCACAO;Nota fiscal;10.426.962/0001-60;DW REFRIGERACAO LTDA -ME;83;;1;Completa;Serviço;Despesa orçamentária;2026-04-02;2026-04-06;2026-04-06;4125,0;Não
1320 - SECRETARIA DE ESTADO DA SAUDE;Nota fiscal;08.273.364/0001-57;TICKET GESTAO EM MANUTENCAO EZC S.A;44561745;;1;Incompleta;Serviço;Despesa orçamentária;2024-11-27;2026-04-06;2026-04-06;24279,88;Não
2370 - INSTITUTO MINEIRO DE AGROPECUARIA;Nota fiscal;76.535.764/0001-43;OI S.A. - EM RECUPERACAO JUDICIAL;1700461753029;;1;Completa;Serviço;Despesa orçamentária;2026-03-21;2026-03-21;2026-04-06;559,19;Não
2270 - FUNDACAO HOSPITALAR DO ESTADO DE MINAS GERAIS;Nota fiscal;08.093.178/0001-36;VIGI & SEG VIGILANCIA E SEGURANCA LTDA;112;1;1;Completa;Serviço;Despesa orçamentária;2026-04-02;2026-04-06;2026-04-06;62627,88;Não
1710 - SECRETARIA DE ESTADO DE COMUNICACAO SOCIAL;Nota fiscal;24.172.716/0001-34;FLD S.A.;1569;;1;Completa;Serviço;Despesa orçamentária;2026-03-20;2026-04-06;2026-04-06;101,6;Não
1070 - GABINETE MILITAR DO GOVERNADOR DO ESTADO DE MG;Nota fiscal;04.335.223/0001-60;MAXIMO PECAS & PRODUTOS LTDA;34973;;1;Completa - Recebimento definitivo;Consumo;Despesa orçamentária;2026-04-02;2026-04-06;2026-04-06;572,0;Sim
2420 - INSTITUTO DE DESENVOLVIMENTO NORTE E NORDESTE MG;Nota fiscal;42.828.145/0001-25;PERIM IMOVEIS LTDA -ME;9263661032026;;1;Completa;Serviço;Despesa orçamentária;2026-04-01;2026-04-06;2026-04-06;4281,51;Não
1400 - CORPO DE BOMBEIROS MILITAR DE MINAS GERAIS;Outros;33.224.254/0001-42;MGS MINAS GERAIS ADMINISTRACAO E SERVICOS S/A;679817;;1;Completa;Serviço;Despesa orçamentária;2026-03-25;2026-03-26;2026-04-06;1508,0;Não
1020 - TRIBUNAL DE CONTAS DO ESTADO DE MINAS GERAIS;Nota fiscal;65.146.037/0001-78;MAXIS INFORMATICA LTDA;630;;1;Completa;Serviço;Despesa orçamentária;2026-04-01;2026-04-01;2026-04-06;21703,73;Não
2010 - INST.DE PREVIDENCIA DOS SERVIDORES DO EST.M.GERAIS;Nota fiscal;10.884.060/0001-78;AOX COMERCIO DE IMPLANTES CIRURGICOS LTDA;7970;1;1;Completa - Recebimento definitivo;Consumo;Despesa orçamentária;2026-03-31;2026-04-01;2026-04-06;549,44;Não
1400 - CORPO DE BOMBEIROS MILITAR DE MINAS GERAIS;Outros;33.224.254/0001-42;MGS MINAS GERAIS ADMINISTRACAO E SERVICOS S/A;681309;;1;Completa;Serviço;Despesa orçamentária;2026-04-01;2026-04-01;2026-04-06;974,4;Não
2330 - INSTITUTO DE METROLOGIA E QUALIDADE DE MG;Outros;17.281.106/0001-03;COMPANHIA DE SANEAMENTO DE MINAS GERAIS COPASA MG;126212996347;;1;Completa;Serviço;Despesa orçamentária;2026-03-30;2026-04-06;2026-04-06;147,01;Não
1320 - SECRETARIA DE ESTADO DA SAUDE;Nota fiscal;33.224.254/0001-42;MGS MINAS GERAIS ADMINISTRACAO E SERVICOS S/A;680908;1;1;Completa;Serviço;Despesa orçamentária;2026-03-30;2026-04-06;2026-04-06;1710,88;Não
1450 - SECRETARIA DE ESTADO DE JUSTICA E SEGURANCA PUBLIC;Nota fiscal;11.319.926/0001-60;KSM MANUTENCAO DE MAQUINAS E EQUIPAMENTOS LTDA -ME;20;1;1;Completa;Serviço;Despesa orçamentária;2026-02-28;2026-02-28;2026-04-06;2501,76;Não
2300 - DEPARTAMENTO DE ESTRADAS DE RODAGEM;Nota fiscal;01.593.821/0010-32;CENTRO OESTE ASFALTOS S/A;27819;;1;Completa - Recebimento definitivo;Consumo;Despesa orçamentária;2026-03-13;2026-04-06;2026-04-06;62849,91;Não
1710 - SECRETARIA DE ESTADO DE COMUNICACAO SOCIAL;Nota fiscal;24.172.716/0001-34;FLD S.A.;1571;;1;Completa;Serviço;Despesa orçamentária;2026-03-20;2026-04-06;2026-04-06;101,6;Não
1500 - SECRETARIA DE ESTADO DE PLANEJAMENTO E GESTAO;Nota fiscal;16.636.540/0001-04;COMPANHIA DE TECNOLOGIA DA INFORMACAO DO ESTADO DE MINAS GERAIS-PRODEMGE;29982026;;1;Completa;Serviço;Despesa orçamentária;2026-03-31;2026-03-31;2026-04-06;58450,0;Não
2320 - FUNDACAO CENTRO DE HEMATOLOGIA E HEMOTERAPIA DE MG;Nota fiscal;03.526.622/0001-46;C & D INDUSTRIA E COMERCIO DE ALIMENTOS LTDA;19220;1;1;Completa - Recebimento definitivo;Consumo;Despesa orçamentária;2026-04-02;2026-04-06;2026-04-06;15366,86;Não
1070 - GABINETE MILITAR DO GOVERNADOR DO ESTADO DE MG;Nota fiscal;08.057.428/0001-82;GRIFFE PNEUS AUTO CENTER LTDA - EPP;1115;;1;Completa;Serviço;Despesa orçamentária;2026-04-02;2026-04-06;2026-04-06;1391,67;Não
2270 - FUNDACAO HOSPITALAR DO ESTADO DE MINAS GERAIS;Nota fiscal;24.638.170/0001-64;DISTRIBUIDORA MENDONCA E MIRANDA LTDA;2120;;1;Completa - Recebimento definitivo;Consumo;Despesa orçamentária;2026-03-20;2026-03-26;2026-04-06;4093,44;Não
1030 - TRIBUNAL DE JUSTICA DO ESTADO DE MINAS GERAIS;Nota fiscal;41.699.364/0001-99;CONSTRUTORA GOMES PIMENTEL LTDA;20262122;;1;Completa;Serviço;Despesa orçamentária;2026-04-01;2026-04-06;2026-04-06;32356,63;Não
2010 - INST.DE PREVIDENCIA DOS SERVIDORES DO EST.M.GERAIS;Nota fiscal;10.884.060/0001-78;AOX COMERCIO DE IMPLANTES CIRURGICOS LTDA;79971;1;1;Completa - Disponível para recebimento definitivo;Consumo;Despesa orçamentária;2026-03-31;2026-04-01;2026-04-06;68,82;Não
1400 - CORPO DE BOMBEIROS MILITAR DE MINAS GERAIS;Nota fiscal;33.224.254/0001-42;MGS MINAS GERAIS ADMINISTRACAO E SERVICOS S/A;12910;2;1;Completa;Serviço;Despesa orçamentária;2026-04-01;2026-04-01;2026-04-06;11008,43;Não
1320 - SECRETARIA DE ESTADO DA SAUDE;Nota fiscal;31.724.820/0001-50;ELETRICA VILEMAR LTDA;842;1;1;Completa - Recebimento definitivo;Consumo;Despesa orçamentária;2026-03-17;2026-04-01;2026-04-06;30,0;Não
1090 - PROCURADORIA GERAL DE JUSTICA;Nota fiscal;16.894.119/0001-95;RENATA ROVINA;161;0;1;Completa;Serviço;Despesa orçamentária;2026-04-02;2026-04-06;2026-04-06;447,26;Não
1320 - SECRETARIA DE ESTADO DA SAUDE;Nota fiscal;33.224.254/0001-42;MGS MINAS GERAIS ADMINISTRACAO E SERVICOS S/A;12728;1;1;Completa;Serviço;Despesa orçamentária;2026-03-30;2026-04-06;2026-04-06;305,51;Não
1070 - GABINETE MILITAR DO GOVERNADOR DO ESTADO DE MG;Nota fiscal;08.057.428/0001-82;GRIFFE PNEUS AUTO CENTER LTDA - EPP;1116;0;1;Completa;Serviço;Despesa orçamentária;2026-04-02;2026-04-06;2026-04-06;1075,0;Não
1710 - SECRETARIA DE ESTADO DE COMUNICACAO SOCIAL;Nota fiscal;24.172.716/0001-34;FLD S.A.;1574;;1;Completa;Serviço;Despesa orçamentária;2026-03-20;2026-04-06;2026-04-06;101,6;Não
2270 - FUNDACAO HOSPITALAR DO ESTADO DE MINAS GERAIS;Nota fiscal;08.093.178/0001-36;VIGI & SEG VIGILANCIA E SEGURANCA LTDA;110;700;1;Completa;Serviço;Despesa orçamentária;2026-04-01;2026-04-06;2026-04-06;93092,36;Não
2270 - FUNDACAO HOSPITALAR DO ESTADO DE MINAS GERAIS;Nota fiscal;44.734.671/0022-86;CRISTALIA PRODUTOS QUIMICOS FARMACEUTICOS LTDA;946116;10;1;Completa - Recebimento definitivo;Consumo;Despesa orçamentária;2026-03-27;2026-04-01;2026-04-06;3196,0;Não
2270 - FUNDACAO HOSPITALAR DO ESTADO DE MINAS GERAIS;Nota fiscal;03.945.035/0001-91;ACACIA COMERCIO DE MEDICAMENTOS LTDA;340585;;1;Completa - Recebimento definitivo;Consumo;Despesa orçamentária;2026-03-19;2026-03-23;2026-04-06;18,62;Não
1070 - GABINETE MILITAR DO GOVERNADOR DO ESTADO DE MG;Nota fiscal;08.057.428/0001-82;GRIFFE PNEUS AUTO CENTER LTDA - EPP;1117;0;1;Completa;Serviço;Despesa orçamentária;2026-04-02;2026-04-06;2026-04-06;650,0;Não
2010 - INST.DE PREVIDENCIA DOS SERVIDORES DO EST.M.GERAIS;Nota fiscal;10.884.060/0001-78;AOX COMERCIO DE IMPLANTES CIRURGICOS LTDA;7972;1;1;Completa - Recebimento definitivo;Consumo;Despesa orçamentária;2026-03-31;2026-04-01;2026-04-06;1166,45;Não
2300 - DEPARTAMENTO DE ESTRADAS DE RODAGEM;Nota fiscal;02.351.006/0006-43;GRECA DISTRIBUIDORA DE ASFALTOS LTDA.;25517;;1;Completa - Recebimento definitivo;Consumo;Despesa orçamentária;2026-03-13;2026-04-06;2026-04-06;131716,75;Não
2120 - INST.PREV.DOS SERV.MILITARES DO ESTADO M.GERAIS;Nota fiscal;20.858.411/0001-20;AMGS COMERCIO E REPRESENTACOES LTDA;621728;2;1;Completa - Recebimento definitivo;Consumo;Despesa extra orçamentária;2026-02-18;2026-04-06;2026-04-06;7516,33;Não
1020 - TRIBUNAL DE CONTAS DO ESTADO DE MINAS GERAIS;Outros;40.948.566/0001-64;VMI SERVICE LTDA;4397;;1;Completa;Serviço;Despesa orçamentária;2026-04-01;2026-04-01;2026-04-06;48728,33;Não
1070 - GABINETE MILITAR DO GOVERNADOR DO ESTADO DE MG;Nota fiscal;06.981.180/0001-16;CEMIG DISTRIBUICAO S.A.;375780787;;1;Completa;Serviço;Despesa orçamentária;2026-04-02;2026-04-06;2026-04-06;20871,91;Não
1090 - PROCURADORIA GERAL DE JUSTICA;Nota fiscal;13.859.951/0001-62;CONNECT ON MARKETING DE EVENTOS LTDA;98;900;1;Completa;Serviço;Despesa orçamentária;2026-04-01;2026-04-06;2026-04-06;7780,0;Não
2010 - INST.DE PREVIDENCIA DOS SERVIDORES DO EST.M.GERAIS;Nota fiscal;05.340.639/0001-30;PRIME CONSULTORIA E ASSESSORIA EMPRESARIAL LTDA;152681;;1;Completa;Serviço;Despesa orçamentária;2026-04-01;2026-04-06;2026-04-06;1019,5;Não
1020 - TRIBUNAL DE CONTAS DO ESTADO DE MINAS GERAIS;Outros;40.948.566/0001-64;VMI SERVICE LTDA;4398;;1;Completa;Serviço;Despesa orçamentária;2026-04-01;2026-04-01;2026-04-06;3737,41;Não
1450 - SECRETARIA DE ESTADO DE JUSTICA E SEGURANCA PUBLIC;Nota fiscal;11.319.926/0001-60;KSM MANUTENCAO DE MAQUINAS E EQUIPAMENTOS LTDA -ME;11;1;1;Completa;Serviço;Despesa orçamentária;2026-02-28;2026-02-28;2026-04-06;1250,88;Não
1250 - POLICIA MILITAR DE MINAS GERAIS;Nota fiscal;06.028.137/0001-30;GETINGE DO BRASIL EQUIPAMENTOS MEDICOS LTDA.;7246;;1;Incompleta;Serviço;Despesa extra orçamentária;2026-03-25;2026-03-30;2026-04-06;388,15;Não
1320 - SECRETARIA DE ESTADO DA SAUDE;Nota fiscal;33.224.254/0001-42;MGS MINAS GERAIS ADMINISTRACAO E SERVICOS S/A;12727;1;1;Completa;Serviço;Despesa orçamentária;2026-03-30;2026-04-06;2026-04-06;20649,03;Não
2270 - FUNDACAO HOSPITALAR DO ESTADO DE MINAS GERAIS;Nota fiscal;12.927.876/0001-67;SOMA/MG PRODUTOS HOSPITALARES LTDA;368491;;1;Completa - Recebimento definitivo;Consumo;Despesa orçamentária;2026-03-21;2026-03-21;2026-04-06;987,5;Não
1710 - SECRETARIA DE ESTADO DE COMUNICACAO SOCIAL;Nota fiscal;57.142.978/0001-05;BRASOFTWARE INFORMATICA LTDA;765767;;2;Completa;Serviço;Despesa extra orçamentária;2026-02-26;2026-04-06;2026-04-06;2092,32;Não
2010 - INST.DE PREVIDENCIA DOS SERVIDORES DO EST.M.GERAIS;Nota fiscal;10.884.060/0001-78;AOX COMERCIO DE IMPLANTES CIRURGICOS LTDA;7966;1;1;Completa - Recebimento definitivo;Consumo;Despesa orçamentária;2026-03-31;2026-04-01;2026-04-06;550,64;Não
1030 - TRIBUNAL DE JUSTICA DO ESTADO DE MINAS GERAIS;Nota fiscal;03.038.087/0001-84;BM CONSULTORIA EM ESQUADRIAS LTDA;202685;;1;Completa;Serviço;Despesa orçamentária;2026-04-02;2026-04-06;2026-04-06;900,0;Não
2260 - FUNDACAO EZEQUIEL DIAS;Nota fiscal;33.069.212/0008-50;MERCK S/A;1307548;1;1;Completa - Recebimento definitivo;Consumo;Despesa orçamentária;2026-03-20;2026-03-30;2026-04-06;270,16;Não
1450 - SECRETARIA DE ESTADO DE JUSTICA E SEGURANCA PUBLIC;Nota fiscal;11.319.926/0001-60;KSM MANUTENCAO DE MAQUINAS E EQUIPAMENTOS LTDA -ME;17;1;1;Completa;Serviço;Despesa orçamentária;2026-02-28;2026-02-28;2026-04-06;5003,52;Não
1710 - SECRETARIA DE ESTADO DE COMUNICACAO SOCIAL;Nota fiscal;24.172.716/0001-34;FLD S.A.;1578;;1;Completa;Serviço;Despesa orçamentária;2026-03-20;2026-04-06;2026-04-06;101,6;Não
2270 - FUNDACAO HOSPITALAR DO ESTADO DE MINAS GERAIS;Nota fiscal;21.921.393/0003-08;ORTHO CLINICAL DIAGNOSTICS DO BRASIL PRODUTOS PARA SAUDE LTDA.;268543;;1;Completa - Recebimento definitivo;Consumo;Despesa orçamentária;2026-03-17;2026-03-25;2026-04-06;53746,7;Não
2270 - FUNDACAO HOSPITALAR DO ESTADO DE MINAS GERAIS;Nota fiscal;67.729.178/0002-20;COMERCIAL CIRURGICA RIOCLARENSE LTDA;912070;1;1;Completa - Recebimento definitivo;Consumo;Despesa orçamentária;2026-03-23;2026-04-01;2026-04-06;971,52;Não
2260 - FUNDACAO EZEQUIEL DIAS;Nota fiscal;59.403.410/0001-26;INTERJET COMERCIAL LTDA;14945;1;1;Completa - Recebimento definitivo;Consumo;Despesa orçamentária;2026-03-16;2026-03-31;2026-04-06;177,6;Não
2010 - INST.DE PREVIDENCIA DOS SERVIDORES DO EST.M.GERAIS;Nota fiscal;29.503.802/0001-04;SILIMED - INDUSTRIA DE IMPLANTES LTDA;1036602;1;1;Completa - Recebimento definitivo;Consumo;Despesa extra orçamentária;2026-03-31;2026-04-01;2026-04-06;440,0;Não
1260 - SECRETARIA DE ESTADO DE EDUCACAO;Outros;***.638.426-**;PAULO AFONSO MACHADO DOS SANTOS;9485320;5;1;Completa;Serviço;Despesa orçamentária;2026-04-06;2026-04-06;2026-04-06;21359,17;Não
1500 - SECRETARIA DE ESTADO DE PLANEJAMENTO E GESTAO;Outros;33.224.254/0001-42;MGS MINAS GERAIS ADMINISTRACAO E SERVICOS S/A;679787;;2;Completa;Serviço;Despesa orçamentária;2026-03-25;2026-03-26;2026-04-06;481,32;Não
2270 - FUNDACAO HOSPITALAR DO ESTADO DE MINAS GERAIS;Nota fiscal;11.788.563/0001-02;C R S ALIMENTOS ADMINISTRACAO DE REFEITORIOS LTDA;518;1;1;Completa;Serviço;Despesa orçamentária;2026-04-01;2026-04-06;2026-04-06;55349,16;Não
2270 - FUNDACAO HOSPITALAR DO ESTADO DE MINAS GERAIS;Nota fiscal;12.927.876/0001-67;SOMA/MG PRODUTOS HOSPITALARES LTDA;368500;;1;Completa - Recebimento definitivo;Consumo;Despesa orçamentária;2026-03-21;2026-03-21;2026-04-06;256,8;Não
1320 - SECRETARIA DE ESTADO DA SAUDE;Nota fiscal;33.224.254/0001-42;MGS MINAS GERAIS ADMINISTRACAO E SERVICOS S/A;680910;;1;Completa;Serviço;Despesa orçamentária;2026-03-30;2026-04-06;2026-04-06;1492,24;Não
2370 - INSTITUTO MINEIRO DE AGROPECUARIA;Nota fiscal;11.675.038/0001-80;GARRASEG SOLUCOES EM SEGURANCA ELETRONICA LTDA;202600000000549;;1;Completa;Serviço;Despesa orçamentária;2026-03-31;2026-04-06;2026-04-06;697,45;Não
1250 - POLICIA MILITAR DE MINAS GERAIS;Nota fiscal;25.361.124/0001-23;AACP SERVICO AMBIENTAL LTDA;168;;1;Completa;Serviço;Despesa orçamentária;2026-04-01;2026-04-06;2026-04-06;4151,16;Não
2270 - FUNDACAO HOSPITALAR DO ESTADO DE MINAS GERAIS;Nota fiscal;03.945.035/0001-91;ACACIA COMERCIO DE MEDICAMENTOS LTDA;340588;;1;Completa - Recebimento definitivo;Consumo;Despesa orçamentária;2026-03-19;2026-03-23;2026-04-06;60,0;Não
2260 - FUNDACAO EZEQUIEL DIAS;Nota fiscal;68.337.658/0001-27;SIGMA-ALDRICH BRASIL LTDA;501189;3;1;Completa - Recebimento definitivo;Consumo;Despesa orçamentária;2026-03-25;2026-03-31;2026-04-06;846,21;Não
2270 - FUNDACAO HOSPITALAR DO ESTADO DE MINAS GERAIS;Nota fiscal;01.571.702/0001-98;HALEX ISTAR INDUSTRIA FARMACEUTICA SA;460221;;1;Completa - Recebimento definitivo;Consumo;Despesa orçamentária;2026-03-31;2026-04-06;2026-04-06;3420,0;Não
2010 - INST.DE PREVIDENCIA DOS SERVIDORES DO EST.M.GERAIS;Nota fiscal;29.503.802/0001-04;SILIMED - INDUSTRIA DE IMPLANTES LTDA;1036615;1;1;Completa - Recebimento definitivo;Consumo;Despesa extra orçamentária;2026-03-31;2026-04-01;2026-04-06;440,0;Não
1190 - SECRETARIA DE ESTADO DE FAZENDA DE MINAS GERAIS;Nota fiscal;33.224.254/0001-42;MGS MINAS GERAIS ADMINISTRACAO E SERVICOS S/A;202612438;;1;Completa;Serviço;Despesa orçamentária;2026-03-30;2026-03-30;2026-04-06;152601,0;Não
2300 - DEPARTAMENTO DE ESTRADAS DE RODAGEM;Nota fiscal;02.351.006/0006-43;GRECA DISTRIBUIDORA DE ASFALTOS LTDA.;25453;;1;Completa - Recebimento definitivo;Consumo;Despesa orçamentária;2026-03-02;2026-04-06;2026-04-06;113124,68;Não
2270 - FUNDACAO HOSPITALAR DO ESTADO DE MINAS GERAIS;Nota fiscal;05.194.502/0001-14;ALFALAGOS LTDA ;419313;;1;Completa - Recebimento definitivo;Consumo;Despesa orçamentária;2026-03-20;2026-03-20;2026-04-06;138,0;Não
2280 - FUNDACAO DE EDUCACAO PARA TRABALHO DE MINAS GERAIS;Nota fiscal;76.535.764/0001-43;OI S.A. - EM RECUPERACAO JUDICIAL;33147;;1;Completa;Serviço;Despesa orçamentária;2026-03-25;2026-04-01;2026-04-06;1135,52;Não
1320 - SECRETARIA DE ESTADO DA SAUDE;Outros;***.753.966-**;ELZA PEREIRA COIMBRA;3;26;1;Completa;Serviço;Despesa orçamentária;2026-04-01;2026-04-06;2026-04-06;4550,85;Não
1450 - SECRETARIA DE ESTADO DE JUSTICA E SEGURANCA PUBLIC;Nota fiscal;39.935.073/0001-00;MG2 NUTRICAO LTDA;13599;;1;Completa - Recebimento definitivo;Consumo;Despesa orçamentária;2026-04-01;2026-04-02;2026-04-06;4720,0;Não
1450 - SECRETARIA DE ESTADO DE JUSTICA E SEGURANCA PUBLIC;Nota fiscal;11.319.926/0001-60;KSM MANUTENCAO DE MAQUINAS E EQUIPAMENTOS LTDA -ME;22;2;1;Completa;Serviço;Despesa extra orçamentária;2026-02-28;2026-02-28;2026-04-06;5003,52;Não
1260 - SECRETARIA DE ESTADO DE EDUCACAO;Outros;03.049.886/0001-56;FADEMA - FUNDACAO DE APOIO AO DESENVOLVIMENTO DA EXTENSAO, PESQUISA, ENSINO PROFISSIONALIZANTE E TECNOLOGICO;136855246;;1;Completa;Serviço;Despesa orçamentária;2026-04-02;2026-04-06;2026-04-06;23320,0;Não
2010 - INST.DE PREVIDENCIA DOS SERVIDORES DO EST.M.GERAIS;Nota fiscal;10.884.060/0001-78;AOX COMERCIO DE IMPLANTES CIRURGICOS LTDA;7965;1;1;Completa - Recebimento definitivo;Consumo;Despesa orçamentária;2026-03-31;2026-04-01;2026-04-06;3268,0;Não
2350 - UNIVERSIDADE DO ESTADO DE MINAS GERAIS;Nota fiscal;30.463.232/0001-47;SGA EMPREENDIMENTOS E SERVICOS LTDA;7926;1;1;Completa;Serviço;Despesa orçamentária;2026-03-27;2026-03-29;2026-04-06;2365,6;Não
1400 - CORPO DE BOMBEIROS MILITAR DE MINAS GERAIS;Nota fiscal;07.432.517/0001-07;SIMPRESS COMERCIO LOCACAO E SERVICOS LTDA;376980;E;3;Completa;Serviço;Despesa orçamentária;2026-04-03;2026-04-06;2026-04-06;253,4;Não
1320 - SECRETARIA DE ESTADO DA SAUDE;Nota fiscal;33.224.254/0001-42;MGS MINAS GERAIS ADMINISTRACAO E SERVICOS S/A;680898;;1;Completa;Serviço;Despesa orçamentária;2026-03-30;2026-04-06;2026-04-06;836,88;Não
1260 - SECRETARIA DE ESTADO DE EDUCACAO;Nota fiscal;33.224.254/0001-42;MGS MINAS GERAIS ADMINISTRACAO E SERVICOS S/A;202612430;1;1;Completa;Serviço;Despesa orçamentária;2026-03-30;2026-04-06;2026-04-06;898980,64;Não
2270 - FUNDACAO HOSPITALAR DO ESTADO DE MINAS GERAIS;Nota fiscal;12.927.876/0001-67;SOMA/MG PRODUTOS HOSPITALARES LTDA;368628;;1;Completa - Recebimento definitivo;Consumo;Despesa orçamentária;2026-03-23;2026-03-23;2026-04-06;390,0;Não
2300 - DEPARTAMENTO DE ESTRADAS DE RODAGEM;Nota fiscal;02.351.006/0006-43;GRECA DISTRIBUIDORA DE ASFALTOS LTDA.;25470;;1;Completa - Recebimento definitivo;Consumo;Despesa orçamentária;2026-03-04;2026-04-06;2026-04-06;111552,41;Não
1010 - ASSEMBLEIA LEGISLATIVA DO ESTADO DE MINAS GERAIS;Nota fiscal;11.419.056/0001-00;ASSIS MOREIRA EMPREENDIMENTOS LTDA;74892026;;1;Completa;Serviço;Despesa orçamentária;2026-04-01;2026-04-01;2026-04-06;10795,4;Não
2010 - INST.DE PREVIDENCIA DOS SERVIDORES DO EST.M.GERAIS;Nota fiscal;03.787.326/0001-07;H MEDICAL IMPORTACAO E COMERCIO LTDA;11487;2;1;Completa - Recebimento definitivo;Consumo;Despesa orçamentária;2026-03-31;2026-04-01;2026-04-06;296,0;Não
1260 - SECRETARIA DE ESTADO DE EDUCACAO;Outros;***.806.186-**;ANGELA MARIA CAMPOS CASTRO VIEIRA;9485320;6;1;Completa;Serviço;Despesa orçamentária;2026-04-06;2026-04-06;2026-04-06;7119,72;Não
2260 - FUNDACAO EZEQUIEL DIAS;Outros;33.224.254/0001-42;MGS MINAS GERAIS ADMINISTRACAO E SERVICOS S/A;12343;1;3;Completa;Serviço;Despesa orçamentária;2026-03-27;2026-03-31;2026-04-06;81526,71;Não
2260 - FUNDACAO EZEQUIEL DIAS;Nota fiscal;10.824.101/0001-30;MAKLAB COMERCIAL LTDA;2722;1;1;Completa - Recebimento definitivo;Consumo;Despesa orçamentária;2026-03-27;2026-03-31;2026-04-06;17163,0;Não
2010 - INST.DE PREVIDENCIA DOS SERVIDORES DO EST.M.GERAIS;Nota fiscal;03.787.326/0001-07;H MEDICAL IMPORTACAO E COMERCIO LTDA;11486;2;1;Completa - Recebimento definitivo;Consumo;Despesa orçamentária;2026-03-31;2026-04-01;2026-04-06;7200,0;Não
2270 - FUNDACAO HOSPITALAR DO ESTADO DE MINAS GERAIS;Nota fiscal;18.269.125/0001-87;BIOHOSP PRODUTOS HOSPITALARES SA;776814;1;1;Completa - Recebimento definitivo;Consumo;Despesa orçamentária;2026-04-01;2026-04-06;2026-04-06;1140,0;Não
2350 - UNIVERSIDADE DO ESTADO DE MINAS GERAIS;Nota fiscal;30.463.232/0001-47;SGA EMPREENDIMENTOS E SERVICOS LTDA;792026;1;1;Completa;Serviço;Despesa orçamentária;2026-03-27;2026-03-29;2026-04-06;36542,36;Não
2090 - FUNDACAO ESTADUAL DO MEIO AMBIENTE;Nota fiscal;33.224.254/0001-42;MGS MINAS GERAIS ADMINISTRACAO E SERVICOS S/A;12458;A;1;Completa;Serviço;Despesa orçamentária;2026-03-30;2026-04-01;2026-04-06;204758,73;Não
1260 - SECRETARIA DE ESTADO DE EDUCACAO;Nota fiscal;43.782.859/0001-02;FAST CLEAN DISTRIBUIDORA LTDA;22424;1;1;Completa - Recebimento definitivo;Consumo;Despesa orçamentária;2026-02-26;2026-03-04;2026-04-06;1141,8;Não
2260 - FUNDACAO EZEQUIEL DIAS;Nota fiscal;01.346.849/0001-84;GEO PARTICIPACOES S/A;1192;1;1;Completa - Recebimento definitivo;Consumo;Despesa orçamentária;2026-03-30;2026-03-31;2026-04-06;13774,78;Não
1300 - SECRET. DE ESTADO DE INFRAESTRUTURA E MOBILIDADE;Nota fiscal;20.368.585/0001-04;LAGOTELA LTDA;1623;;1;Completa;Serviço;Despesa extra orçamentária;2026-03-20;2026-03-20;2026-04-06;262291,25;Não
2010 - INST.DE PREVIDENCIA DOS SERVIDORES DO EST.M.GERAIS;Nota fiscal;05.638.301/0001-69;TECMEDIC COMERCIO DE PRODUTOS MEDICOS LTDA.;166508;2;1;Completa - Recebimento definitivo;Consumo;Despesa orçamentária;2026-03-31;2026-04-01;2026-04-06;2355,3;Não
1030 - TRIBUNAL DE JUSTICA DO ESTADO DE MINAS GERAIS;Nota fiscal;16.636.540/0001-04;COMPANHIA DE TECNOLOGIA DA INFORMACAO DO ESTADO DE MINAS GERAIS-PRODEMGE;2655;;2;Completa;Serviço;Despesa extra orçamentária;2026-03-20;2026-03-20;2026-04-06;103894,2;Não
1710 - SECRETARIA DE ESTADO DE COMUNICACAO SOCIAL;Nota fiscal;61.704.482/0004-06;AGENCIA NACIONAL DE PROPAGANDA LTDA;308;;1;Completa;Serviço;Despesa orçamentária;2026-03-19;2026-04-06;2026-04-06;5771,83;Não
2300 - DEPARTAMENTO DE ESTRADAS DE RODAGEM;Nota fiscal;02.421.421/0001-11;TIM S A;5683429692;;1;Completa;Serviço;Despesa orçamentária;2026-02-07;2026-03-31;2026-04-06;4902,0;Não
2270 - FUNDACAO HOSPITALAR DO ESTADO DE MINAS GERAIS;Nota fiscal;01.759.236/0001-79;HORIBA INSTRUMENTS BRASIL LTDA;184249;;1;Completa - Recebimento definitivo;Consumo;Despesa extra orçamentária;2026-03-30;2026-04-06;2026-04-06;766,0;Não
1320 - SECRETARIA DE ESTADO DA SAUDE;Outros;***.912.006-**;MARIA DA SILVA FARIA;415;;1;Completa;Serviço;Despesa orçamentária;2026-04-01;2026-04-06;2026-04-06;5941,66;Não
2010 - INST.DE PREVIDENCIA DOS SERVIDORES DO EST.M.GERAIS;Nota fiscal;00.986.846/0012-03;ST JUDE MEDICAL BRASIL LTDA;51867;201;1;Completa - Recebimento definitivo;Consumo;Despesa extra orçamentária;2026-03-23;2026-04-01;2026-04-06;354,2;Não
2300 - DEPARTAMENTO DE ESTRADAS DE RODAGEM;Nota fiscal;17.281.106/0001-03;COMPANHIA DE SANEAMENTO DE MINAS GERAIS COPASA MG;126150372850;;1;Completa;Serviço;Despesa orçamentária;2026-03-07;2026-03-07;2026-04-06;584,41;Não
1500 - SECRETARIA DE ESTADO DE PLANEJAMENTO E GESTAO;Nota fiscal;16.636.540/0001-04;COMPANHIA DE TECNOLOGIA DA INFORMACAO DO ESTADO DE MINAS GERAIS-PRODEMGE;30102026;;1;Completa;Serviço;Despesa orçamentária;2026-03-31;2026-03-31;2026-04-06;30394,0;Não
2300 - DEPARTAMENTO DE ESTRADAS DE RODAGEM;Nota fiscal;01.593.821/0010-32;CENTRO OESTE ASFALTOS S/A;27809;;1;Completa - Recebimento definitivo;Consumo;Despesa orçamentária;2026-03-11;2026-04-06;2026-04-06;42414,0;Não
1300 - SECRET. DE ESTADO DE INFRAESTRUTURA E MOBILIDADE;Nota fiscal;20.368.585/0001-04;LAGOTELA LTDA;1624;;1;Completa;Serviço;Despesa orçamentária;2026-03-20;2026-03-20;2026-04-06;19435,78;Não
1090 - PROCURADORIA GERAL DE JUSTICA;Nota fiscal;15.839.804/0001-56;INOV LOCACOES E EVENTOS LTDA - ME;202641;;1;Completa;Serviço;Despesa orçamentária;2026-04-02;2026-04-02;2026-04-06;1533,66;Não
1450 - SECRETARIA DE ESTADO DE JUSTICA E SEGURANCA PUBLIC;Nota fiscal;24.310.413/0001-30;PLASLOC PLACAS E TARJETAS LTDA;8292;;1;Completa;Serviço;Despesa orçamentária;2026-03-17;2026-03-17;2026-04-06;155,5;Não
1450 - SECRETARIA DE ESTADO DE JUSTICA E SEGURANCA PUBLIC;Nota fiscal;08.100.954/0001-88;GTO GRUPO TECNICO EM ODONTOLOGIA LTDA - ME;1074;;1;Completa;Serviço;Despesa orçamentária;2026-03-10;2026-03-10;2026-04-06;736,42;Não
2350 - UNIVERSIDADE DO ESTADO DE MINAS GERAIS;Nota fiscal;35.951.480/0001-50;CONSTRUTORA & INCORPORADORA MARTINS LTDA;24;1;2;Completa;Serviço;Despesa orçamentária;2026-03-30;2026-03-30;2026-04-06;1214,27;Não
2320 - FUNDACAO CENTRO DE HEMATOLOGIA E HEMOTERAPIA DE MG;Nota fiscal;50.854.601/0001-30;EXPRESSO BATISTA LOPES DISTRIBUIDORA LTDA;103;1;1;Completa - Recebimento definitivo;Consumo;Despesa orçamentária;2026-04-02;2026-04-06;2026-04-06;743,6;Não
2270 - FUNDACAO HOSPITALAR DO ESTADO DE MINAS GERAIS;Nota fiscal;21.681.325/0001-57;MULTIFARMA COMERCIO E REPRESENTACOES LTDA.;288754;;1;Completa - Recebimento definitivo;Consumo;Despesa orçamentária;2026-04-02;2026-04-06;2026-04-06;508,0;Não
1030 - TRIBUNAL DE JUSTICA DO ESTADO DE MINAS GERAIS;Nota fiscal;08.273.364/0001-57;TICKET GESTAO EM MANUTENCAO EZC S.A;48502852;;1;Completa;Serviço;Despesa orçamentária;2026-04-06;2026-04-06;2026-04-06;129968,0;Não
2100 - INSTITUTO ESTADUAL DE FLORESTAS-IEF;Nota fiscal;76.535.764/0001-43;OI S.A. - EM RECUPERACAO JUDICIAL;70;;1;Completa;Serviço;Despesa orçamentária;2026-03-17;2026-03-19;2026-04-06;5416,75;Não
2270 - FUNDACAO HOSPITALAR DO ESTADO DE MINAS GERAIS;Nota fiscal;12.927.876/0001-67;SOMA/MG PRODUTOS HOSPITALARES LTDA;368494;;1;Completa - Recebimento definitivo;Consumo;Despesa orçamentária;2026-03-21;2026-03-26;2026-04-06;34,8;Não
2350 - UNIVERSIDADE DO ESTADO DE MINAS GERAIS;Nota fiscal;35.951.480/0001-50;CONSTRUTORA & INCORPORADORA MARTINS LTDA;24;0;1;Completa;Serviço;Despesa orçamentária;2026-03-30;2026-03-30;2026-04-06;26382,69;Não
2420 - INSTITUTO DE DESENVOLVIMENTO NORTE E NORDESTE MG;Nota fiscal;***.826.728-**;ROSA MARIA TOZZI MARTINS;6983050032026;;1;Completa;Serviço;Despesa orçamentária;2026-04-02;2026-04-06;2026-04-06;2389,17;Não
2270 - FUNDACAO HOSPITALAR DO ESTADO DE MINAS GERAIS;Nota fiscal;33.100.082/0008-71;E TAMUSSINO E CIA LTDA;119873;2;1;Completa - Recebimento definitivo;Consumo;Despesa orçamentária;2026-04-02;2026-04-02;2026-04-06;7209,68;Não
1030 - TRIBUNAL DE JUSTICA DO ESTADO DE MINAS GERAIS;Nota fiscal;16.636.540/0001-04;COMPANHIA DE TECNOLOGIA DA INFORMACAO DO ESTADO DE MINAS GERAIS-PRODEMGE;2655;10;1;Completa;Serviço;Despesa orçamentária;2026-03-20;2026-03-20;2026-04-06;36505,8;Não
1320 - SECRETARIA DE ESTADO DA SAUDE;Nota fiscal;33.224.254/0001-42;MGS MINAS GERAIS ADMINISTRACAO E SERVICOS S/A;12636;1;1;Completa;Serviço;Despesa orçamentária;2026-03-30;2026-04-06;2026-04-06;10213,64;Não
2270 - FUNDACAO HOSPITALAR DO ESTADO DE MINAS GERAIS;Nota fiscal;20.858.411/0001-20;AMGS COMERCIO E REPRESENTACOES LTDA;625453;2;1;Completa - Disponível para recebimento definitivo;Consumo;Despesa orçamentária;2026-03-13;2026-03-13;2026-04-06;2307,36;Não
1450 - SECRETARIA DE ESTADO DE JUSTICA E SEGURANCA PUBLIC;Nota fiscal;81.243.735/0009-03;POSITIVO TECNOLOGIA S.A.;150740;;1;Completa - Recebimento definitivo;Permanente;Despesa extra orçamentária;2026-02-27;2026-04-06;2026-04-06;111748,0;Não
2270 - FUNDACAO HOSPITALAR DO ESTADO DE MINAS GERAIS;Nota fiscal;31.864.051/0001-95;PLAST LABOR IND.E COM.DE EQUIP.HOSP.E LABORATORIO LTDA;270616;1;1;Completa - Recebimento definitivo;Consumo;Despesa orçamentária;2026-03-31;2026-04-06;2026-04-06;1100,0;Não
1450 - SECRETARIA DE ESTADO DE JUSTICA E SEGURANCA PUBLIC;Nota fiscal;08.624.977/0001-91;TERRAVIVA AMBIENTAL LTDA;202511569;;1;Completa;Serviço;Despesa extra orçamentária;2025-11-14;2025-11-14;2026-04-06;291,79;Não
2270 - FUNDACAO HOSPITALAR DO ESTADO DE MINAS GERAIS;Outros;08.093.178/0001-36;VIGI & SEG VIGILANCIA E SEGURANCA LTDA;120;1;1;Completa;Serviço;Despesa orçamentária;2026-04-02;2026-04-06;2026-04-06;30786,22;Não
1450 - SECRETARIA DE ESTADO DE JUSTICA E SEGURANCA PUBLIC;Nota fiscal;11.319.926/0001-60;KSM MANUTENCAO DE MAQUINAS E EQUIPAMENTOS LTDA -ME;41;3;1;Completa;Serviço;Despesa extra orçamentária;2026-02-28;2026-02-28;2026-04-06;3752,64;Não
2270 - FUNDACAO HOSPITALAR DO ESTADO DE MINAS GERAIS;Nota fiscal;31.673.254/0010-95;LABORATORIOS B BRAUN SA;1065217;0;1;Completa - Recebimento definitivo;Consumo;Despesa orçamentária;2026-03-27;2026-04-01;2026-04-06;1575,0;Não
2300 - DEPARTAMENTO DE ESTRADAS DE RODAGEM;Nota fiscal;59.128.553/0036-05;STRATURA ASFALTOS LTDA.;24612;;1;Completa - Recebimento definitivo;Consumo;Despesa orçamentária;2026-03-11;2026-04-06;2026-04-06;129153,47;Não
1320 - SECRETARIA DE ESTADO DA SAUDE;Nota fiscal;33.224.254/0001-42;MGS MINAS GERAIS ADMINISTRACAO E SERVICOS S/A;680902;;1;Completa;Serviço;Despesa orçamentária;2026-03-30;2026-04-06;2026-04-06;608,64;Não
1510 - POLICIA CIVIL DO ESTADO DE MINAS GERAIS;Outros;29.156.814/0001-00;SERC REFRIGERACAO E CLIMATIZACAO LTDA;59;1;1;Completa;Serviço;Despesa orçamentária;2026-04-01;2026-04-06;2026-04-06;6542,5;Não
2350 - UNIVERSIDADE DO ESTADO DE MINAS GERAIS;Nota fiscal;11.495.771/0001-13;D2 CONSTRUTORA E TRANSPORTES LTDA;1726;;1;Completa;Serviço;Despesa orçamentária;2026-03-25;2026-03-26;2026-04-06;2163,17;Não
1320 - SECRETARIA DE ESTADO DA SAUDE;Nota fiscal;33.224.254/0001-42;MGS MINAS GERAIS ADMINISTRACAO E SERVICOS S/A;12547;1;1;Completa;Serviço;Despesa orçamentária;2026-03-30;2026-04-06;2026-04-06;7122,46;Não
1450 - SECRETARIA DE ESTADO DE JUSTICA E SEGURANCA PUBLIC;Nota fiscal;11.319.926/0001-60;KSM MANUTENCAO DE MAQUINAS E EQUIPAMENTOS LTDA -ME;748;A;1;Completa;Serviço;Despesa extra orçamentária;2025-11-03;2025-11-03;2026-04-06;5150,0;Não
2300 - DEPARTAMENTO DE ESTRADAS DE RODAGEM;Nota fiscal;01.593.821/0010-32;CENTRO OESTE ASFALTOS S/A;27811;;1;Completa - Recebimento definitivo;Consumo;Despesa orçamentária;2026-03-11;2026-04-06;2026-04-06;78465,9;Não
1260 - SECRETARIA DE ESTADO DE EDUCACAO;Outros;33.224.254/0001-42;MGS MINAS GERAIS ADMINISTRACAO E SERVICOS S/A;667173;;1;Completa;Serviço;Despesa orçamentária;2025-12-29;2026-02-13;2026-04-06;35,52;Não
2100 - INSTITUTO ESTADUAL DE FLORESTAS-IEF;Nota fiscal;33.224.254/0001-42;MGS MINAS GERAIS ADMINISTRACAO E SERVICOS S/A;202611864;E;1;Completa;Serviço;Despesa orçamentária;2026-03-24;2026-04-03;2026-04-06;18661,55;Não
1400 - CORPO DE BOMBEIROS MILITAR DE MINAS GERAIS;Nota fiscal;07.432.517/0001-07;SIMPRESS COMERCIO LOCACAO E SERVICOS LTDA;376979;E;1;Completa;Serviço;Despesa extra orçamentária;2026-04-03;2026-04-06;2026-04-06;67,24;Não
1320 - SECRETARIA DE ESTADO DA SAUDE;Nota fiscal;33.224.254/0001-42;MGS MINAS GERAIS ADMINISTRACAO E SERVICOS S/A;680904;;1;Completa;Serviço;Despesa orçamentária;2026-03-30;2026-04-06;2026-04-06;1107,04;Não
1450 - SECRETARIA DE ESTADO DE JUSTICA E SEGURANCA PUBLIC;Nota fiscal;11.319.926/0001-60;KSM MANUTENCAO DE MAQUINAS E EQUIPAMENTOS LTDA -ME;8;A;1;Completa;Serviço;Despesa orçamentária;2026-02-23;2026-02-23;2026-04-06;2090,0;Não
1250 - POLICIA MILITAR DE MINAS GERAIS;Nota fiscal;24.638.170/0001-64;DISTRIBUIDORA MENDONCA E MIRANDA LTDA;2103;;1;Completa - Recebimento definitivo;Consumo;Despesa orçamentária;2026-03-18;2026-04-01;2026-04-06;8556,0;Não
1450 - SECRETARIA DE ESTADO DE JUSTICA E SEGURANCA PUBLIC;Nota fiscal;11.319.926/0001-60;KSM MANUTENCAO DE MAQUINAS E EQUIPAMENTOS LTDA -ME;42;3;1;Completa;Serviço;Despesa extra orçamentária;2026-02-28;2026-02-28;2026-04-06;6254,4;Não
2270 - FUNDACAO HOSPITALAR DO ESTADO DE MINAS GERAIS;Nota fiscal;31.864.051/0001-95;PLAST LABOR IND.E COM.DE EQUIP.HOSP.E LABORATORIO LTDA;270713;1;1;Completa - Recebimento definitivo;Consumo;Despesa orçamentária;2026-03-31;2026-04-06;2026-04-06;155,0;Não
2100 - INSTITUTO ESTADUAL DE FLORESTAS-IEF;Nota fiscal;33.224.254/0001-42;MGS MINAS GERAIS ADMINISTRACAO E SERVICOS S/A;11087;;2;Completa;Serviço;Despesa orçamentária;2026-03-18;2026-04-01;2026-04-06;24309,06;Não
2300 - DEPARTAMENTO DE ESTRADAS DE RODAGEM;Nota fiscal;02.351.006/0006-43;GRECA DISTRIBUIDORA DE ASFALTOS LTDA.;25516;;1;Completa - Recebimento definitivo;Consumo;Despesa orçamentária;2026-03-13;2026-04-06;2026-04-06;119964,05;Não
2350 - UNIVERSIDADE DO ESTADO DE MINAS GERAIS;Nota fiscal;11.495.771/0001-13;D2 CONSTRUTORA E TRANSPORTES LTDA;172026;1;1;Completa;Serviço;Despesa orçamentária;2026-03-25;2026-03-26;2026-04-06;41100,2;Não
1400 - CORPO DE BOMBEIROS MILITAR DE MINAS GERAIS;Outros;40.432.544/0112-62;CLARO S.A.;200024561;;1;Completa;Serviço;Despesa extra orçamentária;2026-04-01;2026-04-06;2026-04-06;4031,48;Não
1260 - SECRETARIA DE ESTADO DE EDUCACAO;Nota fiscal;07.432.517/0001-07;SIMPRESS COMERCIO LOCACAO E SERVICOS LTDA;366377;NFS;1;Completa;Serviço;Despesa orçamentária;2026-03-12;2026-03-26;2026-04-06;507,21;Não
2270 - FUNDACAO HOSPITALAR DO ESTADO DE MINAS GERAIS;Nota fiscal;21.681.325/0001-57;MULTIFARMA COMERCIO E REPRESENTACOES LTDA.;288764;;1;Completa - Recebimento definitivo;Consumo;Despesa orçamentária;2026-04-02;2026-04-06;2026-04-06;82,5;Não
1320 - SECRETARIA DE ESTADO DA SAUDE;Nota fiscal;33.224.254/0001-42;MGS MINAS GERAIS ADMINISTRACAO E SERVICOS S/A;12611;2;1;Completa;Serviço;Despesa orçamentária;2026-03-30;2026-04-06;2026-04-06;18859,12;Não
2270 - FUNDACAO HOSPITALAR DO ESTADO DE MINAS GERAIS;Nota fiscal;20.858.411/0001-20;AMGS COMERCIO E REPRESENTACOES LTDA;625445;2;1;Completa - Recebimento definitivo;Consumo;Despesa orçamentária;2026-03-13;2026-03-13;2026-04-06;1242,27;Não
2270 - FUNDACAO HOSPITALAR DO ESTADO DE MINAS GERAIS;Nota fiscal;18.917.657/0001-83;MEDH DISTRIBUIDORA DE MEDICAMENTOS LTDA;50769;;1;Completa - Recebimento definitivo;Consumo;Despesa orçamentária;2026-03-11;2026-03-12;2026-04-06;5488,18;Não
1030 - TRIBUNAL DE JUSTICA DO ESTADO DE MINAS GERAIS;Outros;16.636.540/0001-04;COMPANHIA DE TECNOLOGIA DA INFORMACAO DO ESTADO DE MINAS GERAIS-PRODEMGE;1769;E;1;Completa;Serviço;Despesa orçamentária;2026-02-19;2026-02-19;2026-04-06;164160,0;Não
1400 - CORPO DE BOMBEIROS MILITAR DE MINAS GERAIS;Outros;40.432.544/0112-62;CLARO S.A.;200022692;;1;Completa;Serviço;Despesa extra orçamentária;2026-04-01;2026-04-06;2026-04-06;380,9;Não
1450 - SECRETARIA DE ESTADO DE JUSTICA E SEGURANCA PUBLIC;Nota fiscal;11.319.926/0001-60;KSM MANUTENCAO DE MAQUINAS E EQUIPAMENTOS LTDA -ME;48;3;1;Completa;Serviço;Despesa extra orçamentária;2026-02-28;2026-02-28;2026-04-06;1254,0;Não
1710 - SECRETARIA DE ESTADO DE COMUNICACAO SOCIAL;Nota fiscal;61.704.482/0004-06;AGENCIA NACIONAL DE PROPAGANDA LTDA;302;;2;Completa;Serviço;Despesa orçamentária;2026-03-17;2026-04-06;2026-04-06;2741,25;Não
2370 - INSTITUTO MINEIRO DE AGROPECUARIA;Nota fiscal;05.607.184/0001-76;S-SERVICE TELECOM E SEGURANCA ELETRONICA LTDA - ME;1087;;1;Completa;Serviço;Despesa orçamentária;2026-04-06;2026-04-06;2026-04-06;231,71;Não
1010 - ASSEMBLEIA LEGISLATIVA DO ESTADO DE MINAS GERAIS;Nota fiscal;07.655.416/0001-97;ARTEBRILHO MULTSERVICOS LTDA ;12212026;;1;Completa;Serviço;Despesa orçamentária;2026-03-27;2026-04-01;2026-04-06;50706,97;Não
2100 - INSTITUTO ESTADUAL DE FLORESTAS-IEF;Outros;33.224.254/0001-42;MGS MINAS GERAIS ADMINISTRACAO E SERVICOS S/A;678713;;1;Completa;Serviço;Despesa orçamentária;2026-03-18;2026-04-01;2026-04-06;2901,81;Não
2270 - FUNDACAO HOSPITALAR DO ESTADO DE MINAS GERAIS;Nota fiscal;20.858.411/0001-20;AMGS COMERCIO E REPRESENTACOES LTDA;625448;2;1;Completa - Recebimento definitivo;Consumo;Despesa orçamentária;2026-03-13;2026-03-13;2026-04-06;1059,81;Não
1260 - SECRETARIA DE ESTADO DE EDUCACAO;Nota fiscal;33.224.254/0001-42;MGS MINAS GERAIS ADMINISTRACAO E SERVICOS S/A;202612431;1;1;Completa;Serviço;Despesa orçamentária;2026-03-30;2026-04-06;2026-04-06;19422,64;Não
1400 - CORPO DE BOMBEIROS MILITAR DE MINAS GERAIS;Outros;40.432.544/0112-62;CLARO S.A.;200022688;;1;Completa;Serviço;Despesa extra orçamentária;2026-04-01;2026-04-06;2026-04-06;126,96;Não
2350 - UNIVERSIDADE DO ESTADO DE MINAS GERAIS;Nota fiscal;16.673.998/0001-25;SUPERINTENDENCIA DE LIMPEZA URBANA;561197;;1;Completa;Serviço;Despesa orçamentária;2026-04-06;2026-04-06;2026-04-06;923,04;Não
1190 - SECRETARIA DE ESTADO DE FAZENDA DE MINAS GERAIS;Nota fiscal;33.224.254/0001-42;MGS MINAS GERAIS ADMINISTRACAO E SERVICOS S/A;202612440;;1;Completa;Serviço;Despesa orçamentária;2026-03-30;2026-04-06;2026-04-06;80489,09;Não
2270 - FUNDACAO HOSPITALAR DO ESTADO DE MINAS GERAIS;Nota fiscal;61.282.661/0001-41;LABORATORIO QUIMICO FARMACEUTICO BERGAMO LTDA;63125;2;1;Completa - Recebimento definitivo;Consumo;Despesa orçamentária;2026-03-23;2026-03-26;2026-04-06;1200,0;Não
1030 - TRIBUNAL DE JUSTICA DO ESTADO DE MINAS GERAIS;Nota fiscal;16.636.540/0001-04;COMPANHIA DE TECNOLOGIA DA INFORMACAO DO ESTADO DE MINAS GERAIS-PRODEMGE;2656;;1;Completa;Serviço;Despesa orçamentária;2026-03-20;2026-03-20;2026-04-06;198720,0;Não
2270 - FUNDACAO HOSPITALAR DO ESTADO DE MINAS GERAIS;Nota fiscal;29.340.740/0001-59;PRODUTOR RODRIGO LOCACOES E SERVICOS LTDA;32;-;1;Completa;Serviço;Despesa orçamentária;2026-04-06;2026-04-06;2026-04-06;15482,17;Não
2010 - INST.DE PREVIDENCIA DOS SERVIDORES DO EST.M.GERAIS;Nota fiscal;16.714.263/0001-00;TERMIL TERMO INSTALACOES LTDA -EPP;497;1;1;Completa - Recebimento definitivo;Consumo;Despesa orçamentária;2026-03-27;2026-03-27;2026-04-06;171000,0;Não
1450 - SECRETARIA DE ESTADO DE JUSTICA E SEGURANCA PUBLIC;Nota fiscal;11.319.926/0001-60;KSM MANUTENCAO DE MAQUINAS E EQUIPAMENTOS LTDA -ME;58;AB;1;Completa;Serviço;Despesa orçamentária;2026-02-28;2026-02-28;2026-04-06;1251,48;Não
1450 - SECRETARIA DE ESTADO DE JUSTICA E SEGURANCA PUBLIC;Nota fiscal;08.100.954/0001-88;GTO GRUPO TECNICO EM ODONTOLOGIA LTDA - ME;5945;;1;Completa;Serviço;Despesa extra orçamentária;2025-12-11;2025-12-11;2026-04-06;1822,0;Não
1400 - CORPO DE BOMBEIROS MILITAR DE MINAS GERAIS;Outros;40.432.544/0112-62;CLARO S.A.;200022705;;1;Completa;Serviço;Despesa extra orçamentária;2026-04-01;2026-04-06;2026-04-06;126,96;Não
2270 - FUNDACAO HOSPITALAR DO ESTADO DE MINAS GERAIS;Nota fiscal;12.889.035/0002-93;INOVAMED HOSPITALAR LTDA;55703;;1;Completa - Recebimento definitivo;Consumo;Despesa orçamentária;2026-02-18;2026-02-20;2026-04-06;118,08;Não
1450 - SECRETARIA DE ESTADO DE JUSTICA E SEGURANCA PUBLIC;Nota fiscal;12.927.876/0001-67;SOMA/MG PRODUTOS HOSPITALARES LTDA;368704;;1;Completa - Recebimento definitivo;Consumo;Despesa orçamentária;2026-03-24;2026-04-01;2026-04-06;16934,4;Não
2270 - FUNDACAO HOSPITALAR DO ESTADO DE MINAS GERAIS;Nota fiscal;20.858.411/0001-20;AMGS COMERCIO E REPRESENTACOES LTDA;625449;2;1;Completa - Recebimento definitivo;Consumo;Despesa orçamentária;2026-03-13;2026-03-13;2026-04-06;1059,81;Não
2270 - FUNDACAO HOSPITALAR DO ESTADO DE MINAS GERAIS;Nota fiscal;31.864.051/0001-95;PLAST LABOR IND.E COM.DE EQUIP.HOSP.E LABORATORIO LTDA;270597;1;1;Completa - Recebimento definitivo;Consumo;Despesa orçamentária;2026-03-31;2026-04-06;2026-04-06;3327,0;Não
1010 - ASSEMBLEIA LEGISLATIVA DO ESTADO DE MINAS GERAIS;Nota fiscal;18.876.112/0001-76;GIBBOR PUBLICIDADE E PUBLICACOES DE EDITAIS LTDA;5912026;;1;Completa;Serviço;Despesa orçamentária;2026-03-17;2026-04-01;2026-04-06;1664,0;Não
1260 - SECRETARIA DE ESTADO DE EDUCACAO;Nota fiscal;33.224.254/0001-42;MGS MINAS GERAIS ADMINISTRACAO E SERVICOS S/A;202612429;1;1;Completa;Serviço;Despesa orçamentária;2026-03-30;2026-04-06;2026-04-06;3961,31;Não
2420 - INSTITUTO DE DESENVOLVIMENTO NORTE E NORDESTE MG;Nota fiscal;91.967.067/0008-21;BAKOF PLASTICOS LTDA EM RECUPERACAO JUDICIAL;25090;0;1;Completa - Recebimento definitivo;Consumo;Despesa extra orçamentária;2026-03-16;2026-03-18;2026-04-06;17940,0;Não
2270 - FUNDACAO HOSPITALAR DO ESTADO DE MINAS GERAIS;Nota fiscal;81.243.735/0001-48;POSITIVO TECNOLOGIA S.A.;3745;;1;Completa;Serviço;Despesa orçamentária;2026-03-25;2026-03-30;2026-04-06;34234,56;Não
1710 - SECRETARIA DE ESTADO DE COMUNICACAO SOCIAL;Nota fiscal;24.172.716/0001-34;FLD S.A.;1400;;1;Completa;Serviço;Despesa orçamentária;2026-03-16;2026-04-06;2026-04-06;101,6;Não
2270 - FUNDACAO HOSPITALAR DO ESTADO DE MINAS GERAIS;Nota fiscal;20.858.411/0001-20;AMGS COMERCIO E REPRESENTACOES LTDA;625451;2;1;Completa - Recebimento definitivo;Consumo;Despesa orçamentária;2026-03-13;2026-03-13;2026-04-06;1124,32;Não
2100 - INSTITUTO ESTADUAL DE FLORESTAS-IEF;Nota fiscal;33.224.254/0001-42;MGS MINAS GERAIS ADMINISTRACAO E SERVICOS S/A;202600000011835;;1;Completa;Serviço;Despesa orçamentária;2026-03-24;2026-04-01;2026-04-06;6187,86;Não
1090 - PROCURADORIA GERAL DE JUSTICA;Nota fiscal;15.839.804/0001-56;INOV LOCACOES E EVENTOS LTDA - ME;202640;;1;Completa;Serviço;Despesa orçamentária;2026-04-02;2026-04-02;2026-04-06;2191,2;Não
1190 - SECRETARIA DE ESTADO DE FAZENDA DE MINAS GERAIS;Nota fiscal;33.224.254/0001-42;MGS MINAS GERAIS ADMINISTRACAO E SERVICOS S/A;202612452;;1;Completa;Serviço;Despesa orçamentária;2026-03-30;2026-03-30;2026-04-06;35838,43;Não
1450 - SECRETARIA DE ESTADO DE JUSTICA E SEGURANCA PUBLIC;Nota fiscal;11.319.926/0001-60;KSM MANUTENCAO DE MAQUINAS E EQUIPAMENTOS LTDA -ME;52;A;1;Completa;Serviço;Despesa orçamentária;2026-02-28;2026-02-28;2026-04-06;1635,7;Não
2100 - INSTITUTO ESTADUAL DE FLORESTAS-IEF;Outros;33.224.254/0001-42;MGS MINAS GERAIS ADMINISTRACAO E SERVICOS S/A;679667;;1;Completa;Serviço;Despesa orçamentária;2026-03-24;2026-04-01;2026-04-06;510,18;Não
2270 - FUNDACAO HOSPITALAR DO ESTADO DE MINAS GERAIS;Nota fiscal;20.858.411/0001-20;AMGS COMERCIO E REPRESENTACOES LTDA;625455;2;1;Completa - Recebimento definitivo;Consumo;Despesa orçamentária;2026-03-13;2026-03-13;2026-04-06;1242,27;Não
2270 - FUNDACAO HOSPITALAR DO ESTADO DE MINAS GERAIS;Nota fiscal;12.889.035/0002-93;INOVAMED HOSPITALAR LTDA;55704;;1;Completa - Recebimento definitivo;Consumo;Despesa orçamentária;2026-02-18;2026-02-20;2026-04-06;17,91;Não
1400 - CORPO DE BOMBEIROS MILITAR DE MINAS GERAIS;Nota fiscal;58.976.420/0001-98;CAMARGO SERVICOS AUTOMOTIVOS LTDA;72;;1;Completa;Serviço;Despesa extra orçamentária;2026-04-01;2026-04-06;2026-04-06;1015,6;Não
1260 - SECRETARIA DE ESTADO DE EDUCACAO;Nota fiscal;07.432.517/0001-07;SIMPRESS COMERCIO LOCACAO E SERVICOS LTDA;366386;NFS;1;Completa;Serviço;Despesa orçamentária;2026-03-12;2026-03-26;2026-04-06;193,48;Não
2370 - INSTITUTO MINEIRO DE AGROPECUARIA;Outros;34.028.316/0015-09;EMPRESA BRASILEIRA DE CORREIOS E TELEGRAFOS - ECT;2494498;;1;Completa;Serviço;Despesa orçamentária;2026-04-06;2026-04-06;2026-04-06;1338,15;Não
1510 - POLICIA CIVIL DO ESTADO DE MINAS GERAIS;Outros;35.070.402/0001-47;A CASA E SUA IMOVEIS E INTERMEDIACAO LTDA;18;;1;Completa;Serviço;Despesa orçamentária;2026-04-06;2026-04-06;2026-04-06;13194,57;Não
1510 - POLICIA CIVIL DO ESTADO DE MINAS GERAIS;Outros;***.097.206-**;BALTAZAR MOREIRA LAGARES;32026;;1;Completa;Serviço;Despesa orçamentária;2026-04-06;2026-04-06;2026-04-06;38426,04;Não
1190 - SECRETARIA DE ESTADO DE FAZENDA DE MINAS GERAIS;Nota fiscal;33.224.254/0001-42;MGS MINAS GERAIS ADMINISTRACAO E SERVICOS S/A;202612451;;1;Completa;Serviço;Despesa orçamentária;2026-03-30;2026-03-30;2026-04-06;2164,01;Não
2100 - INSTITUTO ESTADUAL DE FLORESTAS-IEF;Nota fiscal;33.224.254/0001-42;MGS MINAS GERAIS ADMINISTRACAO E SERVICOS S/A;11784;;1;Completa;Serviço;Despesa orçamentária;2026-03-24;2026-04-01;2026-04-06;5631,8;Não
2260 - FUNDACAO EZEQUIEL DIAS;Nota fiscal;17.559.147/0001-19;3A COMPRAS GOVERNAMENTAIS LTDA.;1945;1;1;Completa - Recebimento definitivo;Consumo;Despesa orçamentária;2026-03-29;2026-03-31;2026-04-06;3240,0;Não
1450 - SECRETARIA DE ESTADO DE JUSTICA E SEGURANCA PUBLIC;Outros;02.421.421/0001-11;TIM S A;5560599948;;1;Completa;Serviço;Despesa extra orçamentária;2026-03-13;2026-03-13;2026-04-06;1230,86;Não
1710 - SECRETARIA DE ESTADO DE COMUNICACAO SOCIAL;Nota fiscal;24.172.716/0001-34;FLD S.A.;1402;;1;Completa;Serviço;Despesa orçamentária;2026-03-16;2026-04-06;2026-04-06;101,6;Não
2100 - INSTITUTO ESTADUAL DE FLORESTAS-IEF;Outros;33.224.254/0001-42;MGS MINAS GERAIS ADMINISTRACAO E SERVICOS S/A;679623;;1;Completa;Serviço;Despesa orçamentária;2026-03-24;2026-04-01;2026-04-06;510,18;Não
2370 - INSTITUTO MINEIRO DE AGROPECUARIA;Outros;34.028.316/0015-09;EMPRESA BRASILEIRA DE CORREIOS E TELEGRAFOS - ECT;2498265;;1;Completa;Serviço;Despesa orçamentária;2026-04-06;2026-04-06;2026-04-06;46,12;Não
2420 - INSTITUTO DE DESENVOLVIMENTO NORTE E NORDESTE MG;Nota fiscal;91.967.067/0008-21;BAKOF PLASTICOS LTDA EM RECUPERACAO JUDICIAL;25096;0;1;Completa - Recebimento definitivo;Consumo;Despesa extra orçamentária;2026-03-17;2026-03-19;2026-04-06;17940,0;Não
1250 - POLICIA MILITAR DE MINAS GERAIS;Nota fiscal;18.917.657/0001-83;MEDH DISTRIBUIDORA DE MEDICAMENTOS LTDA;51458;1;1;Completa - Recebimento definitivo;Consumo;Despesa orçamentária;2026-03-23;2026-03-31;2026-04-06;120,0;Não
2370 - INSTITUTO MINEIRO DE AGROPECUARIA;Outros;34.028.316/0015-09;EMPRESA BRASILEIRA DE CORREIOS E TELEGRAFOS - ECT;2499622;;1;Completa;Serviço;Despesa orçamentária;2026-04-06;2026-04-06;2026-04-06;144,23;Não
1260 - SECRETARIA DE ESTADO DE EDUCACAO;Nota fiscal;05.342.580/0001-19;UNIVERSIDADE PATATIVA DO ASSARE;17419;;1;Completa;Serviço;Despesa orçamentária;2026-04-01;2026-04-01;2026-04-06;3958,15;Não
1320 - SECRETARIA DE ESTADO DA SAUDE;Nota fiscal;33.224.254/0001-42;MGS MINAS GERAIS ADMINISTRACAO E SERVICOS S/A;12485;2;1;Completa;Serviço;Despesa orçamentária;2026-03-30;2026-04-06;2026-04-06;7166,94;Não
2420 - INSTITUTO DE DESENVOLVIMENTO NORTE E NORDESTE MG;Nota fiscal;91.967.067/0008-21;BAKOF PLASTICOS LTDA EM RECUPERACAO JUDICIAL;25099;0;1;Completa - Recebimento definitivo;Consumo;Despesa extra orçamentária;2026-03-18;2026-03-19;2026-04-06;11960,0;Não
2100 - INSTITUTO ESTADUAL DE FLORESTAS-IEF;Nota fiscal;33.224.254/0001-42;MGS MINAS GERAIS ADMINISTRACAO E SERVICOS S/A;11831;;1;Completa;Serviço;Despesa orçamentária;2026-03-24;2026-04-01;2026-04-06;34530,64;Não
1250 - POLICIA MILITAR DE MINAS GERAIS;Nota fiscal;71.398.697/0001-49;GASMAX DISTRIBUICAO COMERCIO E SERVICOS LTDA -EPP;7612026;1;1;Completa - Recebimento definitivo;Consumo;Despesa orçamentária;2026-04-01;2026-04-06;2026-04-06;2120,0;Não
1190 - SECRETARIA DE ESTADO DE FAZENDA DE MINAS GERAIS;Nota fiscal;33.224.254/0001-42;MGS MINAS GERAIS ADMINISTRACAO E SERVICOS S/A;202612441;;1;Completa;Serviço;Despesa orçamentária;2026-03-30;2026-04-06;2026-04-06;7014,05;Não
1250 - POLICIA MILITAR DE MINAS GERAIS;Nota fiscal;43.346.214/0001-27;URGO MEDICAL BRASIL PARTICIPACOES LTDA.;2704;1;1;Completa - Recebimento definitivo;Consumo;Despesa orçamentária;2026-03-16;2026-04-01;2026-04-06;5807,5;Não
1090 - PROCURADORIA GERAL DE JUSTICA;Nota fiscal;15.839.804/0001-56;INOV LOCACOES E EVENTOS LTDA - ME;39;;1;Completa;Serviço;Despesa orçamentária;2026-04-02;2026-04-02;2026-04-06;766,84;Não
1300 - SECRET. DE ESTADO DE INFRAESTRUTURA E MOBILIDADE;Nota fiscal;22.111.570/0001-91;HOUER CONSULTORIA LTDA;157;202;1;Completa;Serviço;Despesa extra orçamentária;2026-03-11;2026-04-06;2026-04-06;258319,61;Não
2370 - INSTITUTO MINEIRO DE AGROPECUARIA;Nota fiscal;33.224.254/0001-42;MGS MINAS GERAIS ADMINISTRACAO E SERVICOS S/A;12455;;1;Completa;Serviço;Despesa orçamentária;2026-03-30;2026-04-01;2026-04-06;7274,52;Não
1320 - SECRETARIA DE ESTADO DA SAUDE;Nota fiscal;33.224.254/0001-42;MGS MINAS GERAIS ADMINISTRACAO E SERVICOS S/A;12484;1;1;Completa;Serviço;Despesa orçamentária;2026-03-30;2026-04-06;2026-04-06;112886,31;Não
1710 - SECRETARIA DE ESTADO DE COMUNICACAO SOCIAL;Nota fiscal;24.172.716/0001-34;FLD S.A.;1405;;1;Completa;Serviço;Despesa orçamentária;2026-03-16;2026-04-06;2026-04-06;101,6;Não
1030 - TRIBUNAL DE JUSTICA DO ESTADO DE MINAS GERAIS;Nota fiscal;55.403.198/0001-46;MATEUS ALEXANDRE DA SILVA;28;;1;Completa;Serviço;Despesa orçamentária;2026-03-28;2026-04-06;2026-04-06;3628,04;Não
1500 - SECRETARIA DE ESTADO DE PLANEJAMENTO E GESTAO;Outros;07.432.517/0001-07;SIMPRESS COMERCIO LOCACAO E SERVICOS LTDA;376280;;1;Completa;Serviço;Despesa orçamentária;2026-04-02;2026-04-06;2026-04-06;757,35;Não
1030 - TRIBUNAL DE JUSTICA DO ESTADO DE MINAS GERAIS;Nota fiscal;05.340.639/0001-30;PRIME CONSULTORIA E ASSESSORIA EMPRESARIAL LTDA;152699;;1;Completa - Recebimento definitivo;Consumo;Despesa orçamentária;2026-04-01;2026-04-06;2026-04-06;52708,06;Não
1250 - POLICIA MILITAR DE MINAS GERAIS;Nota fiscal;16.636.540/0001-04;COMPANHIA DE TECNOLOGIA DA INFORMACAO DO ESTADO DE MINAS GERAIS-PRODEMGE;1649;1;1;Completa;Serviço;Despesa orçamentária;2026-02-11;2026-03-20;2026-04-06;9676,0;Não
1190 - SECRETARIA DE ESTADO DE FAZENDA DE MINAS GERAIS;Nota fiscal;33.224.254/0001-42;MGS MINAS GERAIS ADMINISTRACAO E SERVICOS S/A;202612439;;1;Completa;Serviço;Despesa orçamentária;2026-03-30;2026-04-06;2026-04-06;158,1;Não
2300 - DEPARTAMENTO DE ESTRADAS DE RODAGEM;Nota fiscal;01.593.821/0010-32;CENTRO OESTE ASFALTOS S/A;27793;;1;Completa - Recebimento definitivo;Consumo;Despesa orçamentária;2026-03-06;2026-04-06;2026-04-06;78748,66;Não
1190 - SECRETARIA DE ESTADO DE FAZENDA DE MINAS GERAIS;Outros;01.389.269/0001-74;ALCTEL TELECOMUNICACOES E INFORMATICA LTDA;684;;1;Completa;Serviço;Despesa orçamentária;2026-04-01;2026-04-06;2026-04-06;134,38;Não
1250 - POLICIA MILITAR DE MINAS GERAIS;Nota fiscal;00.028.682/0001-40;PROMEDON DO BRASIL PRODUTOS MEDICO HOSPITALARES LTDA;531760;0;1;Completa - Recebimento definitivo;Consumo;Despesa orçamentária;2026-03-20;2026-04-01;2026-04-06;7420,0;Não
2260 - FUNDACAO EZEQUIEL DIAS;Nota fiscal;28.911.309/0001-52;ASCLE BRASIL LTDA;12830;1;1;Completa - Recebimento definitivo;Consumo;Despesa orçamentária;2026-03-20;2026-04-01;2026-04-06;10080,0;Não
2370 - INSTITUTO MINEIRO DE AGROPECUARIA;Nota fiscal;33.224.254/0001-42;MGS MINAS GERAIS ADMINISTRACAO E SERVICOS S/A;12457;1;1;Completa;Serviço;Despesa orçamentária;2026-03-30;2026-04-01;2026-04-06;1671,32;Não
2300 - DEPARTAMENTO DE ESTRADAS DE RODAGEM;Nota fiscal;01.593.821/0010-32;CENTRO OESTE ASFALTOS S/A;27803;;1;Completa - Recebimento definitivo;Consumo;Despesa orçamentária;2026-03-09;2026-04-06;2026-04-06;65233,79;Não
1250 - POLICIA MILITAR DE MINAS GERAIS;Nota fiscal;16.636.540/0001-04;COMPANHIA DE TECNOLOGIA DA INFORMACAO DO ESTADO DE MINAS GERAIS-PRODEMGE;2333;1;1;Completa;Serviço;Despesa orçamentária;2026-03-13;2026-03-20;2026-04-06;9676,0;Não
1070 - GABINETE MILITAR DO GOVERNADOR DO ESTADO DE MG;Nota fiscal;62.300.625/0001-26;L&S TECNOLOGIA E EQUIPAMENTOS LTDA;8;;1;Completa - Recebimento definitivo;Consumo;Despesa extra orçamentária;2026-03-25;2026-03-25;2026-04-06;10749,0;Não
2260 - FUNDACAO EZEQUIEL DIAS;Nota fiscal;08.195.271/0001-51;FOCOS COMERCIAL LTDA;1101;1;1;Completa - Recebimento definitivo;Consumo;Despesa orçamentária;2026-03-23;2026-04-01;2026-04-06;750,0;Não
2270 - FUNDACAO HOSPITALAR DO ESTADO DE MINAS GERAIS;Nota fiscal;03.945.035/0001-91;ACACIA COMERCIO DE MEDICAMENTOS LTDA;340655;;1;Completa - Recebimento definitivo;Consumo;Despesa orçamentária;2026-03-20;2026-03-23;2026-04-06;318,81;Não
1450 - SECRETARIA DE ESTADO DE JUSTICA E SEGURANCA PUBLIC;Nota fiscal;11.319.926/0001-60;KSM MANUTENCAO DE MAQUINAS E EQUIPAMENTOS LTDA -ME;45;3;1;Completa;Serviço;Despesa extra orçamentária;2026-02-28;2026-02-28;2026-04-06;1254,0;Não
2320 - FUNDACAO CENTRO DE HEMATOLOGIA E HEMOTERAPIA DE MG;Nota fiscal;16.636.540/0001-04;COMPANHIA DE TECNOLOGIA DA INFORMACAO DO ESTADO DE MINAS GERAIS-PRODEMGE;2897;FH;1;Completa;Serviço;Despesa orçamentária;2026-03-27;2026-04-06;2026-04-06;193,6;Não
2420 - INSTITUTO DE DESENVOLVIMENTO NORTE E NORDESTE MG;Nota fiscal;91.967.067/0008-21;BAKOF PLASTICOS LTDA EM RECUPERACAO JUDICIAL;25077;0;1;Completa - Recebimento definitivo;Consumo;Despesa extra orçamentária;2026-03-13;2026-03-13;2026-04-06;17940,0;Não
1090 - PROCURADORIA GERAL DE JUSTICA;Nota fiscal;15.839.804/0001-56;INOV LOCACOES E EVENTOS LTDA - ME;38;;1;Completa;Serviço;Despesa orçamentária;2026-04-01;2026-04-02;2026-04-06;766,84;Não
2300 - DEPARTAMENTO DE ESTRADAS DE RODAGEM;Nota fiscal;06.981.180/0001-16;CEMIG DISTRIBUICAO S.A.;80000653306;2;1;Completa;Serviço;Despesa orçamentária;2026-03-04;2026-03-11;2026-04-06;1099,66;Não
2100 - INSTITUTO ESTADUAL DE FLORESTAS-IEF;Outros;33.224.254/0001-42;MGS MINAS GERAIS ADMINISTRACAO E SERVICOS S/A;679715;;1;Completa;Serviço;Despesa orçamentária;2026-03-24;2026-04-01;2026-04-06;3035,85;Não
2260 - FUNDACAO EZEQUIEL DIAS;Nota fiscal;13.430.441/0001-75;GERAES DIAGNOSTICA LTDA;7681;1;1;Completa - Recebimento definitivo;Consumo;Despesa orçamentária;2026-04-01;2026-04-01;2026-04-06;440,0;Não
2300 - DEPARTAMENTO DE ESTRADAS DE RODAGEM;Nota fiscal;17.281.106/0001-03;COMPANHIA DE SANEAMENTO DE MINAS GERAIS COPASA MG;126150375158;;1;Completa;Serviço;Despesa orçamentária;2026-03-02;2026-03-06;2026-04-06;2916,01;Não
1030 - TRIBUNAL DE JUSTICA DO ESTADO DE MINAS GERAIS;Nota fiscal;20.501.854/0001-69;ALCANCE ENGENHARIA E CONSTRUCAO LTDA;2026146;;1;Completa;Serviço;Despesa orçamentária;2026-04-01;2026-04-01;2026-04-06;25082,4;Não
2010 - INST.DE PREVIDENCIA DOS SERVIDORES DO EST.M.GERAIS;Nota fiscal;41.721.051/0001-90;TRAUMINAS DISTRIBUIDORA DE MATERIAIS CIRURGICOS HOSPITALARES LTDA;1522724;1;1;Completa - Recebimento definitivo;Consumo;Despesa orçamentária;2026-03-30;2026-04-01;2026-04-06;9016,61;Não
2100 - INSTITUTO ESTADUAL DE FLORESTAS-IEF;Nota fiscal;33.224.254/0001-42;MGS MINAS GERAIS ADMINISTRACAO E SERVICOS S/A;202600000012585;;1;Completa;Serviço;Despesa orçamentária;2026-03-30;2026-04-01;2026-04-06;43322,81;Não
2420 - INSTITUTO DE DESENVOLVIMENTO NORTE E NORDESTE MG;Nota fiscal;91.967.067/0008-21;BAKOF PLASTICOS LTDA EM RECUPERACAO JUDICIAL;25058;0;1;Completa - Recebimento definitivo;Consumo;Despesa extra orçamentária;2026-03-12;2026-03-13;2026-04-06;17940,0;Não
1250 - POLICIA MILITAR DE MINAS GERAIS;Nota fiscal;26.124.204/0001-28;MM AUTO PECAS E SERVICOS LTDA;220;;1;Completa;Serviço;Despesa orçamentária;2026-03-25;2026-04-06;2026-04-06;221,2;Não
1440 - DEFENSORIA PUBLICA DO ESTADO DE MINAS GERAIS;Nota fiscal;10.174.094/0001-79;GAMA LUZ COMERCIO VAREJISTA LTDA;2976;0;1;Completa - Recebimento definitivo;Consumo;Despesa orçamentária;2026-03-30;2026-03-31;2026-04-06;1497,6;Não
1090 - PROCURADORIA GERAL DE JUSTICA;Nota fiscal;15.839.804/0001-56;INOV LOCACOES E EVENTOS LTDA - ME;37;;1;Completa;Serviço;Despesa orçamentária;2026-04-01;2026-04-02;2026-04-06;766,84;Não
2090 - FUNDACAO ESTADUAL DO MEIO AMBIENTE;Nota fiscal;33.224.254/0001-42;MGS MINAS GERAIS ADMINISTRACAO E SERVICOS S/A;12460;A;1;Completa;Serviço;Despesa orçamentária;2026-03-30;2026-04-01;2026-04-06;17050,68;Não
1250 - POLICIA MILITAR DE MINAS GERAIS;Nota fiscal;26.124.204/0001-28;MM AUTO PECAS E SERVICOS LTDA;225;;1;Completa;Serviço;Despesa orçamentária;2026-03-30;2026-04-06;2026-04-06;1041,6;Não
2270 - FUNDACAO HOSPITALAR DO ESTADO DE MINAS GERAIS;Nota fiscal;02.740.826/0001-12;SEMPRE IMOVEIS LTDA - ME;3;-;1;Completa;Serviço;Despesa orçamentária;2026-04-06;2026-04-06;2026-04-06;142791,22;Não
1090 - PROCURADORIA GERAL DE JUSTICA;Nota fiscal;12.967.719/0001-85;LEPIDUS TECNOLOGIA LTDA;888;1;1;Completa;Serviço;Despesa orçamentária;2026-04-03;2026-04-03;2026-04-06;202,66;Não
1710 - SECRETARIA DE ESTADO DE COMUNICACAO SOCIAL;Nota fiscal;24.172.716/0001-34;FLD S.A.;1442;;1;Completa;Serviço;Despesa orçamentária;2026-03-17;2026-04-06;2026-04-06;101,6;Não
2320 - FUNDACAO CENTRO DE HEMATOLOGIA E HEMOTERAPIA DE MG;Nota fiscal;24.638.170/0001-64;DISTRIBUIDORA MENDONCA E MIRANDA LTDA;2080;;1;Completa - Recebimento definitivo;Consumo;Despesa orçamentária;2026-03-05;2026-04-06;2026-04-06;5448,0;Não
1250 - POLICIA MILITAR DE MINAS GERAIS;Nota fiscal;26.124.204/0001-28;MM AUTO PECAS E SERVICOS LTDA;226;;1;Completa;Serviço;Despesa orçamentária;2026-03-30;2026-04-06;2026-04-06;781,2;Não
2090 - FUNDACAO ESTADUAL DO MEIO AMBIENTE;Nota fiscal;33.224.254/0001-42;MGS MINAS GERAIS ADMINISTRACAO E SERVICOS S/A;12459;A;1;Completa;Serviço;Despesa orçamentária;2026-03-30;2026-04-01;2026-04-06;15425,6;Não
1250 - POLICIA MILITAR DE MINAS GERAIS;Nota fiscal;13.694.036/0001-64;EMENALLI MEDICAL LTDA;20329;1;1;Completa - Recebimento definitivo;Consumo;Despesa orçamentária;2026-03-27;2026-04-01;2026-04-06;1072,5;Não
2010 - INST.DE PREVIDENCIA DOS SERVIDORES DO EST.M.GERAIS;Outros;00.627.410/0001-67;SENTINELA IMOVEIS S/C LTDA;32026;;2;Completa;Serviço;Despesa orçamentária;2026-04-06;2026-04-06;2026-04-06;3750,0;Não
1090 - PROCURADORIA GERAL DE JUSTICA;Nota fiscal;05.151.226/0001-07;EXPRESSO MINAS FRIOS LTDA;565989;;1;Completa;Serviço;Despesa orçamentária;2026-03-06;2026-03-09;2026-04-06;26822,86;Não
1030 - TRIBUNAL DE JUSTICA DO ESTADO DE MINAS GERAIS;Nota fiscal;20.501.854/0001-69;ALCANCE ENGENHARIA E CONSTRUCAO LTDA;2026148;;1;Completa;Serviço;Despesa orçamentária;2026-04-01;2026-04-01;2026-04-06;135405,04;Não
2320 - FUNDACAO CENTRO DE HEMATOLOGIA E HEMOTERAPIA DE MG;Nota fiscal;16.636.540/0001-04;COMPANHIA DE TECNOLOGIA DA INFORMACAO DO ESTADO DE MINAS GERAIS-PRODEMGE;2898;;1;Completa;Serviço;Despesa orçamentária;2026-03-27;2026-04-06;2026-04-06;45753,31;Não
2270 - FUNDACAO HOSPITALAR DO ESTADO DE MINAS GERAIS;Nota fiscal;01.640.262/0001-83;CITOPHARMA MANIPULACAO DE MEDICAMENTOS ESPECIAIS LTDA;203453;;1;Completa - Recebimento definitivo;Consumo;Despesa orçamentária;2026-04-02;2026-04-02;2026-04-06;738,0;Não
1250 - POLICIA MILITAR DE MINAS GERAIS;Nota fiscal;11.877.737/0001-03;KM COMERCIO E SERVICO LTDA;50;;1;Completa;Serviço;Despesa orçamentária;2026-03-25;2026-04-04;2026-04-06;3504,91;Não
2300 - DEPARTAMENTO DE ESTRADAS DE RODAGEM;Nota fiscal;08.273.364/0001-57;TICKET GESTAO EM MANUTENCAO EZC S.A;48497525;;1;Completa;Serviço;Despesa orçamentária;2026-04-01;2026-04-01;2026-04-06;4112,91;Não
2270 - FUNDACAO HOSPITALAR DO ESTADO DE MINAS GERAIS;Nota fiscal;12.927.876/0001-67;SOMA/MG PRODUTOS HOSPITALARES LTDA;368495;;1;Completa - Recebimento definitivo;Consumo;Despesa orçamentária;2026-03-21;2026-03-26;2026-04-06;124,0;Não
2300 - DEPARTAMENTO DE ESTRADAS DE RODAGEM;Nota fiscal;08.273.364/0001-57;TICKET GESTAO EM MANUTENCAO EZC S.A;48497525;1;1;Completa;Serviço;Despesa orçamentária;2026-04-01;2026-04-01;2026-04-06;1513,9;Não
1190 - SECRETARIA DE ESTADO DE FAZENDA DE MINAS GERAIS;Nota fiscal;06.976.881/0001-67;MS - SEGURANCA ELETRONICA LTDA - ME;1579;900;1;Completa;Serviço;Despesa orçamentária;2026-04-01;2026-04-06;2026-04-06;350,0;Não
1090 - PROCURADORIA GERAL DE JUSTICA;Nota fiscal;15.839.804/0001-56;INOV LOCACOES E EVENTOS LTDA - ME;36;;1;Completa;Serviço;Despesa orçamentária;2026-04-01;2026-04-02;2026-04-06;30662,43;Não
1190 - SECRETARIA DE ESTADO DE FAZENDA DE MINAS GERAIS;Nota fiscal;16.636.540/0001-04;COMPANHIA DE TECNOLOGIA DA INFORMACAO DO ESTADO DE MINAS GERAIS-PRODEMGE;20262927;;1;Completa;Serviço;Despesa orçamentária;2026-03-30;2026-03-30;2026-04-06;700,0;Não
2280 - FUNDACAO DE EDUCACAO PARA TRABALHO DE MINAS GERAIS;Nota fiscal;07.432.517/0001-07;SIMPRESS COMERCIO LOCACAO E SERVICOS LTDA;377014;;1;Completa;Serviço;Despesa orçamentária;2026-04-03;2026-04-06;2026-04-06;1319,73;Não
1190 - SECRETARIA DE ESTADO DE FAZENDA DE MINAS GERAIS;Nota fiscal;06.976.881/0001-67;MS - SEGURANCA ELETRONICA LTDA - ME;1578;900;1;Completa;Serviço;Despesa orçamentária;2026-04-01;2026-04-06;2026-04-06;350,0;Não
2010 - INST.DE PREVIDENCIA DOS SERVIDORES DO EST.M.GERAIS;Nota fiscal;41.721.051/0001-90;TRAUMINAS DISTRIBUIDORA DE MATERIAIS CIRURGICOS HOSPITALARES LTDA;1466433;1;2;Completa - Recebimento definitivo;Consumo;Despesa extra orçamentária;2026-03-03;2026-03-31;2026-04-06;9016,61;Não
2260 - FUNDACAO EZEQUIEL DIAS;Outros;33.224.254/0001-42;MGS MINAS GERAIS ADMINISTRACAO E SERVICOS S/A;12349;2;1;Completa;Serviço;Despesa orçamentária;2026-03-27;2026-03-31;2026-04-06;58531,99;Não
1020 - TRIBUNAL DE CONTAS DO ESTADO DE MINAS GERAIS;Nota fiscal;24.490.141/0001-06;CONEXAO MAXIMA INFORMATICA LTDA;1049;1;1;Completa - Recebimento provisório;Permanente;Despesa orçamentária;2026-03-30;2026-04-06;2026-04-06;2469,99;Não
2420 - INSTITUTO DE DESENVOLVIMENTO NORTE E NORDESTE MG;Nota fiscal;17.709.692/0001-44;MASTER IMOBILIARIA LTDA;9234994032026;;1;Completa;Serviço;Despesa orçamentária;2026-04-06;2026-04-06;2026-04-06;8500,0;Não
2260 - FUNDACAO EZEQUIEL DIAS;Nota fiscal;68.337.658/0001-27;SIGMA-ALDRICH BRASIL LTDA;501803;3;1;Completa - Recebimento definitivo;Consumo;Despesa orçamentária;2026-03-27;2026-04-01;2026-04-06;7200,0;Não
2100 - INSTITUTO ESTADUAL DE FLORESTAS-IEF;Outros;33.224.254/0001-42;MGS MINAS GERAIS ADMINISTRACAO E SERVICOS S/A;680550;;1;Completa;Serviço;Despesa orçamentária;2026-03-30;2026-04-01;2026-04-06;3620,14;Não
1450 - SECRETARIA DE ESTADO DE JUSTICA E SEGURANCA PUBLIC;Outros;02.421.421/0001-11;TIM S A;5560599948;1;1;Completa;Serviço;Despesa extra orçamentária;2026-03-13;2026-03-13;2026-04-06;2420,78;Não
1520 - CONTROLADORIA GERAL DO ESTADO DE MINAS GERAIS;Outros;01.017.250/0001-05;VOETUR TURISMO E REPRESENTACOES LTDA;1329417;;1;Completa;Serviço;Despesa orçamentária;2026-04-03;2026-04-06;2026-04-06;3870,39;Não
1090 - PROCURADORIA GERAL DE JUSTICA;Nota fiscal;15.839.804/0001-56;INOV LOCACOES E EVENTOS LTDA - ME;202635;;1;Completa;Serviço;Despesa orçamentária;2026-04-01;2026-04-02;2026-04-06;2410,04;Não
1190 - SECRETARIA DE ESTADO DE FAZENDA DE MINAS GERAIS;Nota fiscal;16.636.540/0001-04;COMPANHIA DE TECNOLOGIA DA INFORMACAO DO ESTADO DE MINAS GERAIS-PRODEMGE;20262977;;1;Completa;Serviço;Despesa orçamentária;2026-03-30;2026-03-30;2026-04-06;892949,0;Não
2310 - UNIVERSIDADE ESTADUAL DE MONTES CLAROS;Nota fiscal;41.826.744/0001-47;MEDIODONTOMINAS IMPORTACAO E COMERCIO LTDA;264359;1;1;Completa - Recebimento definitivo;Consumo;Despesa extra orçamentária;2026-02-06;2026-04-06;2026-04-06;1120,0;Não
2270 - FUNDACAO HOSPITALAR DO ESTADO DE MINAS GERAIS;Nota fiscal;03.434.898/0001-02;INTERCLIP MONITORAMENTO DE NOTICIAS LTDA - EPP;2026272;;1;Completa;Serviço;Despesa orçamentária;2026-04-01;2026-04-06;2026-04-06;5499,9;Não
2100 - INSTITUTO ESTADUAL DE FLORESTAS-IEF;Nota fiscal;33.224.254/0001-42;MGS MINAS GERAIS ADMINISTRACAO E SERVICOS S/A;11136;;1;Completa;Serviço;Despesa orçamentária;2026-03-19;2026-04-01;2026-04-06;5959,92;Não
2310 - UNIVERSIDADE ESTADUAL DE MONTES CLAROS;Nota fiscal;41.826.744/0001-47;MEDIODONTOMINAS IMPORTACAO E COMERCIO LTDA;264363;1;1;Completa - Recebimento definitivo;Consumo;Despesa extra orçamentária;2026-02-06;2026-04-06;2026-04-06;183,81;Não
2320 - FUNDACAO CENTRO DE HEMATOLOGIA E HEMOTERAPIA DE MG;Nota fiscal;16.636.540/0001-04;COMPANHIA DE TECNOLOGIA DA INFORMACAO DO ESTADO DE MINAS GERAIS-PRODEMGE;2981;;1;Completa;Serviço;Despesa orçamentária;2026-03-30;2026-04-06;2026-04-06;3660,0;Não
2270 - FUNDACAO HOSPITALAR DO ESTADO DE MINAS GERAIS;Nota fiscal;02.357.251/0001-53;LIFEMED INDUSTRIAL DE EQUIPAMENTOS E ARTIGOS MEDICOS E HOSPITALARES S.A.;148294;1;1;Completa - Disponível para recebimento definitivo;Consumo;Despesa extra orçamentária;2026-03-20;2026-04-01;2026-04-06;1048,5;Não
2320 - FUNDACAO CENTRO DE HEMATOLOGIA E HEMOTERAPIA DE MG;Nota fiscal;12.927.876/0001-67;SOMA/MG PRODUTOS HOSPITALARES LTDA;368519;1;1;Completa - Recebimento definitivo;Consumo;Despesa orçamentária;2026-03-23;2026-04-06;2026-04-06;124,0;Não
1190 - SECRETARIA DE ESTADO DE FAZENDA DE MINAS GERAIS;Nota fiscal;16.636.540/0001-04;COMPANHIA DE TECNOLOGIA DA INFORMACAO DO ESTADO DE MINAS GERAIS-PRODEMGE;20262978;;1;Completa;Serviço;Despesa orçamentária;2026-03-30;2026-03-30;2026-04-06;893283,0;Não
2320 - FUNDACAO CENTRO DE HEMATOLOGIA E HEMOTERAPIA DE MG;Nota fiscal;03.188.198/0006-81;BIO - RAD LABORATORIOS BRASIL LTDA;23016;1;2;Completa - Recebimento definitivo;Consumo;Despesa orçamentária;2026-03-29;2026-04-06;2026-04-06;6380,0;Não
2310 - UNIVERSIDADE ESTADUAL DE MONTES CLAROS;Nota fiscal;41.826.744/0001-47;MEDIODONTOMINAS IMPORTACAO E COMERCIO LTDA;264539;1;1;Completa - Recebimento definitivo;Consumo;Despesa extra orçamentária;2026-02-10;2026-04-06;2026-04-06;4323,84;Não
2280 - FUNDACAO DE EDUCACAO PARA TRABALHO DE MINAS GERAIS;Nota fiscal;07.432.517/0001-07;SIMPRESS COMERCIO LOCACAO E SERVICOS LTDA;377013;;1;Incompleta;Serviço;Despesa orçamentária;2026-04-03;2026-04-06;2026-04-06;192,52;Não
2320 - FUNDACAO CENTRO DE HEMATOLOGIA E HEMOTERAPIA DE MG;Nota fiscal;16.636.540/0001-04;COMPANHIA DE TECNOLOGIA DA INFORMACAO DO ESTADO DE MINAS GERAIS-PRODEMGE;2982;;1;Completa;Serviço;Despesa orçamentária;2026-03-30;2026-04-06;2026-04-06;3660,0;Não
1320 - SECRETARIA DE ESTADO DA SAUDE;Nota fiscal;34.274.233/0025-71;VIBRA ENERGIA S.A;4824275;;1;Completa - Recebimento definitivo;Consumo;Despesa orçamentária;2026-02-24;2026-04-06;2026-04-06;3548,25;Não
2100 - INSTITUTO ESTADUAL DE FLORESTAS-IEF;Outros;33.224.254/0001-42;MGS MINAS GERAIS ADMINISTRACAO E SERVICOS S/A;678724;;1;Completa;Serviço;Despesa orçamentária;2026-03-18;2026-04-01;2026-04-06;510,4;Não
2420 - INSTITUTO DE DESENVOLVIMENTO NORTE E NORDESTE MG;Nota fiscal;91.967.067/0008-21;BAKOF PLASTICOS LTDA EM RECUPERACAO JUDICIAL;25078;0;1;Completa - Recebimento definitivo;Consumo;Despesa extra orçamentária;2026-03-13;2026-03-13;2026-04-06;25714,0;Não
2100 - INSTITUTO ESTADUAL DE FLORESTAS-IEF;Nota fiscal;33.224.254/0001-42;MGS MINAS GERAIS ADMINISTRACAO E SERVICOS S/A;11113;;1;Completa;Serviço;Despesa orçamentária;2026-03-18;2026-04-01;2026-04-06;6098,93;Não
2420 - INSTITUTO DE DESENVOLVIMENTO NORTE E NORDESTE MG;Nota fiscal;91.967.067/0008-21;BAKOF PLASTICOS LTDA EM RECUPERACAO JUDICIAL;25084;0;1;Completa - Recebimento definitivo;Consumo;Despesa extra orçamentária;2026-03-13;2026-03-17;2026-04-06;17940,0;Não
1260 - SECRETARIA DE ESTADO DE EDUCACAO;Nota fiscal;05.598.350/0001-15;INSTITUTO EDUCACIONAL ALFAUNIPAC S.A.;466;0;1;Completa;Serviço;Despesa orçamentária;2026-03-31;2026-04-01;2026-04-06;10138,35;Não
2100 - INSTITUTO ESTADUAL DE FLORESTAS-IEF;Outros;33.224.254/0001-42;MGS MINAS GERAIS ADMINISTRACAO E SERVICOS S/A;678730;;1;Completa;Serviço;Despesa orçamentária;2026-03-18;2026-04-01;2026-04-06;510,4;Não
1520 - CONTROLADORIA GERAL DO ESTADO DE MINAS GERAIS;Outros;57.142.978/0001-05;BRASOFTWARE INFORMATICA LTDA;770992;;1;Completa;Serviço;Despesa extra orçamentária;2026-03-10;2026-04-06;2026-04-06;7842,6;Não
2310 - UNIVERSIDADE ESTADUAL DE MONTES CLAROS;Nota fiscal;41.826.744/0001-47;MEDIODONTOMINAS IMPORTACAO E COMERCIO LTDA;264361;1;1;Completa - Recebimento definitivo;Consumo;Despesa extra orçamentária;2026-02-06;2026-04-06;2026-04-06;648,11;Não
2270 - FUNDACAO HOSPITALAR DO ESTADO DE MINAS GERAIS;Nota fiscal;05.194.502/0001-14;ALFALAGOS LTDA ;419388;;1;Completa - Recebimento definitivo;Consumo;Despesa orçamentária;2026-03-20;2026-03-25;2026-04-06;44,79;Não
2420 - INSTITUTO DE DESENVOLVIMENTO NORTE E NORDESTE MG;Nota fiscal;91.967.067/0008-21;BAKOF PLASTICOS LTDA EM RECUPERACAO JUDICIAL;25088;0;1;Completa - Recebimento definitivo;Consumo;Despesa extra orçamentária;2026-03-13;2026-03-17;2026-04-06;17940,0;Não
2060 - FUNDACAO JOAO PINHEIRO;Nota fiscal;33.224.254/0001-42;MGS MINAS GERAIS ADMINISTRACAO E SERVICOS S/A;202612336;;1;Completa;Serviço;Despesa orçamentária;2026-03-30;2026-04-01;2026-04-06;1078,48;Não
2310 - UNIVERSIDADE ESTADUAL DE MONTES CLAROS;Nota fiscal;41.826.744/0001-47;MEDIODONTOMINAS IMPORTACAO E COMERCIO LTDA;264360;1;1;Completa - Recebimento definitivo;Consumo;Despesa extra orçamentária;2026-02-06;2026-04-06;2026-04-06;648,11;Não
2060 - FUNDACAO JOAO PINHEIRO;Nota fiscal;33.224.254/0001-42;MGS MINAS GERAIS ADMINISTRACAO E SERVICOS S/A;202612508;;1;Completa;Serviço;Despesa orçamentária;2026-03-30;2026-04-01;2026-04-06;45174,49;Não
1030 - TRIBUNAL DE JUSTICA DO ESTADO DE MINAS GERAIS;Nota fiscal;05.407.609/0001-01;ALTAS NETWORKS & TELECOM LTDA;1937;1;1;Completa - Recebimento definitivo;Consumo;Despesa orçamentária;2026-03-03;2026-04-06;2026-04-06;282000,0;Não
2310 - UNIVERSIDADE ESTADUAL DE MONTES CLAROS;Nota fiscal;41.826.744/0001-47;MEDIODONTOMINAS IMPORTACAO E COMERCIO LTDA;264364;1;1;Completa - Recebimento definitivo;Consumo;Despesa extra orçamentária;2026-02-06;2026-04-06;2026-04-06;299,9;Não
2240 - INSTITUTO MINEIRO DE GESTAO DAS AGUAS;Nota fiscal;16.636.540/0001-04;COMPANHIA DE TECNOLOGIA DA INFORMACAO DO ESTADO DE MINAS GERAIS-PRODEMGE;2761;;1;Completa;Serviço;Despesa orçamentária;2026-03-24;2026-04-01;2026-04-06;78,66;Não
2310 - UNIVERSIDADE ESTADUAL DE MONTES CLAROS;Nota fiscal;41.826.744/0001-47;MEDIODONTOMINAS IMPORTACAO E COMERCIO LTDA;264418;1;1;Completa - Recebimento definitivo;Consumo;Despesa extra orçamentária;2026-02-09;2026-04-06;2026-04-06;148,4;Não
2060 - FUNDACAO JOAO PINHEIRO;Nota fiscal;33.224.254/0001-42;MGS MINAS GERAIS ADMINISTRACAO E SERVICOS S/A;202612507;;1;Incompleta;Serviço;Despesa orçamentária;2026-03-30;2026-04-01;2026-04-06;631003,13;Não
1320 - SECRETARIA DE ESTADO DA SAUDE;Outros;16.675.498/0001-22;AYMORE PARTICIPACOES LTDA;202603;;1;Completa;Serviço;Despesa orçamentária;2026-04-01;2026-04-06;2026-04-06;237082,38;Não
2310 - UNIVERSIDADE ESTADUAL DE MONTES CLAROS;Nota fiscal;41.826.744/0001-47;MEDIODONTOMINAS IMPORTACAO E COMERCIO LTDA;264362;1;1;Completa - Recebimento definitivo;Consumo;Despesa extra orçamentária;2026-02-06;2026-04-06;2026-04-06;648,11;Não
2240 - INSTITUTO MINEIRO DE GESTAO DAS AGUAS;Nota fiscal;16.636.540/0001-04;COMPANHIA DE TECNOLOGIA DA INFORMACAO DO ESTADO DE MINAS GERAIS-PRODEMGE;2762;;1;Completa;Serviço;Despesa orçamentária;2026-03-24;2026-04-01;2026-04-06;253,33;Não
2310 - UNIVERSIDADE ESTADUAL DE MONTES CLAROS;Nota fiscal;41.826.744/0001-47;MEDIODONTOMINAS IMPORTACAO E COMERCIO LTDA;264365;1;1;Completa - Recebimento definitivo;Consumo;Despesa extra orçamentária;2026-02-06;2026-04-06;2026-04-06;245,05;Não
1260 - SECRETARIA DE ESTADO DE EDUCACAO;Nota fiscal;05.598.350/0001-15;INSTITUTO EDUCACIONAL ALFAUNIPAC S.A.;474;;1;Completa;Serviço;Despesa orçamentária;2026-04-01;2026-04-01;2026-04-06;4631,25;Não
2240 - INSTITUTO MINEIRO DE GESTAO DAS AGUAS;Nota fiscal;16.636.540/0001-04;COMPANHIA DE TECNOLOGIA DA INFORMACAO DO ESTADO DE MINAS GERAIS-PRODEMGE;2763;;1;Completa;Serviço;Despesa orçamentária;2026-03-24;2026-04-01;2026-04-06;752,0;Não
2270 - FUNDACAO HOSPITALAR DO ESTADO DE MINAS GERAIS;Nota fiscal;08.093.178/0001-36;VIGI & SEG VIGILANCIA E SEGURANCA LTDA;107;B;1;Completa;Serviço;Despesa orçamentária;2026-04-01;2026-04-06;2026-04-06;142095,46;Não
2310 - UNIVERSIDADE ESTADUAL DE MONTES CLAROS;Nota fiscal;41.826.744/0001-47;MEDIODONTOMINAS IMPORTACAO E COMERCIO LTDA;264366;1;1;Completa - Recebimento definitivo;Consumo;Despesa extra orçamentária;2026-02-06;2026-04-06;2026-04-06;648,11;Não
2270 - FUNDACAO HOSPITALAR DO ESTADO DE MINAS GERAIS;Nota fiscal;25.031.668/0001-27;SAMEH SOLUCOES HOSPITALARES LTDA;125492;;1;Completa - Recebimento definitivo;Consumo;Despesa orçamentária;2026-02-27;2026-02-27;2026-04-06;766,85;Não
2270 - FUNDACAO HOSPITALAR DO ESTADO DE MINAS GERAIS;Nota fiscal;43.690.572/0001-52;GLOBALSEC TECNOLOGIA DA INFORMACAO LTDA;137;;1;Completa;Serviço;Despesa extra orçamentária;2026-03-03;2026-03-20;2026-04-06;450,0;Não
1320 - SECRETARIA DE ESTADO DA SAUDE;Nota fiscal;04.238.951/0001-54;LOCMED HOSPITALAR LTDA;47051;;1;Completa;Serviço;Despesa orçamentária;2026-03-10;2026-04-06;2026-04-06;61298,3;Não
2320 - FUNDACAO CENTRO DE HEMATOLOGIA E HEMOTERAPIA DE MG;Nota fiscal;65.146.037/0001-78;MAXIS INFORMATICA LTDA;599;;1;Completa;Serviço;Despesa orçamentária;2026-04-01;2026-04-06;2026-04-06;1695,96;Não
1320 - SECRETARIA DE ESTADO DA SAUDE;Nota fiscal;04.238.951/0001-54;LOCMED HOSPITALAR LTDA;46852;;1;Completa;Serviço;Despesa orçamentária;2026-02-23;2026-04-06;2026-04-06;61273,96;Não
1090 - PROCURADORIA GERAL DE JUSTICA;Nota fiscal;48.282.307/0001-59;RBQ COMERCIAL LTDA;4029;1;1;Completa - Recebimento definitivo;Consumo;Despesa orçamentária;2026-03-30;2026-03-30;2026-04-06;4724,44;Não
2270 - FUNDACAO HOSPITALAR DO ESTADO DE MINAS GERAIS;Nota fiscal;00.201.182/0001-69;DISTRIBUIDORA DE AGUAS MINERAIS BH LTDA -EPP;34675;1;1;Completa - Recebimento definitivo;Consumo;Despesa orçamentária;2026-04-01;2026-04-06;2026-04-06;412,5;Não
1090 - PROCURADORIA GERAL DE JUSTICA;Nota fiscal;01.176.554/0001-07;DEPOSITO DE AGUA E TRANSPORTES RD LTDA -ME;18424;;1;Completa - Recebimento definitivo;Consumo;Despesa orçamentária;2026-04-01;2026-04-06;2026-04-06;165,48;Não
2010 - INST.DE PREVIDENCIA DOS SERVIDORES DO EST.M.GERAIS;Outros;***.740.716-**;ANA PAULA MONT ALVAO LOPES;42026;;1;Completa;Serviço;Despesa orçamentária;2026-04-06;2026-04-06;2026-04-06;1398,0;Não
1090 - PROCURADORIA GERAL DE JUSTICA;Nota fiscal;48.282.307/0001-59;RBQ COMERCIAL LTDA;4028;1;1;Completa - Recebimento definitivo;Consumo;Despesa orçamentária;2026-03-30;2026-03-30;2026-04-06;4075,0;Não
2270 - FUNDACAO HOSPITALAR DO ESTADO DE MINAS GERAIS;Nota fiscal;05.439.635/0004-56;ANTIBIOTICOS DO BRASIL LTDA.;310614;;1;Completa - Recebimento definitivo;Consumo;Despesa orçamentária;2026-03-20;2026-03-30;2026-04-06;400,0;Não
1320 - SECRETARIA DE ESTADO DA SAUDE;Nota fiscal;47.915.446/0001-00;L E C DISTRIBUIDORA DE PRODUTOS NUTRICIONAIS LTDA;6568;1;2;Completa - Recebimento definitivo;Consumo;Despesa orçamentária;2026-03-27;2026-04-01;2026-04-06;3000,0;Não
1190 - SECRETARIA DE ESTADO DE FAZENDA DE MINAS GERAIS;Outros;01.389.269/0001-74;ALCTEL TELECOMUNICACOES E INFORMATICA LTDA;730;;1;Completa;Serviço;Despesa orçamentária;2026-04-01;2026-04-06;2026-04-06;676,6;Não
1190 - SECRETARIA DE ESTADO DE FAZENDA DE MINAS GERAIS;Outros;01.389.269/0001-74;ALCTEL TELECOMUNICACOES E INFORMATICA LTDA;721;;1;Completa;Serviço;Despesa orçamentária;2026-04-01;2026-04-06;2026-04-06;134,38;Não
1190 - SECRETARIA DE ESTADO DE FAZENDA DE MINAS GERAIS;Outros;01.389.269/0001-74;ALCTEL TELECOMUNICACOES E INFORMATICA LTDA;722;;1;Completa;Serviço;Despesa orçamentária;2026-04-01;2026-04-06;2026-04-06;134,38;Não
2310 - UNIVERSIDADE ESTADUAL DE MONTES CLAROS;Nota fiscal;19.876.529/0001-00;AMMER COMERCIO DE PRODUTOS QUIMICOS DO BRASIL - LTDA - EPP;202600000000131;;1;Completa;Serviço;Despesa extra orçamentária;2026-03-27;2026-04-01;2026-04-06;16500,0;Não
1190 - SECRETARIA DE ESTADO DE FAZENDA DE MINAS GERAIS;Outros;01.389.269/0001-74;ALCTEL TELECOMUNICACOES E INFORMATICA LTDA;725;;1;Completa;Serviço;Despesa orçamentária;2026-04-01;2026-04-06;2026-04-06;134,38;Não
1190 - SECRETARIA DE ESTADO DE FAZENDA DE MINAS GERAIS;Outros;01.389.269/0001-74;ALCTEL TELECOMUNICACOES E INFORMATICA LTDA;2026726;;1;Completa;Serviço;Despesa orçamentária;2026-04-01;2026-04-06;2026-04-06;134,38;Não
2320 - FUNDACAO CENTRO DE HEMATOLOGIA E HEMOTERAPIA DE MG;Nota fiscal;20.357.402/0001-55;KARINA EPI'S LTDA;6121;1;1;Completa - Recebimento definitivo;Consumo;Despesa orçamentária;2026-03-26;2026-04-06;2026-04-06;804,1;Não
1190 - SECRETARIA DE ESTADO DE FAZENDA DE MINAS GERAIS;Outros;01.389.269/0001-74;ALCTEL TELECOMUNICACOES E INFORMATICA LTDA;729;;1;Completa;Serviço;Despesa orçamentária;2026-04-01;2026-04-06;2026-04-06;134,38;Não
1190 - SECRETARIA DE ESTADO DE FAZENDA DE MINAS GERAIS;Outros;01.389.269/0001-74;ALCTEL TELECOMUNICACOES E INFORMATICA LTDA;2026723;;1;Completa;Serviço;Despesa orçamentária;2026-04-01;2026-04-06;2026-04-06;268,77;Não
1190 - SECRETARIA DE ESTADO DE FAZENDA DE MINAS GERAIS;Outros;01.389.269/0001-74;ALCTEL TELECOMUNICACOES E INFORMATICA LTDA;727;;1;Completa;Serviço;Despesa orçamentária;2026-04-01;2026-04-06;2026-04-06;403,15;Não
2010 - INST.DE PREVIDENCIA DOS SERVIDORES DO EST.M.GERAIS;Outros;***.725.236-**;CLEISE ANDREA ALMEIDA CASTRO;32026;;1;Completa;Serviço;Despesa orçamentária;2026-03-31;2026-04-01;2026-04-06;3240,0;Não
1190 - SECRETARIA DE ESTADO DE FAZENDA DE MINAS GERAIS;Outros;01.389.269/0001-74;ALCTEL TELECOMUNICACOES E INFORMATICA LTDA;724;;1;Completa;Serviço;Despesa orçamentária;2026-04-01;2026-04-06;2026-04-06;403,15;Não
1260 - SECRETARIA DE ESTADO DE EDUCACAO;Nota fiscal;25.354.745/0001-80;FERNANDES E FREITAS EDUCACAO PROFISSIONAL LTDA;21;7;1;Completa;Serviço;Despesa orçamentária;2026-03-19;2026-04-01;2026-04-06;46883,44;Não
1190 - SECRETARIA DE ESTADO DE FAZENDA DE MINAS GERAIS;Outros;01.389.269/0001-74;ALCTEL TELECOMUNICACOES E INFORMATICA LTDA;728;;1;Completa;Serviço;Despesa orçamentária;2026-04-01;2026-04-06;2026-04-06;403,15;Não
2320 - FUNDACAO CENTRO DE HEMATOLOGIA E HEMOTERAPIA DE MG;Nota fiscal;03.188.198/0006-81;BIO - RAD LABORATORIOS BRASIL LTDA;7450;1;1;Incompleta;Consumo;Despesa extra orçamentária;2025-11-13;2026-04-06;2026-04-06;92148,48;Não
1480 - SECRETARIA DE ESTADO DE DESENVOLVIMENTO SOCIAL;Nota fiscal;34.028.316/0015-09;EMPRESA BRASILEIRA DE CORREIOS E TELEGRAFOS - ECT;2493600;;1;Completa;Serviço;Despesa orçamentária;2026-04-06;2026-04-06;2026-04-06;2641,05;Não
1050 - TRIBUNAL DE JUSTICA MILITAR DO ESTADO DE M.G.;Nota fiscal;16.636.540/0001-04;COMPANHIA DE TECNOLOGIA DA INFORMACAO DO ESTADO DE MINAS GERAIS-PRODEMGE;2955;1;1;Completa;Serviço;Despesa orçamentária;2026-03-30;2026-03-30;2026-04-06;270,0;Não
2270 - FUNDACAO HOSPITALAR DO ESTADO DE MINAS GERAIS;Nota fiscal;08.093.178/0001-36;VIGI & SEG VIGILANCIA E SEGURANCA LTDA;108;;1;Completa;Serviço;Despesa orçamentária;2026-04-01;2026-04-06;2026-04-06;31849,76;Não
1450 - SECRETARIA DE ESTADO DE JUSTICA E SEGURANCA PUBLIC;Nota fiscal;11.319.926/0001-60;KSM MANUTENCAO DE MAQUINAS E EQUIPAMENTOS LTDA -ME;61;A;1;Completa;Serviço;Despesa orçamentária;2026-02-28;2026-02-28;2026-04-06;1339,29;Não
1250 - POLICIA MILITAR DE MINAS GERAIS;Nota fiscal;25.294.299/0001-65;GJO COMERCIO E REPRESENTACOES LTDA;294961;1;1;Completa - Recebimento definitivo;Consumo;Despesa extra orçamentária;2026-03-17;2026-04-01;2026-04-06;2887,63;Não
2270 - FUNDACAO HOSPITALAR DO ESTADO DE MINAS GERAIS;Nota fiscal;12.927.876/0001-67;SOMA/MG PRODUTOS HOSPITALARES LTDA;368835;;1;Completa - Recebimento definitivo;Consumo;Despesa orçamentária;2026-03-25;2026-03-30;2026-04-06;33408,0;Não
1250 - POLICIA MILITAR DE MINAS GERAIS;Nota fiscal;25.294.299/0001-65;GJO COMERCIO E REPRESENTACOES LTDA;294962;1;1;Completa - Recebimento definitivo;Consumo;Despesa extra orçamentária;2026-03-17;2026-04-01;2026-04-06;1750,74;Não
2270 - FUNDACAO HOSPITALAR DO ESTADO DE MINAS GERAIS;Nota fiscal;00.610.681/0005-33;HOSP-PHARMA MANIPULACAO E SUPRIMENTOS LTDA;6465;;1;Completa - Recebimento definitivo;Consumo;Despesa orçamentária;2026-04-03;2026-04-03;2026-04-06;1433,25;Não
1450 - SECRETARIA DE ESTADO DE JUSTICA E SEGURANCA PUBLIC;Nota fiscal;08.100.954/0001-88;GTO GRUPO TECNICO EM ODONTOLOGIA LTDA - ME;1085;;1;Completa;Serviço;Despesa orçamentária;2026-03-12;2026-03-12;2026-04-06;160,58;Não
1320 - SECRETARIA DE ESTADO DA SAUDE;Outros;04.830.120/0001-77;CARMO EMPREENDIMENTOS E PARTICIPACOES LTDA;178;;1;Completa;Serviço;Despesa orçamentária;2026-04-06;2026-04-06;2026-04-06;47025,76;Não
1030 - TRIBUNAL DE JUSTICA DO ESTADO DE MINAS GERAIS;Outros;09.285.159/0001-74;ITS MANUTENCOES LTDA;4012026;;1;Completa;Serviço;Despesa orçamentária;2026-04-01;2026-04-06;2026-04-06;1639,23;Não
1260 - SECRETARIA DE ESTADO DE EDUCACAO;Nota fiscal;33.224.254/0001-42;MGS MINAS GERAIS ADMINISTRACAO E SERVICOS S/A;12804;1;1;Completa;Serviço;Despesa orçamentária;2026-03-31;2026-03-31;2026-04-06;96646,94;Não
1250 - POLICIA MILITAR DE MINAS GERAIS;Nota fiscal;25.294.299/0001-65;GJO COMERCIO E REPRESENTACOES LTDA;295253;1;1;Completa - Recebimento definitivo;Consumo;Despesa extra orçamentária;2026-03-25;2026-04-01;2026-04-06;1317,43;Não
1250 - POLICIA MILITAR DE MINAS GERAIS;Nota fiscal;30.142.119/0001-60;MASTER CLEAN PRESTACAO DE SERVICOS E CONSULTORIA LTDA;2752026;;1;Completa;Serviço;Despesa orçamentária;2026-03-15;2026-03-24;2026-04-06;3986,15;Não
1260 - SECRETARIA DE ESTADO DE EDUCACAO;Nota fiscal;25.354.745/0001-80;FERNANDES E FREITAS EDUCACAO PROFISSIONAL LTDA;22;8;1;Completa;Serviço;Despesa orçamentária;2026-03-19;2026-04-01;2026-04-06;33037,72;Não
2270 - FUNDACAO HOSPITALAR DO ESTADO DE MINAS GERAIS;Nota fiscal;21.921.393/0003-08;ORTHO CLINICAL DIAGNOSTICS DO BRASIL PRODUTOS PARA SAUDE LTDA.;268978;;1;Completa - Recebimento definitivo;Consumo;Despesa orçamentária;2026-03-20;2026-03-27;2026-04-06;5541,0;Não
1450 - SECRETARIA DE ESTADO DE JUSTICA E SEGURANCA PUBLIC;Nota fiscal;02.997.091/0001-07;BRASCOEMP BRASIL CONSTRUCOES E EMPREENDIMENTOS LTDA ;36;A;1;Completa;Serviço;Despesa orçamentária;2026-02-06;2026-02-06;2026-04-06;35704,93;Não
1190 - SECRETARIA DE ESTADO DE FAZENDA DE MINAS GERAIS;Nota fiscal;07.301.055/0001-80;AZIZ SISTEMAS DE SEGURANCA LTDA;884;0;1;Completa;Serviço;Despesa orçamentária;2026-03-27;2026-04-06;2026-04-06;1260,0;Não
1320 - SECRETARIA DE ESTADO DA SAUDE;Nota fiscal;05.652.247/0001-06;LUMIAR HEALTH BUILDERS EQUIPAMENTOS HOSPITALARES LTDA;788;;1;Completa;Serviço;Despesa extra orçamentária;2026-01-29;2026-04-06;2026-04-06;64206,0;Não
1260 - SECRETARIA DE ESTADO DE EDUCACAO;Nota fiscal;25.354.745/0001-80;FERNANDES E FREITAS EDUCACAO PROFISSIONAL LTDA;23;9;1;Completa;Serviço;Despesa orçamentária;2026-03-19;2026-04-01;2026-04-06;34525,62;Não
1250 - POLICIA MILITAR DE MINAS GERAIS;Nota fiscal;25.294.299/0001-65;GJO COMERCIO E REPRESENTACOES LTDA;295302;1;1;Completa - Recebimento definitivo;Consumo;Despesa extra orçamentária;2026-03-26;2026-04-01;2026-04-06;3068,17;Não
1510 - POLICIA CIVIL DO ESTADO DE MINAS GERAIS;Nota fiscal;16.636.540/0001-04;COMPANHIA DE TECNOLOGIA DA INFORMACAO DO ESTADO DE MINAS GERAIS-PRODEMGE;2567;;1;Completa;Serviço;Despesa orçamentária;2026-03-19;2026-03-19;2026-04-06;7882,59;Não
1510 - POLICIA CIVIL DO ESTADO DE MINAS GERAIS;Outros;08.458.633/0001-50;ESMARTY ESPECIALISTA EM MANUTENCAO DE ELEVADORES LTDA;6688;;1;Completa;Serviço;Despesa orçamentária;2026-03-31;2026-04-01;2026-04-06;197,67;Não
1260 - SECRETARIA DE ESTADO DE EDUCACAO;Nota fiscal;03.773.700/0001-07;SERVICO NACIONAL DE APRENDIZAGEM INDUSTRIAL - DEPARTAMENTO REGIONAL DE MINAS GERAIS;497;;1;Completa;Serviço;Despesa orçamentária;2026-03-31;2026-04-06;2026-04-06;15718,56;Não
1500 - SECRETARIA DE ESTADO DE PLANEJAMENTO E GESTAO;Outros;07.432.517/0001-07;SIMPRESS COMERCIO LOCACAO E SERVICOS LTDA;376284;;1;Completa;Serviço;Despesa orçamentária;2026-04-02;2026-04-06;2026-04-06;254,39;Não
2270 - FUNDACAO HOSPITALAR DO ESTADO DE MINAS GERAIS;Nota fiscal;08.093.178/0001-36;VIGI & SEG VIGILANCIA E SEGURANCA LTDA;109;A;1;Completa;Serviço;Despesa orçamentária;2026-04-01;2026-04-06;2026-04-06;31849,76;Não
2270 - FUNDACAO HOSPITALAR DO ESTADO DE MINAS GERAIS;Nota fiscal;00.610.681/0005-33;HOSP-PHARMA MANIPULACAO E SUPRIMENTOS LTDA;6553;;2;Completa - Recebimento definitivo;Consumo;Despesa orçamentária;2026-04-04;2026-04-04;2026-04-06;1433,25;Não
1030 - TRIBUNAL DE JUSTICA DO ESTADO DE MINAS GERAIS;Outros;02.084.129/0001-50;DELPA ENGENHARIA E SEGURANCA LTDA;462026;;1;Completa;Serviço;Despesa orçamentária;2026-03-30;2026-03-30;2026-04-06;1268,35;Não
1190 - SECRETARIA DE ESTADO DE FAZENDA DE MINAS GERAIS;Outros;***.099.066-**;MERCIA CAMARGOS;42026;;1;Completa;Serviço;Despesa orçamentária;2026-04-01;2026-04-06;2026-04-06;2206,21;Não
1510 - POLICIA CIVIL DO ESTADO DE MINAS GERAIS;Nota fiscal;16.636.540/0001-04;COMPANHIA DE TECNOLOGIA DA INFORMACAO DO ESTADO DE MINAS GERAIS-PRODEMGE;2568;;1;Completa;Serviço;Despesa orçamentária;2026-03-19;2026-03-19;2026-04-06;270,0;Não
1260 - SECRETARIA DE ESTADO DE EDUCACAO;Nota fiscal;25.354.745/0001-80;FERNANDES E FREITAS EDUCACAO PROFISSIONAL LTDA;24;10;1;Completa;Serviço;Despesa orçamentária;2026-03-19;2026-04-01;2026-04-06;17448,35;Não
1450 - SECRETARIA DE ESTADO DE JUSTICA E SEGURANCA PUBLIC;Nota fiscal;15.131.757/0001-91;ABSOLUTA COMERCIO DE PRODUTOS MEDICOS E HOSPITALARES LTDA.;42533;;1;Completa - Recebimento definitivo;Consumo;Despesa orçamentária;2026-03-25;2026-03-31;2026-04-06;848,0;Não
2010 - INST.DE PREVIDENCIA DOS SERVIDORES DO EST.M.GERAIS;Nota fiscal;10.884.060/0001-78;AOX COMERCIO DE IMPLANTES CIRURGICOS LTDA;7971;1;1;Completa - Recebimento definitivo;Consumo;Despesa orçamentária;2026-03-31;2026-04-01;2026-04-06;68,82;Não
1190 - SECRETARIA DE ESTADO DE FAZENDA DE MINAS GERAIS;Outros;***.696.216-**;MAGDA APARECIDA CAMARGOS;42026;;1;Completa;Serviço;Despesa orçamentária;2026-04-01;2026-04-06;2026-04-06;2206,21;Não
1090 - PROCURADORIA GERAL DE JUSTICA;Nota fiscal;15.839.804/0001-56;INOV LOCACOES E EVENTOS LTDA - ME;33;;1;Completa;Serviço;Despesa orçamentária;2026-04-01;2026-04-02;2026-04-06;74160,16;Não
2270 - FUNDACAO HOSPITALAR DO ESTADO DE MINAS GERAIS;Nota fiscal;18.269.125/0001-87;BIOHOSP PRODUTOS HOSPITALARES SA;775607;;1;Completa - Recebimento definitivo;Consumo;Despesa orçamentária;2026-03-25;2026-03-26;2026-04-06;380,0;Não
1320 - SECRETARIA DE ESTADO DA SAUDE;Outros;23.806.409/0001-03;SINDICATO DOS PRODUTORES RURAIS DE PONTE NOVA;123;1;1;Completa;Serviço;Despesa orçamentária;2026-03-31;2026-03-31;2026-04-06;30000,0;Não
2270 - FUNDACAO HOSPITALAR DO ESTADO DE MINAS GERAIS;Nota fiscal;05.194.502/0001-14;ALFALAGOS LTDA ;416553;;1;Completa - Recebimento definitivo;Consumo;Despesa orçamentária;2026-02-13;2026-02-15;2026-04-06;88,38;Não
1510 - POLICIA CIVIL DO ESTADO DE MINAS GERAIS;Nota fiscal;16.636.540/0001-04;COMPANHIA DE TECNOLOGIA DA INFORMACAO DO ESTADO DE MINAS GERAIS-PRODEMGE;2569;;1;Completa;Serviço;Despesa orçamentária;2026-03-19;2026-03-19;2026-04-06;1719,0;Não
1320 - SECRETARIA DE ESTADO DA SAUDE;Nota fiscal;05.652.247/0001-06;LUMIAR HEALTH BUILDERS EQUIPAMENTOS HOSPITALARES LTDA;2441;;1;Completa;Serviço;Despesa orçamentária;2026-01-29;2026-04-06;2026-04-06;65579,5;Não
1190 - SECRETARIA DE ESTADO DE FAZENDA DE MINAS GERAIS;Outros;***.176.406-**;MARIA LUCIA CAMARGOS;42026;;1;Completa;Serviço;Despesa orçamentária;2026-04-01;2026-04-06;2026-04-06;2206,21;Não
1450 - SECRETARIA DE ESTADO DE JUSTICA E SEGURANCA PUBLIC;Nota fiscal;08.100.954/0001-88;GTO GRUPO TECNICO EM ODONTOLOGIA LTDA - ME;1096;;1;Completa;Serviço;Despesa orçamentária;2026-03-12;2026-03-12;2026-04-06;77,5;Não
1260 - SECRETARIA DE ESTADO DE EDUCACAO;Nota fiscal;25.354.745/0001-80;FERNANDES E FREITAS EDUCACAO PROFISSIONAL LTDA;25;11;1;Completa;Serviço;Despesa orçamentária;2026-03-19;2026-04-01;2026-04-06;23327,65;Não
1250 - POLICIA MILITAR DE MINAS GERAIS;Nota fiscal;25.294.299/0001-65;GJO COMERCIO E REPRESENTACOES LTDA;295349;1;1;Completa - Recebimento definitivo;Consumo;Despesa extra orçamentária;2026-03-26;2026-04-01;2026-04-06;1860,17;Não
2010 - INST.DE PREVIDENCIA DOS SERVIDORES DO EST.M.GERAIS;Nota fiscal;28.966.389/0001-43;BIOMEGA MEDICINA DIAGNOSTICA LTDA;10379;;1;Completa;Serviço;Despesa orçamentária;2026-04-01;2026-04-06;2026-04-06;687733,74;Não
2350 - UNIVERSIDADE DO ESTADO DE MINAS GERAIS;Nota fiscal;18.720.938/0001-41;FUNDACAO DE DESENVOLVIMENTO DA PESQUISA;1074124;;1;Completa;Serviço;Despesa orçamentária;2026-04-01;2026-04-06;2026-04-06;10000,0;Não
2270 - FUNDACAO HOSPITALAR DO ESTADO DE MINAS GERAIS;Nota fiscal;12.021.151/0001-05;DIAG SOLUTION ARTIGOS MEDICOS LTDA;24327;1;1;Completa - Recebimento definitivo;Consumo;Despesa orçamentária;2026-03-27;2026-04-06;2026-04-06;477,85;Não
1260 - SECRETARIA DE ESTADO DE EDUCACAO;Nota fiscal;25.354.745/0001-80;FERNANDES E FREITAS EDUCACAO PROFISSIONAL LTDA;26;12;1;Completa;Serviço;Despesa orçamentária;2026-03-19;2026-04-01;2026-04-06;34101,3;Não
1250 - POLICIA MILITAR DE MINAS GERAIS;Nota fiscal;34.274.233/0025-71;VIBRA ENERGIA S.A;4857262;;1;Completa - Recebimento definitivo;Consumo;Despesa orçamentária;2026-04-06;2026-04-06;2026-04-06;17701,69;Não
1450 - SECRETARIA DE ESTADO DE JUSTICA E SEGURANCA PUBLIC;Nota fiscal;11.319.926/0001-60;KSM MANUTENCAO DE MAQUINAS E EQUIPAMENTOS LTDA -ME;23;A;1;Completa;Serviço;Despesa orçamentária;2026-02-28;2026-02-28;2026-04-06;3752,64;Não
2100 - INSTITUTO ESTADUAL DE FLORESTAS-IEF;Nota fiscal;33.224.254/0001-42;MGS MINAS GERAIS ADMINISTRACAO E SERVICOS S/A;679661;E;1;Completa;Serviço;Despesa orçamentária;2026-03-24;2026-04-03;2026-04-06;2112,48;Não
1050 - TRIBUNAL DE JUSTICA MILITAR DO ESTADO DE M.G.;Nota fiscal;39.565.567/0001-40;BTT TELECOMUNICACOES S.A.;1121988;;1;Completa;Serviço;Despesa orçamentária;2026-04-03;2026-04-06;2026-04-06;616,67;Não
1250 - POLICIA MILITAR DE MINAS GERAIS;Nota fiscal;30.142.119/0001-60;MASTER CLEAN PRESTACAO DE SERVICOS E CONSULTORIA LTDA;266;;1;Completa;Serviço;Despesa orçamentária;2026-03-15;2026-03-23;2026-04-06;3885,53;Não
2070 - FUND. DE AMPARO A PESQ. DO ESTADO DE MINAS GERAIS;Outros;76.535.764/0001-43;OI S.A. - EM RECUPERACAO JUDICIAL;33023;;1;Completa;Serviço;Despesa orçamentária;2026-03-25;2026-04-06;2026-04-06;5701,67;Não
2270 - FUNDACAO HOSPITALAR DO ESTADO DE MINAS GERAIS;Nota fiscal;12.927.876/0001-67;SOMA/MG PRODUTOS HOSPITALARES LTDA;368626;;1;Completa - Recebimento definitivo;Consumo;Despesa orçamentária;2026-03-23;2026-03-23;2026-04-06;250,0;Não
1250 - POLICIA MILITAR DE MINAS GERAIS;Nota fiscal;34.274.233/0025-71;VIBRA ENERGIA S.A;4857333;;1;Completa - Recebimento definitivo;Consumo;Despesa orçamentária;2026-04-06;2026-04-06;2026-04-06;17686,92;Não
1710 - SECRETARIA DE ESTADO DE COMUNICACAO SOCIAL;Nota fiscal;24.172.716/0001-34;FLD S.A.;1446;;1;Completa;Serviço;Despesa orçamentária;2026-03-17;2026-04-06;2026-04-06;101,6;Não
1030 - TRIBUNAL DE JUSTICA DO ESTADO DE MINAS GERAIS;Nota fiscal;13.546.079/0001-00;CASA DECORACAO LTDA;495;1;1;Completa - Recebimento definitivo;Consumo;Despesa orçamentária;2026-04-01;2026-04-06;2026-04-06;27982,48;Não
2320 - FUNDACAO CENTRO DE HEMATOLOGIA E HEMOTERAPIA DE MG;Nota fiscal;20.982.406/0001-24;BRAVO AR SERVICE COMERCIO MAQUINAS E EQUIPAMENTOS LTDA;99;;1;Completa;Serviço;Despesa orçamentária;2026-04-01;2026-04-01;2026-04-06;5098,78;Não
1450 - SECRETARIA DE ESTADO DE JUSTICA E SEGURANCA PUBLIC;Nota fiscal;11.319.926/0001-60;KSM MANUTENCAO DE MAQUINAS E EQUIPAMENTOS LTDA -ME;25;A;1;Completa;Serviço;Despesa orçamentária;2026-02-28;2026-02-28;2026-04-06;3752,64;Não
2270 - FUNDACAO HOSPITALAR DO ESTADO DE MINAS GERAIS;Nota fiscal;13.694.036/0001-64;EMENALLI MEDICAL LTDA;20238;;1;Completa - Recebimento definitivo;Consumo;Despesa orçamentária;2026-03-23;2026-03-27;2026-04-06;242,0;Não
1260 - SECRETARIA DE ESTADO DE EDUCACAO;Nota fiscal;04.569.153/0002-96;JOSIANE LILIA DE CARVALHO -ME;14;7;1;Completa;Serviço;Despesa orçamentária;2026-04-02;2026-04-06;2026-04-06;10892,85;Não
1450 - SECRETARIA DE ESTADO DE JUSTICA E SEGURANCA PUBLIC;Outros;42.799.163/0001-26;BH FARMA COMERCIO LTDA;164945;;1;Completa - Recebimento definitivo;Consumo;Despesa orçamentária;2026-03-25;2026-03-30;2026-04-06;35353,11;Não
1450 - SECRETARIA DE ESTADO DE JUSTICA E SEGURANCA PUBLIC;Outros;02.421.421/0001-11;TIM S A;5560599948;2;1;Completa;Serviço;Despesa extra orçamentária;2026-03-13;2026-03-13;2026-04-06;5295,81;Não
2100 - INSTITUTO ESTADUAL DE FLORESTAS-IEF;Nota fiscal;33.224.254/0001-42;MGS MINAS GERAIS ADMINISTRACAO E SERVICOS S/A;202611772;E;1;Completa;Serviço;Despesa orçamentária;2026-03-24;2026-04-03;2026-04-06;5207,96;Não
1030 - TRIBUNAL DE JUSTICA DO ESTADO DE MINAS GERAIS;Outros;09.285.159/0001-74;ITS MANUTENCOES LTDA;4022026;;1;Completa;Serviço;Despesa orçamentária;2026-04-01;2026-04-06;2026-04-06;32749,45;Não
2270 - FUNDACAO HOSPITALAR DO ESTADO DE MINAS GERAIS;Nota fiscal;12.927.876/0001-67;SOMA/MG PRODUTOS HOSPITALARES LTDA;368544;;1;Completa - Recebimento definitivo;Consumo;Despesa orçamentária;2026-03-23;2026-03-23;2026-04-06;752,0;Não
2270 - FUNDACAO HOSPITALAR DO ESTADO DE MINAS GERAIS;Nota fiscal;00.610.681/0005-33;HOSP-PHARMA MANIPULACAO E SUPRIMENTOS LTDA;6632;;1;Completa - Recebimento definitivo;Consumo;Despesa orçamentária;2026-04-05;2026-04-05;2026-04-06;2948,5;Não
1030 - TRIBUNAL DE JUSTICA DO ESTADO DE MINAS GERAIS;Outros;09.285.159/0001-74;ITS MANUTENCOES LTDA;4032026;;1;Completa;Serviço;Despesa orçamentária;2026-04-01;2026-04-06;2026-04-06;4556,73;Não
1260 - SECRETARIA DE ESTADO DE EDUCACAO;Outros;01.017.250/0001-05;VOETUR TURISMO E REPRESENTACOES LTDA;1323137;;1;Completa;Serviço;Despesa orçamentária;2026-03-02;2026-04-06;2026-04-06;4829,77;Não
1260 - SECRETARIA DE ESTADO DE EDUCACAO;Nota fiscal;04.569.153/0002-96;JOSIANE LILIA DE CARVALHO -ME;15;7;1;Completa;Serviço;Despesa orçamentária;2026-04-02;2026-04-06;2026-04-06;13480,4;Não
1710 - SECRETARIA DE ESTADO DE COMUNICACAO SOCIAL;Nota fiscal;24.172.716/0001-34;FLD S.A.;1455;;1;Completa;Serviço;Despesa orçamentária;2026-03-17;2026-04-06;2026-04-06;101,6;Não
1030 - TRIBUNAL DE JUSTICA DO ESTADO DE MINAS GERAIS;Outros;09.285.159/0001-74;ITS MANUTENCOES LTDA;4042026;;1;Completa;Serviço;Despesa orçamentária;2026-04-01;2026-04-06;2026-04-06;29162,37;Não
2270 - FUNDACAO HOSPITALAR DO ESTADO DE MINAS GERAIS;Nota fiscal;12.927.876/0001-67;SOMA/MG PRODUTOS HOSPITALARES LTDA;368980;;1;Completa - Recebimento definitivo;Consumo;Despesa orçamentária;2026-03-27;2026-03-30;2026-04-06;165,54;Não
2100 - INSTITUTO ESTADUAL DE FLORESTAS-IEF;Nota fiscal;33.224.254/0001-42;MGS MINAS GERAIS ADMINISTRACAO E SERVICOS S/A;679664;E;1;Completa;Serviço;Despesa orçamentária;2026-03-24;2026-04-03;2026-04-06;626,94;Não
1450 - SECRETARIA DE ESTADO DE JUSTICA E SEGURANCA PUBLIC;Nota fiscal;11.319.926/0001-60;KSM MANUTENCAO DE MAQUINAS E EQUIPAMENTOS LTDA -ME;21;A;1;Completa;Serviço;Despesa orçamentária;2026-02-28;2026-02-28;2026-04-06;1250,88;Não
1030 - TRIBUNAL DE JUSTICA DO ESTADO DE MINAS GERAIS;Outros;09.285.159/0001-74;ITS MANUTENCOES LTDA;4052026;;1;Completa;Serviço;Despesa orçamentária;2026-04-01;2026-04-06;2026-04-06;5785,35;Não
1090 - PROCURADORIA GERAL DE JUSTICA;Nota fiscal;08.458.633/0001-50;ESMARTY ESPECIALISTA EM MANUTENCAO DE ELEVADORES LTDA;20266681;;1;Completa;Serviço;Despesa orçamentária;2026-03-31;2026-04-01;2026-04-06;1303,25;Não
1030 - TRIBUNAL DE JUSTICA DO ESTADO DE MINAS GERAIS;Outros;09.285.159/0001-74;ITS MANUTENCOES LTDA;4062026;;1;Completa;Serviço;Despesa orçamentária;2026-04-01;2026-04-06;2026-04-06;4406,4;Não
1030 - TRIBUNAL DE JUSTICA DO ESTADO DE MINAS GERAIS;Outros;09.285.159/0001-74;ITS MANUTENCOES LTDA;4072026;;1;Completa;Serviço;Despesa orçamentária;2026-04-01;2026-04-06;2026-04-06;5394,19;Não
1450 - SECRETARIA DE ESTADO DE JUSTICA E SEGURANCA PUBLIC;Outros;02.421.421/0001-11;TIM S A;5560599948;3;1;Completa;Serviço;Despesa extra orçamentária;2026-03-13;2026-03-13;2026-04-06;6,44;Não
1260 - SECRETARIA DE ESTADO DE EDUCACAO;Nota fiscal;04.569.153/0002-96;JOSIANE LILIA DE CARVALHO -ME;13;7;1;Completa;Serviço;Despesa orçamentária;2026-04-02;2026-04-06;2026-04-06;7414,22;Não
2100 - INSTITUTO ESTADUAL DE FLORESTAS-IEF;Nota fiscal;33.224.254/0001-42;MGS MINAS GERAIS ADMINISTRACAO E SERVICOS S/A;202611783;E;1;Completa;Serviço;Despesa orçamentária;2026-03-24;2026-04-03;2026-04-06;3789,64;Não
2270 - FUNDACAO HOSPITALAR DO ESTADO DE MINAS GERAIS;Nota fiscal;12.927.876/0001-67;SOMA/MG PRODUTOS HOSPITALARES LTDA;368522;;1;Completa - Recebimento definitivo;Consumo;Despesa orçamentária;2026-03-23;2026-03-23;2026-04-06;85,0;Não
1030 - TRIBUNAL DE JUSTICA DO ESTADO DE MINAS GERAIS;Outros;09.285.159/0001-74;ITS MANUTENCOES LTDA;4082026;;1;Completa;Serviço;Despesa orçamentária;2026-04-01;2026-04-06;2026-04-06;7476,82;Não
2100 - INSTITUTO ESTADUAL DE FLORESTAS-IEF;Nota fiscal;24.996.595/0002-26;INCLOUD TECNOLOGIA E SERVICOS LTDA.;56;;1;Completa;Serviço;Despesa orçamentária;2026-04-01;2026-04-01;2026-04-06;13268,49;Não
1030 - TRIBUNAL DE JUSTICA DO ESTADO DE MINAS GERAIS;Outros;09.285.159/0001-74;ITS MANUTENCOES LTDA;4092026;;1;Completa;Serviço;Despesa orçamentária;2026-04-01;2026-04-06;2026-04-06;1760,77;Não
1250 - POLICIA MILITAR DE MINAS GERAIS;Nota fiscal;25.361.124/0001-23;AACP SERVICO AMBIENTAL LTDA;167;;1;Incompleta;Serviço;Despesa orçamentária;2026-04-01;2026-04-06;2026-04-06;3387,41;Não
1450 - SECRETARIA DE ESTADO DE JUSTICA E SEGURANCA PUBLIC;Outros;02.421.421/0001-11;TIM S A;5560599948;4;1;Completa;Serviço;Despesa extra orçamentária;2026-03-13;2026-03-13;2026-04-06;22,67;Não
2300 - DEPARTAMENTO DE ESTRADAS DE RODAGEM;Nota fiscal;01.017.250/0001-05;VOETUR TURISMO E REPRESENTACOES LTDA;1329421;;1;Completa;Serviço;Despesa orçamentária;2026-04-03;2026-04-06;2026-04-06;10485,08;Não
1030 - TRIBUNAL DE JUSTICA DO ESTADO DE MINAS GERAIS;Outros;09.285.159/0001-74;ITS MANUTENCOES LTDA;4102026;;1;Completa;Serviço;Despesa orçamentária;2026-04-01;2026-04-06;2026-04-06;58816,29;Não
1090 - PROCURADORIA GERAL DE JUSTICA;Nota fiscal;08.458.633/0001-50;ESMARTY ESPECIALISTA EM MANUTENCAO DE ELEVADORES LTDA;20266675;;1;Completa;Serviço;Despesa orçamentária;2026-03-31;2026-04-01;2026-04-06;1303,25;Não
2270 - FUNDACAO HOSPITALAR DO ESTADO DE MINAS GERAIS;Nota fiscal;19.717.870/0001-04;KIENTRO BRASIL LTDA;4592;1;1;Completa - Recebimento definitivo;Consumo;Despesa orçamentária;2026-03-23;2026-03-27;2026-04-06;431,28;Não
2270 - FUNDACAO HOSPITALAR DO ESTADO DE MINAS GERAIS;Nota fiscal;04.307.650/0026-93;ONCO PROD DISTRIBUIDORA DE PRODUTOS HOSPITALARES E ONCOLOGICOS LTDA.;345942;;1;Completa - Recebimento definitivo;Consumo;Despesa orçamentária;2026-04-02;2026-04-06;2026-04-06;7530,0;Não
2270 - FUNDACAO HOSPITALAR DO ESTADO DE MINAS GERAIS;Nota fiscal;12.927.876/0001-67;SOMA/MG PRODUTOS HOSPITALARES LTDA;368516;;1;Completa - Recebimento definitivo;Consumo;Despesa orçamentária;2026-03-23;2026-03-23;2026-04-06;943,0;Não
1710 - SECRETARIA DE ESTADO DE COMUNICACAO SOCIAL;Nota fiscal;24.172.716/0001-34;FLD S.A.;1457;;1;Completa;Serviço;Despesa orçamentária;2026-03-17;2026-04-06;2026-04-06;101,6;Não
1260 - SECRETARIA DE ESTADO DE EDUCACAO;Nota fiscal;25.109.467/0001-03;SOLUCAO INDUSTRIA E COMERCIO DE MOVEIS LTDA;8310;1;1;Completa - Recebimento definitivo;Permanente;Despesa orçamentária;2026-02-20;2026-03-20;2026-04-06;85200,0;Não
1450 - SECRETARIA DE ESTADO DE JUSTICA E SEGURANCA PUBLIC;Outros;02.421.421/0001-11;TIM S A;5560599948;5;1;Completa;Serviço;Despesa extra orçamentária;2026-03-13;2026-03-13;2026-04-06;23,52;Não
1250 - POLICIA MILITAR DE MINAS GERAIS;Outros;05.222.267/0001-47;AGIS MEDICAL PRODUTOS HOSPITALARES LTDA;4676;;1;Completa;Serviço;Despesa extra orçamentária;2026-03-30;2026-04-01;2026-04-06;424,11;Não
2100 - INSTITUTO ESTADUAL DE FLORESTAS-IEF;Nota fiscal;33.224.254/0001-42;MGS MINAS GERAIS ADMINISTRACAO E SERVICOS S/A;679676;E;1;Completa;Serviço;Despesa orçamentária;2026-03-24;2026-04-03;2026-04-06;499,4;Não
1030 - TRIBUNAL DE JUSTICA DO ESTADO DE MINAS GERAIS;Outros;09.285.159/0001-74;ITS MANUTENCOES LTDA;4112026;;1;Completa;Serviço;Despesa orçamentária;2026-04-01;2026-04-06;2026-04-06;4987,87;Não
1250 - POLICIA MILITAR DE MINAS GERAIS;Nota fiscal;07.346.326/0001-14;REPROS SOLUCOES EM TECNOLOGIA LTDA;145;;1;Completa;Serviço;Despesa orçamentária;2026-04-06;2026-04-06;2026-04-06;176,44;Não
2070 - FUND. DE AMPARO A PESQ. DO ESTADO DE MINAS GERAIS;Nota fiscal;06.981.180/0001-16;CEMIG DISTRIBUICAO S.A.;375782159;;1;Completa;Serviço;Despesa orçamentária;2026-04-02;2026-04-06;2026-04-06;46364,42;Não
2270 - FUNDACAO HOSPITALAR DO ESTADO DE MINAS GERAIS;Nota fiscal;00.740.696/0001-92;PMH PRODUTOS MEDICOS HOSPITALARES LTDA;472324;1;1;Completa - Recebimento definitivo;Consumo;Despesa orçamentária;2026-04-01;2026-04-06;2026-04-06;6811,0;Não
1030 - TRIBUNAL DE JUSTICA DO ESTADO DE MINAS GERAIS;Outros;09.285.159/0001-74;ITS MANUTENCOES LTDA;4122026;;1;Incompleta;Serviço;Despesa orçamentária;2026-04-01;2026-04-06;2026-04-06;1264,17;Não
2090 - FUNDACAO ESTADUAL DO MEIO AMBIENTE;Outros;33.224.254/0001-42;MGS MINAS GERAIS ADMINISTRACAO E SERVICOS S/A;202600000012552;;1;Completa;Serviço;Despesa orçamentária;2026-03-30;2026-03-30;2026-04-06;22621,73;Não
1450 - SECRETARIA DE ESTADO DE JUSTICA E SEGURANCA PUBLIC;Outros;02.421.421/0001-11;TIM S A;5560599948;6;1;Completa;Serviço;Despesa extra orçamentária;2026-03-13;2026-03-13;2026-04-06;24,37;Não
2300 - DEPARTAMENTO DE ESTRADAS DE RODAGEM;Nota fiscal;01.017.250/0001-05;VOETUR TURISMO E REPRESENTACOES LTDA;1329422;;1;Completa;Serviço;Despesa orçamentária;2026-04-03;2026-04-06;2026-04-06;25415,73;Não
1250 - POLICIA MILITAR DE MINAS GERAIS;Outros;05.222.267/0001-47;AGIS MEDICAL PRODUTOS HOSPITALARES LTDA;4674;;1;Completa;Serviço;Despesa orçamentária;2026-03-30;2026-04-01;2026-04-06;511,86;Não
1090 - PROCURADORIA GERAL DE JUSTICA;Nota fiscal;08.458.633/0001-50;ESMARTY ESPECIALISTA EM MANUTENCAO DE ELEVADORES LTDA;20266678;;1;Completa;Serviço;Despesa orçamentária;2026-03-31;2026-04-01;2026-04-06;1303,25;Não
2330 - INSTITUTO DE METROLOGIA E QUALIDADE DE MG;Outros;13.131.660/0001-53;COOPERATIVA IMOBILIARIA LTDA;32026;;1;Completa;Serviço;Despesa orçamentária;2026-04-06;2026-04-06;2026-04-06;2730,82;Não
2100 - INSTITUTO ESTADUAL DE FLORESTAS-IEF;Nota fiscal;33.224.254/0001-42;MGS MINAS GERAIS ADMINISTRACAO E SERVICOS S/A;202611829;E;1;Completa;Serviço;Despesa orçamentária;2026-03-24;2026-04-03;2026-04-06;12375,72;Não
1450 - SECRETARIA DE ESTADO DE JUSTICA E SEGURANCA PUBLIC;Nota fiscal;11.319.926/0001-60;KSM MANUTENCAO DE MAQUINAS E EQUIPAMENTOS LTDA -ME;27;A;1;Completa;Serviço;Despesa orçamentária;2026-02-28;2026-02-28;2026-04-06;2501,76;Não
2270 - FUNDACAO HOSPITALAR DO ESTADO DE MINAS GERAIS;Nota fiscal;13.694.036/0001-64;EMENALLI MEDICAL LTDA;20122;;1;Completa - Recebimento definitivo;Consumo;Despesa orçamentária;2026-03-16;2026-03-27;2026-04-06;53,55;Não
1250 - POLICIA MILITAR DE MINAS GERAIS;Outros;05.222.267/0001-47;AGIS MEDICAL PRODUTOS HOSPITALARES LTDA;4675;;1;Completa;Serviço;Despesa orçamentária;2026-03-30;2026-04-01;2026-04-06;1253,54;Não
1090 - PROCURADORIA GERAL DE JUSTICA;Nota fiscal;08.458.633/0001-50;ESMARTY ESPECIALISTA EM MANUTENCAO DE ELEVADORES LTDA;20266674;;1;Completa;Serviço;Despesa orçamentária;2026-03-31;2026-04-01;2026-04-06;1303,25;Não
1450 - SECRETARIA DE ESTADO DE JUSTICA E SEGURANCA PUBLIC;Outros;02.421.421/0001-11;TIM S A;5560599948;7;1;Completa;Serviço;Despesa extra orçamentária;2026-03-13;2026-03-13;2026-04-06;26,07;Não
2370 - INSTITUTO MINEIRO DE AGROPECUARIA;Nota fiscal;15.866.070/0001-02;ALIANCA COMERCIO E SERVICOS DE SEGURANCA ELETRONICA LTDA - ME;1897;;1;Completa;Serviço;Despesa orçamentária;2026-04-06;2026-04-06;2026-04-06;710,0;Não
2100 - INSTITUTO ESTADUAL DE FLORESTAS-IEF;Nota fiscal;33.224.254/0001-42;MGS MINAS GERAIS ADMINISTRACAO E SERVICOS S/A;679511;E;1;Completa;Serviço;Despesa orçamentária;2026-03-24;2026-04-03;2026-04-06;1066,74;Não
1320 - SECRETARIA DE ESTADO DA SAUDE;Nota fiscal;34.274.233/0025-71;VIBRA ENERGIA S.A;4843694;;1;Completa - Disponível para recebimento definitivo;Consumo;Despesa orçamentária;2026-03-19;2026-04-06;2026-04-06;17741,24;Não
1510 - POLICIA CIVIL DO ESTADO DE MINAS GERAIS;Outros;50.429.810/0001-36;SAPRA LANDAUER SERVICO DE ASSESSORIA E PROTECAO RADIOLOGICA LTDA.;16782;;1;Completa;Serviço;Despesa orçamentária;2026-04-06;2026-04-06;2026-04-06;155,08;Não
2090 - FUNDACAO ESTADUAL DO MEIO AMBIENTE;Outros;33.224.254/0001-42;MGS MINAS GERAIS ADMINISTRACAO E SERVICOS S/A;680768;;1;Completa;Serviço;Despesa orçamentária;2026-03-30;2026-03-30;2026-04-06;2112,0;Não
1260 - SECRETARIA DE ESTADO DE EDUCACAO;Outros;34.028.316/0015-09;EMPRESA BRASILEIRA DE CORREIOS E TELEGRAFOS - ECT;2491745;;1;Completa;Serviço;Despesa orçamentária;2026-03-31;2026-04-06;2026-04-06;234,44;Não
1450 - SECRETARIA DE ESTADO DE JUSTICA E SEGURANCA PUBLIC;Outros;02.421.421/0001-11;TIM S A;5560599948;8;1;Completa;Serviço;Despesa extra orçamentária;2026-03-13;2026-03-13;2026-04-06;33,16;Não
2350 - UNIVERSIDADE DO ESTADO DE MINAS GERAIS;Nota fiscal;51.274.708/0001-71;BFC OBRAS E SOLUCOES INTEGRADAS LTDA;30;;1;Completa;Serviço;Despesa orçamentária;2026-04-02;2026-04-06;2026-04-06;24045,3;Não
1070 - GABINETE MILITAR DO GOVERNADOR DO ESTADO DE MG;Nota fiscal;05.340.639/0001-30;PRIME CONSULTORIA E ASSESSORIA EMPRESARIAL LTDA;152696;;1;Completa;Serviço;Despesa orçamentária;2026-04-01;2026-04-06;2026-04-06;12124,47;Não
1260 - SECRETARIA DE ESTADO DE EDUCACAO;Nota fiscal;61.192.522/0010-18;BIGNARDI - INDUSTRIA E COMERCIO DE PAPEIS E ARTEFATOS LTDA.;167914;1;1;Completa - Recebimento definitivo;Consumo;Despesa orçamentária;2026-02-06;2026-03-06;2026-04-06;375168,64;Não
1090 - PROCURADORIA GERAL DE JUSTICA;Nota fiscal;08.458.633/0001-50;ESMARTY ESPECIALISTA EM MANUTENCAO DE ELEVADORES LTDA;20266677;;1;Completa;Serviço;Despesa orçamentária;2026-03-31;2026-04-01;2026-04-06;1303,25;Não
1250 - POLICIA MILITAR DE MINAS GERAIS;Nota fiscal;05.222.267/0001-47;AGIS MEDICAL PRODUTOS HOSPITALARES LTDA;281029;2;1;Completa - Recebimento definitivo;Consumo;Despesa orçamentária;2026-03-30;2026-04-01;2026-04-06;1196,24;Não
1450 - SECRETARIA DE ESTADO DE JUSTICA E SEGURANCA PUBLIC;Outros;02.421.421/0001-11;TIM S A;5560599948;9;1;Completa;Serviço;Despesa extra orçamentária;2026-03-13;2026-03-13;2026-04-06;260,02;Não
1260 - SECRETARIA DE ESTADO DE EDUCACAO;Outros;04.569.153/0002-96;JOSIANE LILIA DE CARVALHO -ME;9447726;M26;1;Completa;Serviço;Despesa orçamentária;2026-04-06;2026-04-06;2026-04-06;7600,0;Não
1190 - SECRETARIA DE ESTADO DE FAZENDA DE MINAS GERAIS;Nota fiscal;01.333.945/0001-98;FONTUS DISTRIBUIDORA DE AGUAS MINERAIS LTDA;31226;1;1;Completa - Recebimento definitivo;Consumo;Despesa orçamentária;2026-02-27;2026-04-06;2026-04-06;1102,6;Não
2270 - FUNDACAO HOSPITALAR DO ESTADO DE MINAS GERAIS;Nota fiscal;60.665.981/0009-75;UNIAO QUIMICA FARMACEUTICA NACIONAL S A;1065530;;1;Completa - Recebimento definitivo;Consumo;Despesa orçamentária;2026-03-29;2026-04-03;2026-04-06;4297,5;Não
2270 - FUNDACAO HOSPITALAR DO ESTADO DE MINAS GERAIS;Nota fiscal;44.734.671/0022-86;CRISTALIA PRODUTOS QUIMICOS FARMACEUTICOS LTDA;950297;;1;Completa - Recebimento definitivo;Consumo;Despesa orçamentária;2026-03-31;2026-04-03;2026-04-06;21420,0;Não
1090 - PROCURADORIA GERAL DE JUSTICA;Nota fiscal;08.458.633/0001-50;ESMARTY ESPECIALISTA EM MANUTENCAO DE ELEVADORES LTDA;20266682;;1;Completa;Serviço;Despesa orçamentária;2026-03-31;2026-04-01;2026-04-06;1303,25;Não
2270 - FUNDACAO HOSPITALAR DO ESTADO DE MINAS GERAIS;Nota fiscal;27.187.758/0001-37;BML HOSPITALAR LTDA;29679;;1;Completa - Recebimento definitivo;Consumo;Despesa orçamentária;2026-03-27;2026-04-01;2026-04-06;859,8;Não
2270 - FUNDACAO HOSPITALAR DO ESTADO DE MINAS GERAIS;Nota fiscal;01.805.305/0001-33;FGF COMERCIO E SERVICOS DE ESTERILIZACAO EM OXIDO DE ETILENO LTDA;6679;;1;Completa;Serviço;Despesa orçamentária;2026-04-03;2026-04-06;2026-04-06;1651,22;Não
1090 - PROCURADORIA GERAL DE JUSTICA;Nota fiscal;15.839.804/0001-56;INOV LOCACOES E EVENTOS LTDA - ME;27;;1;Completa;Serviço;Despesa orçamentária;2026-04-01;2026-04-02;2026-04-06;7398,92;Não
1450 - SECRETARIA DE ESTADO DE JUSTICA E SEGURANCA PUBLIC;Nota fiscal;05.151.226/0001-07;EXPRESSO MINAS FRIOS LTDA;76034;2;1;Completa;Serviço;Despesa orçamentária;2026-03-11;2026-04-06;2026-04-06;35,0;Não
1450 - SECRETARIA DE ESTADO DE JUSTICA E SEGURANCA PUBLIC;Outros;02.421.421/0001-11;TIM S A;5560599948;10;1;Completa;Serviço;Despesa extra orçamentária;2026-03-13;2026-03-13;2026-04-06;462,97;Não
1710 - SECRETARIA DE ESTADO DE COMUNICACAO SOCIAL;Nota fiscal;24.172.716/0001-34;FLD S.A.;1460;;1;Completa;Serviço;Despesa orçamentária;2026-03-17;2026-04-06;2026-04-06;101,6;Não
1090 - PROCURADORIA GERAL DE JUSTICA;Nota fiscal;08.458.633/0001-50;ESMARTY ESPECIALISTA EM MANUTENCAO DE ELEVADORES LTDA;20266676;;1;Completa;Serviço;Despesa orçamentária;2026-03-31;2026-04-01;2026-04-06;1303,25;Não
1320 - SECRETARIA DE ESTADO DA SAUDE;Nota fiscal;34.274.233/0025-71;VIBRA ENERGIA S.A;4848428;;1;Completa - Disponível para recebimento definitivo;Consumo;Despesa orçamentária;2026-03-25;2026-04-06;2026-04-06;17741,24;Não
2270 - FUNDACAO HOSPITALAR DO ESTADO DE MINAS GERAIS;Nota fiscal;27.187.758/0001-37;BML HOSPITALAR LTDA;29765;;1;Completa - Recebimento definitivo;Consumo;Despesa orçamentária;2026-04-01;2026-04-02;2026-04-06;429,9;Não
1450 - SECRETARIA DE ESTADO DE JUSTICA E SEGURANCA PUBLIC;Nota fiscal;05.151.226/0001-07;EXPRESSO MINAS FRIOS LTDA;76035;2;1;Completa;Serviço;Despesa orçamentária;2026-03-11;2026-04-06;2026-04-06;5171,25;Não
1540 - ESCOLA DE SAUDE PUBLICA DE MINAS GERAIS;Nota fiscal;16.636.540/0001-04;COMPANHIA DE TECNOLOGIA DA INFORMACAO DO ESTADO DE MINAS GERAIS-PRODEMGE;20262210;;1;Completa;Serviço;Despesa orçamentária;2026-03-06;2026-03-25;2026-04-06;280,78;Não
1090 - PROCURADORIA GERAL DE JUSTICA;Nota fiscal;08.458.633/0001-50;ESMARTY ESPECIALISTA EM MANUTENCAO DE ELEVADORES LTDA;20266680;;1;Completa;Serviço;Despesa orçamentária;2026-03-31;2026-04-01;2026-04-06;1303,25;Não
2270 - FUNDACAO HOSPITALAR DO ESTADO DE MINAS GERAIS;Nota fiscal;12.927.876/0001-67;SOMA/MG PRODUTOS HOSPITALARES LTDA;368532;1;1;Completa - Recebimento definitivo;Consumo;Despesa orçamentária;2026-03-23;2026-03-26;2026-04-06;2200,0;Não
1250 - POLICIA MILITAR DE MINAS GERAIS;Nota fiscal;30.142.119/0001-60;MASTER CLEAN PRESTACAO DE SERVICOS E CONSULTORIA LTDA;267;;1;Completa;Serviço;Despesa orçamentária;2026-03-15;2026-03-23;2026-04-06;3974,66;Não
1450 - SECRETARIA DE ESTADO DE JUSTICA E SEGURANCA PUBLIC;Nota fiscal;05.151.226/0001-07;EXPRESSO MINAS FRIOS LTDA;76036;2;1;Completa;Serviço;Despesa orçamentária;2026-03-11;2026-04-06;2026-04-06;2660,0;Não
1090 - PROCURADORIA GERAL DE JUSTICA;Nota fiscal;08.458.633/0001-50;ESMARTY ESPECIALISTA EM MANUTENCAO DE ELEVADORES LTDA;20266679;;1;Completa;Serviço;Despesa orçamentária;2026-03-31;2026-04-01;2026-04-06;1303,25;Não
2320 - FUNDACAO CENTRO DE HEMATOLOGIA E HEMOTERAPIA DE MG;Nota fiscal;02.412.970/0001-20;NOVO MILENIO PRODUTOS E SERVICOS LTDA;2004;1;1;Completa - Recebimento definitivo;Consumo;Despesa orçamentária;2026-04-01;2026-04-06;2026-04-06;97000,0;Não
1320 - SECRETARIA DE ESTADO DA SAUDE;Nota fiscal;05.652.247/0001-06;LUMIAR HEALTH BUILDERS EQUIPAMENTOS HOSPITALARES LTDA;1754;;1;Completa;Serviço;Despesa orçamentária;2026-02-23;2026-04-06;2026-04-06;66256,0;Não
1260 - SECRETARIA DE ESTADO DE EDUCACAO;Nota fiscal;33.224.254/0001-42;MGS MINAS GERAIS ADMINISTRACAO E SERVICOS S/A;12799;1;1;Completa;Serviço;Despesa orçamentária;2026-03-31;2026-03-31;2026-04-06;10059,18;Não
1450 - SECRETARIA DE ESTADO DE JUSTICA E SEGURANCA PUBLIC;Nota fiscal;05.151.226/0001-07;EXPRESSO MINAS FRIOS LTDA;76037;2;1;Completa;Serviço;Despesa orçamentária;2026-03-11;2026-04-06;2026-04-06;1330,0;Não
1090 - PROCURADORIA GERAL DE JUSTICA;Nota fiscal;08.458.633/0001-50;ESMARTY ESPECIALISTA EM MANUTENCAO DE ELEVADORES LTDA;20266683;;1;Completa;Serviço;Despesa orçamentária;2026-03-31;2026-04-01;2026-04-06;1303,25;Não
2270 - FUNDACAO HOSPITALAR DO ESTADO DE MINAS GERAIS;Nota fiscal;76.386.283/0001-13;DIMEVA DISTRIBUIDORA E IMPORTADORA LTDA;122614;;1;Completa - Recebimento definitivo;Consumo;Despesa orçamentária;2026-03-31;2026-04-06;2026-04-06;2550,24;Não
2100 - INSTITUTO ESTADUAL DE FLORESTAS-IEF;Nota fiscal;34.274.233/0025-71;VIBRA ENERGIA S.A;4853447;0;1;Completa - Recebimento definitivo;Consumo;Despesa orçamentária;2026-03-31;2026-03-31;2026-04-06;22309,0;Não
2270 - FUNDACAO HOSPITALAR DO ESTADO DE MINAS GERAIS;Nota fiscal;42.900.316/0001-80;NOW QUIMICA INDUSTRIA E COMERCIO LTDA;57937;;1;Completa - Recebimento definitivo;Consumo;Despesa orçamentária;2026-03-25;2026-04-02;2026-04-06;413,0;Não
1300 - SECRET. DE ESTADO DE INFRAESTRUTURA E MOBILIDADE;Nota fiscal;47.545.743/0001-00;CAPTURA POCOS ARTESIANOS, COMERCIO E SERVICOS LTDA;40;;1;Incompleta;Serviço;Despesa orçamentária;2026-03-26;2026-03-26;2026-04-06;14748,13;Não
1450 - SECRETARIA DE ESTADO DE JUSTICA E SEGURANCA PUBLIC;Outros;02.421.421/0001-11;TIM S A;5560599948;11;1;Completa;Serviço;Despesa extra orçamentária;2026-03-13;2026-03-13;2026-04-06;609,94;Não
2270 - FUNDACAO HOSPITALAR DO ESTADO DE MINAS GERAIS;Nota fiscal;12.927.876/0001-67;SOMA/MG PRODUTOS HOSPITALARES LTDA;368533;1;1;Completa - Recebimento definitivo;Consumo;Despesa orçamentária;2026-03-23;2026-03-27;2026-04-06;744,5;Não
2270 - FUNDACAO HOSPITALAR DO ESTADO DE MINAS GERAIS;Nota fiscal;06.344.497/0001-41;VEROCHEQUE REFEICOES LTDA;7751484;26;1;Completa;Serviço;Despesa orçamentária;2026-03-31;2026-03-31;2026-04-06;19418,52;Não
1250 - POLICIA MILITAR DE MINAS GERAIS;Nota fiscal;05.222.267/0001-47;AGIS MEDICAL PRODUTOS HOSPITALARES LTDA;281030;2;1;Completa - Recebimento definitivo;Consumo;Despesa orçamentária;2026-03-30;2026-04-01;2026-04-06;1196,24;Não
2270 - FUNDACAO HOSPITALAR DO ESTADO DE MINAS GERAIS;Nota fiscal;13.694.036/0001-64;EMENALLI MEDICAL LTDA;20123;;1;Completa - Recebimento definitivo;Consumo;Despesa orçamentária;2026-03-16;2026-03-27;2026-04-06;51,0;Não
1710 - SECRETARIA DE ESTADO DE COMUNICACAO SOCIAL;Nota fiscal;24.172.716/0001-34;FLD S.A.;1493;;1;Completa;Serviço;Despesa orçamentária;2026-03-18;2026-04-06;2026-04-06;1517,53;Não
2270 - FUNDACAO HOSPITALAR DO ESTADO DE MINAS GERAIS;Nota fiscal;42.900.316/0001-80;NOW QUIMICA INDUSTRIA E COMERCIO LTDA;57938;;1;Completa - Recebimento definitivo;Consumo;Despesa orçamentária;2026-03-25;2026-04-02;2026-04-06;60,0;Não
2010 - INST.DE PREVIDENCIA DOS SERVIDORES DO EST.M.GERAIS;Nota fiscal;14.823.642/0001-03;NUCLEOMED COMERCIO E REPRESENTACAO COMERCIAL LTDA ;287243;1;1;Completa - Recebimento definitivo;Consumo;Despesa extra orçamentária;2026-03-30;2026-04-01;2026-04-06;2050,0;Não
1260 - SECRETARIA DE ESTADO DE EDUCACAO;Nota fiscal;33.110.976/0006-80;YMBALO INSTITUTO DE EDUCACAO E PRESTACAO DE SERVICOS LTDA;3;OUT;1;Completa;Serviço;Despesa orçamentária;2026-04-02;2026-04-06;2026-04-06;1797,2;Não
1450 - SECRETARIA DE ESTADO DE JUSTICA E SEGURANCA PUBLIC;Outros;02.421.421/0001-11;TIM S A;5560599948;12;1;Completa;Serviço;Despesa extra orçamentária;2026-03-13;2026-03-13;2026-04-06;807,52;Não
1050 - TRIBUNAL DE JUSTICA MILITAR DO ESTADO DE M.G.;Nota fiscal;03.368.287/0001-03;CTY INFORMATICA LTDA;263;;1;Incompleta;Serviço;Despesa orçamentária;2026-04-04;2026-04-06;2026-04-06;658,77;Não
2270 - FUNDACAO HOSPITALAR DO ESTADO DE MINAS GERAIS;Nota fiscal;20.858.411/0001-20;AMGS COMERCIO E REPRESENTACOES LTDA;628088;;1;Completa - Recebimento definitivo;Consumo;Despesa orçamentária;2026-04-02;2026-04-06;2026-04-06;2445,59;Não
2270 - FUNDACAO HOSPITALAR DO ESTADO DE MINAS GERAIS;Nota fiscal;12.927.876/0001-67;SOMA/MG PRODUTOS HOSPITALARES LTDA;368552;1;1;Completa - Recebimento definitivo;Consumo;Despesa orçamentária;2026-03-23;2026-03-26;2026-04-06;175,0;Não
2270 - FUNDACAO HOSPITALAR DO ESTADO DE MINAS GERAIS;Nota fiscal;34.412.925/0001-61;ATHENA COMERCIO DE PRODUTOS ODONTOLOGICOS MEDICOS E HOSPITALARES LTDA;10914;;1;Completa - Recebimento definitivo;Consumo;Despesa orçamentária;2026-03-25;2026-04-06;2026-04-06;20,6;Não
1450 - SECRETARIA DE ESTADO DE JUSTICA E SEGURANCA PUBLIC;Outros;02.421.421/0001-11;TIM S A;5560599948;13;1;Completa;Serviço;Despesa extra orçamentária;2026-03-13;2026-03-13;2026-04-06;913,75;Não
2270 - FUNDACAO HOSPITALAR DO ESTADO DE MINAS GERAIS;Nota fiscal;42.900.316/0001-80;NOW QUIMICA INDUSTRIA E COMERCIO LTDA;57936;;1;Completa - Recebimento definitivo;Consumo;Despesa orçamentária;2026-03-25;2026-04-02;2026-04-06;2640,0;Não
1500 - SECRETARIA DE ESTADO DE PLANEJAMENTO E GESTAO;Nota fiscal;33.224.254/0001-42;MGS MINAS GERAIS ADMINISTRACAO E SERVICOS S/A;12799;2;1;Completa;Serviço;Despesa orçamentária;2026-03-31;2026-03-31;2026-04-06;741,65;Não
1260 - SECRETARIA DE ESTADO DE EDUCACAO;Nota fiscal;61.192.522/0010-18;BIGNARDI - INDUSTRIA E COMERCIO DE PAPEIS E ARTEFATOS LTDA.;167997;1;1;Completa - Recebimento definitivo;Consumo;Despesa extra orçamentária;2026-02-09;2026-03-09;2026-04-06;306903,2;Não
2150 - FUNDACAO HELENA ANTIPOFF;Nota fiscal;09.583.388/0001-75;RANGAP DISTRIBUIDORA DE ALIMENTOS LTDA -ME;6499;2;1;Completa - Recebimento definitivo;Consumo;Despesa extra orçamentária;2026-04-06;2026-04-06;2026-04-06;4260,78;Não
1090 - PROCURADORIA GERAL DE JUSTICA;Nota fiscal;00.062.861/0001-02;ACOMAR REFORMA E REFRIGERACAO LTDA -EPP;2026200;;1;Completa;Serviço;Despesa orçamentária;2026-04-06;2026-04-06;2026-04-06;47253,08;Não
1250 - POLICIA MILITAR DE MINAS GERAIS;Nota fiscal;05.222.267/0001-47;AGIS MEDICAL PRODUTOS HOSPITALARES LTDA;281028;2;1;Completa - Recebimento definitivo;Consumo;Despesa orçamentária;2026-03-30;2026-04-01;2026-04-06;2569,11;Não
1250 - POLICIA MILITAR DE MINAS GERAIS;Nota fiscal;23.050.270/0001-02;MAXIMUS CONSERVACAO PATRIMONIAL LTDA;82;;1;Completa;Serviço;Despesa orçamentária;2026-03-23;2026-04-06;2026-04-06;1015,24;Não
1450 - SECRETARIA DE ESTADO DE JUSTICA E SEGURANCA PUBLIC;Nota fiscal;42.799.163/0001-26;BH FARMA COMERCIO LTDA;164966;;2;Completa - Recebimento definitivo;Consumo;Despesa extra orçamentária;2026-03-25;2026-03-30;2026-04-06;18198,4;Não
2180 - FUNDACAO CLOVIS SALGADO;Nota fiscal;01.406.617/0001-74;AGENCIA DE INTEGRACAO EMPRESA ESCOLA LTDA;33613;;2;Completa;Serviço;Despesa orçamentária;2026-04-01;2026-04-01;2026-04-06;35929,06;Não
1500 - SECRETARIA DE ESTADO DE PLANEJAMENTO E GESTAO;Outros;02.128.552/0001-05;CLINICA DE MAMOGRAFIA PIRAPORA LTDA ;136811163;;3;Completa;Serviço;Despesa orçamentária;2026-04-01;2026-04-01;2026-04-06;17860,84;Não
2270 - FUNDACAO HOSPITALAR DO ESTADO DE MINAS GERAIS;Nota fiscal;01.571.702/0001-98;HALEX ISTAR INDUSTRIA FARMACEUTICA SA;459809;;1;Completa - Recebimento definitivo;Consumo;Despesa orçamentária;2026-03-25;2026-04-02;2026-04-06;5244,0;Não
2270 - FUNDACAO HOSPITALAR DO ESTADO DE MINAS GERAIS;Nota fiscal;20.858.411/0001-20;AMGS COMERCIO E REPRESENTACOES LTDA;628083;;1;Completa - Recebimento definitivo;Consumo;Despesa orçamentária;2026-04-02;2026-04-06;2026-04-06;240,13;Não
2070 - FUND. DE AMPARO A PESQ. DO ESTADO DE MINAS GERAIS;Outros;01.389.269/0001-74;ALCTEL TELECOMUNICACOES E INFORMATICA LTDA;657;;1;Completa;Serviço;Despesa orçamentária;2026-04-01;2026-04-06;2026-04-06;1832,05;Não
1090 - PROCURADORIA GERAL DE JUSTICA;Nota fiscal;15.839.804/0001-56;INOV LOCACOES E EVENTOS LTDA - ME;28;;1;Completa;Serviço;Despesa orçamentária;2026-04-01;2026-04-02;2026-04-06;1533,68;Não
1030 - TRIBUNAL DE JUSTICA DO ESTADO DE MINAS GERAIS;Nota fiscal;04.602.789/0001-01;DATEN TECNOLOGIA LTDA;20261172;;1;Completa;Serviço;Despesa orçamentária;2026-03-31;2026-04-06;2026-04-06;207490,82;Não
2270 - FUNDACAO HOSPITALAR DO ESTADO DE MINAS GERAIS;Nota fiscal;04.889.013/0001-14;DISTRILAF DISTRIBUIDORA DE MEDICAMENTOS LTDA;148393;;1;Completa - Recebimento definitivo;Consumo;Despesa orçamentária;2026-03-26;2026-03-27;2026-04-06;9495,0;Não
2270 - FUNDACAO HOSPITALAR DO ESTADO DE MINAS GERAIS;Nota fiscal;20.858.411/0001-20;AMGS COMERCIO E REPRESENTACOES LTDA;628084;;1;Completa - Recebimento definitivo;Consumo;Despesa orçamentária;2026-04-02;2026-04-06;2026-04-06;1059,81;Não
1250 - POLICIA MILITAR DE MINAS GERAIS;Nota fiscal;67.116.715/0001-85;TAIT COMUNICACOES BRASIL LTDA;15188;;2;Completa - Recebimento definitivo;Permanente;Despesa extra orçamentária;2026-02-25;2026-04-06;2026-04-06;4000,0;Não
2300 - DEPARTAMENTO DE ESTRADAS DE RODAGEM;Nota fiscal;38.743.357/0001-32;STRATA ENGENHARIA LTDA;381;;1;Completa;Serviço;Despesa orçamentária;2026-04-06;2026-04-06;2026-04-06;205719,9;Não
1710 - SECRETARIA DE ESTADO DE COMUNICACAO SOCIAL;Nota fiscal;24.172.716/0001-34;FLD S.A.;1527;;1;Completa;Serviço;Despesa orçamentária;2026-03-19;2026-04-06;2026-04-06;101,6;Não
1090 - PROCURADORIA GERAL DE JUSTICA;Outros;***.990.206-**;VERA LUCIA COSTA DE MELLO REIS;27242202657;;1;Completa;Serviço;Despesa orçamentária;2026-04-06;2026-04-06;2026-04-06;799,2;Não
2270 - FUNDACAO HOSPITALAR DO ESTADO DE MINAS GERAIS;Nota fiscal;22.460.323/0001-09;MEDTEC SUPRIMENTOS MEDICO HOSPITALARES LTDA -EPP;61;;1;Completa;Serviço;Despesa orçamentária;2026-04-01;2026-04-06;2026-04-06;5750,0;Não
2270 - FUNDACAO HOSPITALAR DO ESTADO DE MINAS GERAIS;Nota fiscal;04.477.018/0001-30;POLAR INDUSTRIA E COMERCIO DE COLCHOES LTDA;118754;1;1;Completa - Recebimento definitivo;Consumo;Despesa extra orçamentária;2026-03-30;2026-04-01;2026-04-06;1260,0;Não
2010 - INST.DE PREVIDENCIA DOS SERVIDORES DO EST.M.GERAIS;Nota fiscal;28.309.420/0001-73;ESTRELA GERADORES & ENERGIA ELETRICA LTDA - EPP;404;;1;Completa;Serviço;Despesa orçamentária;2026-04-01;2026-04-01;2026-04-06;10000,0;Não
1230 - SECRET. DE ESTADO DE AGRICULTURA, PECUARIA E ABAST;Nota fiscal;05.340.639/0001-30;PRIME CONSULTORIA E ASSESSORIA EMPRESARIAL LTDA;152705;;1;Completa;Serviço;Despesa orçamentária;2026-04-01;2026-04-06;2026-04-06;7085,22;Não
1090 - PROCURADORIA GERAL DE JUSTICA;Nota fiscal;15.839.804/0001-56;INOV LOCACOES E EVENTOS LTDA - ME;202629;;1;Completa;Serviço;Despesa orçamentária;2026-04-01;2026-04-02;2026-04-06;657,32;Não
2090 - FUNDACAO ESTADUAL DO MEIO AMBIENTE;Nota fiscal;33.224.254/0001-42;MGS MINAS GERAIS ADMINISTRACAO E SERVICOS S/A;12737;;1;Completa;Serviço;Despesa orçamentária;2026-03-30;2026-03-31;2026-04-06;46832,66;Não
1710 - SECRETARIA DE ESTADO DE COMUNICACAO SOCIAL;Nota fiscal;24.172.716/0001-34;FLD S.A.;1556;;1;Completa;Serviço;Despesa orçamentária;2026-03-19;2026-04-06;2026-04-06;843,07;Não
2270 - FUNDACAO HOSPITALAR DO ESTADO DE MINAS GERAIS;Nota fiscal;20.858.411/0001-20;AMGS COMERCIO E REPRESENTACOES LTDA;628097;;1;Completa - Recebimento definitivo;Consumo;Despesa orçamentária;2026-04-02;2026-04-06;2026-04-06;97,32;Não
1320 - SECRETARIA DE ESTADO DA SAUDE;Nota fiscal;33.224.254/0001-42;MGS MINAS GERAIS ADMINISTRACAO E SERVICOS S/A;119842026;;1;Completa;Serviço;Despesa orçamentária;2026-03-25;2026-04-06;2026-04-06;116793,74;Não
2270 - FUNDACAO HOSPITALAR DO ESTADO DE MINAS GERAIS;Nota fiscal;12.927.876/0001-67;SOMA/MG PRODUTOS HOSPITALARES LTDA;368783;1;1;Completa - Recebimento definitivo;Consumo;Despesa orçamentária;2026-03-25;2026-03-30;2026-04-06;1215,78;Não
1250 - POLICIA MILITAR DE MINAS GERAIS;Nota fiscal;67.116.715/0001-85;TAIT COMUNICACOES BRASIL LTDA;15200;;2;Completa - Recebimento definitivo;Permanente;Despesa extra orçamentária;2026-02-25;2026-04-06;2026-04-06;4000,0;Não
2270 - FUNDACAO HOSPITALAR DO ESTADO DE MINAS GERAIS;Nota fiscal;05.194.502/0001-14;ALFALAGOS LTDA ;419947;;1;Completa - Recebimento definitivo;Consumo;Despesa orçamentária;2026-03-27;2026-03-30;2026-04-06;1212,75;Não
2270 - FUNDACAO HOSPITALAR DO ESTADO DE MINAS GERAIS;Nota fiscal;00.874.929/0001-40;MED CENTER COMERCIAL LTDA;676580;;1;Completa - Recebimento definitivo;Consumo;Despesa extra orçamentária;2026-03-06;2026-03-19;2026-04-06;1841,61;Não
2430 - AGENCIA DE DESENVOLVIMENTO DA RMBH;Outros;27.595.780/0001-16;CS BRASIL FROTAS S.A.;219745132;;1;Completa;Serviço;Despesa orçamentária;2026-04-06;2026-04-06;2026-04-06;5853,77;Não
1090 - PROCURADORIA GERAL DE JUSTICA;Nota fiscal;15.839.804/0001-56;INOV LOCACOES E EVENTOS LTDA - ME;202630;;1;Completa;Serviço;Despesa orçamentária;2026-04-01;2026-04-02;2026-04-06;2738,68;Não
1720 - SECRETARIA DE ESTADO DE CASA CIVIL;Nota fiscal;16.636.540/0001-04;COMPANHIA DE TECNOLOGIA DA INFORMACAO DO ESTADO DE MINAS GERAIS-PRODEMGE;2969;;1;Completa;Serviço;Despesa orçamentária;2026-03-30;2026-03-30;2026-04-06;33400,0;Não
1080 - ADVOCACIA-GERAL DO ESTADO DE MINAS GERAIS;Nota fiscal;08.273.364/0001-57;TICKET GESTAO EM MANUTENCAO EZC S.A;48499663;;1;Completa;Serviço;Despesa orçamentária;2026-04-01;2026-04-06;2026-04-06;1753,1;Não
1710 - SECRETARIA DE ESTADO DE COMUNICACAO SOCIAL;Nota fiscal;24.172.716/0001-34;FLD S.A.;1560;;1;Completa;Serviço;Despesa orçamentária;2026-03-20;2026-04-06;2026-04-06;843,07;Não
1190 - SECRETARIA DE ESTADO DE FAZENDA DE MINAS GERAIS;Nota fiscal;16.636.540/0001-04;COMPANHIA DE TECNOLOGIA DA INFORMACAO DO ESTADO DE MINAS GERAIS-PRODEMGE;2924;A;1;Completa;Serviço;Despesa orçamentária;2026-03-30;2026-04-06;2026-04-06;45913,0;Não
1450 - SECRETARIA DE ESTADO DE JUSTICA E SEGURANCA PUBLIC;Nota fiscal;05.151.226/0001-07;EXPRESSO MINAS FRIOS LTDA;76143;2;1;Completa;Serviço;Despesa orçamentária;2026-03-13;2026-04-06;2026-04-06;110,95;Não
1320 - SECRETARIA DE ESTADO DA SAUDE;Nota fiscal;33.224.254/0001-42;MGS MINAS GERAIS ADMINISTRACAO E SERVICOS S/A;12801;1;1;Completa;Serviço;Despesa orçamentária;2026-03-31;2026-03-31;2026-04-06;34238,62;Não
2100 - INSTITUTO ESTADUAL DE FLORESTAS-IEF;Nota fiscal;33.224.254/0001-42;MGS MINAS GERAIS ADMINISTRACAO E SERVICOS S/A;202600000011881;;1;Completa;Serviço;Despesa orçamentária;2026-03-24;2026-03-24;2026-04-06;6028,64;Não
2270 - FUNDACAO HOSPITALAR DO ESTADO DE MINAS GERAIS;Nota fiscal;20.858.411/0001-20;AMGS COMERCIO E REPRESENTACOES LTDA;628100;;1;Completa - Recebimento definitivo;Consumo;Despesa orçamentária;2026-04-02;2026-04-06;2026-04-06;1059,81;Não
1720 - SECRETARIA DE ESTADO DE CASA CIVIL;Outros;11.735.086/0001-17;B & F - LAVAGEM AUTOMOTIVA E PREDIAL LTDA. - ME;323;;1;Completa;Serviço;Despesa orçamentária;2026-04-01;2026-04-01;2026-04-06;400,0;Não
1250 - POLICIA MILITAR DE MINAS GERAIS;Nota fiscal;67.116.715/0001-85;TAIT COMUNICACOES BRASIL LTDA;15202;;2;Completa - Recebimento definitivo;Permanente;Despesa extra orçamentária;2026-02-25;2026-04-06;2026-04-06;4000,0;Não
2100 - INSTITUTO ESTADUAL DE FLORESTAS-IEF;Outros;33.224.254/0001-42;MGS MINAS GERAIS ADMINISTRACAO E SERVICOS S/A;679693;;1;Completa;Serviço;Despesa orçamentária;2026-03-24;2026-03-24;2026-04-06;510,4;Não
2270 - FUNDACAO HOSPITALAR DO ESTADO DE MINAS GERAIS;Nota fiscal;20.858.411/0001-20;AMGS COMERCIO E REPRESENTACOES LTDA;627430;;1;Completa - Recebimento definitivo;Consumo;Despesa orçamentária;2026-03-31;2026-04-06;2026-04-06;224,43;Não
2270 - FUNDACAO HOSPITALAR DO ESTADO DE MINAS GERAIS;Nota fiscal;08.093.178/0001-36;VIGI & SEG VIGILANCIA E SEGURANCA LTDA;1062026;;1;Completa;Serviço;Despesa orçamentária;2026-04-01;2026-04-06;2026-04-06;158986,2;Não
2270 - FUNDACAO HOSPITALAR DO ESTADO DE MINAS GERAIS;Nota fiscal;08.245.855/0001-94;MHEDICA SERVICE COMERCIO E MANUTENCAO LTDA;296;;1;Completa;Serviço;Despesa orçamentária;2026-03-31;2026-04-06;2026-04-06;1504,77;Não
1090 - PROCURADORIA GERAL DE JUSTICA;Nota fiscal;15.839.804/0001-56;INOV LOCACOES E EVENTOS LTDA - ME;202631;;1;Completa;Serviço;Despesa orçamentária;2026-04-01;2026-04-02;2026-04-06;383,42;Não
2100 - INSTITUTO ESTADUAL DE FLORESTAS-IEF;Nota fiscal;33.224.254/0001-42;MGS MINAS GERAIS ADMINISTRACAO E SERVICOS S/A;202600000011838;;1;Completa;Serviço;Despesa orçamentária;2026-03-24;2026-03-24;2026-04-06;11572,83;Não
1260 - SECRETARIA DE ESTADO DE EDUCACAO;Nota fiscal;38.213.230/0001-01;PROTEKTO SEGURANCA LTDA;293;130;1;Completa;Serviço;Despesa orçamentária;2026-04-02;2026-04-06;2026-04-06;864,75;Não
1250 - POLICIA MILITAR DE MINAS GERAIS;Nota fiscal;67.116.715/0001-85;TAIT COMUNICACOES BRASIL LTDA;15201;;2;Completa - Recebimento definitivo;Permanente;Despesa extra orçamentária;2026-02-25;2026-04-06;2026-04-06;4000,0;Não
1450 - SECRETARIA DE ESTADO DE JUSTICA E SEGURANCA PUBLIC;Nota fiscal;11.319.926/0001-60;KSM MANUTENCAO DE MAQUINAS E EQUIPAMENTOS LTDA -ME;31;A;1;Completa;Serviço;Despesa orçamentária;2026-02-28;2026-02-28;2026-04-06;5016,0;Não
1320 - SECRETARIA DE ESTADO DA SAUDE;Outros;33.224.254/0001-42;MGS MINAS GERAIS ADMINISTRACAO E SERVICOS S/A;679997;;1;Completa;Serviço;Despesa orçamentária;2026-03-25;2026-04-06;2026-04-06;7327,03;Não
2100 - INSTITUTO ESTADUAL DE FLORESTAS-IEF;Outros;33.224.254/0001-42;MGS MINAS GERAIS ADMINISTRACAO E SERVICOS S/A;679731;;1;Completa;Serviço;Despesa orçamentária;2026-03-24;2026-03-24;2026-04-06;1207,44;Não
1080 - ADVOCACIA-GERAL DO ESTADO DE MINAS GERAIS;Outros;27.595.780/0001-16;CS BRASIL FROTAS S.A.;219758217;;1;Completa;Serviço;Despesa orçamentária;2026-04-02;2026-04-06;2026-04-06;3894,37;Não
2180 - FUNDACAO CLOVIS SALGADO;Nota fiscal;01.464.816/0001-39;APOIO SERVICOS LTDA -ME;55;;1;Completa;Serviço;Despesa orçamentária;2026-04-02;2026-04-06;2026-04-06;408,33;Não
2100 - INSTITUTO ESTADUAL DE FLORESTAS-IEF;Nota fiscal;33.224.254/0001-42;MGS MINAS GERAIS ADMINISTRACAO E SERVICOS S/A;202600000011812;;1;Completa;Serviço;Despesa orçamentária;2026-03-24;2026-03-24;2026-04-06;10658,86;Não
1710 - SECRETARIA DE ESTADO DE COMUNICACAO SOCIAL;Nota fiscal;24.172.716/0001-34;FLD S.A.;1564;;1;Completa;Serviço;Despesa orçamentária;2026-03-20;2026-04-06;2026-04-06;101,6;Não
1370 - SECRETARIA ESTADO DE MEIO AMB.DESENV SUSTENTAVEL;Nota fiscal;14.139.773/0001-68;EXTREME DIGITAL CONSULTORIA E REPRESENTACOES LTDA;2026306;;1;Completa;Serviço;Despesa orçamentária;2026-03-05;2026-03-25;2026-04-06;148001,7;Não
1320 - SECRETARIA DE ESTADO DA SAUDE;Nota fiscal;33.224.254/0001-42;MGS MINAS GERAIS ADMINISTRACAO E SERVICOS S/A;119832026;;1;Completa;Serviço;Despesa orçamentária;2026-03-25;2026-04-06;2026-04-06;1790,61;Não
2270 - FUNDACAO HOSPITALAR DO ESTADO DE MINAS GERAIS;Nota fiscal;00.874.929/0001-40;MED CENTER COMERCIAL LTDA;676564;;1;Completa - Recebimento definitivo;Consumo;Despesa extra orçamentária;2026-03-06;2026-03-09;2026-04-06;337,43;Não
2100 - INSTITUTO ESTADUAL DE FLORESTAS-IEF;Outros;33.224.254/0001-42;MGS MINAS GERAIS ADMINISTRACAO E SERVICOS S/A;679657;;1;Completa;Serviço;Despesa orçamentária;2026-03-24;2026-03-24;2026-04-06;1253,88;Não
2270 - FUNDACAO HOSPITALAR DO ESTADO DE MINAS GERAIS;Nota fiscal;01.571.702/0001-98;HALEX ISTAR INDUSTRIA FARMACEUTICA SA;459205;;1;Completa - Recebimento definitivo;Consumo;Despesa orçamentária;2026-03-16;2026-03-23;2026-04-06;940,0;Não
1090 - PROCURADORIA GERAL DE JUSTICA;Nota fiscal;15.839.804/0001-56;INOV LOCACOES E EVENTOS LTDA - ME;32;;1;Completa;Serviço;Despesa orçamentária;2026-04-01;2026-04-02;2026-04-06;383,42;Não
2370 - INSTITUTO MINEIRO DE AGROPECUARIA;Outros;40.432.544/0112-62;CLARO S.A.;20002255;;1;Completa;Serviço;Despesa orçamentária;2026-04-01;2026-04-01;2026-04-06;124,52;Não
1190 - SECRETARIA DE ESTADO DE FAZENDA DE MINAS GERAIS;Nota fiscal;16.636.540/0001-04;COMPANHIA DE TECNOLOGIA DA INFORMACAO DO ESTADO DE MINAS GERAIS-PRODEMGE;2925;A;1;Completa;Serviço;Despesa orçamentária;2026-03-30;2026-04-06;2026-04-06;56694,27;Não
2270 - FUNDACAO HOSPITALAR DO ESTADO DE MINAS GERAIS;Nota fiscal;06.981.180/0001-16;CEMIG DISTRIBUICAO S.A.;375785836;;1;Completa;Serviço;Despesa orçamentária;2026-04-02;2026-04-06;2026-04-06;20502,45;Não
2420 - INSTITUTO DE DESENVOLVIMENTO NORTE E NORDESTE MG;Nota fiscal;03.351.148/0001-69;ARAUJO EQUIPAMENTOS LTDA - ME;1065;;1;Completa;Serviço;Despesa orçamentária;2026-04-01;2026-04-06;2026-04-06;578,43;Não
2300 - DEPARTAMENTO DE ESTRADAS DE RODAGEM;Nota fiscal;04.208.867/0001-98;RTA ENGENHEIROS CONSULTORES LTDA;187;;1;Completa;Serviço;Despesa orçamentária;2026-04-06;2026-04-06;2026-04-06;237638,76;Não
2270 - FUNDACAO HOSPITALAR DO ESTADO DE MINAS GERAIS;Nota fiscal;23.688.733/0001-66;JP CIRURGICA LTDA;19022;;1;Completa - Recebimento definitivo;Consumo;Despesa orçamentária;2026-03-05;2026-03-17;2026-04-06;650,0;Não
1450 - SECRETARIA DE ESTADO DE JUSTICA E SEGURANCA PUBLIC;Nota fiscal;81.706.251/0001-98;PROMEFARMA MEDICAMENTOS E PRODUTOS HOSPITALARES LTDA;151079;;1;Incompleta;Consumo;Despesa extra orçamentária;2026-03-19;2026-03-31;2026-04-06;1185,55;Não
1710 - SECRETARIA DE ESTADO DE COMUNICACAO SOCIAL;Nota fiscal;24.172.716/0001-34;FLD S.A.;1576;;1;Completa;Serviço;Despesa orçamentária;2026-03-20;2026-04-06;2026-04-06;101,6;Não
1260 - SECRETARIA DE ESTADO DE EDUCACAO;Nota fiscal;00.331.801/0006-44;UNIAO BRASILEIRA DE EDUCACAO CATOLICA;9404;E;1;Completa;Serviço;Despesa orçamentária;2026-03-19;2026-03-31;2026-04-06;4275,2;Não
2100 - INSTITUTO ESTADUAL DE FLORESTAS-IEF;Nota fiscal;07.432.517/0001-07;SIMPRESS COMERCIO LOCACAO E SERVICOS LTDA;369387;;1;Completa;Serviço;Despesa orçamentária;2026-03-17;2026-04-06;2026-04-06;1062,63;Não
1250 - POLICIA MILITAR DE MINAS GERAIS;Nota fiscal;00.444.232/0007-24;INDUSTRIA DE MATERIAL BELICO DO BRASIL IMBEL;54893;5;1;Completa - Recebimento definitivo;Consumo;Despesa extra orçamentária;2026-03-17;2026-03-24;2026-04-06;6507,0;Não
2100 - INSTITUTO ESTADUAL DE FLORESTAS-IEF;Nota fiscal;33.224.254/0001-42;MGS MINAS GERAIS ADMINISTRACAO E SERVICOS S/A;202600000011782;;2;Completa;Serviço;Despesa orçamentária;2026-03-24;2026-03-24;2026-04-06;25493,63;Não
1260 - SECRETARIA DE ESTADO DE EDUCACAO;Nota fiscal;33.224.254/0001-42;MGS MINAS GERAIS ADMINISTRACAO E SERVICOS S/A;12614;26;1;Completa;Serviço;Despesa orçamentária;2026-03-30;2026-04-06;2026-04-06;147498,82;Não
1190 - SECRETARIA DE ESTADO DE FAZENDA DE MINAS GERAIS;Nota fiscal;16.636.540/0001-04;COMPANHIA DE TECNOLOGIA DA INFORMACAO DO ESTADO DE MINAS GERAIS-PRODEMGE;2926;A;1;Completa;Serviço;Despesa orçamentária;2026-03-31;2026-04-06;2026-04-06;5950,0;Não
2270 - FUNDACAO HOSPITALAR DO ESTADO DE MINAS GERAIS;Nota fiscal;12.021.151/0001-05;DIAG SOLUTION ARTIGOS MEDICOS LTDA;24281;;1;Completa - Recebimento definitivo;Consumo;Despesa orçamentária;2026-03-24;2026-03-31;2026-04-06;168,9;Não
2010 - INST.DE PREVIDENCIA DOS SERVIDORES DO EST.M.GERAIS;Nota fiscal;06.981.180/0001-16;CEMIG DISTRIBUICAO S.A.;375785462;;1;Completa;Serviço;Despesa orçamentária;2026-04-02;2026-04-06;2026-04-06;425831,25;Não
2300 - DEPARTAMENTO DE ESTRADAS DE RODAGEM;Nota fiscal;27.595.780/0001-16;CS BRASIL FROTAS S.A.;219739969;;1;Completa;Serviço;Despesa orçamentária;2026-04-02;2026-04-06;2026-04-06;19478,45;Não
1300 - SECRET. DE ESTADO DE INFRAESTRUTURA E MOBILIDADE;Nota fiscal;47.545.743/0001-00;CAPTURA POCOS ARTESIANOS, COMERCIO E SERVICOS LTDA;40;2;1;Completa;Serviço;Despesa orçamentária;2026-03-23;2026-03-23;2026-04-06;14748,13;Não
1080 - ADVOCACIA-GERAL DO ESTADO DE MINAS GERAIS;Outros;76.535.764/0001-43;OI S.A. - EM RECUPERACAO JUDICIAL;202632187;;1;Completa;Serviço;Despesa orçamentária;2026-03-09;2026-04-06;2026-04-06;274,48;Não
2100 - INSTITUTO ESTADUAL DE FLORESTAS-IEF;Nota fiscal;07.432.517/0001-07;SIMPRESS COMERCIO LOCACAO E SERVICOS LTDA;369389;;1;Completa;Serviço;Despesa orçamentária;2026-03-17;2026-04-06;2026-04-06;22,16;Não
2270 - FUNDACAO HOSPITALAR DO ESTADO DE MINAS GERAIS;Nota fiscal;35.820.448/0030-70;WHITE MARTINS GASES INDUSTRIAIS LTDA;21058;635;1;Completa - Recebimento definitivo;Consumo;Despesa orçamentária;2026-03-25;2026-03-28;2026-04-06;307,68;Não
2100 - INSTITUTO ESTADUAL DE FLORESTAS-IEF;Outros;33.224.254/0001-42;MGS MINAS GERAIS ADMINISTRACAO E SERVICOS S/A;679714;;1;Completa;Serviço;Despesa orçamentária;2026-03-24;2026-03-24;2026-04-06;2736,27;Não
1260 - SECRETARIA DE ESTADO DE EDUCACAO;Nota fiscal;79.788.766/0029-33;BRINK MOBIL EQUIPAMENTOS EDUCACIONAIS LTDA;42;0;1;Completa - Recebimento definitivo;Consumo;Despesa orçamentária;2026-02-16;2026-03-16;2026-04-06;373799,27;Não
1250 - POLICIA MILITAR DE MINAS GERAIS;Nota fiscal;41.658.519/0001-49;CENTRAL SUPRIMENTOS LTDA -ME;15117;1;1;Completa - Disponível para recebimento definitivo;Consumo;Despesa extra orçamentária;2026-04-01;2026-04-06;2026-04-06;23172,17;Não
1260 - SECRETARIA DE ESTADO DE EDUCACAO;Outros;33.224.254/0001-42;MGS MINAS GERAIS ADMINISTRACAO E SERVICOS S/A;12766;NF;1;Completa;Serviço;Despesa orçamentária;2026-03-30;2026-04-06;2026-04-06;261116,55;Não
1190 - SECRETARIA DE ESTADO DE FAZENDA DE MINAS GERAIS;Nota fiscal;01.333.945/0001-98;FONTUS DISTRIBUIDORA DE AGUAS MINERAIS LTDA;31521;1;1;Completa - Recebimento definitivo;Consumo;Despesa orçamentária;2026-04-06;2026-04-06;2026-04-06;1549,6;Não
1260 - SECRETARIA DE ESTADO DE EDUCACAO;Outros;33.224.254/0001-42;MGS MINAS GERAIS ADMINISTRACAO E SERVICOS S/A;680584;REC;1;Completa;Serviço;Despesa orçamentária;2026-03-30;2026-04-06;2026-04-06;7217,26;Não
1190 - SECRETARIA DE ESTADO DE FAZENDA DE MINAS GERAIS;Outros;01.017.250/0001-05;VOETUR TURISMO E REPRESENTACOES LTDA;1328672;;1;Completa;Serviço;Despesa orçamentária;2026-04-02;2026-04-06;2026-04-06;5628,69;Não
2270 - FUNDACAO HOSPITALAR DO ESTADO DE MINAS GERAIS;Nota fiscal;20.858.411/0001-20;AMGS COMERCIO E REPRESENTACOES LTDA;628092;;1;Completa - Recebimento definitivo;Consumo;Despesa orçamentária;2026-04-02;2026-04-06;2026-04-06;51,9;Não
2270 - FUNDACAO HOSPITALAR DO ESTADO DE MINAS GERAIS;Nota fiscal;19.570.720/0007-06;HIPOLABOR FARMACEUTICA LTDA;145706;;1;Completa - Recebimento definitivo;Consumo;Despesa orçamentária;2026-03-17;2026-03-23;2026-04-06;15760,0;Não
2100 - INSTITUTO ESTADUAL DE FLORESTAS-IEF;Nota fiscal;33.224.254/0001-42;MGS MINAS GERAIS ADMINISTRACAO E SERVICOS S/A;202600000011807;;1;Completa;Serviço;Despesa orçamentária;2026-03-24;2026-03-24;2026-04-06;43508,84;Não
2270 - FUNDACAO HOSPITALAR DO ESTADO DE MINAS GERAIS;Nota fiscal;35.820.448/0030-70;WHITE MARTINS GASES INDUSTRIAIS LTDA;21071;635;1;Completa - Recebimento definitivo;Consumo;Despesa orçamentária;2026-03-26;2026-03-28;2026-04-06;235,89;Não
1250 - POLICIA MILITAR DE MINAS GERAIS;Nota fiscal;16.636.540/0001-04;COMPANHIA DE TECNOLOGIA DA INFORMACAO DO ESTADO DE MINAS GERAIS-PRODEMGE;1648;1;1;Completa;Serviço;Despesa orçamentária;2026-02-11;2026-03-20;2026-04-06;276949,15;Não
1260 - SECRETARIA DE ESTADO DE EDUCACAO;Outros;33.224.254/0001-42;MGS MINAS GERAIS ADMINISTRACAO E SERVICOS S/A;3575;E;1;Completa;Serviço;Despesa orçamentária;2026-01-07;2026-04-06;2026-04-06;412,91;Não
2270 - FUNDACAO HOSPITALAR DO ESTADO DE MINAS GERAIS;Nota fiscal;07.779.305/0001-92;VERSATECH COMERCIO E MANUTENCAO DE EQUIPAMENTOS LTDA -ME;66;;1;Completa;Serviço;Despesa orçamentária;2026-04-02;2026-04-06;2026-04-06;27548,0;Não
2100 - INSTITUTO ESTADUAL DE FLORESTAS-IEF;Outros;33.224.254/0001-42;MGS MINAS GERAIS ADMINISTRACAO E SERVICOS S/A;679606;;1;Completa;Serviço;Despesa orçamentária;2026-03-24;2026-03-24;2026-04-06;3921,41;Não
2270 - FUNDACAO HOSPITALAR DO ESTADO DE MINAS GERAIS;Nota fiscal;20.858.411/0001-20;AMGS COMERCIO E REPRESENTACOES LTDA;625281;2;1;Completa - Recebimento definitivo;Consumo;Despesa orçamentária;2026-03-12;2026-03-12;2026-04-06;245,77;Não
2090 - FUNDACAO ESTADUAL DO MEIO AMBIENTE;Nota fiscal;34.250.070/0001-10;QUASAR DESENVOLVIMENTO DE SISTEMAS INTELIGENTES DE GESTAO LTDA.;120;;1;Completa;Serviço;Despesa orçamentária;2026-03-26;2026-04-01;2026-04-06;8000,0;Não
1250 - POLICIA MILITAR DE MINAS GERAIS;Nota fiscal;00.444.232/0007-24;INDUSTRIA DE MATERIAL BELICO DO BRASIL IMBEL;54894;5;1;Completa - Recebimento definitivo;Consumo;Despesa extra orçamentária;2026-03-17;2026-03-25;2026-04-06;2775,6;Não
2100 - INSTITUTO ESTADUAL DE FLORESTAS-IEF;Nota fiscal;33.224.254/0001-42;MGS MINAS GERAIS ADMINISTRACAO E SERVICOS S/A;202600000011218;;1;Completa;Serviço;Despesa orçamentária;2026-03-24;2026-03-24;2026-04-06;5329,43;Não
2270 - FUNDACAO HOSPITALAR DO ESTADO DE MINAS GERAIS;Nota fiscal;35.820.448/0030-70;WHITE MARTINS GASES INDUSTRIAIS LTDA;21070;635;1;Completa - Recebimento definitivo;Consumo;Despesa orçamentária;2026-03-26;2026-03-28;2026-04-06;131,31;Não
1500 - SECRETARIA DE ESTADO DE PLANEJAMENTO E GESTAO;Outros;07.432.517/0001-07;SIMPRESS COMERCIO LOCACAO E SERVICOS LTDA;376281;;1;Completa;Serviço;Despesa orçamentária;2026-04-02;2026-04-06;2026-04-06;1195,82;Não
2100 - INSTITUTO ESTADUAL DE FLORESTAS-IEF;Outros;33.224.254/0001-42;MGS MINAS GERAIS ADMINISTRACAO E SERVICOS S/A;678929;;1;Completa;Serviço;Despesa orçamentária;2026-03-24;2026-03-24;2026-04-06;510,84;Não
2270 - FUNDACAO HOSPITALAR DO ESTADO DE MINAS GERAIS;Nota fiscal;35.820.448/0030-70;WHITE MARTINS GASES INDUSTRIAIS LTDA;21057;635;1;Completa - Recebimento definitivo;Consumo;Despesa orçamentária;2026-03-25;2026-03-28;2026-04-06;131,31;Não
2310 - UNIVERSIDADE ESTADUAL DE MONTES CLAROS;Nota fiscal;49.697.454/0001-52;FA CONTAINER LTDA;202600000000012;;1;Completa;Serviço;Despesa extra orçamentária;2026-03-31;2026-04-06;2026-04-06;4800,0;Não
1190 - SECRETARIA DE ESTADO DE FAZENDA DE MINAS GERAIS;Outros;33.683.111/0002-80;SERVICO FEDERAL DE PROCESSAMENTO DE DADOS (SERPRO);919163;;1;Completa;Serviço;Despesa orçamentária;2026-03-31;2026-04-06;2026-04-06;756,5;Não
2270 - FUNDACAO HOSPITALAR DO ESTADO DE MINAS GERAIS;Nota fiscal;35.820.448/0030-70;WHITE MARTINS GASES INDUSTRIAIS LTDA;172;628;1;Completa - Recebimento definitivo;Consumo;Despesa orçamentária;2026-03-28;2026-03-28;2026-04-06;9067,8;Não
1500 - SECRETARIA DE ESTADO DE PLANEJAMENTO E GESTAO;Nota fiscal;33.224.254/0001-42;MGS MINAS GERAIS ADMINISTRACAO E SERVICOS S/A;12805;2;1;Completa;Serviço;Despesa orçamentária;2026-03-31;2026-03-31;2026-04-06;200000,0;Não
1080 - ADVOCACIA-GERAL DO ESTADO DE MINAS GERAIS;Outros;40.432.544/0112-62;CLARO S.A.;20262211;;1;Completa;Serviço;Despesa orçamentária;2026-04-01;2026-04-06;2026-04-06;911,99;Não
1500 - SECRETARIA DE ESTADO DE PLANEJAMENTO E GESTAO;Nota fiscal;09.631.641/0001-19;BIOPRAGAS CONTROLE DE VETORES E PRAGAS URBANAS LTDA -ME;520;1;1;Completa;Serviço;Despesa orçamentária;2026-04-02;2026-04-06;2026-04-06;5517,66;Não
2100 - INSTITUTO ESTADUAL DE FLORESTAS-IEF;Nota fiscal;33.224.254/0001-42;MGS MINAS GERAIS ADMINISTRACAO E SERVICOS S/A;202600000011101;;1;Completa;Serviço;Despesa orçamentária;2026-03-24;2026-03-24;2026-04-06;7366,34;Não
1260 - SECRETARIA DE ESTADO DE EDUCACAO;Nota fiscal;33.224.254/0001-42;MGS MINAS GERAIS ADMINISTRACAO E SERVICOS S/A;12750;1;1;Completa;Serviço;Despesa orçamentária;2026-03-30;2026-04-06;2026-04-06;138937,37;Não
2270 - FUNDACAO HOSPITALAR DO ESTADO DE MINAS GERAIS;Nota fiscal;35.820.448/0030-70;WHITE MARTINS GASES INDUSTRIAIS LTDA;21100;635;1;Completa - Recebimento definitivo;Consumo;Despesa orçamentária;2026-03-28;2026-03-28;2026-04-06;292,3;Não
2160 - FUNDACAO EDUCACIONAL CAIO MARTINS;Nota fiscal;73.732.539/0001-09;HUMUS QUALIDADE E DESENVOLVIMENTO ORGANIZACIONAL LTDA.;11880;;1;Completa;Serviço;Despesa orçamentária;2026-04-02;2026-04-06;2026-04-06;31720,0;Não
2100 - INSTITUTO ESTADUAL DE FLORESTAS-IEF;Outros;33.224.254/0001-42;MGS MINAS GERAIS ADMINISTRACAO E SERVICOS S/A;678728;;1;Completa;Serviço;Despesa orçamentária;2026-03-24;2026-03-24;2026-04-06;930,7;Não
2270 - FUNDACAO HOSPITALAR DO ESTADO DE MINAS GERAIS;Nota fiscal;35.820.448/0030-70;WHITE MARTINS GASES INDUSTRIAIS LTDA;21091;635;1;Completa - Recebimento definitivo;Consumo;Despesa orçamentária;2026-03-27;2026-03-28;2026-04-06;169,22;Não
1220 - SECRETARIA DE DESENVOLVIMENTO ECONOMICO;Nota fiscal;33.224.254/0001-42;MGS MINAS GERAIS ADMINISTRACAO E SERVICOS S/A;12513;;1;Completa;Serviço;Despesa orçamentária;2026-03-30;2026-04-06;2026-04-06;1080,08;Não
2090 - FUNDACAO ESTADUAL DO MEIO AMBIENTE;Outros;02.491.558/0001-42;LOCALIZA VEICULOS ESPECIAIS S.A.;739074;;3;Completa;Serviço;Despesa orçamentária;2025-04-08;2025-12-23;2026-04-06;32536,69;Não
2270 - FUNDACAO HOSPITALAR DO ESTADO DE MINAS GERAIS;Nota fiscal;21.681.325/0001-57;MULTIFARMA COMERCIO E REPRESENTACOES LTDA.;288729;;1;Completa - Recebimento definitivo;Consumo;Despesa extra orçamentária;2026-04-01;2026-04-06;2026-04-06;2992,0;Não
1710 - SECRETARIA DE ESTADO DE COMUNICACAO SOCIAL;Nota fiscal;24.172.716/0001-34;FLD S.A.;1579;;1;Completa;Serviço;Despesa orçamentária;2026-03-20;2026-04-06;2026-04-06;843,07;Não
2270 - FUNDACAO HOSPITALAR DO ESTADO DE MINAS GERAIS;Nota fiscal;35.820.448/0030-70;WHITE MARTINS GASES INDUSTRIAIS LTDA;21099;635;1;Completa - Recebimento definitivo;Consumo;Despesa orçamentária;2026-03-28;2026-03-28;2026-04-06;262,62;Não
1190 - SECRETARIA DE ESTADO DE FAZENDA DE MINAS GERAIS;Nota fiscal;08.144.338/0001-29;VIRTUAL INFRAESTRUTURA E ENERGIA LTDA;2280;;1;Completa;Serviço;Despesa orçamentária;2026-03-31;2026-04-06;2026-04-06;87700,24;Não
1450 - SECRETARIA DE ESTADO DE JUSTICA E SEGURANCA PUBLIC;Nota fiscal;16.636.540/0001-04;COMPANHIA DE TECNOLOGIA DA INFORMACAO DO ESTADO DE MINAS GERAIS-PRODEMGE;1863;;1;Completa;Serviço;Despesa orçamentária;2026-02-20;2026-02-20;2026-04-06;340800,0;Não
1220 - SECRETARIA DE DESENVOLVIMENTO ECONOMICO;Nota fiscal;33.224.254/0001-42;MGS MINAS GERAIS ADMINISTRACAO E SERVICOS S/A;12514;;1;Completa;Serviço;Despesa orçamentária;2026-03-30;2026-04-06;2026-04-06;30441,36;Não
1030 - TRIBUNAL DE JUSTICA DO ESTADO DE MINAS GERAIS;Nota fiscal;70.967.690/0001-38;DEL REI CARIMBOS LTDA - ME;23;;1;Completa - Recebimento definitivo;Consumo;Despesa orçamentária;2026-04-01;2026-04-06;2026-04-06;50,0;Não
2270 - FUNDACAO HOSPITALAR DO ESTADO DE MINAS GERAIS;Nota fiscal;35.820.448/0030-70;WHITE MARTINS GASES INDUSTRIAIS LTDA;21090;635;1;Completa - Recebimento definitivo;Consumo;Despesa orçamentária;2026-03-27;2026-03-28;2026-04-06;262,62;Não
2270 - FUNDACAO HOSPITALAR DO ESTADO DE MINAS GERAIS;Nota fiscal;05.194.502/0001-14;ALFALAGOS LTDA ;419307;;1;Completa - Recebimento definitivo;Consumo;Despesa orçamentária;2026-03-20;2026-03-20;2026-04-06;103,5;Não
1260 - SECRETARIA DE ESTADO DE EDUCACAO;Nota fiscal;33.224.254/0001-42;MGS MINAS GERAIS ADMINISTRACAO E SERVICOS S/A;202612640;;1;Completa;Serviço;Despesa orçamentária;2026-03-30;2026-04-06;2026-04-06;71773,38;Não
2270 - FUNDACAO HOSPITALAR DO ESTADO DE MINAS GERAIS;Nota fiscal;12.021.151/0001-05;DIAG SOLUTION ARTIGOS MEDICOS LTDA;24280;;1;Completa - Recebimento definitivo;Consumo;Despesa orçamentária;2026-03-24;2026-03-31;2026-04-06;281,0;Não
2100 - INSTITUTO ESTADUAL DE FLORESTAS-IEF;Outros;33.224.254/0001-42;MGS MINAS GERAIS ADMINISTRACAO E SERVICOS S/A;679713;;1;Completa;Serviço;Despesa orçamentária;2026-03-24;2026-03-24;2026-04-06;1555,74;Não
2270 - FUNDACAO HOSPITALAR DO ESTADO DE MINAS GERAIS;Nota fiscal;14.823.642/0001-03;NUCLEOMED COMERCIO E REPRESENTACAO COMERCIAL LTDA ;288020;1;1;Completa - Recebimento definitivo;Consumo;Despesa orçamentária;2026-04-06;2026-04-06;2026-04-06;3300,0;Não
1450 - SECRETARIA DE ESTADO DE JUSTICA E SEGURANCA PUBLIC;Nota fiscal;16.636.540/0001-04;COMPANHIA DE TECNOLOGIA DA INFORMACAO DO ESTADO DE MINAS GERAIS-PRODEMGE;1864;;1;Completa;Serviço;Despesa orçamentária;2026-02-20;2026-02-20;2026-04-06;17760,0;Não
2270 - FUNDACAO HOSPITALAR DO ESTADO DE MINAS GERAIS;Nota fiscal;35.820.448/0030-70;WHITE MARTINS GASES INDUSTRIAIS LTDA;390;716;1;Completa - Recebimento definitivo;Consumo;Despesa orçamentária;2026-03-29;2026-03-31;2026-04-06;262,62;Não
2270 - FUNDACAO HOSPITALAR DO ESTADO DE MINAS GERAIS;Nota fiscal;23.864.942/0001-13;UNIQUE DISTRIBUIDORA DE MEDICAMENTOS LTDA;24011;;1;Completa - Recebimento definitivo;Consumo;Despesa orçamentária;2026-03-18;2026-03-18;2026-04-06;2727,0;Não
2270 - FUNDACAO HOSPITALAR DO ESTADO DE MINAS GERAIS;Nota fiscal;35.820.448/0030-70;WHITE MARTINS GASES INDUSTRIAIS LTDA;21132;635;1;Completa - Recebimento definitivo;Consumo;Despesa orçamentária;2026-03-31;2026-03-31;2026-04-06;131,31;Não
2270 - FUNDACAO HOSPITALAR DO ESTADO DE MINAS GERAIS;Nota fiscal;35.820.448/0030-70;WHITE MARTINS GASES INDUSTRIAIS LTDA;389;716;1;Completa - Recebimento definitivo;Consumo;Despesa orçamentária;2026-03-29;2026-03-31;2026-04-06;225,63;Não
2270 - FUNDACAO HOSPITALAR DO ESTADO DE MINAS GERAIS;Nota fiscal;02.259.625/0001-06;CENTRAL DE ARTIGOS PARA LABORATORIOS LTDA;356384;;1;Completa - Recebimento definitivo;Consumo;Despesa orçamentária;2026-03-05;2026-03-17;2026-04-06;374,0;Não
2270 - FUNDACAO HOSPITALAR DO ESTADO DE MINAS GERAIS;Nota fiscal;82.641.325/0021-61;CREMER S.A.;511567;;1;Completa - Recebimento definitivo;Consumo;Despesa orçamentária;2026-02-19;2026-02-20;2026-04-06;2822,4;Não
2100 - INSTITUTO ESTADUAL DE FLORESTAS-IEF;Outros;33.224.254/0001-42;MGS MINAS GERAIS ADMINISTRACAO E SERVICOS S/A;678927;;1;Completa;Serviço;Despesa orçamentária;2026-03-24;2026-03-24;2026-04-06;2042,01;Não
2270 - FUNDACAO HOSPITALAR DO ESTADO DE MINAS GERAIS;Nota fiscal;04.522.343/0001-77;FARMACIA DE MANIPULACAO IDEAL FORMULAS LTDA;7960;;1;Completa - Recebimento definitivo;Consumo;Despesa extra orçamentária;2026-03-23;2026-03-23;2026-04-06;99,5;Não
1090 - PROCURADORIA GERAL DE JUSTICA;Outros;***.413.878-**;EDUARDO OLIVEIRA E CRUZ DE CARVALHO;27263202672;;1;Completa;Serviço;Despesa orçamentária;2026-04-06;2026-04-06;2026-04-06;959,35;Não
2120 - INST.PREV.DOS SERV.MILITARES DO ESTADO M.GERAIS;Nota fiscal;20.858.411/0001-20;AMGS COMERCIO E REPRESENTACOES LTDA;621731;2;1;Completa - Recebimento definitivo;Consumo;Despesa extra orçamentária;2026-02-18;2026-04-06;2026-04-06;7516,33;Não
2270 - FUNDACAO HOSPITALAR DO ESTADO DE MINAS GERAIS;Nota fiscal;35.820.448/0030-70;WHITE MARTINS GASES INDUSTRIAIS LTDA;21113;635;1;Completa - Recebimento definitivo;Consumo;Despesa orçamentária;2026-03-30;2026-03-31;2026-04-06;92,3;Não
2270 - FUNDACAO HOSPITALAR DO ESTADO DE MINAS GERAIS;Nota fiscal;21.515.556/0001-90;LABORATORIO TAFURI DE PATOLOGIA LIMITADA;718;;1;Completa;Serviço;Despesa orçamentária;2026-03-26;2026-03-26;2026-04-06;150334,41;Não
1710 - SECRETARIA DE ESTADO DE COMUNICACAO SOCIAL;Nota fiscal;24.172.716/0001-34;FLD S.A.;1587;;1;Completa;Serviço;Despesa orçamentária;2026-03-20;2026-04-06;2026-04-06;3203,68;Não
2270 - FUNDACAO HOSPITALAR DO ESTADO DE MINAS GERAIS;Nota fiscal;35.820.448/0030-70;WHITE MARTINS GASES INDUSTRIAIS LTDA;21133;635;1;Completa - Recebimento definitivo;Consumo;Despesa orçamentária;2026-03-31;2026-03-31;2026-04-06;266,66;Não
1540 - ESCOLA DE SAUDE PUBLICA DE MINAS GERAIS;Nota fiscal;09.094.300/0001-51;OPEN SOLUCOES TRIBUTARIAS LTDA;20265756;;1;Completa;Serviço;Despesa orçamentária;2026-03-30;2026-04-01;2026-04-06;8070,0;Não
2010 - INST.DE PREVIDENCIA DOS SERVIDORES DO EST.M.GERAIS;Nota fiscal;33.224.254/0001-42;MGS MINAS GERAIS ADMINISTRACAO E SERVICOS S/A;11737;1A;1;Completa;Serviço;Despesa orçamentária;2026-03-24;2026-03-24;2026-04-06;736667,65;Não
2270 - FUNDACAO HOSPITALAR DO ESTADO DE MINAS GERAIS;Nota fiscal;58.950.775/0001-08;COTACAO COM REPRESENTACAO IMPORTACAO E EXPORTACAO LTDA;41924;;1;Completa - Recebimento definitivo;Consumo;Despesa extra orçamentária;2026-03-30;2026-04-06;2026-04-06;210,0;Não
2270 - FUNDACAO HOSPITALAR DO ESTADO DE MINAS GERAIS;Nota fiscal;35.820.448/0030-70;WHITE MARTINS GASES INDUSTRIAIS LTDA;21144;635;1;Completa - Recebimento definitivo;Consumo;Despesa orçamentária;2026-04-01;2026-04-03;2026-04-06;107,69;Não
1250 - POLICIA MILITAR DE MINAS GERAIS;Nota fiscal;25.361.124/0001-23;AACP SERVICO AMBIENTAL LTDA;211;;1;Completa;Serviço;Despesa orçamentária;2026-04-02;2026-04-06;2026-04-06;10378,78;Não
2270 - FUNDACAO HOSPITALAR DO ESTADO DE MINAS GERAIS;Nota fiscal;35.820.448/0030-70;WHITE MARTINS GASES INDUSTRIAIS LTDA;21159;635;1;Completa - Recebimento definitivo;Consumo;Despesa orçamentária;2026-04-02;2026-04-03;2026-04-06;46,15;Não
2350 - UNIVERSIDADE DO ESTADO DE MINAS GERAIS;Nota fiscal;***.411.876-**;ANA CLAUDIA DE FARIA D AVILA REIS;1826;;1;Completa;Serviço;Despesa orçamentária;2026-03-01;2026-04-01;2026-04-06;1822,03;Não
1260 - SECRETARIA DE ESTADO DE EDUCACAO;Nota fiscal;79.788.766/0029-33;BRINK MOBIL EQUIPAMENTOS EDUCACIONAIS LTDA;84;0;1;Completa - Recebimento definitivo;Consumo;Despesa extra orçamentária;2026-02-16;2026-03-16;2026-04-06;476324,1;Não
2150 - FUNDACAO HELENA ANTIPOFF;Nota fiscal;09.583.388/0001-75;RANGAP DISTRIBUIDORA DE ALIMENTOS LTDA -ME;6500;2;1;Completa - Recebimento definitivo;Consumo;Despesa extra orçamentária;2026-04-06;2026-04-06;2026-04-06;3361,6;Não
1320 - SECRETARIA DE ESTADO DA SAUDE;Nota fiscal;33.224.254/0001-42;MGS MINAS GERAIS ADMINISTRACAO E SERVICOS S/A;12805;1;2;Completa;Serviço;Despesa orçamentária;2026-03-31;2026-03-31;2026-04-06;203482,58;Não
2320 - FUNDACAO CENTRO DE HEMATOLOGIA E HEMOTERAPIA DE MG;Nota fiscal;25.354.812/0001-66;SPECTROLAB TECNOLOGIA CIENTIFICA LTDA;98;FH;1;Completa;Serviço;Despesa orçamentária;2026-03-30;2026-04-06;2026-04-06;11224,23;Não
2270 - FUNDACAO HOSPITALAR DO ESTADO DE MINAS GERAIS;Nota fiscal;35.820.448/0030-70;WHITE MARTINS GASES INDUSTRIAIS LTDA;21173;635;1;Completa - Recebimento definitivo;Consumo;Despesa orçamentária;2026-04-03;2026-04-03;2026-04-06;184,61;Não
2420 - INSTITUTO DE DESENVOLVIMENTO NORTE E NORDESTE MG;Nota fiscal;76.535.764/0001-43;OI S.A. - EM RECUPERACAO JUDICIAL;33043;;1;Completa;Serviço;Despesa orçamentária;2026-03-26;2026-04-06;2026-04-06;1083,31;Não
2270 - FUNDACAO HOSPITALAR DO ESTADO DE MINAS GERAIS;Nota fiscal;01.245.055/0001-24;HENRY EQUIPAMENTOS ELETRONICOS E SISTEMAS LTDA;103874;;1;Completa;Serviço;Despesa orçamentária;2026-04-01;2026-04-01;2026-04-06;14253,33;Não
2320 - FUNDACAO CENTRO DE HEMATOLOGIA E HEMOTERAPIA DE MG;Nota fiscal;11.383.230/0001-01;AMAZONAS COMERCIO DE ADESIVOS E BRINDES LTDA;192;;1;Completa;Serviço;Despesa orçamentária;2026-03-09;2026-04-06;2026-04-06;116,1;Não
2420 - INSTITUTO DE DESENVOLVIMENTO NORTE E NORDESTE MG;Nota fiscal;91.967.067/0008-21;BAKOF PLASTICOS LTDA EM RECUPERACAO JUDICIAL;25000;0;1;Completa - Recebimento definitivo;Consumo;Despesa extra orçamentária;2026-03-06;2026-03-10;2026-04-06;21675,0;Não
1710 - SECRETARIA DE ESTADO DE COMUNICACAO SOCIAL;Nota fiscal;61.704.482/0004-06;AGENCIA NACIONAL DE PROPAGANDA LTDA;309;;1;Completa;Serviço;Despesa orçamentária;2026-03-19;2026-04-06;2026-04-06;5267,46;Não
2320 - FUNDACAO CENTRO DE HEMATOLOGIA E HEMOTERAPIA DE MG;Nota fiscal;25.354.812/0001-66;SPECTROLAB TECNOLOGIA CIENTIFICA LTDA;97;FH1;1;Completa;Serviço;Despesa orçamentária;2026-03-30;2026-04-06;2026-04-06;15193,05;Não
2270 - FUNDACAO HOSPITALAR DO ESTADO DE MINAS GERAIS;Nota fiscal;35.820.448/0030-70;WHITE MARTINS GASES INDUSTRIAIS LTDA;21143;635;1;Completa - Recebimento definitivo;Consumo;Despesa orçamentária;2026-04-01;2026-04-03;2026-04-06;262,62;Não
1260 - SECRETARIA DE ESTADO DE EDUCACAO;Nota fiscal;79.788.766/0029-33;BRINK MOBIL EQUIPAMENTOS EDUCACIONAIS LTDA;94;0;1;Completa - Recebimento definitivo;Consumo;Despesa extra orçamentária;2026-02-16;2026-03-16;2026-04-06;124427,52;Não
1400 - CORPO DE BOMBEIROS MILITAR DE MINAS GERAIS;Nota fiscal;07.418.547/0003-12;HBR AVIACAO S.A.;301;;1;Completa;Serviço;Despesa extra orçamentária;2026-04-06;2026-04-06;2026-04-06;5001,36;Não
2010 - INST.DE PREVIDENCIA DOS SERVIDORES DO EST.M.GERAIS;Nota fiscal;33.224.254/0001-42;MGS MINAS GERAIS ADMINISTRACAO E SERVICOS S/A;11740;1A;1;Completa;Serviço;Despesa orçamentária;2026-03-24;2026-03-24;2026-04-06;53214,5;Não
2320 - FUNDACAO CENTRO DE HEMATOLOGIA E HEMOTERAPIA DE MG;Nota fiscal;25.354.812/0001-66;SPECTROLAB TECNOLOGIA CIENTIFICA LTDA;96;FH;1;Completa;Serviço;Despesa orçamentária;2026-03-30;2026-04-06;2026-04-06;27391,99;Não
1490 - SECRETARIA DE ESTADO DE GOVERNO;Outros;02.882.153/0001-35;COPY 1000 COMERCIO E IMPORTACAO LTDA - EPP;950;;1;Completa;Serviço;Despesa orçamentária;2026-04-01;2026-04-01;2026-04-06;3800,0;Não
2420 - INSTITUTO DE DESENVOLVIMENTO NORTE E NORDESTE MG;Nota fiscal;91.967.067/0008-21;BAKOF PLASTICOS LTDA EM RECUPERACAO JUDICIAL;24998;0;1;Completa - Recebimento definitivo;Consumo;Despesa extra orçamentária;2026-03-06;2026-03-10;2026-04-06;21675,0;Não
2270 - FUNDACAO HOSPITALAR DO ESTADO DE MINAS GERAIS;Nota fiscal;35.820.448/0030-70;WHITE MARTINS GASES INDUSTRIAIS LTDA;21158;635;1;Completa - Recebimento definitivo;Consumo;Despesa orçamentária;2026-04-02;2026-04-03;2026-04-06;262,62;Não
1320 - SECRETARIA DE ESTADO DA SAUDE;Nota fiscal;23.921.349/0001-61;VISUAL SISTEMAS ELETRONICOS LTDA;2024145;;2;Completa;Serviço;Despesa orçamentária;2024-01-09;2025-12-17;2026-04-06;1482,14;Não
2270 - FUNDACAO HOSPITALAR DO ESTADO DE MINAS GERAIS;Nota fiscal;35.820.448/0030-70;WHITE MARTINS GASES INDUSTRIAIS LTDA;21172;635;1;Completa - Recebimento definitivo;Consumo;Despesa orçamentária;2026-04-03;2026-04-03;2026-04-06;525,24;Não
1450 - SECRETARIA DE ESTADO DE JUSTICA E SEGURANCA PUBLIC;Nota fiscal;16.636.540/0001-04;COMPANHIA DE TECNOLOGIA DA INFORMACAO DO ESTADO DE MINAS GERAIS-PRODEMGE;2477;;1;Completa;Serviço;Despesa orçamentária;2026-03-17;2026-03-17;2026-04-06;293237,06;Não
1510 - POLICIA CIVIL DO ESTADO DE MINAS GERAIS;Nota fiscal;***.834.346-**;BEATRIZ CARVALHO CAPELAO;32026;1;1;Completa;Serviço;Despesa orçamentária;2026-03-31;2026-03-31;2026-04-06;18033,23;Não
2270 - FUNDACAO HOSPITALAR DO ESTADO DE MINAS GERAIS;Nota fiscal;19.717.870/0001-04;KIENTRO BRASIL LTDA;4545;;1;Completa - Recebimento definitivo;Consumo;Despesa orçamentária;2026-03-17;2026-03-31;2026-04-06;1568,64;Não
2270 - FUNDACAO HOSPITALAR DO ESTADO DE MINAS GERAIS;Nota fiscal;03.945.035/0001-91;ACACIA COMERCIO DE MEDICAMENTOS LTDA;341555;1;1;Completa - Recebimento definitivo;Consumo;Despesa orçamentária;2026-04-01;2026-04-06;2026-04-06;155,03;Não
2320 - FUNDACAO CENTRO DE HEMATOLOGIA E HEMOTERAPIA DE MG;Nota fiscal;11.383.230/0001-01;AMAZONAS COMERCIO DE ADESIVOS E BRINDES LTDA;244;;1;Completa;Serviço;Despesa orçamentária;2026-03-30;2026-04-06;2026-04-06;2364,57;Não
2270 - FUNDACAO HOSPITALAR DO ESTADO DE MINAS GERAIS;Nota fiscal;00.201.182/0001-69;DISTRIBUIDORA DE AGUAS MINERAIS BH LTDA -EPP;34672;1;1;Completa - Recebimento definitivo;Consumo;Despesa orçamentária;2026-04-01;2026-04-06;2026-04-06;247,5;Não
2270 - FUNDACAO HOSPITALAR DO ESTADO DE MINAS GERAIS;Outros;76.535.764/0001-43;OI S.A. - EM RECUPERACAO JUDICIAL;33028;;1;Completa;Serviço;Despesa orçamentária;2026-03-25;2026-04-06;2026-04-06;35881,72;Não
2350 - UNIVERSIDADE DO ESTADO DE MINAS GERAIS;Nota fiscal;***.608.718-**;LUCIANO AUGUSTO DE FARIA REIS;18;26;1;Completa;Serviço;Despesa orçamentária;2026-03-01;2026-04-06;2026-04-06;1822,03;Não
1260 - SECRETARIA DE ESTADO DE EDUCACAO;Nota fiscal;24.784.482/0001-86;INOVA REFRIGERACAO LTDA;1550;;1;Completa;Serviço;Despesa orçamentária;2026-03-21;2026-04-06;2026-04-06;2800,0;Não
2270 - FUNDACAO HOSPITALAR DO ESTADO DE MINAS GERAIS;Nota fiscal;35.820.448/0030-70;WHITE MARTINS GASES INDUSTRIAIS LTDA;20;640;1;Completa - Recebimento definitivo;Consumo;Despesa orçamentária;2026-04-02;2026-04-03;2026-04-06;8703,66;Não
2420 - INSTITUTO DE DESENVOLVIMENTO NORTE E NORDESTE MG;Nota fiscal;91.967.067/0008-21;BAKOF PLASTICOS LTDA EM RECUPERACAO JUDICIAL;25012;0;1;Completa - Recebimento definitivo;Consumo;Despesa extra orçamentária;2026-03-09;2026-03-10;2026-04-06;26775,0;Não
1090 - PROCURADORIA GERAL DE JUSTICA;Nota fiscal;16.636.540/0001-04;COMPANHIA DE TECNOLOGIA DA INFORMACAO DO ESTADO DE MINAS GERAIS-PRODEMGE;3025;;1;Completa;Serviço;Despesa orçamentária;2026-04-01;2026-04-01;2026-04-06;70,0;Não
1510 - POLICIA CIVIL DO ESTADO DE MINAS GERAIS;Nota fiscal;***.023.176-**;CRISTIANA CARVALHO CAPELAO ALVES;32026;2;1;Completa;Serviço;Despesa orçamentária;2026-03-31;2026-03-31;2026-04-06;4796,84;Não
2270 - FUNDACAO HOSPITALAR DO ESTADO DE MINAS GERAIS;Nota fiscal;35.820.448/0030-70;WHITE MARTINS GASES INDUSTRIAIS LTDA;21181;635;1;Completa - Recebimento definitivo;Consumo;Despesa orçamentária;2026-04-04;2026-04-05;2026-04-06;525,24;Não
2270 - FUNDACAO HOSPITALAR DO ESTADO DE MINAS GERAIS;Nota fiscal;43.782.859/0001-02;FAST CLEAN DISTRIBUIDORA LTDA;22657;1;1;Completa - Recebimento definitivo;Consumo;Despesa orçamentária;2026-04-01;2026-04-01;2026-04-06;1866,8;Não
2270 - FUNDACAO HOSPITALAR DO ESTADO DE MINAS GERAIS;Nota fiscal;12.927.876/0001-67;SOMA/MG PRODUTOS HOSPITALARES LTDA;368629;;1;Completa - Recebimento definitivo;Consumo;Despesa orçamentária;2026-03-23;2026-03-23;2026-04-06;428,0;Não
1090 - PROCURADORIA GERAL DE JUSTICA;Nota fiscal;16.636.540/0001-04;COMPANHIA DE TECNOLOGIA DA INFORMACAO DO ESTADO DE MINAS GERAIS-PRODEMGE;3026;;1;Completa;Serviço;Despesa orçamentária;2026-04-01;2026-04-01;2026-04-06;164,0;Não
2060 - FUNDACAO JOAO PINHEIRO;Nota fiscal;23.248.665/0001-14;HOMEMURBANO EIRELI;258;;1;Completa;Serviço;Despesa orçamentária;2026-04-01;2026-04-06;2026-04-06;458,33;Não
2270 - FUNDACAO HOSPITALAR DO ESTADO DE MINAS GERAIS;Nota fiscal;35.820.448/0030-70;WHITE MARTINS GASES INDUSTRIAIS LTDA;21182;635;1;Completa - Recebimento definitivo;Consumo;Despesa orçamentária;2026-04-04;2026-04-05;2026-04-06;92,3;Não
1320 - SECRETARIA DE ESTADO DA SAUDE;Nota fiscal;01.406.617/0001-74;AGENCIA DE INTEGRACAO EMPRESA ESCOLA LTDA;33615;;1;Completa;Serviço;Despesa orçamentária;2026-04-01;2026-04-06;2026-04-06;3131,62;Não
2270 - FUNDACAO HOSPITALAR DO ESTADO DE MINAS GERAIS;Outros;76.535.764/0001-43;OI S.A. - EM RECUPERACAO JUDICIAL;33029;;1;Completa;Serviço;Despesa orçamentária;2026-03-25;2026-04-06;2026-04-06;12624,29;Não
2270 - FUNDACAO HOSPITALAR DO ESTADO DE MINAS GERAIS;Nota fiscal;43.782.859/0001-02;FAST CLEAN DISTRIBUIDORA LTDA;22658;1;1;Completa - Recebimento definitivo;Consumo;Despesa orçamentária;2026-04-01;2026-04-01;2026-04-06;1723,2;Não
2270 - FUNDACAO HOSPITALAR DO ESTADO DE MINAS GERAIS;Nota fiscal;39.928.043/0001-77;SAUDE FARMA LTDA;259;;1;Completa - Recebimento definitivo;Consumo;Despesa extra orçamentária;2026-03-25;2026-03-25;2026-04-06;120,0;Não
2100 - INSTITUTO ESTADUAL DE FLORESTAS-IEF;Nota fiscal;31.673.254/0010-95;LABORATORIOS B BRAUN SA;1065231;;1;Completa - Recebimento definitivo;Consumo;Despesa orçamentária;2026-03-27;2026-04-01;2026-04-06;1665,18;Não
1320 - SECRETARIA DE ESTADO DA SAUDE;Nota fiscal;11.319.926/0001-60;KSM MANUTENCAO DE MAQUINAS E EQUIPAMENTOS LTDA -ME;73;-;1;Completa;Serviço;Despesa orçamentária;2026-03-26;2026-04-06;2026-04-06;2411,75;Não
1080 - ADVOCACIA-GERAL DO ESTADO DE MINAS GERAIS;Nota fiscal;21.343.804/0001-63;FEGO ENGENHARIA E CONSULTORIA LTDA;2026123;;1;Completa;Serviço;Despesa orçamentária;2026-03-27;2026-04-06;2026-04-06;44286,0;Não
2420 - INSTITUTO DE DESENVOLVIMENTO NORTE E NORDESTE MG;Nota fiscal;91.967.067/0008-21;BAKOF PLASTICOS LTDA EM RECUPERACAO JUDICIAL;25015;0;1;Completa - Recebimento definitivo;Consumo;Despesa extra orçamentária;2026-03-09;2026-03-10;2026-04-06;23800,0;Não
2420 - INSTITUTO DE DESENVOLVIMENTO NORTE E NORDESTE MG;Nota fiscal;76.535.764/0001-43;OI S.A. - EM RECUPERACAO JUDICIAL;33044;;1;Completa;Serviço;Despesa orçamentária;2026-03-25;2026-04-06;2026-04-06;508,38;Não
2350 - UNIVERSIDADE DO ESTADO DE MINAS GERAIS;Nota fiscal;41.727.074/0001-01;DANIEL DA CUNHA LAU;3;26;1;Completa;Serviço;Despesa orçamentária;2026-04-01;2026-04-06;2026-04-06;24189,1;Não
1030 - TRIBUNAL DE JUSTICA DO ESTADO DE MINAS GERAIS;Nota fiscal;07.132.995/0001-93;KEPLER VIAGENS, EVENTOS E TURISMO LTDA;4052026;;1;Completa;Serviço;Despesa orçamentária;2026-04-01;2026-04-01;2026-04-06;2673,0;Não
1090 - PROCURADORIA GERAL DE JUSTICA;Nota fiscal;01.645.392/0001-09;ROCKET-TEC SISTEMAS ELETRONICOS LTDA;5675;;1;Completa - Disponível para recebimento definitivo;Permanente;Despesa extra orçamentária;2026-04-06;2026-04-06;2026-04-06;9624,0;Não
2270 - FUNDACAO HOSPITALAR DO ESTADO DE MINAS GERAIS;Outros;76.535.764/0001-43;OI S.A. - EM RECUPERACAO JUDICIAL;33030;;1;Completa;Serviço;Despesa orçamentária;2026-03-25;2026-04-06;2026-04-06;4335,06;Não
2270 - FUNDACAO HOSPITALAR DO ESTADO DE MINAS GERAIS;Nota fiscal;43.782.859/0001-02;FAST CLEAN DISTRIBUIDORA LTDA;22659;1;1;Completa - Recebimento definitivo;Consumo;Despesa orçamentária;2026-04-01;2026-04-01;2026-04-06;1938,6;Não
1320 - SECRETARIA DE ESTADO DA SAUDE;Nota fiscal;11.319.926/0001-60;KSM MANUTENCAO DE MAQUINAS E EQUIPAMENTOS LTDA -ME;75;-;1;Completa;Serviço;Despesa orçamentária;2026-03-26;2026-04-06;2026-04-06;1425,12;Não
1320 - SECRETARIA DE ESTADO DA SAUDE;Nota fiscal;11.319.926/0001-60;KSM MANUTENCAO DE MAQUINAS E EQUIPAMENTOS LTDA -ME;775;-;1;Completa;Serviço;Despesa orçamentária;2026-03-13;2026-04-06;2026-04-06;4768,0;Não
1500 - SECRETARIA DE ESTADO DE PLANEJAMENTO E GESTAO;Nota fiscal;33.224.254/0001-42;MGS MINAS GERAIS ADMINISTRACAO E SERVICOS S/A;12416;0;1;Incompleta;Serviço;Despesa orçamentária;2026-03-30;2026-03-30;2026-04-06;67630,58;Não
2420 - INSTITUTO DE DESENVOLVIMENTO NORTE E NORDESTE MG;Nota fiscal;91.967.067/0008-21;BAKOF PLASTICOS LTDA EM RECUPERACAO JUDICIAL;25013;0;1;Completa - Recebimento definitivo;Consumo;Despesa extra orçamentária;2026-03-09;2026-03-10;2026-04-06;21675,0;Não
1450 - SECRETARIA DE ESTADO DE JUSTICA E SEGURANCA PUBLIC;Nota fiscal;08.624.977/0001-91;TERRAVIVA AMBIENTAL LTDA;4457;A;1;Completa;Serviço;Despesa orçamentária;2026-03-17;2026-03-17;2026-04-06;437,7;Não
2270 - FUNDACAO HOSPITALAR DO ESTADO DE MINAS GERAIS;Outros;76.535.764/0001-43;OI S.A. - EM RECUPERACAO JUDICIAL;33031;;1;Completa;Serviço;Despesa orçamentária;2026-03-25;2026-04-06;2026-04-06;6503,98;Não
2270 - FUNDACAO HOSPITALAR DO ESTADO DE MINAS GERAIS;Nota fiscal;43.782.859/0001-02;FAST CLEAN DISTRIBUIDORA LTDA;22660;1;1;Completa - Recebimento definitivo;Consumo;Despesa orçamentária;2026-04-01;2026-04-01;2026-04-06;1680,12;Não
2300 - DEPARTAMENTO DE ESTRADAS DE RODAGEM;Nota fiscal;00.604.322/0001-40;ENGESPRO ENGENHARIA LTDA;202657;;1;Completa;Serviço;Despesa orçamentária;2026-03-31;2026-04-02;2026-04-06;73307,11;Não
2420 - INSTITUTO DE DESENVOLVIMENTO NORTE E NORDESTE MG;Nota fiscal;91.967.067/0008-21;BAKOF PLASTICOS LTDA EM RECUPERACAO JUDICIAL;25014;0;1;Completa - Recebimento definitivo;Consumo;Despesa extra orçamentária;2026-03-09;2026-03-10;2026-04-06;21675,0;Não
2270 - FUNDACAO HOSPITALAR DO ESTADO DE MINAS GERAIS;Nota fiscal;39.928.043/0001-77;SAUDE FARMA LTDA;254;;2;Completa - Recebimento definitivo;Consumo;Despesa extra orçamentária;2026-03-20;2026-03-20;2026-04-06;75,0;Não
2270 - FUNDACAO HOSPITALAR DO ESTADO DE MINAS GERAIS;Nota fiscal;82.641.325/0021-61;CREMER S.A.;511728;;1;Completa - Recebimento definitivo;Consumo;Despesa orçamentária;2026-02-25;2026-03-04;2026-04-06;797,04;Não
1320 - SECRETARIA DE ESTADO DA SAUDE;Nota fiscal;11.319.926/0001-60;KSM MANUTENCAO DE MAQUINAS E EQUIPAMENTOS LTDA -ME;776;-;1;Completa;Serviço;Despesa orçamentária;2026-03-17;2026-04-06;2026-04-06;9265,0;Não
1400 - CORPO DE BOMBEIROS MILITAR DE MINAS GERAIS;Nota fiscal;34.274.233/0025-71;VIBRA ENERGIA S.A;4857310;0;1;Incompleta;Consumo;Despesa orçamentária;2026-04-06;2026-04-06;2026-04-06;17703,43;Não
1220 - SECRETARIA DE DESENVOLVIMENTO ECONOMICO;Nota fiscal;33.224.254/0001-42;MGS MINAS GERAIS ADMINISTRACAO E SERVICOS S/A;202612509;;1;Completa;Serviço;Despesa orçamentária;2026-03-30;2026-04-06;2026-04-06;772406,6;Não
2270 - FUNDACAO HOSPITALAR DO ESTADO DE MINAS GERAIS;Nota fiscal;20.858.411/0001-20;AMGS COMERCIO E REPRESENTACOES LTDA;625443;2;1;Completa - Recebimento definitivo;Consumo;Despesa orçamentária;2026-03-13;2026-03-13;2026-04-06;2307,36;Não
1260 - SECRETARIA DE ESTADO DE EDUCACAO;Outros;33.224.254/0001-42;MGS MINAS GERAIS ADMINISTRACAO E SERVICOS S/A;680608;;1;Completa;Serviço;Despesa orçamentária;2026-03-30;2026-04-06;2026-04-06;3828,45;Não
2420 - INSTITUTO DE DESENVOLVIMENTO NORTE E NORDESTE MG;Nota fiscal;91.967.067/0008-21;BAKOF PLASTICOS LTDA EM RECUPERACAO JUDICIAL;25038;0;1;Completa - Recebimento definitivo;Consumo;Despesa extra orçamentária;2026-03-10;2026-03-18;2026-04-06;28050,0;Não
1500 - SECRETARIA DE ESTADO DE PLANEJAMENTO E GESTAO;Nota fiscal;33.224.254/0001-42;MGS MINAS GERAIS ADMINISTRACAO E SERVICOS S/A;12412;1;1;Completa;Serviço;Despesa orçamentária;2026-03-30;2026-03-30;2026-04-06;8026,96;Não
2420 - INSTITUTO DE DESENVOLVIMENTO NORTE E NORDESTE MG;Nota fiscal;76.535.764/0001-43;OI S.A. - EM RECUPERACAO JUDICIAL;33045;;1;Completa;Serviço;Despesa orçamentária;2026-03-25;2026-04-06;2026-04-06;1402,15;Não
2270 - FUNDACAO HOSPITALAR DO ESTADO DE MINAS GERAIS;Nota fiscal;39.928.043/0001-77;SAUDE FARMA LTDA;257;;1;Completa - Recebimento definitivo;Consumo;Despesa extra orçamentária;2026-03-20;2026-03-20;2026-04-06;75,0;Não
2100 - INSTITUTO ESTADUAL DE FLORESTAS-IEF;Outros;33.224.254/0001-42;MGS MINAS GERAIS ADMINISTRACAO E SERVICOS S/A;202600000011800;;1;Completa;Serviço;Despesa orçamentária;2026-03-24;2026-03-30;2026-04-06;81671,8;Não
2010 - INST.DE PREVIDENCIA DOS SERVIDORES DO EST.M.GERAIS;Nota fiscal;00.539.054/0001-20;MAURICIO JOSE GOMIDE & CIA LTDA;42026;1;1;Completa;Serviço;Despesa orçamentária;2026-04-06;2026-04-06;2026-04-06;1683,68;Não
2010 - INST.DE PREVIDENCIA DOS SERVIDORES DO EST.M.GERAIS;Nota fiscal;29.650.220/0001-42;PRO CIRURGICA MATERIAIS HOSPITALARES LTDA;1558;1;1;Completa - Recebimento definitivo;Consumo;Despesa orçamentária;2026-04-01;2026-04-06;2026-04-06;272,0;Não
2090 - FUNDACAO ESTADUAL DO MEIO AMBIENTE;Outros;33.224.254/0001-42;MGS MINAS GERAIS ADMINISTRACAO E SERVICOS S/A;680780;;1;Completa;Serviço;Despesa orçamentária;2026-03-30;2026-03-31;2026-04-06;3727,28;Não
1260 - SECRETARIA DE ESTADO DE EDUCACAO;Nota fiscal;33.224.254/0001-42;MGS MINAS GERAIS ADMINISTRACAO E SERVICOS S/A;12756;;1;Completa;Serviço;Despesa orçamentária;2026-03-30;2026-04-06;2026-04-06;80248,84;Não
2150 - FUNDACAO HELENA ANTIPOFF;Nota fiscal;09.583.388/0001-75;RANGAP DISTRIBUIDORA DE ALIMENTOS LTDA -ME;6501;2;1;Completa - Recebimento definitivo;Consumo;Despesa extra orçamentária;2026-04-06;2026-04-06;2026-04-06;438,0;Não
2300 - DEPARTAMENTO DE ESTRADAS DE RODAGEM;Nota fiscal;00.604.322/0001-40;ENGESPRO ENGENHARIA LTDA;202658;;1;Completa;Serviço;Despesa orçamentária;2026-03-31;2026-04-02;2026-04-06;42490,39;Não
1260 - SECRETARIA DE ESTADO DE EDUCACAO;Outros;73.471.963/0114-24;SENAT SERVICO NACIONAL DE APRENDIZAGEM DO TRANSPORTE;136901717;;1;Completa;Serviço;Despesa orçamentária;2026-04-06;2026-04-06;2026-04-06;8160,0;Não
1510 - POLICIA CIVIL DO ESTADO DE MINAS GERAIS;Nota fiscal;***.329.666-**;FLAVIA CARVALHO CAPELAO VILACA;32026;4;1;Completa;Serviço;Despesa orçamentária;2026-03-31;2026-03-31;2026-04-06;4796,84;Não
2270 - FUNDACAO HOSPITALAR DO ESTADO DE MINAS GERAIS;Nota fiscal;44.639.493/0001-80;EUGIA PHARMA INDUSTRIA FARMACEUTICA LIMITADA;19940;;1;Completa - Recebimento definitivo;Consumo;Despesa orçamentária;2026-03-20;2026-03-20;2026-04-06;895,0;Não
2180 - FUNDACAO CLOVIS SALGADO;Outros;16.673.998/0001-25;SUPERINTENDENCIA DE LIMPEZA URBANA;326086406100;;1;Completa;Serviço;Despesa orçamentária;2026-04-06;2026-04-06;2026-04-06;1800,3;Não
1320 - SECRETARIA DE ESTADO DA SAUDE;Outros;22.873.238/0001-64;TRACTORBEL EQUIPAMENTOS LTDA;6082;;1;Completa;Serviço;Despesa orçamentária;2026-03-02;2026-04-06;2026-04-06;50514,69;Não
2420 - INSTITUTO DE DESENVOLVIMENTO NORTE E NORDESTE MG;Nota fiscal;91.967.067/0008-21;BAKOF PLASTICOS LTDA EM RECUPERACAO JUDICIAL;25021;0;1;Completa - Recebimento definitivo;Consumo;Despesa extra orçamentária;2026-03-10;2026-03-13;2026-04-06;28050,0;Não
2100 - INSTITUTO ESTADUAL DE FLORESTAS-IEF;Outros;33.224.254/0001-42;MGS MINAS GERAIS ADMINISTRACAO E SERVICOS S/A;679650;;1;Completa;Serviço;Despesa orçamentária;2026-03-24;2026-03-24;2026-04-06;2088,48;Não
1090 - PROCURADORIA GERAL DE JUSTICA;Nota fiscal;16.636.540/0001-04;COMPANHIA DE TECNOLOGIA DA INFORMACAO DO ESTADO DE MINAS GERAIS-PRODEMGE;3027;0;1;Completa;Serviço;Despesa orçamentária;2026-04-01;2026-04-01;2026-04-06;4214,0;Não
2350 - UNIVERSIDADE DO ESTADO DE MINAS GERAIS;Nota fiscal;07.319.216/0001-63;METALSOFT SISTEMAS DE GESTAO LTDA;398;;1;Completa;Serviço;Despesa orçamentária;2026-04-01;2026-04-06;2026-04-06;157020,0;Não
2270 - FUNDACAO HOSPITALAR DO ESTADO DE MINAS GERAIS;Nota fiscal;60.665.981/0009-75;UNIAO QUIMICA FARMACEUTICA NACIONAL S A;1063173;;1;Completa - Recebimento definitivo;Consumo;Despesa orçamentária;2026-03-20;2026-03-20;2026-04-06;212,25;Não
1090 - PROCURADORIA GERAL DE JUSTICA;Nota fiscal;16.636.540/0001-04;COMPANHIA DE TECNOLOGIA DA INFORMACAO DO ESTADO DE MINAS GERAIS-PRODEMGE;3028;0;1;Completa;Serviço;Despesa orçamentária;2026-04-01;2026-04-01;2026-04-06;7792,0;Não
2300 - DEPARTAMENTO DE ESTRADAS DE RODAGEM;Nota fiscal;00.604.322/0001-40;ENGESPRO ENGENHARIA LTDA;202659;;1;Completa;Serviço;Despesa orçamentária;2026-03-31;2026-04-02;2026-04-06;127627,98;Não
2420 - INSTITUTO DE DESENVOLVIMENTO NORTE E NORDESTE MG;Nota fiscal;91.967.067/0008-21;BAKOF PLASTICOS LTDA EM RECUPERACAO JUDICIAL;25039;0;1;Completa - Recebimento definitivo;Consumo;Despesa extra orçamentária;2026-03-10;2026-03-13;2026-04-06;21675,0;Não
1090 - PROCURADORIA GERAL DE JUSTICA;Nota fiscal;76.535.764/0001-43;OI S.A. - EM RECUPERACAO JUDICIAL;33087;;1;Completa;Serviço;Despesa orçamentária;2026-03-26;2026-04-06;2026-04-06;1786,13;Não
2100 - INSTITUTO ESTADUAL DE FLORESTAS-IEF;Nota fiscal;33.224.254/0001-42;MGS MINAS GERAIS ADMINISTRACAO E SERVICOS S/A;202600000011804;;2;Completa;Serviço;Despesa orçamentária;2026-03-24;2026-03-24;2026-04-06;17867,02;Não
2270 - FUNDACAO HOSPITALAR DO ESTADO DE MINAS GERAIS;Nota fiscal;21.681.325/0001-57;MULTIFARMA COMERCIO E REPRESENTACOES LTDA.;288180;;1;Completa - Recebimento definitivo;Consumo;Despesa orçamentária;2026-03-24;2026-03-24;2026-04-06;241,5;Não
2310 - UNIVERSIDADE ESTADUAL DE MONTES CLAROS;Nota fiscal;29.310.025/0001-73;LOCAMAR LOCACOES LTDA;202600000000011;;1;Completa;Serviço;Despesa extra orçamentária;2026-04-01;2026-04-06;2026-04-06;8250,0;Não
2330 - INSTITUTO DE METROLOGIA E QUALIDADE DE MG;Nota fiscal;17.183.666/0001-25;CITEROL - COMERCIO E INDUSTRIA DE TECIDOS E ROUPAS S/A;115634;1;1;Completa - Recebimento definitivo;Consumo;Despesa extra orçamentária;2026-04-06;2026-04-06;2026-04-06;91569,31;Não
1250 - POLICIA MILITAR DE MINAS GERAIS;Nota fiscal;06.981.180/0001-16;CEMIG DISTRIBUICAO S.A.;375785097;0;1;Completa;Serviço;Despesa orçamentária;2026-04-02;2026-04-06;2026-04-06;1250,8;Não
2300 - DEPARTAMENTO DE ESTRADAS DE RODAGEM;Nota fiscal;76.535.764/0001-43;OI S.A. - EM RECUPERACAO JUDICIAL;33018;;1;Completa;Serviço;Despesa orçamentária;2026-03-25;2026-04-06;2026-04-06;7191,2;Não
2420 - INSTITUTO DE DESENVOLVIMENTO NORTE E NORDESTE MG;Nota fiscal;91.967.067/0008-21;BAKOF PLASTICOS LTDA EM RECUPERACAO JUDICIAL;25042;0;1;Completa - Recebimento definitivo;Consumo;Despesa extra orçamentária;2026-03-11;2026-03-13;2026-04-06;21675,0;Não
2300 - DEPARTAMENTO DE ESTRADAS DE RODAGEM;Nota fiscal;00.604.322/0001-40;ENGESPRO ENGENHARIA LTDA;202660;;1;Completa;Serviço;Despesa orçamentária;2026-03-31;2026-04-02;2026-04-06;134786,7;Não
2270 - FUNDACAO HOSPITALAR DO ESTADO DE MINAS GERAIS;Nota fiscal;43.782.859/0001-02;FAST CLEAN DISTRIBUIDORA LTDA;22661;1;1;Completa - Recebimento definitivo;Consumo;Despesa orçamentária;2026-04-01;2026-04-01;2026-04-06;2513,0;Não
2270 - FUNDACAO HOSPITALAR DO ESTADO DE MINAS GERAIS;Nota fiscal;55.643.555/0001-43;RIOQUIMICA S.A.;129816;;1;Completa - Recebimento definitivo;Consumo;Despesa orçamentária;2026-03-20;2026-03-20;2026-04-06;1187,5;Não
2100 - INSTITUTO ESTADUAL DE FLORESTAS-IEF;Nota fiscal;33.224.254/0001-42;MGS MINAS GERAIS ADMINISTRACAO E SERVICOS S/A;202600000011217;;2;Completa;Serviço;Despesa orçamentária;2026-03-24;2026-03-24;2026-04-06;23682,27;Não
1260 - SECRETARIA DE ESTADO DE EDUCACAO;Nota fiscal;01.282.149/0001-73;EDUCACIONAL MARTINS ANDRADE LTDA;10307;;1;Completa;Serviço;Despesa orçamentária;2026-03-16;2026-03-16;2026-04-06;11363,75;Não
1260 - SECRETARIA DE ESTADO DE EDUCACAO;Nota fiscal;07.301.055/0001-80;AZIZ SISTEMAS DE SEGURANCA LTDA;940;;1;Completa;Serviço;Despesa orçamentária;2026-04-06;2026-04-06;2026-04-06;877,54;Não
2420 - INSTITUTO DE DESENVOLVIMENTO NORTE E NORDESTE MG;Nota fiscal;91.967.067/0008-21;BAKOF PLASTICOS LTDA EM RECUPERACAO JUDICIAL;25054;0;1;Completa - Recebimento definitivo;Consumo;Despesa extra orçamentária;2026-03-11;2026-03-13;2026-04-06;28050,0;Não
1260 - SECRETARIA DE ESTADO DE EDUCACAO;Outros;33.224.254/0001-42;MGS MINAS GERAIS ADMINISTRACAO E SERVICOS S/A;680648;;1;Completa;Serviço;Despesa orçamentária;2026-03-30;2026-04-06;2026-04-06;5100,84;Não
1010 - ASSEMBLEIA LEGISLATIVA DO ESTADO DE MINAS GERAIS;Outros;17.340.266/0001-86;ASSOCIACAO DOS SERVIDORES DO LEGISLATIVO DO ESTADO MINAS GERAIS - ASLEMG;2032026;;1;Completa;Serviço;Despesa orçamentária;2026-04-01;2026-04-01;2026-04-06;53518,72;Não
2280 - FUNDACAO DE EDUCACAO PARA TRABALHO DE MINAS GERAIS;Nota fiscal;06.981.180/0001-16;CEMIG DISTRIBUICAO S.A.;375780669;;1;Completa;Serviço;Despesa orçamentária;2026-04-02;2026-04-02;2026-04-06;8466,01;Não
2260 - FUNDACAO EZEQUIEL DIAS;Nota fiscal;25.932.088/0001-00;ANALITICA LTDA;62260;1;1;Completa - Recebimento definitivo;Consumo;Despesa orçamentária;2026-03-30;2026-04-06;2026-04-06;125,0;Não
1260 - SECRETARIA DE ESTADO DE EDUCACAO;Nota fiscal;70.967.690/0001-38;DEL REI CARIMBOS LTDA - ME;19;7;1;Completa;Serviço;Despesa orçamentária;2026-03-29;2026-04-03;2026-04-06;2440,0;Não
2100 - INSTITUTO ESTADUAL DE FLORESTAS-IEF;Nota fiscal;33.224.254/0001-42;MGS MINAS GERAIS ADMINISTRACAO E SERVICOS S/A;202600000011837;;2;Completa;Serviço;Despesa orçamentária;2026-03-24;2026-03-24;2026-04-06;26792,87;Não
1260 - SECRETARIA DE ESTADO DE EDUCACAO;Nota fiscal;33.224.254/0001-42;MGS MINAS GERAIS ADMINISTRACAO E SERVICOS S/A;127652026;;1;Completa;Serviço;Despesa orçamentária;2026-03-30;2026-04-06;2026-04-06;96393,7;Não
1100 - OUVIDORIA GERAL DO ESTADO;Nota fiscal;01.406.617/0001-74;AGENCIA DE INTEGRACAO EMPRESA ESCOLA LTDA;33614;;2;Completa;Serviço;Despesa orçamentária;2026-04-01;2026-04-06;2026-04-06;16199,98;Não
1260 - SECRETARIA DE ESTADO DE EDUCACAO;Nota fiscal;33.224.254/0001-42;MGS MINAS GERAIS ADMINISTRACAO E SERVICOS S/A;12719;1;1;Completa;Serviço;Despesa orçamentária;2026-03-30;2026-04-06;2026-04-06;58370,57;Não
2420 - INSTITUTO DE DESENVOLVIMENTO NORTE E NORDESTE MG;Nota fiscal;91.967.067/0008-21;BAKOF PLASTICOS LTDA EM RECUPERACAO JUDICIAL;25070;0;1;Completa - Recebimento definitivo;Consumo;Despesa extra orçamentária;2026-03-12;2026-03-13;2026-04-06;21675,0;Não
1260 - SECRETARIA DE ESTADO DE EDUCACAO;Outros;***.125.056-**;ISAQUE DA SILVA LOPES;24320263;NFS;1;Completa;Serviço;Despesa orçamentária;2026-04-06;2026-04-06;2026-04-06;22092,0;Não
2270 - FUNDACAO HOSPITALAR DO ESTADO DE MINAS GERAIS;Nota fiscal;26.401.571/0001-21;TRES PHARMA DISTRIBUIDORA E SERVICOS LTDA ;106633;;1;Completa - Recebimento definitivo;Consumo;Despesa orçamentária;2026-03-25;2026-03-25;2026-04-06;76,8;Não
1010 - ASSEMBLEIA LEGISLATIVA DO ESTADO DE MINAS GERAIS;Nota fiscal;03.859.239/0001-00;KONVERGENTE TELECOMUNICACOES EIRELI;11202026;;1;Completa;Serviço;Despesa orçamentária;2026-04-01;2026-04-06;2026-04-06;36450,0;Não
2100 - INSTITUTO ESTADUAL DE FLORESTAS-IEF;Nota fiscal;33.224.254/0001-42;MGS MINAS GERAIS ADMINISTRACAO E SERVICOS S/A;202600000011145;;1;Completa;Serviço;Despesa orçamentária;2026-03-24;2026-03-24;2026-04-06;131583,74;Não
1720 - SECRETARIA DE ESTADO DE CASA CIVIL;Nota fiscal;16.636.540/0001-04;COMPANHIA DE TECNOLOGIA DA INFORMACAO DO ESTADO DE MINAS GERAIS-PRODEMGE;2970;;1;Completa;Serviço;Despesa orçamentária;2026-03-30;2026-03-30;2026-04-06;956,0;Não
1440 - DEFENSORIA PUBLICA DO ESTADO DE MINAS GERAIS;Nota fiscal;00.201.182/0001-69;DISTRIBUIDORA DE AGUAS MINERAIS BH LTDA -EPP;34723;1;1;Completa - Recebimento definitivo;Consumo;Despesa orçamentária;2026-04-06;2026-04-06;2026-04-06;4208,0;Não
2270 - FUNDACAO HOSPITALAR DO ESTADO DE MINAS GERAIS;Nota fiscal;02.472.743/0001-90;DIMALAB ELETRONICS DO BRASIL LTDA - EPP;8026;;1;Completa - Recebimento definitivo;Consumo;Despesa extra orçamentária;2026-03-09;2026-03-19;2026-04-06;360,0;Não
1030 - TRIBUNAL DE JUSTICA DO ESTADO DE MINAS GERAIS;Outros;25.403.965/0001-56;DATACOP SERVICOS DE DIGITALIZACAO E GESTAO DA INFORMACAO - LTDA;202600778;;1;Completa;Serviço;Despesa orçamentária;2026-04-01;2026-04-06;2026-04-06;10200,0;Não
1320 - SECRETARIA DE ESTADO DA SAUDE;Nota fiscal;18.459.628/0097-67;BAYER S.A.;309976;1;1;Completa - Recebimento definitivo;Consumo;Despesa orçamentária;2026-03-19;2026-04-06;2026-04-06;108030,0;Não
2270 - FUNDACAO HOSPITALAR DO ESTADO DE MINAS GERAIS;Nota fiscal;07.967.038/0001-87;BIOCONTROL LTDA - EPP;899;;1;Completa;Serviço;Despesa orçamentária;2026-03-16;2026-04-06;2026-04-06;2638,0;Não
2420 - INSTITUTO DE DESENVOLVIMENTO NORTE E NORDESTE MG;Nota fiscal;91.967.067/0008-21;BAKOF PLASTICOS LTDA EM RECUPERACAO JUDICIAL;25085;0;1;Completa - Recebimento definitivo;Consumo;Despesa extra orçamentária;2026-03-13;2026-03-18;2026-04-06;21675,0;Não
2150 - FUNDACAO HELENA ANTIPOFF;Outros;17.281.106/0001-03;COMPANHIA DE SANEAMENTO DE MINAS GERAIS COPASA MG;126218608501;;1;Completa;Serviço;Despesa orçamentária;2026-04-01;2026-04-06;2026-04-06;962,31;Não
2300 - DEPARTAMENTO DE ESTRADAS DE RODAGEM;Nota fiscal;76.535.764/0001-43;OI S.A. - EM RECUPERACAO JUDICIAL;33019;;1;Completa;Serviço;Despesa orçamentária;2026-03-25;2026-04-06;2026-04-06;7931,69;Não
1510 - POLICIA CIVIL DO ESTADO DE MINAS GERAIS;Nota fiscal;***.185.506-**;ISABELA CARVALHO CAPELAO;32026;;1;Completa;Serviço;Despesa orçamentária;2026-03-31;2026-03-31;2026-04-06;8439,55;Não
1010 - ASSEMBLEIA LEGISLATIVA DO ESTADO DE MINAS GERAIS;Nota fiscal;59.456.277/0006-80;ORACLE DO BRASIL SISTEMAS LTDA;23602026;;1;Completa;Serviço;Despesa orçamentária;2026-03-31;2026-04-06;2026-04-06;4462,38;Não
1720 - SECRETARIA DE ESTADO DE CASA CIVIL;Nota fiscal;16.636.540/0001-04;COMPANHIA DE TECNOLOGIA DA INFORMACAO DO ESTADO DE MINAS GERAIS-PRODEMGE;2971;;1;Completa;Serviço;Despesa orçamentária;2026-03-30;2026-03-30;2026-04-06;2486,93;Não
1450 - SECRETARIA DE ESTADO DE JUSTICA E SEGURANCA PUBLIC;Nota fiscal;16.636.540/0001-04;COMPANHIA DE TECNOLOGIA DA INFORMACAO DO ESTADO DE MINAS GERAIS-PRODEMGE;2490;A;1;Completa;Serviço;Despesa orçamentária;2026-03-17;2026-03-17;2026-04-06;436045,14;Não
2420 - INSTITUTO DE DESENVOLVIMENTO NORTE E NORDESTE MG;Nota fiscal;91.967.067/0008-21;BAKOF PLASTICOS LTDA EM RECUPERACAO JUDICIAL;25071;0;1;Completa - Recebimento definitivo;Consumo;Despesa extra orçamentária;2026-03-12;2026-03-18;2026-04-06;21675,0;Não
1260 - SECRETARIA DE ESTADO DE EDUCACAO;Nota fiscal;33.224.254/0001-42;MGS MINAS GERAIS ADMINISTRACAO E SERVICOS S/A;202600012550;;1;Completa;Serviço;Despesa orçamentária;2026-03-30;2026-04-06;2026-04-06;133348,27;Não
1010 - ASSEMBLEIA LEGISLATIVA DO ESTADO DE MINAS GERAIS;Outros;05.684.180/0001-91;COMPANHIA ITABIRANA DE TELECOMUNICACOES LTDA;12359442026;;1;Completa;Serviço;Despesa orçamentária;2026-04-01;2026-04-06;2026-04-06;2738,81;Não
1010 - ASSEMBLEIA LEGISLATIVA DO ESTADO DE MINAS GERAIS;Nota fiscal;59.456.277/0006-80;ORACLE DO BRASIL SISTEMAS LTDA;23612026;;1;Completa;Serviço;Despesa orçamentária;2026-03-31;2026-04-06;2026-04-06;2099,93;Não
2100 - INSTITUTO ESTADUAL DE FLORESTAS-IEF;Nota fiscal;18.269.125/0001-87;BIOHOSP PRODUTOS HOSPITALARES SA;775601;;1;Completa - Recebimento definitivo;Consumo;Despesa orçamentária;2026-03-25;2026-04-01;2026-04-06;774,9;Não
2300 - DEPARTAMENTO DE ESTRADAS DE RODAGEM;Nota fiscal;17.281.106/0001-03;COMPANHIA DE SANEAMENTO DE MINAS GERAIS COPASA MG;222369205;;1;Completa;Serviço;Despesa orçamentária;2026-04-06;2026-04-06;2026-04-06;503,74;Não
1500 - SECRETARIA DE ESTADO DE PLANEJAMENTO E GESTAO;Nota fiscal;33.224.254/0001-42;MGS MINAS GERAIS ADMINISTRACAO E SERVICOS S/A;12413;1;1;Incompleta;Serviço;Despesa orçamentária;2026-03-30;2026-03-30;2026-04-06;207546,59;Não
2420 - INSTITUTO DE DESENVOLVIMENTO NORTE E NORDESTE MG;Nota fiscal;91.967.067/0008-21;BAKOF PLASTICOS LTDA EM RECUPERACAO JUDICIAL;25089;0;1;Completa - Recebimento definitivo;Consumo;Despesa extra orçamentária;2026-03-16;2026-03-18;2026-04-06;21675,0;Não
1010 - ASSEMBLEIA LEGISLATIVA DO ESTADO DE MINAS GERAIS;Nota fiscal;59.456.277/0006-80;ORACLE DO BRASIL SISTEMAS LTDA;23722026;;1;Completa;Serviço;Despesa orçamentária;2026-03-31;2026-04-06;2026-04-06;238,79;Não
2180 - FUNDACAO CLOVIS SALGADO;Nota fiscal;22.740.999/0001-48;TRANSMITE LIBRAS COMUNICACAO INCLUSIVA LTDA;54;;1;Completa;Serviço;Despesa orçamentária;2026-04-02;2026-04-02;2026-04-06;4833,14;Não
1260 - SECRETARIA DE ESTADO DE EDUCACAO;Nota fiscal;33.224.254/0001-42;MGS MINAS GERAIS ADMINISTRACAO E SERVICOS S/A;202600012549;;1;Completa;Serviço;Despesa orçamentária;2026-03-30;2026-04-06;2026-04-06;463,81;Não
1260 - SECRETARIA DE ESTADO DE EDUCACAO;Outros;***.625.046-**;NEYSE LACERDA MACHADO;24220263;NFS;1;Completa;Serviço;Despesa orçamentária;2026-04-06;2026-04-06;2026-04-06;5700,0;Não
1010 - ASSEMBLEIA LEGISLATIVA DO ESTADO DE MINAS GERAIS;Nota fiscal;59.456.277/0006-80;ORACLE DO BRASIL SISTEMAS LTDA;23732026;;1;Completa;Serviço;Despesa orçamentária;2026-03-31;2026-04-06;2026-04-06;112,37;Não
1260 - SECRETARIA DE ESTADO DE EDUCACAO;Outros;33.224.254/0001-42;MGS MINAS GERAIS ADMINISTRACAO E SERVICOS S/A;680645;;1;Completa;Serviço;Despesa orçamentária;2026-03-30;2026-04-06;2026-04-06;6188,28;Não
2100 - INSTITUTO ESTADUAL DE FLORESTAS-IEF;Nota fiscal;18.269.125/0001-87;BIOHOSP PRODUTOS HOSPITALARES SA;776324;;1;Completa - Recebimento definitivo;Consumo;Despesa orçamentária;2026-03-30;2026-04-01;2026-04-06;2115,89;Não
2270 - FUNDACAO HOSPITALAR DO ESTADO DE MINAS GERAIS;Nota fiscal;43.782.859/0001-02;FAST CLEAN DISTRIBUIDORA LTDA;22662;1;1;Completa - Recebimento definitivo;Consumo;Despesa orçamentária;2026-04-01;2026-04-01;2026-04-06;2225,8;Não
1260 - SECRETARIA DE ESTADO DE EDUCACAO;Outros;33.224.254/0001-42;MGS MINAS GERAIS ADMINISTRACAO E SERVICOS S/A;680619;;1;Completa;Serviço;Despesa orçamentária;2026-03-30;2026-04-06;2026-04-06;8206,9;Não
2300 - DEPARTAMENTO DE ESTRADAS DE RODAGEM;Nota fiscal;76.535.764/0001-43;OI S.A. - EM RECUPERACAO JUDICIAL;33020;;1;Completa;Serviço;Despesa orçamentária;2026-03-25;2026-04-06;2026-04-06;2871,33;Não
1010 - ASSEMBLEIA LEGISLATIVA DO ESTADO DE MINAS GERAIS;Nota fiscal;23.921.349/0001-61;VISUAL SISTEMAS ELETRONICOS LTDA;9162026;;1;Completa;Serviço;Despesa orçamentária;2026-04-01;2026-04-06;2026-04-06;10991,49;Não
2100 - INSTITUTO ESTADUAL DE FLORESTAS-IEF;Outros;33.224.254/0001-42;MGS MINAS GERAIS ADMINISTRACAO E SERVICOS S/A;678814;;1;Completa;Serviço;Despesa orçamentária;2026-03-24;2026-03-24;2026-04-06;10863,33;Não
2180 - FUNDACAO CLOVIS SALGADO;Outros;34.028.316/0015-09;EMPRESA BRASILEIRA DE CORREIOS E TELEGRAFOS - ECT;2500542;;1;Completa;Serviço;Despesa orçamentária;2026-04-06;2026-04-06;2026-04-06;112,62;Não
1260 - SECRETARIA DE ESTADO DE EDUCACAO;Nota fiscal;01.282.149/0001-73;EDUCACIONAL MARTINS ANDRADE LTDA;10305;;1;Completa;Serviço;Despesa orçamentária;2026-03-16;2026-03-16;2026-04-06;9575,16;Não
1260 - SECRETARIA DE ESTADO DE EDUCACAO;Outros;33.224.254/0001-42;MGS MINAS GERAIS ADMINISTRACAO E SERVICOS S/A;680623;REC;1;Completa;Serviço;Despesa orçamentária;2026-03-30;2026-04-06;2026-04-06;4817,54;Não
2100 - INSTITUTO ESTADUAL DE FLORESTAS-IEF;Nota fiscal;33.224.254/0001-42;MGS MINAS GERAIS ADMINISTRACAO E SERVICOS S/A;202600000011885;;1;Completa;Serviço;Despesa orçamentária;2026-03-24;2026-03-24;2026-04-06;18533,74;Não
1440 - DEFENSORIA PUBLICA DO ESTADO DE MINAS GERAIS;Nota fiscal;00.201.182/0001-69;DISTRIBUIDORA DE AGUAS MINERAIS BH LTDA -EPP;34724;1;1;Completa - Recebimento definitivo;Consumo;Despesa orçamentária;2026-04-06;2026-04-06;2026-04-06;285,0;Não
2320 - FUNDACAO CENTRO DE HEMATOLOGIA E HEMOTERAPIA DE MG;Nota fiscal;27.498.289/0001-77;LMC MEDICAO E CONTROLE LTDA;723;;1;Completa;Serviço;Despesa extra orçamentária;2026-03-09;2026-04-06;2026-04-06;83,81;Não
2270 - FUNDACAO HOSPITALAR DO ESTADO DE MINAS GERAIS;Nota fiscal;10.293.515/0001-80;EXCIMER TECNOLOGIA COMERCIO E ASSISTENCIA DE EQUIPAMENTOS MEDICOS E HOSPITALARES LTDA;2194;;1;Completa;Serviço;Despesa orçamentária;2026-04-06;2026-04-06;2026-04-06;2027,83;Não
2100 - INSTITUTO ESTADUAL DE FLORESTAS-IEF;Outros;33.224.254/0001-42;MGS MINAS GERAIS ADMINISTRACAO E SERVICOS S/A;679682;;1;Completa;Serviço;Despesa orçamentária;2026-03-24;2026-03-24;2026-04-06;1393,2;Não
2100 - INSTITUTO ESTADUAL DE FLORESTAS-IEF;Nota fiscal;33.224.254/0001-42;MGS MINAS GERAIS ADMINISTRACAO E SERVICOS S/A;202600000011781;;1;Completa;Serviço;Despesa orçamentária;2026-03-24;2026-03-24;2026-04-06;26817,3;Não
2300 - DEPARTAMENTO DE ESTRADAS DE RODAGEM;Nota fiscal;76.535.764/0001-43;OI S.A. - EM RECUPERACAO JUDICIAL;33021;;1;Completa;Serviço;Despesa orçamentária;2026-03-25;2026-04-06;2026-04-06;9936,84;Não
1190 - SECRETARIA DE ESTADO DE FAZENDA DE MINAS GERAIS;Nota fiscal;02.055.429/0001-01;AGUA DA FONTE - EIRELI - ME;9611;1;1;Completa - Recebimento definitivo;Consumo;Despesa orçamentária;2026-03-09;2026-04-06;2026-04-06;759,5;Não
1450 - SECRETARIA DE ESTADO DE JUSTICA E SEGURANCA PUBLIC;Nota fiscal;16.636.540/0001-04;COMPANHIA DE TECNOLOGIA DA INFORMACAO DO ESTADO DE MINAS GERAIS-PRODEMGE;2341;;1;Completa;Serviço;Despesa orçamentária;2026-03-13;2026-03-13;2026-04-06;24907,76;Não
1260 - SECRETARIA DE ESTADO DE EDUCACAO;Nota fiscal;01.282.149/0001-73;EDUCACIONAL MARTINS ANDRADE LTDA;10306;;1;Completa;Serviço;Despesa orçamentária;2026-03-16;2026-03-16;2026-04-06;19129,74;Não
2260 - FUNDACAO EZEQUIEL DIAS;Nota fiscal;24.638.170/0001-64;DISTRIBUIDORA MENDONCA E MIRANDA LTDA;2147;0;1;Completa - Recebimento definitivo;Consumo;Despesa orçamentária;2026-03-30;2026-04-06;2026-04-06;440,0;Não
2010 - INST.DE PREVIDENCIA DOS SERVIDORES DO EST.M.GERAIS;Nota fiscal;33.224.254/0001-42;MGS MINAS GERAIS ADMINISTRACAO E SERVICOS S/A;11753;1A;1;Completa;Serviço;Despesa orçamentária;2026-03-24;2026-03-24;2026-04-06;81841,91;Não
1260 - SECRETARIA DE ESTADO DE EDUCACAO;Outros;***.521.276-**;JOSE GERALDO DA SILVA;24120263;NFS;1;Completa;Serviço;Despesa orçamentária;2026-04-06;2026-04-06;2026-04-06;9558,89;Não
2100 - INSTITUTO ESTADUAL DE FLORESTAS-IEF;Outros;33.224.254/0001-42;MGS MINAS GERAIS ADMINISTRACAO E SERVICOS S/A;679621;;1;Completa;Serviço;Despesa orçamentária;2026-03-24;2026-03-24;2026-04-06;2068,12;Não
1260 - SECRETARIA DE ESTADO DE EDUCACAO;Nota fiscal;33.224.254/0001-42;MGS MINAS GERAIS ADMINISTRACAO E SERVICOS S/A;12771;1;1;Completa;Serviço;Despesa orçamentária;2026-03-30;2026-04-06;2026-04-06;54862,01;Não
2270 - FUNDACAO HOSPITALAR DO ESTADO DE MINAS GERAIS;Nota fiscal;20.858.411/0001-20;AMGS COMERCIO E REPRESENTACOES LTDA;628210;;1;Completa - Recebimento definitivo;Consumo;Despesa orçamentária;2026-04-06;2026-04-06;2026-04-06;6331,06;Não
1090 - PROCURADORIA GERAL DE JUSTICA;Outros;***.532.656-**;ANALIA MOTA COELHO ROCHA;27612202682;;1;Completa;Serviço;Despesa orçamentária;2026-04-06;2026-04-06;2026-04-06;703,09;Não
2010 - INST.DE PREVIDENCIA DOS SERVIDORES DO EST.M.GERAIS;Nota fiscal;33.224.254/0001-42;MGS MINAS GERAIS ADMINISTRACAO E SERVICOS S/A;11760;1A;1;Completa;Serviço;Despesa orçamentária;2026-03-24;2026-03-24;2026-04-06;4605,96;Não
1250 - POLICIA MILITAR DE MINAS GERAIS;Nota fiscal;35.306.119/0001-71;MICKAEL MANZELA DE SANTANA GOMES LTDA;2028;;1;Completa;Serviço;Despesa extra orçamentária;2026-03-06;2026-03-06;2026-04-06;47522,6;Não
1260 - SECRETARIA DE ESTADO DE EDUCACAO;Nota fiscal;33.224.254/0001-42;MGS MINAS GERAIS ADMINISTRACAO E SERVICOS S/A;12691;1;1;Completa;Serviço;Despesa orçamentária;2026-03-30;2026-04-06;2026-04-06;102425,95;Não
2270 - FUNDACAO HOSPITALAR DO ESTADO DE MINAS GERAIS;Nota fiscal;06.981.180/0001-16;CEMIG DISTRIBUICAO S.A.;375785837;;1;Completa;Serviço;Despesa orçamentária;2026-04-02;2026-04-06;2026-04-06;339340,98;Não
1190 - SECRETARIA DE ESTADO DE FAZENDA DE MINAS GERAIS;Nota fiscal;04.836.174/0001-40;PARKING BATUQUE LTDA - ME;291;;1;Completa;Serviço;Despesa orçamentária;2026-04-06;2026-04-06;2026-04-06;206,34;Não
1500 - SECRETARIA DE ESTADO DE PLANEJAMENTO E GESTAO;Outros;07.432.517/0001-07;SIMPRESS COMERCIO LOCACAO E SERVICOS LTDA;376285;;1;Completa;Serviço;Despesa orçamentária;2026-04-02;2026-04-06;2026-04-06;387,57;Não
2260 - FUNDACAO EZEQUIEL DIAS;Nota fiscal;13.430.441/0001-75;GERAES DIAGNOSTICA LTDA;7684;1;1;Completa - Recebimento definitivo;Consumo;Despesa orçamentária;2026-04-01;2026-04-06;2026-04-06;233,08;Não
2270 - FUNDACAO HOSPITALAR DO ESTADO DE MINAS GERAIS;Nota fiscal;20.858.411/0001-20;AMGS COMERCIO E REPRESENTACOES LTDA;628215;;1;Completa - Recebimento definitivo;Consumo;Despesa orçamentária;2026-04-06;2026-04-06;2026-04-06;388,89;Não
2270 - FUNDACAO HOSPITALAR DO ESTADO DE MINAS GERAIS;Nota fiscal;43.782.859/0001-02;FAST CLEAN DISTRIBUIDORA LTDA;22663;1;1;Completa - Recebimento definitivo;Consumo;Despesa orçamentária;2026-04-01;2026-04-01;2026-04-06;1349,84;Não
2150 - FUNDACAO HELENA ANTIPOFF;Outros;17.281.106/0001-03;COMPANHIA DE SANEAMENTO DE MINAS GERAIS COPASA MG;126215953657;;1;Completa;Serviço;Despesa orçamentária;2026-04-01;2026-04-06;2026-04-06;15431,31;Não
1250 - POLICIA MILITAR DE MINAS GERAIS;Nota fiscal;05.147.907/0001-00;OFICINA MECANICA DINAMICA LTDA - ME;76925;;1;Completa;Serviço;Despesa orçamentária;2026-04-01;2026-04-06;2026-04-06;62,1;Não
2120 - INST.PREV.DOS SERV.MILITARES DO ESTADO M.GERAIS;Nota fiscal;20.858.411/0001-20;AMGS COMERCIO E REPRESENTACOES LTDA;621724;2;1;Completa - Recebimento definitivo;Consumo;Despesa extra orçamentária;2026-02-18;2026-04-06;2026-04-06;7516,33;Não
2270 - FUNDACAO HOSPITALAR DO ESTADO DE MINAS GERAIS;Nota fiscal;20.858.411/0001-20;AMGS COMERCIO E REPRESENTACOES LTDA;628183;;1;Completa - Recebimento definitivo;Consumo;Despesa orçamentária;2026-04-06;2026-04-06;2026-04-06;2329,45;Não
2180 - FUNDACAO CLOVIS SALGADO;Nota fiscal;00.028.986/0010-07;ELEVADORES ATLAS SCHINDLER LTDA.;30692;;1;Completa;Serviço;Despesa orçamentária;2026-04-01;2026-04-06;2026-04-06;644,25;Não
2270 - FUNDACAO HOSPITALAR DO ESTADO DE MINAS GERAIS;Nota fiscal;43.782.859/0001-02;FAST CLEAN DISTRIBUIDORA LTDA;22664;1;1;Completa - Recebimento definitivo;Consumo;Despesa orçamentária;2026-04-01;2026-04-01;2026-04-06;1019,56;Não
1260 - SECRETARIA DE ESTADO DE EDUCACAO;Nota fiscal;33.224.254/0001-42;MGS MINAS GERAIS ADMINISTRACAO E SERVICOS S/A;127642026;;1;Completa;Serviço;Despesa orçamentária;2026-03-30;2026-04-06;2026-04-06;1023,06;Não
2320 - FUNDACAO CENTRO DE HEMATOLOGIA E HEMOTERAPIA DE MG;Nota fiscal;27.498.289/0001-77;LMC MEDICAO E CONTROLE LTDA;657;;1;Completa;Serviço;Despesa extra orçamentária;2026-03-06;2026-04-06;2026-04-06;691,44;Não
1190 - SECRETARIA DE ESTADO DE FAZENDA DE MINAS GERAIS;Nota fiscal;50.948.297/0001-90;EXTREME DIGITAL EXPERIENCE LTDA.;126;;1;Completa;Serviço;Despesa extra orçamentária;2026-03-30;2026-04-06;2026-04-06;23413,6;Não
1190 - SECRETARIA DE ESTADO DE FAZENDA DE MINAS GERAIS;Nota fiscal;02.055.429/0001-01;AGUA DA FONTE - EIRELI - ME;9612;1;1;Completa - Recebimento definitivo;Consumo;Despesa orçamentária;2026-03-09;2026-04-06;2026-04-06;240,12;Não
2270 - FUNDACAO HOSPITALAR DO ESTADO DE MINAS GERAIS;Nota fiscal;48.042.490/0001-15;THASMED PRODUTOS MEDICOS LTDA;685;;1;Completa - Recebimento definitivo;Consumo;Despesa orçamentária;2026-02-26;2026-02-27;2026-04-06;1590,25;Não
1720 - SECRETARIA DE ESTADO DE CASA CIVIL;Nota fiscal;16.636.540/0001-04;COMPANHIA DE TECNOLOGIA DA INFORMACAO DO ESTADO DE MINAS GERAIS-PRODEMGE;2972;;1;Completa;Serviço;Despesa orçamentária;2026-03-30;2026-03-30;2026-04-06;5971,04;Não
1400 - CORPO DE BOMBEIROS MILITAR DE MINAS GERAIS;Nota fiscal;07.418.547/0003-12;HBR AVIACAO S.A.;300;;1;Completa;Serviço;Despesa extra orçamentária;2026-04-06;2026-04-06;2026-04-06;1067,6;Não
1260 - SECRETARIA DE ESTADO DE EDUCACAO;Outros;33.224.254/0001-42;MGS MINAS GERAIS ADMINISTRACAO E SERVICOS S/A;680626;U;1;Completa;Serviço;Despesa orçamentária;2026-03-30;2026-04-06;2026-04-06;4937,99;Não
1260 - SECRETARIA DE ESTADO DE EDUCACAO;Nota fiscal;33.224.254/0001-42;MGS MINAS GERAIS ADMINISTRACAO E SERVICOS S/A;12586;E;1;Completa;Serviço;Despesa orçamentária;2026-03-30;2026-04-06;2026-04-06;107718,99;Não
2270 - FUNDACAO HOSPITALAR DO ESTADO DE MINAS GERAIS;Nota fiscal;43.782.859/0001-02;FAST CLEAN DISTRIBUIDORA LTDA;22665;1;1;Completa - Recebimento definitivo;Consumo;Despesa orçamentária;2026-04-01;2026-04-01;2026-04-06;502,6;Não
1450 - SECRETARIA DE ESTADO DE JUSTICA E SEGURANCA PUBLIC;Outros;26.295.145/0001-50;D.I.COMERCIO DE PECAS E SERVICOS PARA GERADORES LTDA - ME;24378;;1;Completa;Serviço;Despesa extra orçamentária;2025-10-20;2025-10-20;2026-04-06;2166,18;Não
1260 - SECRETARIA DE ESTADO DE EDUCACAO;Outros;33.224.254/0001-42;MGS MINAS GERAIS ADMINISTRACAO E SERVICOS S/A;680634;U;1;Completa;Serviço;Despesa orçamentária;2026-03-30;2026-04-06;2026-04-06;485,52;Não
1260 - SECRETARIA DE ESTADO DE EDUCACAO;Nota fiscal;33.224.254/0001-42;MGS MINAS GERAIS ADMINISTRACAO E SERVICOS S/A;12776;NF;1;Completa;Serviço;Despesa orçamentária;2026-03-30;2026-04-06;2026-04-06;45257,18;Não
2010 - INST.DE PREVIDENCIA DOS SERVIDORES DO EST.M.GERAIS;Nota fiscal;33.224.254/0001-42;MGS MINAS GERAIS ADMINISTRACAO E SERVICOS S/A;11741;1A;1;Completa;Serviço;Despesa orçamentária;2026-03-24;2026-03-24;2026-04-06;795706,59;Não
1190 - SECRETARIA DE ESTADO DE FAZENDA DE MINAS GERAIS;Nota fiscal;50.948.297/0001-90;EXTREME DIGITAL EXPERIENCE LTDA.;127;;1;Completa;Serviço;Despesa extra orçamentária;2026-03-30;2026-04-06;2026-04-06;19062,4;Não
1030 - TRIBUNAL DE JUSTICA DO ESTADO DE MINAS GERAIS;Nota fiscal;41.769.803/0001-92;EDITORA FORUM LTDA ;141306;;1;Completa;Serviço;Despesa orçamentária;2026-03-31;2026-03-31;2026-04-06;15431,17;Não
2270 - FUNDACAO HOSPITALAR DO ESTADO DE MINAS GERAIS;Nota fiscal;43.782.859/0001-02;FAST CLEAN DISTRIBUIDORA LTDA;22666;1;1;Completa - Recebimento definitivo;Consumo;Despesa orçamentária;2026-04-01;2026-04-01;2026-04-06;1148,8;Não
2270 - FUNDACAO HOSPITALAR DO ESTADO DE MINAS GERAIS;Nota fiscal;07.005.650/0001-79;AMBIENTTAL PROTECAO RADIOLOGICA LTDA;422;;1;Completa;Serviço;Despesa orçamentária;2026-04-01;2026-04-01;2026-04-06;672,5;Não
1090 - PROCURADORIA GERAL DE JUSTICA;Nota fiscal;01.134.191/0001-47;SERVIX INFORMATICA LTDA;7364;;1;Completa;Serviço;Despesa orçamentária;2026-03-24;2026-03-24;2026-04-06;53735,51;Não
2260 - FUNDACAO EZEQUIEL DIAS;Nota fiscal;42.900.316/0001-80;NOW QUIMICA INDUSTRIA E COMERCIO LTDA;57997;1;2;Completa - Recebimento definitivo;Consumo;Despesa orçamentária;2026-03-30;2026-04-06;2026-04-06;511,2;Não
1320 - SECRETARIA DE ESTADO DA SAUDE;Nota fiscal;20.367.629/0009-39;HELICOPTEROS DO BRASIL S/A HELIBRAS;68807;;1;Completa - Recebimento definitivo;Consumo;Despesa extra orçamentária;2026-03-24;2026-04-06;2026-04-06;27782,57;Não
1090 - PROCURADORIA GERAL DE JUSTICA;Nota fiscal;01.134.191/0001-47;SERVIX INFORMATICA LTDA;7365;;1;Completa;Serviço;Despesa orçamentária;2026-03-24;2026-03-24;2026-04-06;53478,31;Não
2270 - FUNDACAO HOSPITALAR DO ESTADO DE MINAS GERAIS;Nota fiscal;43.782.859/0001-02;FAST CLEAN DISTRIBUIDORA LTDA;22667;1;1;Completa - Recebimento definitivo;Consumo;Despesa orçamentária;2026-04-01;2026-04-01;2026-04-06;628,25;Não
1500 - SECRETARIA DE ESTADO DE PLANEJAMENTO E GESTAO;Nota fiscal;33.224.254/0001-42;MGS MINAS GERAIS ADMINISTRACAO E SERVICOS S/A;12414;1;1;Incompleta;Serviço;Despesa orçamentária;2026-03-30;2026-04-02;2026-04-06;4033,23;Não
1190 - SECRETARIA DE ESTADO DE FAZENDA DE MINAS GERAIS;Outros;08.706.548/0004-06;O2 SOLUCOES EM TECNOLOGIA DIGITAL LTDA;1;;1;Completa;Serviço;Despesa extra orçamentária;2026-03-29;2026-04-06;2026-04-06;84000,0;Não
1260 - SECRETARIA DE ESTADO DE EDUCACAO;Outros;33.224.254/0001-42;MGS MINAS GERAIS ADMINISTRACAO E SERVICOS S/A;6806402026;;1;Completa;Serviço;Despesa orçamentária;2026-03-30;2026-04-06;2026-04-06;4687,54;Não
1260 - SECRETARIA DE ESTADO DE EDUCACAO;Outros;33.224.254/0001-42;MGS MINAS GERAIS ADMINISTRACAO E SERVICOS S/A;680573;;1;Completa;Serviço;Despesa orçamentária;2026-03-30;2026-04-06;2026-04-06;5674,76;Não
2300 - DEPARTAMENTO DE ESTRADAS DE RODAGEM;Nota fiscal;40.432.544/0112-62;CLARO S.A.;2604200021938;;1;Completa;Serviço;Despesa orçamentária;2026-04-01;2026-04-01;2026-04-06;1120,68;Não
1500 - SECRETARIA DE ESTADO DE PLANEJAMENTO E GESTAO;Nota fiscal;33.224.254/0001-42;MGS MINAS GERAIS ADMINISTRACAO E SERVICOS S/A;13001;1;1;Completa;Serviço;Despesa orçamentária;2026-04-01;2026-04-01;2026-04-06;2664,81;Não
2300 - DEPARTAMENTO DE ESTRADAS DE RODAGEM;Nota fiscal;40.432.544/0112-62;CLARO S.A.;2604200021904;;1;Completa;Serviço;Despesa orçamentária;2026-04-01;2026-04-01;2026-04-06;130,12;Não
2250 - JUNTA COMERCIAL DO ESTADO DE MINAS GERAIS;Outros;76.535.764/0001-43;OI S.A. - EM RECUPERACAO JUDICIAL;33072;;1;Completa;Serviço;Despesa orçamentária;2026-03-25;2026-04-06;2026-04-06;2090,93;Não
2300 - DEPARTAMENTO DE ESTRADAS DE RODAGEM;Nota fiscal;40.432.544/0112-62;CLARO S.A.;2604200021957;;1;Completa;Serviço;Despesa orçamentária;2026-04-01;2026-04-01;2026-04-06;124,52;Não
1090 - PROCURADORIA GERAL DE JUSTICA;Nota fiscal;13.240.986/0001-19;AVP AUDIO & VIDEO PROJETOS E COMERCIO LTDA - ME;232026;900;1;Completa;Serviço;Despesa orçamentária;2026-04-06;2026-04-06;2026-04-06;75000,0;Não
2300 - DEPARTAMENTO DE ESTRADAS DE RODAGEM;Nota fiscal;40.432.544/0112-62;CLARO S.A.;2604200021919;;1;Completa;Serviço;Despesa orçamentária;2026-04-01;2026-04-01;2026-04-06;520,48;Não
2300 - DEPARTAMENTO DE ESTRADAS DE RODAGEM;Nota fiscal;40.432.544/0112-62;CLARO S.A.;2604200021961;;1;Completa;Serviço;Despesa orçamentária;2026-04-01;2026-04-01;2026-04-06;999,09;Não
1250 - POLICIA MILITAR DE MINAS GERAIS;Nota fiscal;11.770.656/0001-00;AGMR COMERCIO E SERVICOS LTDA;633;NFS;1;Completa;Serviço;Despesa orçamentária;2026-03-31;2026-04-06;2026-04-06;211,57;Não
2270 - FUNDACAO HOSPITALAR DO ESTADO DE MINAS GERAIS;Nota fiscal;12.499.494/0002-60;HOSPINOVA DISTRIBUIDORA DE PRODUTOS HOSPITALARES LTDA.;7745;201;1;Completa - Recebimento definitivo;Consumo;Despesa orçamentária;2026-04-02;2026-04-02;2026-04-06;34164,0;Não
1260 - SECRETARIA DE ESTADO DE EDUCACAO;Nota fiscal;19.561.435/0001-33;AGENES S.DA SILVA SUPRIMENTOS DE INFORMATICA LTDA;3212;803;1;Completa - Recebimento definitivo;Consumo;Despesa orçamentária;2026-02-10;2026-02-20;2026-04-06;827,0;Não
2270 - FUNDACAO HOSPITALAR DO ESTADO DE MINAS GERAIS;Nota fiscal;82.641.325/0021-61;CREMER S.A.;512146;;1;Completa - Recebimento definitivo;Consumo;Despesa orçamentária;2026-03-30;2026-04-06;2026-04-06;672,0;Não
1020 - TRIBUNAL DE CONTAS DO ESTADO DE MINAS GERAIS;Nota fiscal;05.231.453/0001-42;JEXPERTS TECNOLOGIA S.A.;305;;1;Completa;Serviço;Despesa orçamentária;2026-03-30;2026-03-30;2026-04-06;4952,5;Não
2270 - FUNDACAO HOSPITALAR DO ESTADO DE MINAS GERAIS;Nota fiscal;43.782.859/0001-02;FAST CLEAN DISTRIBUIDORA LTDA;22668;1;1;Completa - Recebimento definitivo;Consumo;Despesa orçamentária;2026-04-01;2026-04-01;2026-04-06;2441,2;Não
1320 - SECRETARIA DE ESTADO DA SAUDE;Nota fiscal;20.367.629/0009-39;HELICOPTEROS DO BRASIL S/A HELIBRAS;68759;;1;Completa - Recebimento definitivo;Consumo;Despesa extra orçamentária;2026-03-23;2026-04-06;2026-04-06;1555,12;Não
2010 - INST.DE PREVIDENCIA DOS SERVIDORES DO EST.M.GERAIS;Nota fiscal;33.224.254/0001-42;MGS MINAS GERAIS ADMINISTRACAO E SERVICOS S/A;11736;1A;1;Completa;Serviço;Despesa orçamentária;2026-03-24;2026-03-24;2026-04-06;62404,84;Não
2270 - FUNDACAO HOSPITALAR DO ESTADO DE MINAS GERAIS;Outros;49.223.739/0001-51;T A DE SOUZA LTDA;116;;1;Completa;Serviço;Despesa orçamentária;2026-04-02;2026-04-06;2026-04-06;25120,0;Não
1260 - SECRETARIA DE ESTADO DE EDUCACAO;Nota fiscal;07.473.849/0001-21;COOPERATIVA DE EDUCACAO E CULTURA DE MACHADO LTDA - COOPECMA;2;;1;Completa;Serviço;Despesa orçamentária;2026-02-25;2026-04-06;2026-04-06;22750,14;Não
2270 - FUNDACAO HOSPITALAR DO ESTADO DE MINAS GERAIS;Nota fiscal;43.782.859/0001-02;FAST CLEAN DISTRIBUIDORA LTDA;22669;1;1;Completa - Recebimento definitivo;Consumo;Despesa orçamentária;2026-04-01;2026-04-01;2026-04-06;4178,76;Não
2270 - FUNDACAO HOSPITALAR DO ESTADO DE MINAS GERAIS;Nota fiscal;43.782.859/0001-02;FAST CLEAN DISTRIBUIDORA LTDA;22670;1;1;Completa - Recebimento definitivo;Consumo;Despesa orçamentária;2026-04-01;2026-04-01;2026-04-06;287,2;Não
2320 - FUNDACAO CENTRO DE HEMATOLOGIA E HEMOTERAPIA DE MG;Nota fiscal;27.498.289/0001-77;LMC MEDICAO E CONTROLE LTDA;698;;1;Completa;Serviço;Despesa extra orçamentária;2026-03-09;2026-04-06;2026-04-06;1026,61;Não
1260 - SECRETARIA DE ESTADO DE EDUCACAO;Nota fiscal;33.224.254/0001-42;MGS MINAS GERAIS ADMINISTRACAO E SERVICOS S/A;12692;U;1;Completa;Serviço;Despesa orçamentária;2026-03-30;2026-04-06;2026-04-06;4956,56;Não
2270 - FUNDACAO HOSPITALAR DO ESTADO DE MINAS GERAIS;Nota fiscal;43.782.859/0001-02;FAST CLEAN DISTRIBUIDORA LTDA;22671;1;1;Completa - Recebimento definitivo;Consumo;Despesa orçamentária;2026-04-01;2026-04-01;2026-04-06;1436,0;Não
2320 - FUNDACAO CENTRO DE HEMATOLOGIA E HEMOTERAPIA DE MG;Nota fiscal;27.498.289/0001-77;LMC MEDICAO E CONTROLE LTDA;699;;1;Completa;Serviço;Despesa extra orçamentária;2026-03-09;2026-04-06;2026-04-06;1319,92;Não
1260 - SECRETARIA DE ESTADO DE EDUCACAO;Outros;33.224.254/0001-42;MGS MINAS GERAIS ADMINISTRACAO E SERVICOS S/A;680567;;1;Completa;Serviço;Despesa orçamentária;2026-03-30;2026-04-06;2026-04-06;5046,88;Não
1320 - SECRETARIA DE ESTADO DA SAUDE;Nota fiscal;20.367.629/0009-39;HELICOPTEROS DO BRASIL S/A HELIBRAS;68870;;1;Completa - Recebimento definitivo;Consumo;Despesa extra orçamentária;2026-03-24;2026-04-06;2026-04-06;752,19;Não
2300 - DEPARTAMENTO DE ESTRADAS DE RODAGEM;Nota fiscal;08.273.364/0001-57;TICKET GESTAO EM MANUTENCAO EZC S.A;48474662;802;1;Completa;Serviço;Despesa orçamentária;2026-03-17;2026-03-20;2026-04-06;3999,27;Não
1500 - SECRETARIA DE ESTADO DE PLANEJAMENTO E GESTAO;Nota fiscal;33.224.254/0001-42;MGS MINAS GERAIS ADMINISTRACAO E SERVICOS S/A;13000;0;1;Incompleta;Serviço;Despesa orçamentária;2026-04-01;2026-04-01;2026-04-06;84754,19;Não
2320 - FUNDACAO CENTRO DE HEMATOLOGIA E HEMOTERAPIA DE MG;Nota fiscal;27.498.289/0001-77;LMC MEDICAO E CONTROLE LTDA;700;;1;Completa;Serviço;Despesa extra orçamentária;2026-03-09;2026-04-06;2026-04-06;1210,02;Não
1500 - SECRETARIA DE ESTADO DE PLANEJAMENTO E GESTAO;Nota fiscal;16.636.540/0001-04;COMPANHIA DE TECNOLOGIA DA INFORMACAO DO ESTADO DE MINAS GERAIS-PRODEMGE;20263022;E;1;Incompleta;Serviço;Despesa orçamentária;2026-04-01;2026-04-01;2026-04-06;27673,37;Não
1250 - POLICIA MILITAR DE MINAS GERAIS;Nota fiscal;11.770.656/0001-00;AGMR COMERCIO E SERVICOS LTDA;115;NFS;1;Completa;Serviço;Despesa orçamentária;2026-03-31;2026-04-06;2026-04-06;212,8;Não
1030 - TRIBUNAL DE JUSTICA DO ESTADO DE MINAS GERAIS;Nota fiscal;19.516.157/0001-00;ARAUJO, SERVICOS ADMINISTRATIVOS LTDA ;1288;;1;Completa;Serviço;Despesa orçamentária;2026-04-06;2026-04-06;2026-04-06;15684,0;Não
1260 - SECRETARIA DE ESTADO DE EDUCACAO;Nota fiscal;17.507.708/0001-36;ASSOCIACAO SAO VICENTE DE PAULO DE BELO HORIZONTE;7;;1;Completa;Serviço;Despesa orçamentária;2026-04-06;2026-04-06;2026-04-06;17469,28;Não
2120 - INST.PREV.DOS SERV.MILITARES DO ESTADO M.GERAIS;Nota fiscal;07.432.517/0001-07;SIMPRESS COMERCIO LOCACAO E SERVICOS LTDA;377726;;1;Incompleta;Serviço;Despesa orçamentária;2026-04-03;2026-04-06;2026-04-06;4955,0;Não
1260 - SECRETARIA DE ESTADO DE EDUCACAO;Nota fiscal;08.194.579/0001-82;LEANDRO LUIZ LEAL SILVA -EPP;2733;1;2;Completa - Recebimento definitivo;Permanente;Despesa extra orçamentária;2025-12-22;2026-03-12;2026-04-06;1388,0;Não
2270 - FUNDACAO HOSPITALAR DO ESTADO DE MINAS GERAIS;Nota fiscal;35.820.448/0030-70;WHITE MARTINS GASES INDUSTRIAIS LTDA;210;630;1;Completa - Recebimento definitivo;Consumo;Despesa orçamentária;2026-03-24;2026-04-06;2026-04-06;1422,96;Não
1260 - SECRETARIA DE ESTADO DE EDUCACAO;Outros;33.224.254/0001-42;MGS MINAS GERAIS ADMINISTRACAO E SERVICOS S/A;680630;;1;Completa;Serviço;Despesa orçamentária;2026-03-30;2026-04-06;2026-04-06;3134,02;Não
1260 - SECRETARIA DE ESTADO DE EDUCACAO;Nota fiscal;17.329.350/0001-07;MIPRATA IMOBILIARIA E INCORPORADORA DO PRATA LTDA;63;;1;Completa;Serviço;Despesa orçamentária;2026-04-06;2026-04-06;2026-04-06;180607,47;Não
1260 - SECRETARIA DE ESTADO DE EDUCACAO;Nota fiscal;62.382.395/0008-68;ASSOCIACAO DAS OBRAS PAVONIANAS DE ASSISTENCIA;77;;1;Completa;Serviço;Despesa orçamentária;2026-04-06;2026-04-06;2026-04-06;48316,26;Não
1250 - POLICIA MILITAR DE MINAS GERAIS;Outros;07.432.517/0001-07;SIMPRESS COMERCIO LOCACAO E SERVICOS LTDA;377986;;1;Completa;Serviço;Despesa extra orçamentária;2026-04-06;2026-04-06;2026-04-06;387,45;Não
1090 - PROCURADORIA GERAL DE JUSTICA;Nota fiscal;10.329.992/0001-59;LOGICNET TECNOLOGIA LTDA -ME;1769;;1;Completa;Serviço;Despesa orçamentária;2026-04-01;2026-04-01;2026-04-06;67275,0;Não
2270 - FUNDACAO HOSPITALAR DO ESTADO DE MINAS GERAIS;Nota fiscal;48.042.490/0001-15;THASMED PRODUTOS MEDICOS LTDA;689;;1;Completa - Recebimento definitivo;Consumo;Despesa orçamentária;2026-02-26;2026-02-27;2026-04-06;1590,0;Não
2120 - INST.PREV.DOS SERV.MILITARES DO ESTADO M.GERAIS;Nota fiscal;07.432.517/0001-07;SIMPRESS COMERCIO LOCACAO E SERVICOS LTDA;377727;;1;Completa;Serviço;Despesa orçamentária;2026-04-03;2026-04-06;2026-04-06;649,2;Não
2010 - INST.DE PREVIDENCIA DOS SERVIDORES DO EST.M.GERAIS;Outros;***.917.816-**;MARIA DA GLORIA VIEIRA DOS SANTOS;32026;;1;Completa;Serviço;Despesa orçamentária;2026-03-31;2026-04-06;2026-04-06;1730,0;Não
1260 - SECRETARIA DE ESTADO DE EDUCACAO;Nota fiscal;10.723.775/0001-49;JC IMOVEIS NEGOCIOS E SERVICOS IMOBILIARIOS LTDA ME;5;;1;Completa;Serviço;Despesa orçamentária;2026-04-06;2026-04-06;2026-04-06;16000,0;Não
1020 - TRIBUNAL DE CONTAS DO ESTADO DE MINAS GERAIS;Nota fiscal;33.683.111/0002-80;SERVICO FEDERAL DE PROCESSAMENTO DE DADOS (SERPRO);919700;;1;Completa;Serviço;Despesa orçamentária;2026-04-01;2026-04-01;2026-04-06;3125,18;Não
1260 - SECRETARIA DE ESTADO DE EDUCACAO;Outros;33.224.254/0001-42;MGS MINAS GERAIS ADMINISTRACAO E SERVICOS S/A;680583;;1;Completa;Serviço;Despesa orçamentária;2026-03-30;2026-04-06;2026-04-06;2945,54;Não
1090 - PROCURADORIA GERAL DE JUSTICA;Nota fiscal;10.329.992/0001-59;LOGICNET TECNOLOGIA LTDA -ME;1770;;1;Completa;Serviço;Despesa orçamentária;2026-04-01;2026-04-01;2026-04-06;62587,0;Não
1250 - POLICIA MILITAR DE MINAS GERAIS;Outros;07.432.517/0001-07;SIMPRESS COMERCIO LOCACAO E SERVICOS LTDA;377985;;1;Completa;Serviço;Despesa extra orçamentária;2026-04-06;2026-04-06;2026-04-06;17,4;Não
1260 - SECRETARIA DE ESTADO DE EDUCACAO;Nota fiscal;33.224.254/0001-42;MGS MINAS GERAIS ADMINISTRACAO E SERVICOS S/A;12730;1;1;Completa;Serviço;Despesa orçamentária;2026-03-30;2026-04-06;2026-04-06;97972,83;Não
1090 - PROCURADORIA GERAL DE JUSTICA;Nota fiscal;10.719.671/0001-60;ELDEX DISTRIBUIDORA DE JORNAIS E REVISTAS LTDA;1376;;1;Completa;Serviço;Despesa orçamentária;2026-04-02;2026-04-02;2026-04-06;204,33;Não
1260 - SECRETARIA DE ESTADO DE EDUCACAO;Outros;33.224.254/0001-42;MGS MINAS GERAIS ADMINISTRACAO E SERVICOS S/A;680605;;1;Completa;Serviço;Despesa orçamentária;2026-03-30;2026-04-06;2026-04-06;3668,72;Não
2320 - FUNDACAO CENTRO DE HEMATOLOGIA E HEMOTERAPIA DE MG;Nota fiscal;27.498.289/0001-77;LMC MEDICAO E CONTROLE LTDA;667;;1;Completa;Serviço;Despesa extra orçamentária;2026-03-06;2026-04-06;2026-04-06;526,6;Não
2320 - FUNDACAO CENTRO DE HEMATOLOGIA E HEMOTERAPIA DE MG;Nota fiscal;27.498.289/0001-77;LMC MEDICAO E CONTROLE LTDA;668;;1;Completa;Serviço;Despesa extra orçamentária;2026-03-06;2026-04-06;2026-04-06;18,6;Não
1020 - TRIBUNAL DE CONTAS DO ESTADO DE MINAS GERAIS;Nota fiscal;07.343.712/0001-52;MOBILE COMERCIO E SERVICOS EM TELECOMUNICACOES LTDA;387;;1;Completa;Serviço;Despesa orçamentária;2026-04-01;2026-04-06;2026-04-06;4902,73;Não
2320 - FUNDACAO CENTRO DE HEMATOLOGIA E HEMOTERAPIA DE MG;Nota fiscal;27.498.289/0001-77;LMC MEDICAO E CONTROLE LTDA;685;;1;Completa;Serviço;Despesa extra orçamentária;2026-03-09;2026-04-06;2026-04-06;334,8;Não
1440 - DEFENSORIA PUBLICA DO ESTADO DE MINAS GERAIS;Nota fiscal;34.454.477/0001-69;PLANEAR ENGENHARIA DE AR CONDICIONADO LTDA;162;;1;Completa;Serviço;Despesa orçamentária;2026-04-01;2026-04-06;2026-04-06;2988,98;Não
1030 - TRIBUNAL DE JUSTICA DO ESTADO DE MINAS GERAIS;Nota fiscal;76.366.285/0001-40;SEPROL IT SERVICES & CONSULTING LTDA;244;;1;Completa;Serviço;Despesa orçamentária;2026-04-02;2026-04-06;2026-04-06;15388,85;Não
2270 - FUNDACAO HOSPITALAR DO ESTADO DE MINAS GERAIS;Nota fiscal;05.266.324/0003-51;SERQUIP - TRATAMENTO DE RESIDUOS MG LTDA;3315;1;1;Completa;Serviço;Despesa orçamentária;2026-04-06;2026-04-06;2026-04-06;15954,89;Não
1440 - DEFENSORIA PUBLICA DO ESTADO DE MINAS GERAIS;Nota fiscal;16.630.743/0001-85;ELIABE DO NASCIMENTO LUIZ;115;;1;Completa;Serviço;Despesa orçamentária;2026-04-01;2026-04-06;2026-04-06;24101,48;Não
1080 - ADVOCACIA-GERAL DO ESTADO DE MINAS GERAIS;Outros;02.421.421/0001-11;TIM S A;5708219804;;1;Completa;Serviço;Despesa orçamentária;2026-04-06;2026-04-06;2026-04-06;1384,45;Não
2270 - FUNDACAO HOSPITALAR DO ESTADO DE MINAS GERAIS;Nota fiscal;67.729.178/0002-20;COMERCIAL CIRURGICA RIOCLARENSE LTDA;912451;1;1;Completa - Recebimento definitivo;Consumo;Despesa orçamentária;2026-03-25;2026-04-02;2026-04-06;11040,0;Não
1260 - SECRETARIA DE ESTADO DE EDUCACAO;Outros;33.224.254/0001-42;MGS MINAS GERAIS ADMINISTRACAO E SERVICOS S/A;12777;1;1;Completa;Serviço;Despesa orçamentária;2026-03-30;2026-04-06;2026-04-06;64459,32;Não
2270 - FUNDACAO HOSPITALAR DO ESTADO DE MINAS GERAIS;Nota fiscal;82.641.325/0021-61;CREMER S.A.;512148;;1;Completa - Recebimento definitivo;Consumo;Despesa orçamentária;2026-03-30;2026-04-06;2026-04-06;3104,64;Não
2170 - FUNDACAO DE ARTE DE OURO PRETO-FAOP;Nota fiscal;09.719.875/0001-12;OI SOLUCOES S/A;13;1;2;Completa;Serviço;Despesa orçamentária;2026-03-16;2026-04-06;2026-04-06;1999,26;Não
2270 - FUNDACAO HOSPITALAR DO ESTADO DE MINAS GERAIS;Nota fiscal;19.848.316/0001-66;BIOMEDICAL PRODUTOS CIENTIFICOS MEDICOS E HOSPITALARES S A;639051;0;1;Completa - Recebimento definitivo;Consumo;Despesa orçamentária;2026-03-31;2026-04-02;2026-04-06;2490,0;Não
2320 - FUNDACAO CENTRO DE HEMATOLOGIA E HEMOTERAPIA DE MG;Nota fiscal;27.498.289/0001-77;LMC MEDICAO E CONTROLE LTDA;662;;1;Completa;Serviço;Despesa orçamentária;2026-03-06;2026-04-06;2026-04-06;210,64;Não
1030 - TRIBUNAL DE JUSTICA DO ESTADO DE MINAS GERAIS;Nota fiscal;78.533.312/0001-58;PLANSUL PLANEJAMENTO E CONSULTORIA LTDA;202612349;;1;Completa;Serviço;Despesa extra orçamentária;2026-04-02;2026-04-03;2026-04-06;7227,03;Não
2270 - FUNDACAO HOSPITALAR DO ESTADO DE MINAS GERAIS;Nota fiscal;19.848.316/0001-66;BIOMEDICAL PRODUTOS CIENTIFICOS MEDICOS E HOSPITALARES S A;639143;0;1;Completa - Recebimento definitivo;Consumo;Despesa orçamentária;2026-03-31;2026-04-02;2026-04-06;4316,0;Não
2270 - FUNDACAO HOSPITALAR DO ESTADO DE MINAS GERAIS;Nota fiscal;54.516.661/0080-05;JOHNSON & JOHNSON DO BRASIL INDUSTRIA E COMERCIO DE PRODUTOS PARA SAUDE LTDA.;2037537;;1;Completa - Recebimento definitivo;Consumo;Despesa orçamentária;2026-02-18;2026-02-19;2026-04-06;5968,55;Não
1030 - TRIBUNAL DE JUSTICA DO ESTADO DE MINAS GERAIS;Nota fiscal;78.533.312/0001-58;PLANSUL PLANEJAMENTO E CONSULTORIA LTDA;202612350;;1;Completa;Serviço;Despesa extra orçamentária;2026-04-02;2026-04-03;2026-04-06;3234,73;Não
2010 - INST.DE PREVIDENCIA DOS SERVIDORES DO EST.M.GERAIS;Nota fiscal;33.224.254/0001-42;MGS MINAS GERAIS ADMINISTRACAO E SERVICOS S/A;11735;1A;1;Completa;Serviço;Despesa orçamentária;2026-03-24;2026-03-24;2026-04-06;144925,26;Não
1030 - TRIBUNAL DE JUSTICA DO ESTADO DE MINAS GERAIS;Nota fiscal;78.533.312/0001-58;PLANSUL PLANEJAMENTO E CONSULTORIA LTDA;202612351;;1;Completa;Serviço;Despesa extra orçamentária;2026-04-02;2026-04-03;2026-04-06;190,55;Não
2270 - FUNDACAO HOSPITALAR DO ESTADO DE MINAS GERAIS;Nota fiscal;02.662.841/0001-90;MASTERMED COMERCIAL LTDA -EPP;13659;1;1;Completa - Recebimento definitivo;Consumo;Despesa orçamentária;2026-04-01;2026-04-02;2026-04-06;2110,8;Não
1030 - TRIBUNAL DE JUSTICA DO ESTADO DE MINAS GERAIS;Nota fiscal;78.533.312/0001-58;PLANSUL PLANEJAMENTO E CONSULTORIA LTDA;202612352;;1;Completa;Serviço;Despesa extra orçamentária;2026-04-02;2026-04-03;2026-04-06;6923,85;Não
2320 - FUNDACAO CENTRO DE HEMATOLOGIA E HEMOTERAPIA DE MG;Nota fiscal;27.498.289/0001-77;LMC MEDICAO E CONTROLE LTDA;666;;1;Completa;Serviço;Despesa orçamentária;2026-03-06;2026-04-06;2026-04-06;18,66;Não
1080 - ADVOCACIA-GERAL DO ESTADO DE MINAS GERAIS;Outros;40.432.544/0112-62;CLARO S.A.;20262212;;1;Completa;Serviço;Despesa orçamentária;2026-04-01;2026-04-06;2026-04-06;260,55;Não
1030 - TRIBUNAL DE JUSTICA DO ESTADO DE MINAS GERAIS;Nota fiscal;78.533.312/0001-58;PLANSUL PLANEJAMENTO E CONSULTORIA LTDA;202612353;;1;Completa;Serviço;Despesa extra orçamentária;2026-04-02;2026-04-03;2026-04-06;4118,68;Não
1080 - ADVOCACIA-GERAL DO ESTADO DE MINAS GERAIS;Outros;40.432.544/0112-62;CLARO S.A.;20262213;;1;Completa;Serviço;Despesa orçamentária;2026-04-01;2026-04-06;2026-04-06;390,84;Não
1030 - TRIBUNAL DE JUSTICA DO ESTADO DE MINAS GERAIS;Nota fiscal;78.533.312/0001-58;PLANSUL PLANEJAMENTO E CONSULTORIA LTDA;202612354;;1;Completa;Serviço;Despesa extra orçamentária;2026-04-02;2026-04-03;2026-04-06;3330,0;Não
1080 - ADVOCACIA-GERAL DO ESTADO DE MINAS GERAIS;Outros;40.432.544/0112-62;CLARO S.A.;20262214;;1;Completa;Serviço;Despesa orçamentária;2026-04-01;2026-04-06;2026-04-06;601,14;Não
2010 - INST.DE PREVIDENCIA DOS SERVIDORES DO EST.M.GERAIS;Nota fiscal;33.224.254/0001-42;MGS MINAS GERAIS ADMINISTRACAO E SERVICOS S/A;11739;1A;1;Completa;Serviço;Despesa orçamentária;2026-03-24;2026-03-24;2026-04-06;13862,11;Não
1080 - ADVOCACIA-GERAL DO ESTADO DE MINAS GERAIS;Outros;40.432.544/0112-62;CLARO S.A.;20262215;;1;Completa;Serviço;Despesa orçamentária;2026-04-01;2026-04-06;2026-04-06;130,27;Não
1030 - TRIBUNAL DE JUSTICA DO ESTADO DE MINAS GERAIS;Nota fiscal;78.533.312/0001-58;PLANSUL PLANEJAMENTO E CONSULTORIA LTDA;202612355;;1;Completa;Serviço;Despesa extra orçamentária;2026-04-02;2026-04-03;2026-04-06;2837,68;Não
1030 - TRIBUNAL DE JUSTICA DO ESTADO DE MINAS GERAIS;Nota fiscal;78.533.312/0001-58;PLANSUL PLANEJAMENTO E CONSULTORIA LTDA;202612356;;1;Completa;Serviço;Despesa extra orçamentária;2026-04-02;2026-04-03;2026-04-06;3305,69;Não
1030 - TRIBUNAL DE JUSTICA DO ESTADO DE MINAS GERAIS;Nota fiscal;78.533.312/0001-58;PLANSUL PLANEJAMENTO E CONSULTORIA LTDA;202612357;;1;Completa;Serviço;Despesa extra orçamentária;2026-04-02;2026-04-03;2026-04-06;3395,85;Não
2270 - FUNDACAO HOSPITALAR DO ESTADO DE MINAS GERAIS;Nota fiscal;05.266.324/0003-51;SERQUIP - TRATAMENTO DE RESIDUOS MG LTDA;3314;1;1;Completa;Serviço;Despesa orçamentária;2026-04-06;2026-04-06;2026-04-06;1610,77;Não
1030 - TRIBUNAL DE JUSTICA DO ESTADO DE MINAS GERAIS;Nota fiscal;16.673.998/0001-25;SUPERINTENDENCIA DE LIMPEZA URBANA;561264;;1;Completa;Serviço;Despesa orçamentária;2026-04-06;2026-04-06;2026-04-06;5452,33;Não
2270 - FUNDACAO HOSPITALAR DO ESTADO DE MINAS GERAIS;Nota fiscal;66.437.831/0001-33;HTS - TECNOLOGIA EM SAUDE, COMERCIO IMPORTACAO E EXPORTACAO LTDA;241162;;1;Completa - Recebimento definitivo;Consumo;Despesa orçamentária;2026-02-18;2026-02-19;2026-04-06;284,5;Não
2270 - FUNDACAO HOSPITALAR DO ESTADO DE MINAS GERAIS;Nota fiscal;66.437.831/0001-33;HTS - TECNOLOGIA EM SAUDE, COMERCIO IMPORTACAO E EXPORTACAO LTDA;241165;;1;Incompleta;Consumo;Despesa orçamentária;2026-02-18;2026-02-19;2026-04-06;2,78;Não
2010 - INST.DE PREVIDENCIA DOS SERVIDORES DO EST.M.GERAIS;Nota fiscal;33.224.254/0001-42;MGS MINAS GERAIS ADMINISTRACAO E SERVICOS S/A;11761;1A;1;Completa;Serviço;Despesa orçamentária;2026-03-24;2026-03-24;2026-04-06;534835,36;Não
1090 - PROCURADORIA GERAL DE JUSTICA;Outros;16.673.998/0001-25;SUPERINTENDENCIA DE LIMPEZA URBANA;326086714859;;1;Completa;Serviço;Despesa orçamentária;2026-04-06;2026-04-06;2026-04-06;1502,53;Não
2320 - FUNDACAO CENTRO DE HEMATOLOGIA E HEMOTERAPIA DE MG;Nota fiscal;27.498.289/0001-77;LMC MEDICAO E CONTROLE LTDA;702;;1;Completa;Serviço;Despesa extra orçamentária;2026-03-09;2026-04-06;2026-04-06;2179,01;Não
2320 - FUNDACAO CENTRO DE HEMATOLOGIA E HEMOTERAPIA DE MG;Nota fiscal;27.498.289/0001-77;LMC MEDICAO E CONTROLE LTDA;719;;1;Completa;Serviço;Despesa extra orçamentária;2026-03-09;2026-04-06;2026-04-06;272,37;Não
1090 - PROCURADORIA GERAL DE JUSTICA;Nota fiscal;76.659.820/0046-53;ASSOCIACAO PARANAENSE DE CULTURA - APC;1650;;1;Completa;Serviço;Despesa orçamentária;2026-04-01;2026-04-06;2026-04-06;1199,34;Não
1090 - PROCURADORIA GERAL DE JUSTICA;Outros;21.858.741/0001-88;SAVI IMOVEIS LTDA -EPP;27633202698;;1;Completa;Serviço;Despesa orçamentária;2026-04-06;2026-04-06;2026-04-06;465,43;Não
1250 - POLICIA MILITAR DE MINAS GERAIS;Nota fiscal;45.403.502/0001-00;45.403.502 HERVANDES DA SILVA LOPES;9;1;1;Completa - Recebimento definitivo;Permanente;Despesa orçamentária;2026-04-01;2026-04-06;2026-04-06;1189,98;Não
1250 - POLICIA MILITAR DE MINAS GERAIS;Nota fiscal;39.327.560/0001-90;ABOVE AVIATION MRO LTDA;777;1;2;Completa - Recebimento definitivo;Consumo;Despesa orçamentária;2026-03-23;2026-03-25;2026-04-07;25075,57;Sim
1260 - SECRETARIA DE ESTADO DE EDUCACAO;Outros;16.588.268/0001-26;CENTRO TECNICO DE EDUCACAO PROFISSIONAL DE ALEM PARAIBA LTDA - ME;32026;;1;Completa;Serviço;Despesa orçamentária;2026-04-01;2026-04-07;2026-04-07;36820,0;Não
2260 - FUNDACAO EZEQUIEL DIAS;Nota fiscal;42.738.381/0001-50;CICLO CONTROLE AMBIENTAL LTDA;115;;1;Completa;Serviço;Despesa orçamentária;2026-04-01;2026-04-07;2026-04-07;2785,95;Não
1260 - SECRETARIA DE ESTADO DE EDUCACAO;Outros;01.029.518/0001-10;SOCIEDADE ALEM PARAIBANA DE EDUCACAO;32026;;1;Completa;Serviço;Despesa orçamentária;2026-04-01;2026-04-07;2026-04-07;6780,0;Não
2260 - FUNDACAO EZEQUIEL DIAS;Outros;33.224.254/0001-42;MGS MINAS GERAIS ADMINISTRACAO E SERVICOS S/A;680413;;1;Completa;Serviço;Despesa orçamentária;2026-03-27;2026-03-31;2026-04-07;5503,2;Não
2260 - FUNDACAO EZEQUIEL DIAS;Nota fiscal;42.738.381/0001-50;CICLO CONTROLE AMBIENTAL LTDA;116;;1;Completa;Serviço;Despesa orçamentária;2026-04-01;2026-04-07;2026-04-07;3837,25;Não
2270 - FUNDACAO HOSPITALAR DO ESTADO DE MINAS GERAIS;Nota fiscal;04.147.853/0001-01;LAV-UNICA LAVANDERIA HOSPITALAR LTDA;2798;;1;Completa;Serviço;Despesa orçamentária;2026-04-06;2026-04-07;2026-04-07;83855,34;Não
2010 - INST.DE PREVIDENCIA DOS SERVIDORES DO EST.M.GERAIS;Nota fiscal;20.203.886/0001-88;RAD SERVICOS ESPECIALIZADOS E COMERCIO LTDA;4850;;1;Completa;Serviço;Despesa orçamentária;2026-04-06;2026-04-07;2026-04-07;535,89;Não
2310 - UNIVERSIDADE ESTADUAL DE MONTES CLAROS;Nota fiscal;41.826.744/0001-47;MEDIODONTOMINAS IMPORTACAO E COMERCIO LTDA;264016;1;1;Completa - Recebimento definitivo;Consumo;Despesa extra orçamentária;2026-02-04;2026-04-07;2026-04-07;183,81;Não
2270 - FUNDACAO HOSPITALAR DO ESTADO DE MINAS GERAIS;Nota fiscal;04.147.853/0001-01;LAV-UNICA LAVANDERIA HOSPITALAR LTDA;2797;;1;Completa;Serviço;Despesa orçamentária;2026-04-06;2026-04-07;2026-04-07;41290,54;Não
2310 - UNIVERSIDADE ESTADUAL DE MONTES CLAROS;Nota fiscal;41.826.744/0001-47;MEDIODONTOMINAS IMPORTACAO E COMERCIO LTDA;264017;1;1;Completa - Recebimento definitivo;Consumo;Despesa extra orçamentária;2026-02-04;2026-04-07;2026-04-07;423,88;Não
2310 - UNIVERSIDADE ESTADUAL DE MONTES CLAROS;Nota fiscal;41.826.744/0001-47;MEDIODONTOMINAS IMPORTACAO E COMERCIO LTDA;263992;1;1;Completa - Recebimento definitivo;Consumo;Despesa extra orçamentária;2026-02-04;2026-04-07;2026-04-07;148,4;Não
2310 - UNIVERSIDADE ESTADUAL DE MONTES CLAROS;Nota fiscal;41.826.744/0001-47;MEDIODONTOMINAS IMPORTACAO E COMERCIO LTDA;264018;1;1;Completa - Recebimento definitivo;Consumo;Despesa extra orçamentária;2026-02-04;2026-04-07;2026-04-07;479,3;Não
2310 - UNIVERSIDADE ESTADUAL DE MONTES CLAROS;Nota fiscal;41.826.744/0001-47;MEDIODONTOMINAS IMPORTACAO E COMERCIO LTDA;264019;1;1;Completa - Recebimento definitivo;Consumo;Despesa extra orçamentária;2026-02-04;2026-04-07;2026-04-07;324,51;Não
1010 - ASSEMBLEIA LEGISLATIVA DO ESTADO DE MINAS GERAIS;Outros;27.595.780/0001-16;CS BRASIL FROTAS S.A.;2197703072026;;1;Completa;Serviço;Despesa orçamentária;2026-04-02;2026-04-06;2026-04-07;14026,48;Não
2270 - FUNDACAO HOSPITALAR DO ESTADO DE MINAS GERAIS;Nota fiscal;41.227.007/0001-28;FARMACOR MATERIAIS E EQUIPAMENTOS CIRURGICOS LTDA;1153;;1;Completa - Recebimento definitivo;Consumo;Despesa extra orçamentária;2026-03-30;2026-04-07;2026-04-07;5441,72;Não
1050 - TRIBUNAL DE JUSTICA MILITAR DO ESTADO DE M.G.;Nota fiscal;***.777.876-**;EDMAR PINTO DE ASSIS;152026;;1;Completa;Serviço;Despesa orçamentária;2026-04-06;2026-04-06;2026-04-07;3200,0;Não
2260 - FUNDACAO EZEQUIEL DIAS;Nota fiscal;05.662.773/0001-57;PIXEON MEDICAL SYSTEMS COMERCIO E DESENVOLVIMENTO DE SOFTWARE LTDA.;4865;;1;Incompleta;Serviço;Despesa orçamentária;2026-02-12;2026-04-07;2026-04-07;30000,0;Não
1010 - ASSEMBLEIA LEGISLATIVA DO ESTADO DE MINAS GERAIS;Outros;02.491.558/0001-42;LOCALIZA VEICULOS ESPECIAIS S.A.;7749192026;;1;Completa;Serviço;Despesa orçamentária;2026-04-01;2026-04-06;2026-04-07;15752,98;Não
1320 - SECRETARIA DE ESTADO DA SAUDE;Nota fiscal;05.662.773/0001-57;PIXEON MEDICAL SYSTEMS COMERCIO E DESENVOLVIMENTO DE SOFTWARE LTDA.;4865;1;1;Completa;Serviço;Despesa extra orçamentária;2026-02-12;2026-04-07;2026-04-07;30000,0;Não
2310 - UNIVERSIDADE ESTADUAL DE MONTES CLAROS;Nota fiscal;41.826.744/0001-47;MEDIODONTOMINAS IMPORTACAO E COMERCIO LTDA;264014;1;1;Completa - Recebimento definitivo;Consumo;Despesa extra orçamentária;2026-02-04;2026-04-07;2026-04-07;148,4;Não
1320 - SECRETARIA DE ESTADO DA SAUDE;Nota fiscal;05.662.773/0001-57;PIXEON MEDICAL SYSTEMS COMERCIO E DESENVOLVIMENTO DE SOFTWARE LTDA.;4866;;1;Completa;Serviço;Despesa extra orçamentária;2026-02-12;2026-04-07;2026-04-07;30000,0;Não
1260 - SECRETARIA DE ESTADO DE EDUCACAO;Nota fiscal;33.224.254/0001-42;MGS MINAS GERAIS ADMINISTRACAO E SERVICOS S/A;12556;1;1;Completa;Serviço;Despesa orçamentária;2026-03-30;2026-04-07;2026-04-07;98777,67;Não
1320 - SECRETARIA DE ESTADO DA SAUDE;Nota fiscal;05.662.773/0001-57;PIXEON MEDICAL SYSTEMS COMERCIO E DESENVOLVIMENTO DE SOFTWARE LTDA.;4867;;1;Completa;Serviço;Despesa extra orçamentária;2026-02-12;2026-04-07;2026-04-07;30000,0;Não
2310 - UNIVERSIDADE ESTADUAL DE MONTES CLAROS;Nota fiscal;41.826.744/0001-47;MEDIODONTOMINAS IMPORTACAO E COMERCIO LTDA;264015;1;1;Completa - Recebimento definitivo;Consumo;Despesa extra orçamentária;2026-02-04;2026-04-07;2026-04-07;180,58;Não
2310 - UNIVERSIDADE ESTADUAL DE MONTES CLAROS;Nota fiscal;41.826.744/0001-47;MEDIODONTOMINAS IMPORTACAO E COMERCIO LTDA;264022;1;1;Completa - Recebimento definitivo;Consumo;Despesa extra orçamentária;2026-02-04;2026-04-07;2026-04-07;1222,81;Não
1050 - TRIBUNAL DE JUSTICA MILITAR DO ESTADO DE M.G.;Nota fiscal;***.435.636-**;GILMAR LUCIANO SANTOS;162026;;1;Completa;Serviço;Despesa orçamentária;2026-04-06;2026-04-06;2026-04-07;3400,0;Não
1320 - SECRETARIA DE ESTADO DA SAUDE;Nota fiscal;24.825.276/0001-77;JMBM ENGENHARIA ELETRICAS & CLIMATIZACAO LTDA;34;-;1;Incompleta;Serviço;Despesa orçamentária;2026-04-01;2026-04-07;2026-04-07;14353,88;Não
1190 - SECRETARIA DE ESTADO DE FAZENDA DE MINAS GERAIS;Outros;34.028.316/0015-09;EMPRESA BRASILEIRA DE CORREIOS E TELEGRAFOS - ECT;2491619;;1;Completa;Serviço;Despesa orçamentária;2026-03-31;2026-04-07;2026-04-07;4655,39;Não
2310 - UNIVERSIDADE ESTADUAL DE MONTES CLAROS;Nota fiscal;41.826.744/0001-47;MEDIODONTOMINAS IMPORTACAO E COMERCIO LTDA;264023;1;1;Completa - Recebimento definitivo;Consumo;Despesa extra orçamentária;2026-02-04;2026-04-07;2026-04-07;1096,39;Não
1250 - POLICIA MILITAR DE MINAS GERAIS;Nota fiscal;28.824.379/0001-73;FAP ENGENHARIA E CONSTRUCAO LTDA;33;;1;Completa;Serviço;Despesa extra orçamentária;2026-03-24;2026-04-07;2026-04-07;94490,81;Não
2120 - INST.PREV.DOS SERV.MILITARES DO ESTADO M.GERAIS;Outros;76.535.764/0001-43;OI S.A. - EM RECUPERACAO JUDICIAL;33069;1;1;Completa;Serviço;Despesa orçamentária;2026-03-25;2026-04-07;2026-04-07;9185,91;Não
1190 - SECRETARIA DE ESTADO DE FAZENDA DE MINAS GERAIS;Outros;34.028.316/0015-09;EMPRESA BRASILEIRA DE CORREIOS E TELEGRAFOS - ECT;2493369;;1;Completa;Serviço;Despesa orçamentária;2026-03-31;2026-04-07;2026-04-07;2564,86;Não
1190 - SECRETARIA DE ESTADO DE FAZENDA DE MINAS GERAIS;Outros;34.028.316/0015-09;EMPRESA BRASILEIRA DE CORREIOS E TELEGRAFOS - ECT;2501484;;1;Completa;Serviço;Despesa orçamentária;2026-03-31;2026-04-07;2026-04-07;1384,49;Não
1260 - SECRETARIA DE ESTADO DE EDUCACAO;Outros;04.569.153/0002-96;JOSIANE LILIA DE CARVALHO -ME;9498922;M26;1;Completa;Serviço;Despesa orçamentária;2026-04-06;2026-04-07;2026-04-07;4540,0;Não
2270 - FUNDACAO HOSPITALAR DO ESTADO DE MINAS GERAIS;Nota fiscal;00.201.182/0001-69;DISTRIBUIDORA DE AGUAS MINERAIS BH LTDA -EPP;34677;1;1;Completa - Recebimento definitivo;Consumo;Despesa orçamentária;2026-04-01;2026-04-01;2026-04-07;1452,0;Não
1260 - SECRETARIA DE ESTADO DE EDUCACAO;Outros;33.224.254/0001-42;MGS MINAS GERAIS ADMINISTRACAO E SERVICOS S/A;680635;;1;Completa;Serviço;Despesa orçamentária;2026-03-30;2026-04-07;2026-04-07;4896,34;Não
1190 - SECRETARIA DE ESTADO DE FAZENDA DE MINAS GERAIS;Outros;34.028.316/0015-09;EMPRESA BRASILEIRA DE CORREIOS E TELEGRAFOS - ECT;2494864;;1;Completa;Serviço;Despesa orçamentária;2026-03-31;2026-04-07;2026-04-07;2588,73;Não
2270 - FUNDACAO HOSPITALAR DO ESTADO DE MINAS GERAIS;Nota fiscal;18.917.657/0001-83;MEDH DISTRIBUIDORA DE MEDICAMENTOS LTDA;51746;;1;Completa - Recebimento definitivo;Consumo;Despesa orçamentária;2026-03-26;2026-03-27;2026-04-07;3591,5;Não
2320 - FUNDACAO CENTRO DE HEMATOLOGIA E HEMOTERAPIA DE MG;Nota fiscal;20.402.236/0001-61;FRAN LUY PADARIA E CONFEITARIA LTDA -EPP;2241;;1;Completa - Recebimento definitivo;Consumo;Despesa orçamentária;2026-03-31;2026-04-07;2026-04-07;19570,28;Não
1260 - SECRETARIA DE ESTADO DE EDUCACAO;Nota fiscal;36.757.764/0001-73;CONCRETIZA ENGENHARIA LTDA;30;;1;Completa;Serviço;Despesa extra orçamentária;2026-04-06;2026-04-06;2026-04-07;786492,76;Não
1260 - SECRETARIA DE ESTADO DE EDUCACAO;Nota fiscal;31.722.206/0001-59;IVANETE APARECIDA MIRANDA;3864;1;1;Completa - Disponível para recebimento definitivo;Consumo;Despesa orçamentária;2026-03-19;2026-04-01;2026-04-07;278,5;Não
1260 - SECRETARIA DE ESTADO DE EDUCACAO;Nota fiscal;33.224.254/0001-42;MGS MINAS GERAIS ADMINISTRACAO E SERVICOS S/A;12666;A26;1;Completa;Serviço;Despesa orçamentária;2026-03-30;2026-04-06;2026-04-07;133932,95;Não
2270 - FUNDACAO HOSPITALAR DO ESTADO DE MINAS GERAIS;Nota fiscal;42.947.333/0001-72;PRUDENTE REFEICOES LTDA - 'EM RECUPERACAO JUDICIAL';12831;1;1;Completa;Serviço;Despesa orçamentária;2026-03-31;2026-04-07;2026-04-07;629407,53;Não
1320 - SECRETARIA DE ESTADO DA SAUDE;Nota fiscal;08.273.364/0001-57;TICKET GESTAO EM MANUTENCAO EZC S.A;48499679;;1;Completa;Serviço;Despesa orçamentária;2026-04-01;2026-04-06;2026-04-07;736,4;Não
2310 - UNIVERSIDADE ESTADUAL DE MONTES CLAROS;Nota fiscal;41.826.744/0001-47;MEDIODONTOMINAS IMPORTACAO E COMERCIO LTDA;266334;1;1;Completa - Recebimento definitivo;Consumo;Despesa extra orçamentária;2026-03-03;2026-04-07;2026-04-07;235,88;Não
1260 - SECRETARIA DE ESTADO DE EDUCACAO;Outros;50.732.276/0001-32;CONSTRUFORT ESTRUTURAS METALICAS LTDA;38;700;1;Completa;Serviço;Despesa extra orçamentária;2026-04-06;2026-04-07;2026-04-07;101556,85;Não
2270 - FUNDACAO HOSPITALAR DO ESTADO DE MINAS GERAIS;Nota fiscal;00.028.682/0001-40;PROMEDON DO BRASIL PRODUTOS MEDICO HOSPITALARES LTDA;531583;;1;Completa - Recebimento definitivo;Consumo;Despesa orçamentária;2026-03-20;2026-03-31;2026-04-07;18397,5;Não
2310 - UNIVERSIDADE ESTADUAL DE MONTES CLAROS;Nota fiscal;41.826.744/0001-47;MEDIODONTOMINAS IMPORTACAO E COMERCIO LTDA;266327;1;1;Completa - Recebimento definitivo;Consumo;Despesa extra orçamentária;2026-03-03;2026-04-07;2026-04-07;275,48;Não
2310 - UNIVERSIDADE ESTADUAL DE MONTES CLAROS;Nota fiscal;41.826.744/0001-47;MEDIODONTOMINAS IMPORTACAO E COMERCIO LTDA;266324;1;1;Completa - Recebimento definitivo;Consumo;Despesa extra orçamentária;2026-03-03;2026-04-07;2026-04-07;197,6;Não
2310 - UNIVERSIDADE ESTADUAL DE MONTES CLAROS;Nota fiscal;41.826.744/0001-47;MEDIODONTOMINAS IMPORTACAO E COMERCIO LTDA;266408;1;1;Completa - Recebimento definitivo;Consumo;Despesa extra orçamentária;2026-03-04;2026-04-07;2026-04-07;1096,39;Não
1320 - SECRETARIA DE ESTADO DA SAUDE;Nota fiscal;05.662.773/0001-57;PIXEON MEDICAL SYSTEMS COMERCIO E DESENVOLVIMENTO DE SOFTWARE LTDA.;4868;;1;Completa;Serviço;Despesa extra orçamentária;2026-02-12;2026-04-07;2026-04-07;30000,0;Não
2310 - UNIVERSIDADE ESTADUAL DE MONTES CLAROS;Nota fiscal;41.826.744/0001-47;MEDIODONTOMINAS IMPORTACAO E COMERCIO LTDA;266335;1;1;Completa - Recebimento definitivo;Consumo;Despesa extra orçamentária;2026-03-03;2026-04-07;2026-04-07;23,39;Não
2310 - UNIVERSIDADE ESTADUAL DE MONTES CLAROS;Nota fiscal;41.826.744/0001-47;MEDIODONTOMINAS IMPORTACAO E COMERCIO LTDA;266338;1;1;Completa - Recebimento definitivo;Consumo;Despesa extra orçamentária;2026-03-03;2026-04-07;2026-04-07;124,07;Não
2270 - FUNDACAO HOSPITALAR DO ESTADO DE MINAS GERAIS;Nota fiscal;21.681.325/0001-57;MULTIFARMA COMERCIO E REPRESENTACOES LTDA.;288689;;1;Completa - Recebimento definitivo;Consumo;Despesa extra orçamentária;2026-04-01;2026-04-07;2026-04-07;258,0;Não
1320 - SECRETARIA DE ESTADO DA SAUDE;Nota fiscal;05.662.773/0001-57;PIXEON MEDICAL SYSTEMS COMERCIO E DESENVOLVIMENTO DE SOFTWARE LTDA.;4869;;1;Completa;Serviço;Despesa extra orçamentária;2026-02-12;2026-04-07;2026-04-07;30000,0;Não
1500 - SECRETARIA DE ESTADO DE PLANEJAMENTO E GESTAO;Nota fiscal;05.444.637/0001-90;MANTIQUEIRA ELEVADORES LTDA - EPP;28922;3B;1;Incompleta;Serviço;Despesa orçamentária;2026-03-31;2026-04-07;2026-04-07;421,4;Não
2270 - FUNDACAO HOSPITALAR DO ESTADO DE MINAS GERAIS;Nota fiscal;01.571.702/0001-98;HALEX ISTAR INDUSTRIA FARMACEUTICA SA;460222;2;1;Completa - Recebimento definitivo;Consumo;Despesa orçamentária;2026-03-31;2026-03-31;2026-04-07;10620,0;Não
2310 - UNIVERSIDADE ESTADUAL DE MONTES CLAROS;Nota fiscal;41.826.744/0001-47;MEDIODONTOMINAS IMPORTACAO E COMERCIO LTDA;266328;1;1;Completa - Recebimento definitivo;Consumo;Despesa extra orçamentária;2026-03-03;2026-04-07;2026-04-07;142,52;Não
1250 - POLICIA MILITAR DE MINAS GERAIS;Nota fiscal;27.363.260/0001-88;LABCALTEC COMERCIO, MANUTENCAO E VALIDACAO DE EQUIPAMENTOS LTDA;90;;1;Incompleta;Serviço;Despesa extra orçamentária;2026-04-01;2026-04-06;2026-04-07;10125,8;Não
2010 - INST.DE PREVIDENCIA DOS SERVIDORES DO EST.M.GERAIS;Nota fiscal;19.499.671/0001-77;MS SERVICOS DE MANUTENCAO LTDA;226;1;1;Completa;Serviço;Despesa orçamentária;2026-04-06;2026-04-07;2026-04-07;1041,14;Não
1450 - SECRETARIA DE ESTADO DE JUSTICA E SEGURANCA PUBLIC;Nota fiscal;11.319.926/0001-60;KSM MANUTENCAO DE MAQUINAS E EQUIPAMENTOS LTDA -ME;43;E;1;Completa;Serviço;Despesa orçamentária;2026-02-28;2026-02-28;2026-04-07;3752,64;Não
2120 - INST.PREV.DOS SERV.MILITARES DO ESTADO M.GERAIS;Outros;76.535.764/0001-43;OI S.A. - EM RECUPERACAO JUDICIAL;33071;;1;Completa;Serviço;Despesa orçamentária;2026-03-26;2026-04-07;2026-04-07;342,29;Não
2310 - UNIVERSIDADE ESTADUAL DE MONTES CLAROS;Nota fiscal;41.826.744/0001-47;MEDIODONTOMINAS IMPORTACAO E COMERCIO LTDA;266368;1;1;Completa - Recebimento definitivo;Consumo;Despesa extra orçamentária;2026-03-03;2026-04-07;2026-04-07;98,34;Não
2310 - UNIVERSIDADE ESTADUAL DE MONTES CLAROS;Nota fiscal;41.826.744/0001-47;MEDIODONTOMINAS IMPORTACAO E COMERCIO LTDA;266331;1;1;Completa - Recebimento definitivo;Consumo;Despesa extra orçamentária;2026-03-03;2026-04-07;2026-04-07;648,11;Não
2010 - INST.DE PREVIDENCIA DOS SERVIDORES DO EST.M.GERAIS;Nota fiscal;02.936.819/0001-90;APICE HEALTHCARE EQUIPAMENTOS MEDICOS HOSPITALARES LTDA;176;;1;Completa;Serviço;Despesa orçamentária;2026-04-02;2026-04-07;2026-04-07;3062,43;Não
1500 - SECRETARIA DE ESTADO DE PLANEJAMENTO E GESTAO;Nota fiscal;05.444.637/0001-90;MANTIQUEIRA ELEVADORES LTDA - EPP;28922;3C;1;Completa;Serviço;Despesa orçamentária;2026-03-31;2026-04-07;2026-04-07;421,4;Não
2270 - FUNDACAO HOSPITALAR DO ESTADO DE MINAS GERAIS;Nota fiscal;54.516.661/0080-05;JOHNSON & JOHNSON DO BRASIL INDUSTRIA E COMERCIO DE PRODUTOS PARA SAUDE LTDA.;2060712;;1;Completa - Recebimento definitivo;Consumo;Despesa orçamentária;2026-03-24;2026-03-31;2026-04-07;215,04;Não
2310 - UNIVERSIDADE ESTADUAL DE MONTES CLAROS;Nota fiscal;41.826.744/0001-47;MEDIODONTOMINAS IMPORTACAO E COMERCIO LTDA;266332;1;1;Completa - Recebimento definitivo;Consumo;Despesa extra orçamentária;2026-03-03;2026-04-07;2026-04-07;648,11;Não
1260 - SECRETARIA DE ESTADO DE EDUCACAO;Nota fiscal;38.213.230/0001-01;PROTEKTO SEGURANCA LTDA;285;;1;Completa;Serviço;Despesa orçamentária;2026-04-01;2026-04-06;2026-04-07;1023,8;Não
1450 - SECRETARIA DE ESTADO DE JUSTICA E SEGURANCA PUBLIC;Nota fiscal;08.100.954/0001-88;GTO GRUPO TECNICO EM ODONTOLOGIA LTDA - ME;72;E;1;Completa;Serviço;Despesa orçamentária;2026-02-11;2026-02-11;2026-04-07;1790,0;Não
1320 - SECRETARIA DE ESTADO DA SAUDE;Nota fiscal;04.307.650/0025-02;ONCO PROD DISTRIBUIDORA DE PRODUTOS HOSPITALARES E ONCOLOGICOS LTDA.;1861350;26;1;Incompleta;Consumo;Despesa extra orçamentária;2026-03-19;2026-04-06;2026-04-07;121,0;Não
1030 - TRIBUNAL DE JUSTICA DO ESTADO DE MINAS GERAIS;Nota fiscal;55.716.529/0001-06;LIDER BHZ COMERCIO E SERVICOS LTDA;548;1;1;Completa - Recebimento definitivo;Consumo;Despesa orçamentária;2026-04-06;2026-04-06;2026-04-07;55379,03;Não
1260 - SECRETARIA DE ESTADO DE EDUCACAO;Outros;03.773.700/0001-07;SERVICO NACIONAL DE APRENDIZAGEM INDUSTRIAL - DEPARTAMENTO REGIONAL DE MINAS GERAIS;9447798;M26;2;Completa;Serviço;Despesa orçamentária;2026-04-06;2026-04-07;2026-04-07;27900,0;Não
1190 - SECRETARIA DE ESTADO DE FAZENDA DE MINAS GERAIS;Nota fiscal;15.866.070/0001-02;ALIANCA COMERCIO E SERVICOS DE SEGURANCA ELETRONICA LTDA - ME;1911;;1;Completa;Serviço;Despesa orçamentária;2026-04-06;2026-04-07;2026-04-07;294,37;Não
2270 - FUNDACAO HOSPITALAR DO ESTADO DE MINAS GERAIS;Nota fiscal;18.917.657/0001-83;MEDH DISTRIBUIDORA DE MEDICAMENTOS LTDA;52008;;1;Completa - Recebimento definitivo;Consumo;Despesa orçamentária;2026-03-30;2026-03-31;2026-04-07;1090,0;Não
2260 - FUNDACAO EZEQUIEL DIAS;Nota fiscal;60.637.667/0001-21;INDUSTRIA E COMERCIO ELETRO ELETRONICA GEHAKA LTDA.;52065;;1;Completa;Serviço;Despesa orçamentária;2026-03-26;2026-04-07;2026-04-07;6100,0;Não
1450 - SECRETARIA DE ESTADO DE JUSTICA E SEGURANCA PUBLIC;Nota fiscal;11.319.926/0001-60;KSM MANUTENCAO DE MAQUINAS E EQUIPAMENTOS LTDA -ME;32;E;1;Completa;Serviço;Despesa orçamentária;2026-02-28;2026-02-28;2026-04-07;2508,0;Não
1250 - POLICIA MILITAR DE MINAS GERAIS;Outros;07.346.326/0001-14;REPROS SOLUCOES EM TECNOLOGIA LTDA;143;;1;Completa;Serviço;Despesa extra orçamentária;2026-04-02;2026-04-07;2026-04-07;922,92;Não
2300 - DEPARTAMENTO DE ESTRADAS DE RODAGEM;Nota fiscal;08.273.364/0001-57;TICKET GESTAO EM MANUTENCAO EZC S.A;48497527;;1;Completa;Serviço;Despesa orçamentária;2026-04-01;2026-04-01;2026-04-07;515,85;Não
2320 - FUNDACAO CENTRO DE HEMATOLOGIA E HEMOTERAPIA DE MG;Nota fiscal;20.982.406/0001-24;BRAVO AR SERVICE COMERCIO MAQUINAS E EQUIPAMENTOS LTDA;1859;1;1;Completa;Serviço;Despesa orçamentária;2026-04-01;2026-04-01;2026-04-07;3499,98;Não
1250 - POLICIA MILITAR DE MINAS GERAIS;Nota fiscal;07.346.326/0001-14;REPROS SOLUCOES EM TECNOLOGIA LTDA;27870;;1;Completa;Serviço;Despesa orçamentária;2026-04-06;2026-04-06;2026-04-07;850,4;Não
2300 - DEPARTAMENTO DE ESTRADAS DE RODAGEM;Nota fiscal;23.664.303/0001-04;DME DISTRIBUICAO S.A. - DMED;3501932;1;1;Completa;Serviço;Despesa orçamentária;2026-03-25;2026-04-07;2026-04-07;1297,59;Não
1190 - SECRETARIA DE ESTADO DE FAZENDA DE MINAS GERAIS;Outros;40.432.544/0112-62;CLARO S.A.;200027340;;1;Completa;Serviço;Despesa orçamentária;2026-04-01;2026-04-07;2026-04-07;124,52;Não
2350 - UNIVERSIDADE DO ESTADO DE MINAS GERAIS;Nota fiscal;45.546.237/0001-00;FHS LIVROS LTDA;2666;1;1;Completa - Recebimento definitivo;Consumo;Despesa extra orçamentária;2025-10-16;2025-10-27;2026-04-07;186,18;Não
1260 - SECRETARIA DE ESTADO DE EDUCACAO;Nota fiscal;00.905.760/0003-00;PAPELARIA TRIBUTARIA LTDA;8138823;0;1;Completa - Disponível para recebimento definitivo;Consumo;Despesa extra orçamentária;2026-02-28;2026-03-30;2026-04-07;318073,28;Não
1190 - SECRETARIA DE ESTADO DE FAZENDA DE MINAS GERAIS;Outros;40.432.544/0112-62;CLARO S.A.;200027250;;1;Completa;Serviço;Despesa orçamentária;2026-04-01;2026-04-07;2026-04-07;124,52;Não
1370 - SECRETARIA ESTADO DE MEIO AMB.DESENV SUSTENTAVEL;Nota fiscal;33.224.254/0001-42;MGS MINAS GERAIS ADMINISTRACAO E SERVICOS S/A;12729;1;1;Completa;Serviço;Despesa orçamentária;2026-03-30;2026-03-31;2026-04-07;11919,84;Não
1190 - SECRETARIA DE ESTADO DE FAZENDA DE MINAS GERAIS;Outros;40.432.544/0112-62;CLARO S.A.;200027161;;1;Completa;Serviço;Despesa orçamentária;2026-04-01;2026-04-07;2026-04-07;124,52;Não
2270 - FUNDACAO HOSPITALAR DO ESTADO DE MINAS GERAIS;Nota fiscal;54.516.661/0080-05;JOHNSON & JOHNSON DO BRASIL INDUSTRIA E COMERCIO DE PRODUTOS PARA SAUDE LTDA.;2058253;;1;Completa - Recebimento definitivo;Consumo;Despesa orçamentária;2026-03-19;2026-03-31;2026-04-07;3129,99;Não
1510 - POLICIA CIVIL DO ESTADO DE MINAS GERAIS;Outros;***.781.806-**;SABINA VILAR BISCAIA DE PAULA;3;26;1;Completa;Serviço;Despesa orçamentária;2026-04-07;2026-04-07;2026-04-07;6233,98;Não
1370 - SECRETARIA ESTADO DE MEIO AMB.DESENV SUSTENTAVEL;Outros;33.224.254/0001-42;MGS MINAS GERAIS ADMINISTRACAO E SERVICOS S/A;680515;;1;Completa;Serviço;Despesa orçamentária;2026-03-30;2026-03-31;2026-04-07;1044,0;Não
1500 - SECRETARIA DE ESTADO DE PLANEJAMENTO E GESTAO;Outros;05.208.211/0001-38;IN HAUS INDUSTRIAL E SERVICOS DE LOGISTICA S/A;156418;;2;Completa;Serviço;Despesa orçamentária;2026-02-26;2026-02-26;2026-04-07;1291925,56;Não
1190 - SECRETARIA DE ESTADO DE FAZENDA DE MINAS GERAIS;Outros;40.432.544/0112-62;CLARO S.A.;26200027369;;1;Completa;Serviço;Despesa orçamentária;2026-04-01;2026-04-07;2026-04-07;124,52;Não
2270 - FUNDACAO HOSPITALAR DO ESTADO DE MINAS GERAIS;Nota fiscal;20.858.411/0001-20;AMGS COMERCIO E REPRESENTACOES LTDA;625376;2;1;Completa - Recebimento definitivo;Consumo;Despesa orçamentária;2026-03-13;2026-03-13;2026-04-07;230,32;Não
1190 - SECRETARIA DE ESTADO DE FAZENDA DE MINAS GERAIS;Outros;40.432.544/0112-62;CLARO S.A.;200026977;;1;Completa;Serviço;Despesa orçamentária;2026-04-01;2026-04-07;2026-04-07;124,52;Não
2310 - UNIVERSIDADE ESTADUAL DE MONTES CLAROS;Nota fiscal;41.826.744/0001-47;MEDIODONTOMINAS IMPORTACAO E COMERCIO LTDA;266336;1;1;Completa - Recebimento definitivo;Consumo;Despesa extra orçamentária;2026-03-03;2026-04-07;2026-04-07;299,9;Não
2310 - UNIVERSIDADE ESTADUAL DE MONTES CLAROS;Nota fiscal;41.826.744/0001-47;MEDIODONTOMINAS IMPORTACAO E COMERCIO LTDA;266330;1;1;Completa - Recebimento definitivo;Consumo;Despesa extra orçamentária;2026-03-03;2026-04-07;2026-04-07;764,34;Não
2350 - UNIVERSIDADE DO ESTADO DE MINAS GERAIS;Nota fiscal;06.981.180/0001-16;CEMIG DISTRIBUICAO S.A.;375781747;;1;Completa;Serviço;Despesa orçamentária;2026-04-02;2026-04-06;2026-04-07;4379,11;Não
1260 - SECRETARIA DE ESTADO DE EDUCACAO;Outros;27.302.750/0001-74;ETEC SG LTDA;9447674;12;1;Completa;Serviço;Despesa orçamentária;2026-04-07;2026-04-07;2026-04-07;13680,0;Não
1450 - SECRETARIA DE ESTADO DE JUSTICA E SEGURANCA PUBLIC;Nota fiscal;16.636.540/0001-04;COMPANHIA DE TECNOLOGIA DA INFORMACAO DO ESTADO DE MINAS GERAIS-PRODEMGE;2483;E;1;Completa;Serviço;Despesa orçamentária;2026-03-17;2026-03-17;2026-04-07;12132,0;Não
1030 - TRIBUNAL DE JUSTICA DO ESTADO DE MINAS GERAIS;Nota fiscal;55.716.529/0001-06;LIDER BHZ COMERCIO E SERVICOS LTDA;549;1;1;Completa - Recebimento definitivo;Consumo;Despesa orçamentária;2026-04-06;2026-04-06;2026-04-07;14630,5;Não
2310 - UNIVERSIDADE ESTADUAL DE MONTES CLAROS;Nota fiscal;41.826.744/0001-47;MEDIODONTOMINAS IMPORTACAO E COMERCIO LTDA;266337;1;1;Completa - Recebimento definitivo;Consumo;Despesa extra orçamentária;2026-03-03;2026-04-07;2026-04-07;232,04;Não
1450 - SECRETARIA DE ESTADO DE JUSTICA E SEGURANCA PUBLIC;Nota fiscal;16.636.540/0001-04;COMPANHIA DE TECNOLOGIA DA INFORMACAO DO ESTADO DE MINAS GERAIS-PRODEMGE;2484;E;1;Completa;Serviço;Despesa orçamentária;2026-03-17;2026-03-17;2026-04-07;6415,76;Não
2310 - UNIVERSIDADE ESTADUAL DE MONTES CLAROS;Nota fiscal;41.826.744/0001-47;MEDIODONTOMINAS IMPORTACAO E COMERCIO LTDA;266369;1;1;Completa - Recebimento definitivo;Consumo;Despesa extra orçamentária;2026-03-03;2026-04-07;2026-04-07;183,81;Não
1260 - SECRETARIA DE ESTADO DE EDUCACAO;Outros;33.224.254/0001-42;MGS MINAS GERAIS ADMINISTRACAO E SERVICOS S/A;680632;;1;Completa;Serviço;Despesa orçamentária;2026-03-30;2026-04-07;2026-04-07;5898,84;Não
1450 - SECRETARIA DE ESTADO DE JUSTICA E SEGURANCA PUBLIC;Outros;05.872.814/0001-30;VOGEL SOLUCOES EM TELECOMUNICACOES E INFORMATICA S.A.;54707;;1;Completa;Serviço;Despesa orçamentária;2026-03-10;2026-03-10;2026-04-07;1566,67;Não
1510 - POLICIA CIVIL DO ESTADO DE MINAS GERAIS;Outros;34.028.316/0015-09;EMPRESA BRASILEIRA DE CORREIOS E TELEGRAFOS - ECT;2494169;;1;Incompleta;Serviço;Despesa orçamentária;2026-04-06;2026-04-06;2026-04-07;2272,53;Não
2310 - UNIVERSIDADE ESTADUAL DE MONTES CLAROS;Nota fiscal;41.826.744/0001-47;MEDIODONTOMINAS IMPORTACAO E COMERCIO LTDA;266370;1;1;Completa - Recebimento definitivo;Consumo;Despesa extra orçamentária;2026-03-03;2026-04-07;2026-04-07;98,34;Não
2270 - FUNDACAO HOSPITALAR DO ESTADO DE MINAS GERAIS;Nota fiscal;04.522.343/0001-77;FARMACIA DE MANIPULACAO IDEAL FORMULAS LTDA;7998;1;1;Completa - Recebimento definitivo;Consumo;Despesa orçamentária;2026-04-01;2026-04-01;2026-04-07;99,4;Não
1260 - SECRETARIA DE ESTADO DE EDUCACAO;Nota fiscal;03.049.886/0001-56;FADEMA - FUNDACAO DE APOIO AO DESENVOLVIMENTO DA EXTENSAO, PESQUISA, ENSINO PROFISSIONALIZANTE E TECNOLOGICO;481;;1;Completa;Serviço;Despesa orçamentária;2026-04-01;2026-04-06;2026-04-07;13373,35;Não
2370 - INSTITUTO MINEIRO DE AGROPECUARIA;Outros;34.028.316/0015-09;EMPRESA BRASILEIRA DE CORREIOS E TELEGRAFOS - ECT;2499377;;1;Completa;Serviço;Despesa orçamentária;2026-04-06;2026-04-06;2026-04-07;673,04;Não
1260 - SECRETARIA DE ESTADO DE EDUCACAO;Outros;17.080.078/0001-66;FUNDACAO PRESIDENTE ANTONIO CARLOS;3;A;1;Completa;Serviço;Despesa orçamentária;2026-04-07;2026-04-07;2026-04-07;14140,0;Não
2310 - UNIVERSIDADE ESTADUAL DE MONTES CLAROS;Nota fiscal;41.826.744/0001-47;MEDIODONTOMINAS IMPORTACAO E COMERCIO LTDA;266407;1;1;Completa - Recebimento definitivo;Consumo;Despesa extra orçamentária;2026-03-04;2026-04-07;2026-04-07;514,58;Não
2370 - INSTITUTO MINEIRO DE AGROPECUARIA;Outros;34.028.316/0015-09;EMPRESA BRASILEIRA DE CORREIOS E TELEGRAFOS - ECT;2492304;;1;Completa;Serviço;Despesa orçamentária;2026-04-06;2026-04-06;2026-04-07;46,89;Não
2280 - FUNDACAO DE EDUCACAO PARA TRABALHO DE MINAS GERAIS;Nota fiscal;01.389.269/0001-74;ALCTEL TELECOMUNICACOES E INFORMATICA LTDA;652;;1;Completa;Serviço;Despesa orçamentária;2026-04-01;2026-04-06;2026-04-07;514,87;Não
2310 - UNIVERSIDADE ESTADUAL DE MONTES CLAROS;Nota fiscal;41.826.744/0001-47;MEDIODONTOMINAS IMPORTACAO E COMERCIO LTDA;266333;1;1;Completa - Recebimento definitivo;Consumo;Despesa extra orçamentária;2026-03-03;2026-04-07;2026-04-07;648,11;Não
1260 - SECRETARIA DE ESTADO DE EDUCACAO;Nota fiscal;33.224.254/0001-42;MGS MINAS GERAIS ADMINISTRACAO E SERVICOS S/A;12569;BCN;1;Completa;Serviço;Despesa orçamentária;2026-03-30;2026-04-07;2026-04-07;101679,37;Não
2120 - INST.PREV.DOS SERV.MILITARES DO ESTADO M.GERAIS;Outros;76.535.764/0001-43;OI S.A. - EM RECUPERACAO JUDICIAL;33070;;1;Completa;Serviço;Despesa orçamentária;2026-03-26;2026-04-07;2026-04-07;4832,43;Não
2270 - FUNDACAO HOSPITALAR DO ESTADO DE MINAS GERAIS;Nota fiscal;60.313.736/0001-41;ALLURE DISTRIBUIDORA DE MEDICAMENTOS LTDA;19;;1;Completa - Recebimento definitivo;Consumo;Despesa orçamentária;2026-04-06;2026-04-06;2026-04-07;2450,0;Não
2270 - FUNDACAO HOSPITALAR DO ESTADO DE MINAS GERAIS;Nota fiscal;04.654.861/0001-44;INDALABOR INDAIA LABORATORIO FARMACEUTICO LTDA;108544;1;1;Completa - Recebimento definitivo;Consumo;Despesa orçamentária;2026-03-24;2026-04-06;2026-04-07;10368,0;Não
2100 - INSTITUTO ESTADUAL DE FLORESTAS-IEF;Nota fiscal;05.340.639/0001-30;PRIME CONSULTORIA E ASSESSORIA EMPRESARIAL LTDA;152760;;1;Completa;Serviço;Despesa orçamentária;2026-04-01;2026-04-06;2026-04-07;124153,72;Não
1090 - PROCURADORIA GERAL DE JUSTICA;Nota fiscal;10.498.974/0001-09;INSTITUTO NEGOCIOS PUBLICOS DO BRASIL - ESTUDOS E PESQUISAS NA ADMNIISTRACAO PUBLICA - INP - LTDA;495;710;1;Completa;Serviço;Despesa orçamentária;2026-04-06;2026-04-07;2026-04-07;7380,0;Não
2270 - FUNDACAO HOSPITALAR DO ESTADO DE MINAS GERAIS;Nota fiscal;00.201.182/0001-69;DISTRIBUIDORA DE AGUAS MINERAIS BH LTDA -EPP;34676;;1;Completa - Recebimento definitivo;Consumo;Despesa orçamentária;2026-04-01;2026-04-07;2026-04-07;709,5;Não
1030 - TRIBUNAL DE JUSTICA DO ESTADO DE MINAS GERAIS;Nota fiscal;00.028.986/0010-07;ELEVADORES ATLAS SCHINDLER LTDA.;202633263;;1;Completa;Serviço;Despesa orçamentária;2026-04-07;2026-04-07;2026-04-07;7813,68;Não
2270 - FUNDACAO HOSPITALAR DO ESTADO DE MINAS GERAIS;Nota fiscal;10.426.715/0001-64;CONSORCIO OTIMO DE BILHETAGEM ELETRONICA;3826006508912;;1;Completa;Serviço;Despesa orçamentária;2026-04-07;2026-04-07;2026-04-07;17,35;Não
1450 - SECRETARIA DE ESTADO DE JUSTICA E SEGURANCA PUBLIC;Nota fiscal;16.636.540/0001-04;COMPANHIA DE TECNOLOGIA DA INFORMACAO DO ESTADO DE MINAS GERAIS-PRODEMGE;2487;E;1;Completa;Serviço;Despesa orçamentária;2026-03-17;2026-03-17;2026-04-07;1984,0;Não
2310 - UNIVERSIDADE ESTADUAL DE MONTES CLAROS;Nota fiscal;41.826.744/0001-47;MEDIODONTOMINAS IMPORTACAO E COMERCIO LTDA;264369;1;2;Completa - Recebimento definitivo;Consumo;Despesa extra orçamentária;2026-02-06;2026-02-06;2026-04-07;471,71;Não
1250 - POLICIA MILITAR DE MINAS GERAIS;Outros;07.346.326/0001-14;REPROS SOLUCOES EM TECNOLOGIA LTDA;27865;;1;Completa;Serviço;Despesa orçamentária;2026-04-02;2026-04-07;2026-04-07;1978,7;Não
1450 - SECRETARIA DE ESTADO DE JUSTICA E SEGURANCA PUBLIC;Outros;16.636.540/0001-04;COMPANHIA DE TECNOLOGIA DA INFORMACAO DO ESTADO DE MINAS GERAIS-PRODEMGE;2241;E;1;Completa;Serviço;Despesa orçamentária;2026-03-06;2026-03-06;2026-04-07;24907,76;Não
2270 - FUNDACAO HOSPITALAR DO ESTADO DE MINAS GERAIS;Nota fiscal;60.313.736/0001-41;ALLURE DISTRIBUIDORA DE MEDICAMENTOS LTDA;20;;1;Completa - Recebimento definitivo;Consumo;Despesa orçamentária;2026-04-06;2026-04-06;2026-04-07;4847,0;Não
1450 - SECRETARIA DE ESTADO DE JUSTICA E SEGURANCA PUBLIC;Nota fiscal;24.225.626/0001-64;DEL REI FOODS LTDA;227;;1;Completa;Serviço;Despesa orçamentária;2026-03-02;2026-03-02;2026-04-07;157106,84;Não
2270 - FUNDACAO HOSPITALAR DO ESTADO DE MINAS GERAIS;Nota fiscal;60.683.786/0001-10;MEDICAL CIRURGICA LTDA;19126;;1;Completa - Recebimento definitivo;Consumo;Despesa orçamentária;2026-03-27;2026-04-01;2026-04-07;1398,0;Não
1250 - POLICIA MILITAR DE MINAS GERAIS;Outros;07.346.326/0001-14;REPROS SOLUCOES EM TECNOLOGIA LTDA;144;;1;Completa;Serviço;Despesa orçamentária;2026-04-02;2026-04-07;2026-04-07;292,2;Não
1500 - SECRETARIA DE ESTADO DE PLANEJAMENTO E GESTAO;Nota fiscal;05.208.211/0001-38;IN HAUS INDUSTRIAL E SERVICOS DE LOGISTICA S/A;11813;;1;Completa;Serviço;Despesa orçamentária;2026-03-30;2026-03-30;2026-04-07;502977,3;Não
2270 - FUNDACAO HOSPITALAR DO ESTADO DE MINAS GERAIS;Nota fiscal;54.516.661/0080-05;JOHNSON & JOHNSON DO BRASIL INDUSTRIA E COMERCIO DE PRODUTOS PARA SAUDE LTDA.;2057928;1;1;Completa - Recebimento definitivo;Consumo;Despesa orçamentária;2026-03-19;2026-03-27;2026-04-07;2276,04;Não
1250 - POLICIA MILITAR DE MINAS GERAIS;Nota fiscal;25.361.124/0001-23;AACP SERVICO AMBIENTAL LTDA;227;;1;Completa;Serviço;Despesa orçamentária;2026-04-06;2026-04-06;2026-04-07;17600,67;Não
1250 - POLICIA MILITAR DE MINAS GERAIS;Outros;37.095.816/0001-56;FREITAS E ROCHA OFICINA LTDA;1328;;1;Completa;Serviço;Despesa extra orçamentária;2026-02-19;2026-04-07;2026-04-07;8222,61;Não
1710 - SECRETARIA DE ESTADO DE COMUNICACAO SOCIAL;Outros;18.351.226/0001-00;ORO COMUNICACAO LTDA.;11378;;1;Completa;Serviço;Despesa extra orçamentária;2025-12-22;2026-04-07;2026-04-07;22583,4;Não
1260 - SECRETARIA DE ESTADO DE EDUCACAO;Outros;27.302.750/0001-74;ETEC SG LTDA;9496694;;1;Completa;Serviço;Despesa orçamentária;2026-04-07;2026-04-07;2026-04-07;7440,0;Não
2350 - UNIVERSIDADE DO ESTADO DE MINAS GERAIS;Nota fiscal;53.317.703/0001-04;SOLUCAO ALUGUEL DE IMOVEIS LTDA;326;;1;Completa;Serviço;Despesa orçamentária;2026-03-01;2026-04-06;2026-04-07;36965,78;Não
1260 - SECRETARIA DE ESTADO DE EDUCACAO;Outros;33.224.254/0001-42;MGS MINAS GERAIS ADMINISTRACAO E SERVICOS S/A;680594;;1;Completa;Serviço;Despesa orçamentária;2026-03-30;2026-04-07;2026-04-07;2529,7;Não
1030 - TRIBUNAL DE JUSTICA DO ESTADO DE MINAS GERAIS;Outros;11.168.199/0002-69;HITSS DO BRASIL SERVICOS TECNOLOGICOS LTDA.;73855;;1;Completa;Serviço;Despesa extra orçamentária;2026-03-16;2026-03-16;2026-04-07;1048693,89;Não
1020 - TRIBUNAL DE CONTAS DO ESTADO DE MINAS GERAIS;Nota fiscal;14.457.810/0001-86;CHEIL COMERCIO DE EQUIPAMENTOS SERVICOS IMPORTACAO LTDA;2521;1;1;Completa - Disponível para recebimento definitivo;Consumo;Despesa orçamentária;2026-03-20;2026-04-07;2026-04-07;3600,0;Não
1710 - SECRETARIA DE ESTADO DE COMUNICACAO SOCIAL;Nota fiscal;05.893.556/0001-78;CLX COMUNICACAO E PUBLICIDADE LTDA;330;;1;Completa;Serviço;Despesa extra orçamentária;2026-03-19;2026-04-07;2026-04-07;6058,76;Não
2270 - FUNDACAO HOSPITALAR DO ESTADO DE MINAS GERAIS;Nota fiscal;04.522.343/0001-77;FARMACIA DE MANIPULACAO IDEAL FORMULAS LTDA;7999;1;1;Completa - Recebimento definitivo;Consumo;Despesa orçamentária;2026-04-01;2026-04-01;2026-04-07;39,8;Não
1260 - SECRETARIA DE ESTADO DE EDUCACAO;Nota fiscal;06.981.180/0001-16;CEMIG DISTRIBUICAO S.A.;375162375;;1;Completa;Serviço;Despesa orçamentária;2026-03-31;2026-04-07;2026-04-07;2760,99;Não
1190 - SECRETARIA DE ESTADO DE FAZENDA DE MINAS GERAIS;Nota fiscal;21.613.838/0001-20;SERG - SOLUCAO EM REFRIGERACAO EM GERAL LTDA;18;;1;Completa;Serviço;Despesa orçamentária;2026-04-01;2026-04-07;2026-04-07;2150,0;Não
1030 - TRIBUNAL DE JUSTICA DO ESTADO DE MINAS GERAIS;Nota fiscal;78.533.312/0001-58;PLANSUL PLANEJAMENTO E CONSULTORIA LTDA;202612419;;1;Completa;Serviço;Despesa orçamentária;2026-04-06;2026-04-07;2026-04-07;10417,17;Não
2330 - INSTITUTO DE METROLOGIA E QUALIDADE DE MG;Nota fiscal;33.224.254/0001-42;MGS MINAS GERAIS ADMINISTRACAO E SERVICOS S/A;12246;E;1;Completa;Serviço;Despesa orçamentária;2026-03-31;2026-03-31;2026-04-07;2827,03;Não
1030 - TRIBUNAL DE JUSTICA DO ESTADO DE MINAS GERAIS;Outros;11.168.199/0002-69;HITSS DO BRASIL SERVICOS TECNOLOGICOS LTDA.;73855;E;1;Completa;Serviço;Despesa orçamentária;2026-03-16;2026-03-16;2026-04-07;5271552,6;Não
1260 - SECRETARIA DE ESTADO DE EDUCACAO;Nota fiscal;79.788.766/0029-33;BRINK MOBIL EQUIPAMENTOS EDUCACIONAIS LTDA;83;0;1;Completa - Recebimento definitivo;Consumo;Despesa extra orçamentária;2026-02-28;2026-03-31;2026-04-07;540531,29;Não
1260 - SECRETARIA DE ESTADO DE EDUCACAO;Nota fiscal;08.273.364/0001-57;TICKET GESTAO EM MANUTENCAO EZC S.A;48499669;;1;Completa;Serviço;Despesa orçamentária;2026-04-01;2026-04-07;2026-04-07;26616,61;Não
1250 - POLICIA MILITAR DE MINAS GERAIS;Nota fiscal;34.274.233/0208-04;VIBRA ENERGIA S.A;182209;;1;Completa - Recebimento definitivo;Consumo;Despesa orçamentária;2026-04-06;2026-04-07;2026-04-07;22309,0;Não
2270 - FUNDACAO HOSPITALAR DO ESTADO DE MINAS GERAIS;Nota fiscal;61.185.922/0001-05;DRAGER DO BRASIL LTDA;19979;5;1;Completa - Recebimento definitivo;Consumo;Despesa orçamentária;2026-03-24;2026-04-01;2026-04-07;19173,67;Não
2270 - FUNDACAO HOSPITALAR DO ESTADO DE MINAS GERAIS;Nota fiscal;09.487.591/0005-71;NUTRIVIP ALIMENTACAO LTDA.;293;;1;Completa;Serviço;Despesa orçamentária;2026-04-01;2026-04-01;2026-04-07;21751,22;Não
1260 - SECRETARIA DE ESTADO DE EDUCACAO;Outros;01.779.585/0001-52;CENTRO EDUCACIONAL CONEXAO LTDA;18;MAR;1;Completa;Serviço;Despesa orçamentária;2026-04-02;2026-04-06;2026-04-07;16280,0;Não
2320 - FUNDACAO CENTRO DE HEMATOLOGIA E HEMOTERAPIA DE MG;Nota fiscal;03.339.370/0001-46;INTERACT SOLUTIONS LTDA;20252192;;1;Completa;Serviço;Despesa extra orçamentária;2025-10-14;2026-04-07;2026-04-07;2240,0;Não
2270 - FUNDACAO HOSPITALAR DO ESTADO DE MINAS GERAIS;Nota fiscal;33.224.254/0001-42;MGS MINAS GERAIS ADMINISTRACAO E SERVICOS S/A;12500;;1;Incompleta;Serviço;Despesa orçamentária;2026-03-30;2026-04-05;2026-04-07;928271,39;Não
1260 - SECRETARIA DE ESTADO DE EDUCACAO;Nota fiscal;43.782.859/0001-02;FAST CLEAN DISTRIBUIDORA LTDA;22425;1;1;Completa - Recebimento definitivo;Consumo;Despesa orçamentária;2026-02-26;2026-03-04;2026-04-07;763,4;Não
2270 - FUNDACAO HOSPITALAR DO ESTADO DE MINAS GERAIS;Nota fiscal;09.032.626/0004-05;AGFA DO BRASIL LTDA.;27036;;1;Completa;Serviço;Despesa orçamentária;2026-04-02;2026-04-07;2026-04-07;16349,04;Não
1190 - SECRETARIA DE ESTADO DE FAZENDA DE MINAS GERAIS;Nota fiscal;28.309.420/0001-73;ESTRELA GERADORES & ENERGIA ELETRICA LTDA - EPP;418;;2;Completa;Serviço;Despesa orçamentária;2026-04-02;2026-04-07;2026-04-07;1630,29;Não
2330 - INSTITUTO DE METROLOGIA E QUALIDADE DE MG;Nota fiscal;33.224.254/0001-42;MGS MINAS GERAIS ADMINISTRACAO E SERVICOS S/A;12247;E;1;Completa;Serviço;Despesa orçamentária;2026-03-31;2026-03-31;2026-04-07;164,88;Não
2010 - INST.DE PREVIDENCIA DOS SERVIDORES DO EST.M.GERAIS;Nota fiscal;33.224.254/0001-42;MGS MINAS GERAIS ADMINISTRACAO E SERVICOS S/A;11738;1A;1;Completa;Serviço;Despesa orçamentária;2026-03-24;2026-03-24;2026-04-07;46818,94;Não
2300 - DEPARTAMENTO DE ESTRADAS DE RODAGEM;Outros;27.595.780/0001-16;CS BRASIL FROTAS S.A.;219739969;E;1;Completa;Serviço;Despesa orçamentária;2026-04-02;2026-04-06;2026-04-07;97483,6;Não
1260 - SECRETARIA DE ESTADO DE EDUCACAO;Nota fiscal;16.588.268/0001-26;CENTRO TECNICO DE EDUCACAO PROFISSIONAL DE ALEM PARAIBA LTDA - ME;82026;;1;Completa;Serviço;Despesa orçamentária;2026-04-01;2026-04-07;2026-04-07;150236,98;Não
1250 - POLICIA MILITAR DE MINAS GERAIS;Nota fiscal;34.274.233/0294-29;VIBRA ENERGIA S.A;323988;;1;Completa - Recebimento definitivo;Consumo;Despesa orçamentária;2026-04-06;2026-04-07;2026-04-07;17741,24;Não
2270 - FUNDACAO HOSPITALAR DO ESTADO DE MINAS GERAIS;Nota fiscal;12.751.850/0001-00;SEGEX SEGURANCA PRIVADA LTDA;217;26;1;Completa;Serviço;Despesa orçamentária;2026-04-01;2026-04-01;2026-04-07;64241,4;Não
2310 - UNIVERSIDADE ESTADUAL DE MONTES CLAROS;Nota fiscal;02.083.419/0001-80;COPYNORTE SERVICOS E COMERCIO LTDA -EPP;202600000000281;;1;Completa;Serviço;Despesa extra orçamentária;2026-04-06;2026-04-06;2026-04-07;8346,38;Não
1260 - SECRETARIA DE ESTADO DE EDUCACAO;Outros;01.779.585/0001-52;CENTRO EDUCACIONAL CONEXAO LTDA;17;MAR;1;Completa;Serviço;Despesa orçamentária;2026-04-02;2026-04-06;2026-04-07;18560,0;Não
2270 - FUNDACAO HOSPITALAR DO ESTADO DE MINAS GERAIS;Outros;01.017.250/0001-05;VOETUR TURISMO E REPRESENTACOES LTDA;1326001;;1;Completa;Serviço;Despesa orçamentária;2026-03-13;2026-03-13;2026-04-07;5873,66;Não
2330 - INSTITUTO DE METROLOGIA E QUALIDADE DE MG;Nota fiscal;33.224.254/0001-42;MGS MINAS GERAIS ADMINISTRACAO E SERVICOS S/A;122422026;E;1;Completa;Serviço;Despesa orçamentária;2026-03-31;2026-03-31;2026-04-07;7136,9;Não
1250 - POLICIA MILITAR DE MINAS GERAIS;Nota fiscal;34.274.233/0025-71;VIBRA ENERGIA S.A;4857637;;1;Completa - Recebimento definitivo;Consumo;Despesa orçamentária;2026-04-06;2026-04-07;2026-04-07;17686,92;Não
1260 - SECRETARIA DE ESTADO DE EDUCACAO;Outros;01.779.585/0001-52;CENTRO EDUCACIONAL CONEXAO LTDA;13;MAR;1;Completa;Serviço;Despesa orçamentária;2026-04-02;2026-04-06;2026-04-07;9180,0;Não
1710 - SECRETARIA DE ESTADO DE COMUNICACAO SOCIAL;Outros;18.351.226/0001-00;ORO COMUNICACAO LTDA.;340;;1;Completa;Serviço;Despesa extra orçamentária;2026-03-16;2026-04-07;2026-04-07;64000,0;Não
2330 - INSTITUTO DE METROLOGIA E QUALIDADE DE MG;Nota fiscal;33.224.254/0001-42;MGS MINAS GERAIS ADMINISTRACAO E SERVICOS S/A;12261;E;1;Completa;Serviço;Despesa orçamentária;2026-03-31;2026-03-31;2026-04-07;96,62;Não
1190 - SECRETARIA DE ESTADO DE FAZENDA DE MINAS GERAIS;Outros;76.535.764/0001-43;OI S.A. - EM RECUPERACAO JUDICIAL;33099;;1;Completa;Serviço;Despesa orçamentária;2026-03-25;2026-04-07;2026-04-07;11098,41;Não
2260 - FUNDACAO EZEQUIEL DIAS;Nota fiscal;68.337.658/0001-27;SIGMA-ALDRICH BRASIL LTDA;502320;3;1;Completa - Recebimento definitivo;Consumo;Despesa orçamentária;2026-04-01;2026-04-06;2026-04-07;957,6;Não
2270 - FUNDACAO HOSPITALAR DO ESTADO DE MINAS GERAIS;Nota fiscal;24.314.643/0001-78;VIACAO NOSSA SENHORA DA CONCEICAO LTDA;34441;;4;Completa;Serviço;Despesa orçamentária;2026-04-01;2026-04-01;2026-04-07;446,42;Não
2060 - FUNDACAO JOAO PINHEIRO;Nota fiscal;76.535.764/0001-43;OI S.A. - EM RECUPERACAO JUDICIAL;33032;;1;Completa;Serviço;Despesa orçamentária;2026-03-25;2026-04-06;2026-04-07;4093,56;Não
1260 - SECRETARIA DE ESTADO DE EDUCACAO;Outros;01.779.585/0001-52;CENTRO EDUCACIONAL CONEXAO LTDA;15;MAR;1;Completa;Serviço;Despesa orçamentária;2026-04-02;2026-04-06;2026-04-07;12100,0;Não
1030 - TRIBUNAL DE JUSTICA DO ESTADO DE MINAS GERAIS;Nota fiscal;03.106.240/0001-63;AGUAS GERAES DISTRIBUIDORA LTDA;10827;1;1;Completa - Recebimento definitivo;Consumo;Despesa orçamentária;2026-04-01;2026-04-01;2026-04-07;109,5;Não
1030 - TRIBUNAL DE JUSTICA DO ESTADO DE MINAS GERAIS;Nota fiscal;78.533.312/0001-58;PLANSUL PLANEJAMENTO E CONSULTORIA LTDA;202612418;;1;Completa;Serviço;Despesa orçamentária;2026-04-06;2026-04-07;2026-04-07;117251,88;Não
2270 - FUNDACAO HOSPITALAR DO ESTADO DE MINAS GERAIS;Nota fiscal;00.201.182/0001-69;DISTRIBUIDORA DE AGUAS MINERAIS BH LTDA -EPP;34674;;1;Completa - Recebimento definitivo;Consumo;Despesa orçamentária;2026-04-01;2026-04-06;2026-04-07;1815,0;Não
2330 - INSTITUTO DE METROLOGIA E QUALIDADE DE MG;Nota fiscal;33.224.254/0001-42;MGS MINAS GERAIS ADMINISTRACAO E SERVICOS S/A;12271;E;1;Completa;Serviço;Despesa orçamentária;2026-03-31;2026-03-31;2026-04-07;1197,56;Não
2150 - FUNDACAO HELENA ANTIPOFF;Nota fiscal;06.981.180/0001-16;CEMIG DISTRIBUICAO S.A.;375782210;;1;Completa;Serviço;Despesa orçamentária;2026-04-02;2026-04-06;2026-04-07;6995,8;Não
1260 - SECRETARIA DE ESTADO DE EDUCACAO;Outros;01.779.585/0001-52;CENTRO EDUCACIONAL CONEXAO LTDA;16;MAR;1;Completa;Serviço;Despesa orçamentária;2026-04-02;2026-04-06;2026-04-07;10380,0;Não
2330 - INSTITUTO DE METROLOGIA E QUALIDADE DE MG;Nota fiscal;33.224.254/0001-42;MGS MINAS GERAIS ADMINISTRACAO E SERVICOS S/A;12295;2;1;Completa;Serviço;Despesa orçamentária;2026-03-31;2026-03-31;2026-04-07;1898,51;Não
2260 - FUNDACAO EZEQUIEL DIAS;Nota fiscal;33.069.212/0008-50;MERCK S/A;1309764;1;1;Completa - Recebimento definitivo;Consumo;Despesa orçamentária;2026-04-01;2026-04-07;2026-04-07;272,5;Não
2320 - FUNDACAO CENTRO DE HEMATOLOGIA E HEMOTERAPIA DE MG;Nota fiscal;27.498.289/0001-77;LMC MEDICAO E CONTROLE LTDA;720;;1;Completa;Serviço;Despesa extra orçamentária;2026-03-09;2026-04-07;2026-04-07;471,4;Não
1190 - SECRETARIA DE ESTADO DE FAZENDA DE MINAS GERAIS;Outros;76.535.764/0001-43;OI S.A. - EM RECUPERACAO JUDICIAL;33103;;1;Completa;Serviço;Despesa orçamentária;2026-03-25;2026-04-07;2026-04-07;950,04;Não
1260 - SECRETARIA DE ESTADO DE EDUCACAO;Outros;01.779.585/0001-52;CENTRO EDUCACIONAL CONEXAO LTDA;14;MAR;1;Completa;Serviço;Despesa orçamentária;2026-04-02;2026-04-06;2026-04-07;12880,0;Não
1250 - POLICIA MILITAR DE MINAS GERAIS;Nota fiscal;34.274.233/0025-71;VIBRA ENERGIA S.A;4857653;;1;Completa - Recebimento definitivo;Consumo;Despesa orçamentária;2026-04-06;2026-04-07;2026-04-07;17688,65;Não
2330 - INSTITUTO DE METROLOGIA E QUALIDADE DE MG;Nota fiscal;33.224.254/0001-42;MGS MINAS GERAIS ADMINISTRACAO E SERVICOS S/A;12276;E;1;Completa;Serviço;Despesa orçamentária;2026-03-31;2026-03-31;2026-04-07;3869,44;Não
2440 - AG. REG. DE SANEAMENTO E ENERGIA DO ESTADO DE MG.;Nota fiscal;11.735.086/0001-17;B & F - LAVAGEM AUTOMOTIVA E PREDIAL LTDA. - ME;2026321;;1;Completa;Serviço;Despesa orçamentária;2026-04-07;2026-04-07;2026-04-07;458,7;Não
1710 - SECRETARIA DE ESTADO DE COMUNICACAO SOCIAL;Nota fiscal;24.172.716/0001-34;FLD S.A.;1247;;1;Completa;Serviço;Despesa orçamentária;2026-03-06;2026-04-07;2026-04-07;2695,68;Não
1260 - SECRETARIA DE ESTADO DE EDUCACAO;Nota fiscal;43.782.859/0001-02;FAST CLEAN DISTRIBUIDORA LTDA;22427;1;1;Completa - Disponível para recebimento definitivo;Consumo;Despesa orçamentária;2026-02-26;2026-03-04;2026-04-07;10460,3;Não
2270 - FUNDACAO HOSPITALAR DO ESTADO DE MINAS GERAIS;Nota fiscal;08.250.880/0001-66;INSTITUTO DE ACREDITACAO E GESTAO, CONSULTORIA E SISTEMAS DE INFORMACAO LTDA;20261507;;1;Completa;Serviço;Despesa orçamentária;2026-03-11;2026-03-13;2026-04-07;8772,19;Não
1030 - TRIBUNAL DE JUSTICA DO ESTADO DE MINAS GERAIS;Nota fiscal;04.860.747/0001-70;AGUA MINERAL AGUAI LTDA - EPP;97663;1;1;Completa - Recebimento definitivo;Consumo;Despesa orçamentária;2026-04-06;2026-04-06;2026-04-07;10162,8;Não
2320 - FUNDACAO CENTRO DE HEMATOLOGIA E HEMOTERAPIA DE MG;Nota fiscal;27.498.289/0001-77;LMC MEDICAO E CONTROLE LTDA;721;;1;Completa;Serviço;Despesa extra orçamentária;2026-03-09;2026-04-07;2026-04-07;345,72;Não
1190 - SECRETARIA DE ESTADO DE FAZENDA DE MINAS GERAIS;Outros;34.028.316/0015-09;EMPRESA BRASILEIRA DE CORREIOS E TELEGRAFOS - ECT;2500305;;1;Completa;Serviço;Despesa orçamentária;2026-03-31;2026-03-31;2026-04-07;1767,21;Não
1450 - SECRETARIA DE ESTADO DE JUSTICA E SEGURANCA PUBLIC;Nota fiscal;16.636.540/0001-04;COMPANHIA DE TECNOLOGIA DA INFORMACAO DO ESTADO DE MINAS GERAIS-PRODEMGE;2994;;1;Completa;Serviço;Despesa orçamentária;2026-03-31;2026-03-31;2026-04-07;210210,0;Não
1260 - SECRETARIA DE ESTADO DE EDUCACAO;Nota fiscal;06.981.180/0001-16;CEMIG DISTRIBUICAO S.A.;375785243;;1;Completa;Serviço;Despesa orçamentária;2026-04-02;2026-04-07;2026-04-07;6142,06;Não
1250 - POLICIA MILITAR DE MINAS GERAIS;Nota fiscal;34.274.233/0387-62;VIBRA ENERGIA S.A;250524;;1;Completa - Recebimento definitivo;Consumo;Despesa orçamentária;2026-04-07;2026-04-07;2026-04-07;17741,24;Não
1260 - SECRETARIA DE ESTADO DE EDUCACAO;Nota fiscal;08.273.364/0001-57;TICKET GESTAO EM MANUTENCAO EZC S.A;48499668;;1;Completa;Serviço;Despesa orçamentária;2026-04-01;2026-04-07;2026-04-07;9901,77;Não
1260 - SECRETARIA DE ESTADO DE EDUCACAO;Nota fiscal;33.224.254/0001-42;MGS MINAS GERAIS ADMINISTRACAO E SERVICOS S/A;12783;1;1;Completa;Serviço;Despesa orçamentária;2026-03-30;2026-04-06;2026-04-07;77701,87;Não
1190 - SECRETARIA DE ESTADO DE FAZENDA DE MINAS GERAIS;Outros;76.535.764/0001-43;OI S.A. - EM RECUPERACAO JUDICIAL;33100;;1;Completa;Serviço;Despesa orçamentária;2026-03-25;2026-04-07;2026-04-07;554,28;Não
2270 - FUNDACAO HOSPITALAR DO ESTADO DE MINAS GERAIS;Nota fiscal;03.812.429/0001-71;POLYSUTURE INDUSTRIA E COMERCIO LTDA;181831;;1;Completa - Recebimento definitivo;Consumo;Despesa orçamentária;2026-03-19;2026-04-01;2026-04-07;1368,72;Não
1260 - SECRETARIA DE ESTADO DE EDUCACAO;Outros;13.183.077/0001-96;UNITEC VAZANTE LTDA;9447578;12;1;Completa;Serviço;Despesa orçamentária;2026-04-07;2026-04-07;2026-04-07;5020,0;Não
2280 - FUNDACAO DE EDUCACAO PARA TRABALHO DE MINAS GERAIS;Nota fiscal;09.037.150/0001-44;QUADRIMAX SOLUCOES EM MANUTENCAO E CONSULTORIA LTDA;51;;1;Completa;Serviço;Despesa orçamentária;2026-04-02;2026-04-06;2026-04-07;1601,38;Não
1260 - SECRETARIA DE ESTADO DE EDUCACAO;Nota fiscal;33.224.254/0001-42;MGS MINAS GERAIS ADMINISTRACAO E SERVICOS S/A;127922026;1;1;Completa;Serviço;Despesa orçamentária;2026-03-30;2026-04-06;2026-04-07;52837,09;Não
1510 - POLICIA CIVIL DO ESTADO DE MINAS GERAIS;Outros;***.493.406-**;NILDA NEVES BERNARDINO;32026;;1;Completa;Serviço;Despesa orçamentária;2026-04-01;2026-04-01;2026-04-07;3586,28;Não
2300 - DEPARTAMENTO DE ESTRADAS DE RODAGEM;Nota fiscal;08.273.364/0001-57;TICKET GESTAO EM MANUTENCAO EZC S.A;48456026;;1;Completa;Serviço;Despesa orçamentária;2026-03-03;2026-03-26;2026-04-07;331,72;Não
1320 - SECRETARIA DE ESTADO DA SAUDE;Nota fiscal;33.224.254/0001-42;MGS MINAS GERAIS ADMINISTRACAO E SERVICOS S/A;202611167;1;1;Completa;Serviço;Despesa orçamentária;2026-03-19;2026-04-01;2026-04-07;1378,21;Não
1030 - TRIBUNAL DE JUSTICA DO ESTADO DE MINAS GERAIS;Nota fiscal;78.533.312/0001-58;PLANSUL PLANEJAMENTO E CONSULTORIA LTDA;202612438;;1;Completa;Serviço;Despesa orçamentária;2026-04-06;2026-04-07;2026-04-07;1182355,94;Não
1320 - SECRETARIA DE ESTADO DA SAUDE;Nota fiscal;33.224.254/0001-42;MGS MINAS GERAIS ADMINISTRACAO E SERVICOS S/A;2026680307;;1;Completa;Serviço;Despesa orçamentária;2026-03-26;2026-04-01;2026-04-07;5706,24;Não
1260 - SECRETARIA DE ESTADO DE EDUCACAO;Nota fiscal;00.905.760/0003-00;PAPELARIA TRIBUTARIA LTDA;813882;3;1;Completa - Recebimento definitivo;Consumo;Despesa extra orçamentária;2026-02-03;2026-03-30;2026-04-07;318073,28;Não
2010 - INST.DE PREVIDENCIA DOS SERVIDORES DO EST.M.GERAIS;Outros;61.185.922/0001-05;DRAGER DO BRASIL LTDA;9399;;1;Completa;Serviço;Despesa orçamentária;2026-04-06;2026-04-07;2026-04-07;10350,09;Não
1030 - TRIBUNAL DE JUSTICA DO ESTADO DE MINAS GERAIS;Nota fiscal;72.381.189/0001-10;DELL COMPUTADORES DO BRASIL LTDA;20455;;1;Completa;Serviço;Despesa orçamentária;2026-04-06;2026-04-07;2026-04-07;125729,9;Não
2370 - INSTITUTO MINEIRO DE AGROPECUARIA;Nota fiscal;34.028.316/0015-09;EMPRESA BRASILEIRA DE CORREIOS E TELEGRAFOS - ECT;2501176;;1;Completa;Serviço;Despesa orçamentária;2026-04-06;2026-04-06;2026-04-07;226,12;Não
1190 - SECRETARIA DE ESTADO DE FAZENDA DE MINAS GERAIS;Outros;76.535.764/0001-43;OI S.A. - EM RECUPERACAO JUDICIAL;33101;;1;Completa;Serviço;Despesa orçamentária;2026-03-25;2026-04-07;2026-04-07;836,33;Não
1450 - SECRETARIA DE ESTADO DE JUSTICA E SEGURANCA PUBLIC;Nota fiscal;16.636.540/0001-04;COMPANHIA DE TECNOLOGIA DA INFORMACAO DO ESTADO DE MINAS GERAIS-PRODEMGE;2995;;1;Completa;Serviço;Despesa orçamentária;2026-03-31;2026-03-31;2026-04-07;20580,0;Não
2200 - INST. EST. DO PATRIMONIO HIST. E ARTISTICO DE MG;Nota fiscal;08.726.137/0001-30;TJ AR CONDICIONADO LTDA -ME;242;;1;Completa;Serviço;Despesa orçamentária;2026-04-01;2026-04-07;2026-04-07;365,4;Não
1260 - SECRETARIA DE ESTADO DE EDUCACAO;Nota fiscal;08.273.364/0001-57;TICKET GESTAO EM MANUTENCAO EZC S.A;48499667;;1;Completa;Serviço;Despesa orçamentária;2026-04-01;2026-04-07;2026-04-07;2951,93;Não
2270 - FUNDACAO HOSPITALAR DO ESTADO DE MINAS GERAIS;Nota fiscal;35.820.448/0030-70;WHITE MARTINS GASES INDUSTRIAIS LTDA;24;;1;Completa;Serviço;Despesa orçamentária;2026-03-26;2026-03-26;2026-04-07;72895,65;Não
1030 - TRIBUNAL DE JUSTICA DO ESTADO DE MINAS GERAIS;Nota fiscal;78.533.312/0001-58;PLANSUL PLANEJAMENTO E CONSULTORIA LTDA;202612439;;1;Completa;Serviço;Despesa orçamentária;2026-04-06;2026-04-07;2026-04-07;44669,54;Não
2300 - DEPARTAMENTO DE ESTRADAS DE RODAGEM;Nota fiscal;08.273.364/0001-57;TICKET GESTAO EM MANUTENCAO EZC S.A;48497530;;1;Completa;Serviço;Despesa orçamentária;2026-04-01;2026-04-01;2026-04-07;5619,67;Não
2270 - FUNDACAO HOSPITALAR DO ESTADO DE MINAS GERAIS;Nota fiscal;21.921.393/0003-08;ORTHO CLINICAL DIAGNOSTICS DO BRASIL PRODUTOS PARA SAUDE LTDA.;269981;1;1;Completa - Recebimento definitivo;Consumo;Despesa orçamentária;2026-03-30;2026-04-06;2026-04-07;15426,0;Não
1260 - SECRETARIA DE ESTADO DE EDUCACAO;Outros;33.224.254/0001-42;MGS MINAS GERAIS ADMINISTRACAO E SERVICOS S/A;680618;;1;Completa;Serviço;Despesa orçamentária;2026-03-30;2026-04-06;2026-04-07;2599,38;Não
1300 - SECRET. DE ESTADO DE INFRAESTRUTURA E MOBILIDADE;Nota fiscal;47.545.743/0001-00;CAPTURA POCOS ARTESIANOS, COMERCIO E SERVICOS LTDA;39;;1;Completa;Serviço;Despesa orçamentária;2026-03-26;2026-03-26;2026-04-07;9980,0;Não
1320 - SECRETARIA DE ESTADO DA SAUDE;Nota fiscal;33.224.254/0001-42;MGS MINAS GERAIS ADMINISTRACAO E SERVICOS S/A;202612282;1;1;Completa;Serviço;Despesa orçamentária;2026-03-26;2026-04-01;2026-04-07;75520,35;Não
1480 - SECRETARIA DE ESTADO DE DESENVOLVIMENTO SOCIAL;Nota fiscal;33.224.254/0001-42;MGS MINAS GERAIS ADMINISTRACAO E SERVICOS S/A;125932026;;1;Completa;Serviço;Despesa orçamentária;2026-03-30;2026-04-07;2026-04-07;8787,62;Não
2370 - INSTITUTO MINEIRO DE AGROPECUARIA;Nota fiscal;34.028.316/0015-09;EMPRESA BRASILEIRA DE CORREIOS E TELEGRAFOS - ECT;2505305;;1;Completa;Serviço;Despesa orçamentária;2026-04-06;2026-04-06;2026-04-07;179,97;Não
2010 - INST.DE PREVIDENCIA DOS SERVIDORES DO EST.M.GERAIS;Outros;61.185.922/0001-05;DRAGER DO BRASIL LTDA;9400;;1;Completa;Serviço;Despesa orçamentária;2026-04-06;2026-04-07;2026-04-07;10350,09;Não
1220 - SECRETARIA DE DESENVOLVIMENTO ECONOMICO;Nota fiscal;33.224.254/0001-42;MGS MINAS GERAIS ADMINISTRACAO E SERVICOS S/A;202612510;;1;Completa;Serviço;Despesa orçamentária;2026-03-30;2026-04-07;2026-04-07;4893,28;Não
2120 - INST.PREV.DOS SERV.MILITARES DO ESTADO M.GERAIS;Nota fiscal;20.858.411/0001-20;AMGS COMERCIO E REPRESENTACOES LTDA;623719;2;1;Completa - Recebimento definitivo;Consumo;Despesa extra orçamentária;2026-03-02;2026-04-07;2026-04-07;7516,33;Não
2270 - FUNDACAO HOSPITALAR DO ESTADO DE MINAS GERAIS;Nota fiscal;26.180.747/0001-62;F.A.P ALEIXO LTDA;78706;1;1;Completa - Recebimento definitivo;Consumo;Despesa orçamentária;2026-03-12;2026-03-31;2026-04-07;2399,76;Não
1450 - SECRETARIA DE ESTADO DE JUSTICA E SEGURANCA PUBLIC;Nota fiscal;16.636.540/0001-04;COMPANHIA DE TECNOLOGIA DA INFORMACAO DO ESTADO DE MINAS GERAIS-PRODEMGE;2996;;1;Completa;Serviço;Despesa orçamentária;2026-03-31;2026-03-31;2026-04-07;263050,0;Não
1190 - SECRETARIA DE ESTADO DE FAZENDA DE MINAS GERAIS;Outros;76.535.764/0001-43;OI S.A. - EM RECUPERACAO JUDICIAL;33102;;1;Completa;Serviço;Despesa orçamentária;2026-03-25;2026-04-07;2026-04-07;836,33;Não
1260 - SECRETARIA DE ESTADO DE EDUCACAO;Nota fiscal;11.369.367/0001-01;COMMANDO SEGURANCA ELETRONICA LTDA;159;;1;Completa;Serviço;Despesa orçamentária;2026-04-01;2026-04-01;2026-04-07;2447,59;Não
1090 - PROCURADORIA GERAL DE JUSTICA;Nota fiscal;06.132.270/0001-32;SOLLICITA NEGOCIOS PUBLICOS LTDA;35;;1;Completa;Serviço;Despesa orçamentária;2026-03-31;2026-04-02;2026-04-07;53998,38;Não
1510 - POLICIA CIVIL DO ESTADO DE MINAS GERAIS;Outros;08.576.443/0001-37;O.F. PECUARIA E EMPREENDIMENTOS LTDA;37;;1;Completa;Serviço;Despesa orçamentária;2026-03-25;2026-04-06;2026-04-07;61509,29;Não
2100 - INSTITUTO ESTADUAL DE FLORESTAS-IEF;Nota fiscal;07.432.517/0001-07;SIMPRESS COMERCIO LOCACAO E SERVICOS LTDA;366299;E;1;Completa;Serviço;Despesa orçamentária;2026-03-12;2026-03-29;2026-04-07;15,42;Não
2010 - INST.DE PREVIDENCIA DOS SERVIDORES DO EST.M.GERAIS;Outros;61.185.922/0001-05;DRAGER DO BRASIL LTDA;9401;;1;Completa;Serviço;Despesa orçamentária;2026-04-06;2026-04-07;2026-04-07;10350,09;Não
2300 - DEPARTAMENTO DE ESTRADAS DE RODAGEM;Nota fiscal;33.224.254/0001-42;MGS MINAS GERAIS ADMINISTRACAO E SERVICOS S/A;12278;E;1;Completa;Serviço;Despesa orçamentária;2026-03-26;2026-03-26;2026-04-07;40668,23;Não
1510 - POLICIA CIVIL DO ESTADO DE MINAS GERAIS;Outros;07.625.772/0001-68;SPACE EMPREENDIMENTOS E PARTICIPACOES LTDA;42026;;1;Completa;Serviço;Despesa orçamentária;2026-04-01;2026-04-06;2026-04-07;48141,94;Não
1190 - SECRETARIA DE ESTADO DE FAZENDA DE MINAS GERAIS;Nota fiscal;06.981.180/0001-16;CEMIG DISTRIBUICAO S.A.;375786931;;1;Completa;Serviço;Despesa orçamentária;2026-04-02;2026-04-06;2026-04-07;12220,05;Não
2300 - DEPARTAMENTO DE ESTRADAS DE RODAGEM;Outros;25.769.548/0001-21;DEPARTAMENTO MUNICIPAL DE AGUA E ESGOTO;792026;;1;Completa;Serviço;Despesa orçamentária;2026-03-31;2026-04-01;2026-04-07;647,48;Não
1260 - SECRETARIA DE ESTADO DE EDUCACAO;Nota fiscal;06.981.180/0001-16;CEMIG DISTRIBUICAO S.A.;375785825;;1;Completa;Serviço;Despesa orçamentária;2026-04-02;2026-04-07;2026-04-07;7179,97;Não
1510 - POLICIA CIVIL DO ESTADO DE MINAS GERAIS;Nota fiscal;29.262.052/0002-07;FEDERACAO NACIONAL DE EDUCACAO E INTEGRACAO DOS SURDOS;109;1;1;Incompleta;Serviço;Despesa orçamentária;2026-03-25;2026-04-07;2026-04-07;7872,18;Não
2270 - FUNDACAO HOSPITALAR DO ESTADO DE MINAS GERAIS;Nota fiscal;04.522.343/0001-77;FARMACIA DE MANIPULACAO IDEAL FORMULAS LTDA;8011;1;1;Completa - Recebimento definitivo;Consumo;Despesa orçamentária;2026-04-06;2026-04-06;2026-04-07;376,0;Não
1480 - SECRETARIA DE ESTADO DE DESENVOLVIMENTO SOCIAL;Nota fiscal;33.224.254/0001-42;MGS MINAS GERAIS ADMINISTRACAO E SERVICOS S/A;680451;;1;Completa;Serviço;Despesa orçamentária;2026-03-30;2026-04-07;2026-04-07;368,16;Não
1260 - SECRETARIA DE ESTADO DE EDUCACAO;Outros;33.224.254/0001-42;MGS MINAS GERAIS ADMINISTRACAO E SERVICOS S/A;680650;REC;1;Completa;Serviço;Despesa orçamentária;2026-03-30;2026-04-06;2026-04-07;4618,4;Não
2100 - INSTITUTO ESTADUAL DE FLORESTAS-IEF;Nota fiscal;07.432.517/0001-07;SIMPRESS COMERCIO LOCACAO E SERVICOS LTDA;369390;E;1;Completa;Serviço;Despesa orçamentária;2026-03-17;2026-03-29;2026-04-07;1347,98;Não
1270 - SECRETARIA DE ESTADO DE CULTURA E TURISMO;Nota fiscal;16.636.540/0001-04;COMPANHIA DE TECNOLOGIA DA INFORMACAO DO ESTADO DE MINAS GERAIS-PRODEMGE;2917;A;1;Completa;Serviço;Despesa orçamentária;2026-03-30;2026-03-30;2026-04-07;3355,0;Não
1260 - SECRETARIA DE ESTADO DE EDUCACAO;Nota fiscal;33.224.254/0001-42;MGS MINAS GERAIS ADMINISTRACAO E SERVICOS S/A;12773;1;1;Completa;Serviço;Despesa orçamentária;2026-03-30;2026-04-07;2026-04-07;85404,54;Não
1260 - SECRETARIA DE ESTADO DE EDUCACAO;Nota fiscal;04.957.392/0001-32;MOTO GAS ALMENARA LTDA;6251;1;1;Completa - Recebimento definitivo;Consumo;Despesa orçamentária;2026-04-01;2026-04-01;2026-04-07;120,0;Não
1510 - POLICIA CIVIL DO ESTADO DE MINAS GERAIS;Outros;***.877.436-**;OLGA MAGALHAES NETO;32026;;1;Completa;Serviço;Despesa orçamentária;2026-04-07;2026-04-07;2026-04-07;14132,87;Não
1080 - ADVOCACIA-GERAL DO ESTADO DE MINAS GERAIS;Outros;76.535.764/0001-43;OI S.A. - EM RECUPERACAO JUDICIAL;202633007;;1;Completa;Serviço;Despesa orçamentária;2026-03-25;2026-04-07;2026-04-07;1087,2;Não
1260 - SECRETARIA DE ESTADO DE EDUCACAO;Nota fiscal;08.273.364/0001-57;TICKET GESTAO EM MANUTENCAO EZC S.A;48499673;;1;Completa;Serviço;Despesa orçamentária;2026-04-01;2026-04-07;2026-04-07;10489,19;Não
1190 - SECRETARIA DE ESTADO DE FAZENDA DE MINAS GERAIS;Outros;34.028.316/0015-09;EMPRESA BRASILEIRA DE CORREIOS E TELEGRAFOS - ECT;2493122;;1;Completa;Serviço;Despesa orçamentária;2026-04-06;2026-04-06;2026-04-07;1093,73;Não
2370 - INSTITUTO MINEIRO DE AGROPECUARIA;Nota fiscal;33.224.254/0001-42;MGS MINAS GERAIS ADMINISTRACAO E SERVICOS S/A;12735;1;1;Completa;Serviço;Despesa orçamentária;2026-03-30;2026-04-01;2026-04-07;7160,75;Não
1030 - TRIBUNAL DE JUSTICA DO ESTADO DE MINAS GERAIS;Nota fiscal;34.274.233/0025-71;VIBRA ENERGIA S.A;4854534;0;2;Completa - Recebimento definitivo;Consumo;Despesa orçamentária;2026-04-01;2026-04-06;2026-04-07;835,13;Não
2270 - FUNDACAO HOSPITALAR DO ESTADO DE MINAS GERAIS;Nota fiscal;09.524.545/0001-71;WF TECNOLOGIA CIENTIFICA LTDA;609;;1;Completa;Serviço;Despesa orçamentária;2026-04-01;2026-04-01;2026-04-07;17342,84;Não
2300 - DEPARTAMENTO DE ESTRADAS DE RODAGEM;Nota fiscal;11.369.367/0001-01;COMMANDO SEGURANCA ELETRONICA LTDA;163;E;1;Completa;Serviço;Despesa orçamentária;2026-04-01;2026-04-02;2026-04-07;2123,45;Não
1260 - SECRETARIA DE ESTADO DE EDUCACAO;Nota fiscal;33.224.254/0001-42;MGS MINAS GERAIS ADMINISTRACAO E SERVICOS S/A;12702;;1;Incompleta;Serviço;Despesa orçamentária;2026-03-30;2026-04-07;2026-04-07;74892,04;Não
2300 - DEPARTAMENTO DE ESTRADAS DE RODAGEM;Nota fiscal;33.224.254/0001-42;MGS MINAS GERAIS ADMINISTRACAO E SERVICOS S/A;680239;;1;Completa;Serviço;Despesa orçamentária;2026-03-26;2026-03-26;2026-04-07;3286,12;Não
2010 - INST.DE PREVIDENCIA DOS SERVIDORES DO EST.M.GERAIS;Outros;61.185.922/0001-05;DRAGER DO BRASIL LTDA;9403;;1;Completa;Serviço;Despesa orçamentária;2026-04-06;2026-04-07;2026-04-07;15669,21;Não
1030 - TRIBUNAL DE JUSTICA DO ESTADO DE MINAS GERAIS;Nota fiscal;14.868.712/0001-31;AKAD SEGUROS S.A.;15950611547;;1;Completa;Serviço;Despesa orçamentária;2026-03-27;2026-03-27;2026-04-07;24456,69;Não
2320 - FUNDACAO CENTRO DE HEMATOLOGIA E HEMOTERAPIA DE MG;Nota fiscal;03.188.198/0006-81;BIO - RAD LABORATORIOS BRASIL LTDA;23339;1;1;Completa - Disponível para recebimento definitivo;Consumo;Despesa orçamentária;2026-03-31;2026-04-07;2026-04-07;412,52;Não
2090 - FUNDACAO ESTADUAL DO MEIO AMBIENTE;Nota fiscal;59.502.350/0001-07;SOUSA ELEVADORES E ELETRICA LTDA;62;;1;Completa;Serviço;Despesa orçamentária;2026-04-01;2026-04-01;2026-04-07;400,0;Não
2370 - INSTITUTO MINEIRO DE AGROPECUARIA;Outros;33.224.254/0001-42;MGS MINAS GERAIS ADMINISTRACAO E SERVICOS S/A;680756;;1;Completa;Serviço;Despesa orçamentária;2026-03-30;2026-04-01;2026-04-07;509,96;Não
1260 - SECRETARIA DE ESTADO DE EDUCACAO;Outros;33.224.254/0001-42;MGS MINAS GERAIS ADMINISTRACAO E SERVICOS S/A;680601;;1;Completa;Serviço;Despesa orçamentária;2026-03-30;2026-04-02;2026-04-07;3503,83;Não
1500 - SECRETARIA DE ESTADO DE PLANEJAMENTO E GESTAO;Nota fiscal;06.981.180/0001-16;CEMIG DISTRIBUICAO S.A.;375781610;0;1;Incompleta;Serviço;Despesa orçamentária;2026-04-02;2026-04-02;2026-04-07;4998,18;Não
1080 - ADVOCACIA-GERAL DO ESTADO DE MINAS GERAIS;Outros;76.535.764/0001-43;OI S.A. - EM RECUPERACAO JUDICIAL;202633006;;1;Completa;Serviço;Despesa orçamentária;2026-03-23;2026-04-07;2026-04-07;3683,14;Não
1220 - SECRETARIA DE DESENVOLVIMENTO ECONOMICO;Nota fiscal;33.224.254/0001-42;MGS MINAS GERAIS ADMINISTRACAO E SERVICOS S/A;202612511;;1;Completa;Serviço;Despesa orçamentária;2026-03-30;2026-04-06;2026-04-07;36378,28;Não
1270 - SECRETARIA DE ESTADO DE CULTURA E TURISMO;Nota fiscal;16.636.540/0001-04;COMPANHIA DE TECNOLOGIA DA INFORMACAO DO ESTADO DE MINAS GERAIS-PRODEMGE;2918;;1;Completa;Serviço;Despesa orçamentária;2026-03-30;2026-03-30;2026-04-07;9133,0;Não
2270 - FUNDACAO HOSPITALAR DO ESTADO DE MINAS GERAIS;Nota fiscal;04.398.505/0001-07;CONSORCIO OPERACIONAL DO TRANS. COLETIVO DE PASSAG. POR ONIBUS DO MUNICIP. DE BH;1326006509166;;1;Completa;Serviço;Despesa orçamentária;2026-04-07;2026-04-07;2026-04-07;15,0;Não
1520 - CONTROLADORIA GERAL DO ESTADO DE MINAS GERAIS;Outros;01.017.250/0001-05;VOETUR TURISMO E REPRESENTACOES LTDA;1329418;;1;Completa;Serviço;Despesa orçamentária;2026-04-03;2026-04-07;2026-04-07;3595,84;Não
2010 - INST.DE PREVIDENCIA DOS SERVIDORES DO EST.M.GERAIS;Outros;61.185.922/0001-05;DRAGER DO BRASIL LTDA;9404;;1;Completa;Serviço;Despesa orçamentária;2026-04-06;2026-04-07;2026-04-07;15669,21;Não
1440 - DEFENSORIA PUBLICA DO ESTADO DE MINAS GERAIS;Nota fiscal;05.457.677/0004-10;ESSENCIAL SISTEMA DE SEGURANCA LTDA;2877;3;1;Completa;Serviço;Despesa orçamentária;2026-04-01;2026-04-06;2026-04-07;5854,19;Não
2270 - FUNDACAO HOSPITALAR DO ESTADO DE MINAS GERAIS;Nota fiscal;18.053.816/0001-49;PHD AMBIENTAL LTDA;994;;1;Completa;Serviço;Despesa orçamentária;2026-04-01;2026-04-01;2026-04-07;1391,67;Não
2420 - INSTITUTO DE DESENVOLVIMENTO NORTE E NORDESTE MG;Nota fiscal;91.967.067/0008-21;BAKOF PLASTICOS LTDA EM RECUPERACAO JUDICIAL;25091;0;1;Completa - Recebimento definitivo;Consumo;Despesa extra orçamentária;2026-03-16;2026-03-30;2026-04-07;21675,0;Não
1440 - DEFENSORIA PUBLICA DO ESTADO DE MINAS GERAIS;Nota fiscal;05.457.677/0004-10;ESSENCIAL SISTEMA DE SEGURANCA LTDA;2872;3;1;Completa;Serviço;Despesa orçamentária;2026-04-01;2026-04-06;2026-04-07;5934,4;Não
1300 - SECRET. DE ESTADO DE INFRAESTRUTURA E MOBILIDADE;Nota fiscal;28.065.090/0002-07;SALES CONSTRUCOES E EMPREENDIMENTOS LTDA;21;B;1;Completa;Serviço;Despesa orçamentária;2026-03-31;2026-03-31;2026-04-07;818743,69;Não
2060 - FUNDACAO JOAO PINHEIRO;Nota fiscal;87.883.807/0001-06;MBM SEGURADORA SA;52026;A;1;Completa;Serviço;Despesa orçamentária;2026-03-30;2026-04-06;2026-04-07;46,8;Não
1270 - SECRETARIA DE ESTADO DE CULTURA E TURISMO;Nota fiscal;16.636.540/0001-04;COMPANHIA DE TECNOLOGIA DA INFORMACAO DO ESTADO DE MINAS GERAIS-PRODEMGE;2921;;1;Completa;Serviço;Despesa orçamentária;2026-03-30;2026-03-30;2026-04-07;700,0;Não
1510 - POLICIA CIVIL DO ESTADO DE MINAS GERAIS;Outros;***.448.796-**;MARIA ELIZETE BARROSO MOURAO DE VASCONCELOS;32026;;1;Completa;Serviço;Despesa orçamentária;2026-04-07;2026-04-07;2026-04-07;4250,0;Não
1440 - DEFENSORIA PUBLICA DO ESTADO DE MINAS GERAIS;Nota fiscal;05.457.677/0004-10;ESSENCIAL SISTEMA DE SEGURANCA LTDA;2870;3;1;Completa;Serviço;Despesa orçamentária;2026-04-01;2026-04-06;2026-04-07;6046,95;Não
1500 - SECRETARIA DE ESTADO DE PLANEJAMENTO E GESTAO;Nota fiscal;06.981.180/0001-16;CEMIG DISTRIBUICAO S.A.;375781127;B;1;Incompleta;Serviço;Despesa orçamentária;2026-04-02;2026-04-07;2026-04-07;2092,59;Não
1440 - DEFENSORIA PUBLICA DO ESTADO DE MINAS GERAIS;Nota fiscal;05.457.677/0004-10;ESSENCIAL SISTEMA DE SEGURANCA LTDA;2860;3;1;Completa;Serviço;Despesa orçamentária;2026-04-01;2026-04-06;2026-04-07;6021,44;Não
1320 - SECRETARIA DE ESTADO DA SAUDE;Outros;03.500.099/0001-89;STRATUS ADMINISTRADORA LTDA - ME;52026;;1;Completa;Serviço;Despesa orçamentária;2026-04-06;2026-04-07;2026-04-07;75937,5;Não
2270 - FUNDACAO HOSPITALAR DO ESTADO DE MINAS GERAIS;Nota fiscal;08.093.178/0001-36;VIGI & SEG VIGILANCIA E SEGURANCA LTDA;11726;;1;Completa;Serviço;Despesa orçamentária;2026-04-02;2026-04-02;2026-04-07;46546,18;Não
2420 - INSTITUTO DE DESENVOLVIMENTO NORTE E NORDESTE MG;Nota fiscal;91.967.067/0008-21;BAKOF PLASTICOS LTDA EM RECUPERACAO JUDICIAL;25098;0;1;Completa - Recebimento definitivo;Consumo;Despesa extra orçamentária;2026-03-18;2026-03-25;2026-04-07;21675,0;Não
1440 - DEFENSORIA PUBLICA DO ESTADO DE MINAS GERAIS;Nota fiscal;05.457.677/0004-10;ESSENCIAL SISTEMA DE SEGURANCA LTDA;2861;3;1;Completa;Serviço;Despesa orçamentária;2026-04-01;2026-04-06;2026-04-07;6043,86;Não
1270 - SECRETARIA DE ESTADO DE CULTURA E TURISMO;Nota fiscal;16.636.540/0001-04;COMPANHIA DE TECNOLOGIA DA INFORMACAO DO ESTADO DE MINAS GERAIS-PRODEMGE;2919;A;1;Completa;Serviço;Despesa orçamentária;2026-03-30;2026-03-30;2026-04-07;1158,0;Não
1250 - POLICIA MILITAR DE MINAS GERAIS;Nota fiscal;24.376.560/0001-03;INTERLAB DESARROLLOS LTDA - ME;180;;1;Completa;Serviço;Despesa orçamentária;2026-04-02;2026-04-07;2026-04-07;12240,33;Não
1260 - SECRETARIA DE ESTADO DE EDUCACAO;Nota fiscal;06.981.180/0001-16;CEMIG DISTRIBUICAO S.A.;375775794;;1;Completa;Serviço;Despesa orçamentária;2026-04-02;2026-04-07;2026-04-07;20230,45;Não
1260 - SECRETARIA DE ESTADO DE EDUCACAO;Nota fiscal;18.152.404/0001-66;MAQNETE COMERCIO E SERVICOS LTDA -ME;5788;1;1;Completa - Recebimento definitivo;Consumo;Despesa orçamentária;2026-03-30;2026-04-07;2026-04-07;1031,7;Não
1260 - SECRETARIA DE ESTADO DE EDUCACAO;Outros;23.354.848/0001-14;FUNDACAO EDUCACIONAL DE PATOS DE MINAS;9411202;112;1;Completa;Serviço;Despesa orçamentária;2026-04-07;2026-04-07;2026-04-07;4380,0;Não
2460 - AGENCIA DE DESENVOLVIMENTO DA RMVA;Nota fiscal;27.595.780/0001-16;CS BRASIL FROTAS S.A.;219766248;;1;Incompleta;Serviço;Despesa orçamentária;2026-04-02;2026-04-06;2026-04-07;11581,47;Não
2010 - INST.DE PREVIDENCIA DOS SERVIDORES DO EST.M.GERAIS;Outros;61.185.922/0001-05;DRAGER DO BRASIL LTDA;9405;;1;Completa;Serviço;Despesa orçamentária;2026-04-06;2026-04-07;2026-04-07;15669,21;Não
1440 - DEFENSORIA PUBLICA DO ESTADO DE MINAS GERAIS;Nota fiscal;05.457.677/0004-10;ESSENCIAL SISTEMA DE SEGURANCA LTDA;2855;3;1;Completa;Serviço;Despesa orçamentária;2026-04-01;2026-04-06;2026-04-07;6048,91;Não
1260 - SECRETARIA DE ESTADO DE EDUCACAO;Nota fiscal;08.273.364/0001-57;TICKET GESTAO EM MANUTENCAO EZC S.A;48499671;;1;Completa;Serviço;Despesa orçamentária;2026-04-01;2026-04-07;2026-04-07;1570,43;Não
1440 - DEFENSORIA PUBLICA DO ESTADO DE MINAS GERAIS;Nota fiscal;05.457.677/0004-10;ESSENCIAL SISTEMA DE SEGURANCA LTDA;2857;3;1;Completa;Serviço;Despesa orçamentária;2026-04-01;2026-04-06;2026-04-07;5847,13;Não
1710 - SECRETARIA DE ESTADO DE COMUNICACAO SOCIAL;Nota fiscal;24.172.716/0001-34;FLD S.A.;1306;;1;Completa;Serviço;Despesa orçamentária;2026-03-11;2026-04-07;2026-04-07;474,01;Não
1270 - SECRETARIA DE ESTADO DE CULTURA E TURISMO;Nota fiscal;16.636.540/0001-04;COMPANHIA DE TECNOLOGIA DA INFORMACAO DO ESTADO DE MINAS GERAIS-PRODEMGE;2920;A;1;Completa;Serviço;Despesa orçamentária;2026-03-30;2026-03-30;2026-04-07;210,0;Não
2420 - INSTITUTO DE DESENVOLVIMENTO NORTE E NORDESTE MG;Nota fiscal;91.967.067/0008-21;BAKOF PLASTICOS LTDA EM RECUPERACAO JUDICIAL;25097;0;1;Completa - Recebimento definitivo;Consumo;Despesa extra orçamentária;2026-03-18;2026-03-25;2026-04-07;21675,0;Não
1440 - DEFENSORIA PUBLICA DO ESTADO DE MINAS GERAIS;Nota fiscal;05.457.677/0004-10;ESSENCIAL SISTEMA DE SEGURANCA LTDA;2869;3;1;Completa;Serviço;Despesa orçamentária;2026-04-01;2026-04-06;2026-04-07;6046,45;Não
1190 - SECRETARIA DE ESTADO DE FAZENDA DE MINAS GERAIS;Nota fiscal;08.273.364/0001-57;TICKET GESTAO EM MANUTENCAO EZC S.A;48499683;;1;Completa;Serviço;Despesa orçamentária;2026-04-01;2026-04-01;2026-04-07;755,65;Não
1270 - SECRETARIA DE ESTADO DE CULTURA E TURISMO;Nota fiscal;16.636.540/0001-04;COMPANHIA DE TECNOLOGIA DA INFORMACAO DO ESTADO DE MINAS GERAIS-PRODEMGE;2922;A;1;Completa;Serviço;Despesa orçamentária;2026-03-30;2026-03-30;2026-04-07;492,0;Não
1440 - DEFENSORIA PUBLICA DO ESTADO DE MINAS GERAIS;Nota fiscal;05.457.677/0004-10;ESSENCIAL SISTEMA DE SEGURANCA LTDA;2868;3;1;Completa;Serviço;Despesa orçamentária;2026-04-01;2026-04-06;2026-04-07;5921,67;Não
1450 - SECRETARIA DE ESTADO DE JUSTICA E SEGURANCA PUBLIC;Nota fiscal;08.859.269/0001-30;AMBIENTAL VET LTDA -ME;202628;;1;Completa;Serviço;Despesa orçamentária;2026-01-26;2026-01-26;2026-04-07;3170,49;Não
1440 - DEFENSORIA PUBLICA DO ESTADO DE MINAS GERAIS;Nota fiscal;05.457.677/0004-10;ESSENCIAL SISTEMA DE SEGURANCA LTDA;2876;3;1;Completa;Serviço;Despesa orçamentária;2026-04-01;2026-04-06;2026-04-07;5902,62;Não
2100 - INSTITUTO ESTADUAL DE FLORESTAS-IEF;Outros;33.224.254/0001-42;MGS MINAS GERAIS ADMINISTRACAO E SERVICOS S/A;679712;;1;Completa;Serviço;Despesa orçamentária;2026-03-24;2026-04-01;2026-04-07;2585,2;Não
1440 - DEFENSORIA PUBLICA DO ESTADO DE MINAS GERAIS;Nota fiscal;05.457.677/0004-10;ESSENCIAL SISTEMA DE SEGURANCA LTDA;2873;3;1;Completa;Serviço;Despesa orçamentária;2026-04-01;2026-04-06;2026-04-07;5932,93;Não
2420 - INSTITUTO DE DESENVOLVIMENTO NORTE E NORDESTE MG;Nota fiscal;91.967.067/0008-21;BAKOF PLASTICOS LTDA EM RECUPERACAO JUDICIAL;24997;0;1;Completa - Recebimento definitivo;Consumo;Despesa extra orçamentária;2026-03-05;2026-03-31;2026-04-07;26775,0;Não
1250 - POLICIA MILITAR DE MINAS GERAIS;Nota fiscal;21.064.635/0001-22;S C PECAS E SERVICOS LTDA - EPP;19861;3;1;Completa;Serviço;Despesa extra orçamentária;2026-04-06;2026-04-06;2026-04-07;289,91;Não
1020 - TRIBUNAL DE CONTAS DO ESTADO DE MINAS GERAIS;Nota fiscal;34.433.369/0001-00;34.433.369 FERNANDO GUIMARAES BATISTA JUNIOR;11;1;1;Completa - Disponível para recebimento definitivo;Consumo;Despesa orçamentária;2026-04-07;2026-04-07;2026-04-07;357,7;Não
1440 - DEFENSORIA PUBLICA DO ESTADO DE MINAS GERAIS;Nota fiscal;05.457.677/0004-10;ESSENCIAL SISTEMA DE SEGURANCA LTDA;2859;3;1;Completa;Serviço;Despesa orçamentária;2026-04-01;2026-04-06;2026-04-07;6019,68;Não
2270 - FUNDACAO HOSPITALAR DO ESTADO DE MINAS GERAIS;Nota fiscal;20.858.411/0001-20;AMGS COMERCIO E REPRESENTACOES LTDA;625458;2;1;Completa - Disponível para recebimento definitivo;Consumo;Despesa orçamentária;2026-03-13;2026-03-13;2026-04-07;60,12;Não
1260 - SECRETARIA DE ESTADO DE EDUCACAO;Outros;33.224.254/0001-42;MGS MINAS GERAIS ADMINISTRACAO E SERVICOS S/A;680656;;1;Completa;Serviço;Despesa orçamentária;2026-03-30;2026-04-07;2026-04-07;2715,08;Não
1710 - SECRETARIA DE ESTADO DE COMUNICACAO SOCIAL;Nota fiscal;24.172.716/0001-34;FLD S.A.;1308;;1;Completa;Serviço;Despesa orçamentária;2026-03-11;2026-04-07;2026-04-07;434,51;Não
1190 - SECRETARIA DE ESTADO DE FAZENDA DE MINAS GERAIS;Outros;76.535.764/0001-43;OI S.A. - EM RECUPERACAO JUDICIAL;33104;;1;Completa;Serviço;Despesa orçamentária;2026-03-25;2026-04-07;2026-04-07;808,44;Não
1440 - DEFENSORIA PUBLICA DO ESTADO DE MINAS GERAIS;Nota fiscal;05.457.677/0004-10;ESSENCIAL SISTEMA DE SEGURANCA LTDA;2863;3;1;Completa;Serviço;Despesa orçamentária;2026-04-01;2026-04-06;2026-04-07;5978,57;Não
1500 - SECRETARIA DE ESTADO DE PLANEJAMENTO E GESTAO;Outros;12.532.358/0001-44;A & G SERVICOS MEDICOS LTDA - EPP;3317;;1;Completa;Serviço;Despesa orçamentária;2026-04-07;2026-04-07;2026-04-07;8482,29;Não
1250 - POLICIA MILITAR DE MINAS GERAIS;Nota fiscal;21.064.635/0001-22;S C PECAS E SERVICOS LTDA - EPP;19763;3;1;Completa;Serviço;Despesa extra orçamentária;2026-03-17;2026-04-06;2026-04-07;328,13;Não
1260 - SECRETARIA DE ESTADO DE EDUCACAO;Nota fiscal;08.273.364/0001-57;TICKET GESTAO EM MANUTENCAO EZC S.A;48502855;;1;Completa;Serviço;Despesa orçamentária;2026-04-06;2026-04-07;2026-04-07;2340,82;Não
2420 - INSTITUTO DE DESENVOLVIMENTO NORTE E NORDESTE MG;Nota fiscal;91.967.067/0008-21;BAKOF PLASTICOS LTDA EM RECUPERACAO JUDICIAL;24989;0;1;Completa - Recebimento definitivo;Consumo;Despesa extra orçamentária;2026-03-05;2026-03-26;2026-04-07;26775,0;Não
1440 - DEFENSORIA PUBLICA DO ESTADO DE MINAS GERAIS;Nota fiscal;05.457.677/0004-10;ESSENCIAL SISTEMA DE SEGURANCA LTDA;2874;3;1;Completa;Serviço;Despesa orçamentária;2026-04-01;2026-04-06;2026-04-07;5926,43;Não
2200 - INST. EST. DO PATRIMONIO HIST. E ARTISTICO DE MG;Nota fiscal;11.369.367/0001-01;COMMANDO SEGURANCA ELETRONICA LTDA;160;;1;Completa;Serviço;Despesa orçamentária;2026-04-01;2026-04-06;2026-04-07;1500,0;Não
2270 - FUNDACAO HOSPITALAR DO ESTADO DE MINAS GERAIS;Nota fiscal;20.235.404/0001-71;DCB DISTRIBUIDORA CIRURGICA BRASILEIRA LTDA;105682;1;1;Completa - Recebimento definitivo;Consumo;Despesa orçamentária;2026-03-25;2026-03-31;2026-04-07;4377,36;Não
2270 - FUNDACAO HOSPITALAR DO ESTADO DE MINAS GERAIS;Nota fiscal;20.858.411/0001-20;AMGS COMERCIO E REPRESENTACOES LTDA;625460;2;1;Completa - Disponível para recebimento definitivo;Consumo;Despesa orçamentária;2026-03-13;2026-03-13;2026-04-07;1242,27;Não
1260 - SECRETARIA DE ESTADO DE EDUCACAO;Nota fiscal;03.447.242/0002-05;SERVICO NACIONAL DE APRENDIZAGEM COMERCIAL - SENAC MINAS;20;;1;Completa;Serviço;Despesa orçamentária;2026-04-01;2026-04-01;2026-04-07;8104,66;Não
1480 - SECRETARIA DE ESTADO DE DESENVOLVIMENTO SOCIAL;Nota fiscal;33.224.254/0001-42;MGS MINAS GERAIS ADMINISTRACAO E SERVICOS S/A;126182026;;1;Completa;Serviço;Despesa orçamentária;2026-03-30;2026-04-07;2026-04-07;3889,68;Não
1440 - DEFENSORIA PUBLICA DO ESTADO DE MINAS GERAIS;Nota fiscal;05.457.677/0004-10;ESSENCIAL SISTEMA DE SEGURANCA LTDA;2864;3;1;Completa;Serviço;Despesa orçamentária;2026-04-01;2026-04-06;2026-04-07;5897,86;Não
2100 - INSTITUTO ESTADUAL DE FLORESTAS-IEF;Nota fiscal;33.224.254/0001-42;MGS MINAS GERAIS ADMINISTRACAO E SERVICOS S/A;11211;1;1;Completa;Serviço;Despesa orçamentária;2026-03-19;2026-04-01;2026-04-07;11746,43;Não
1030 - TRIBUNAL DE JUSTICA DO ESTADO DE MINAS GERAIS;Nota fiscal;34.274.233/0025-71;VIBRA ENERGIA S.A;4854535;0;1;Completa - Recebimento definitivo;Consumo;Despesa orçamentária;2026-04-01;2026-04-06;2026-04-07;857,72;Não
1440 - DEFENSORIA PUBLICA DO ESTADO DE MINAS GERAIS;Nota fiscal;05.457.677/0004-10;ESSENCIAL SISTEMA DE SEGURANCA LTDA;2856;3;1;Completa;Serviço;Despesa orçamentária;2026-04-01;2026-04-06;2026-04-07;6176,81;Não
1260 - SECRETARIA DE ESTADO DE EDUCACAO;Nota fiscal;06.981.180/0001-16;CEMIG DISTRIBUICAO S.A.;375785826;;1;Completa;Serviço;Despesa orçamentária;2026-04-02;2026-04-07;2026-04-07;7352,7;Não
2010 - INST.DE PREVIDENCIA DOS SERVIDORES DO EST.M.GERAIS;Nota fiscal;33.224.254/0001-42;MGS MINAS GERAIS ADMINISTRACAO E SERVICOS S/A;12505;1;1;Completa;Serviço;Despesa orçamentária;2026-03-30;2026-03-30;2026-04-07;327186,31;Não
1440 - DEFENSORIA PUBLICA DO ESTADO DE MINAS GERAIS;Nota fiscal;05.457.677/0004-10;ESSENCIAL SISTEMA DE SEGURANCA LTDA;2865;3;1;Completa;Serviço;Despesa orçamentária;2026-04-01;2026-04-06;2026-04-07;5982,8;Não
2420 - INSTITUTO DE DESENVOLVIMENTO NORTE E NORDESTE MG;Nota fiscal;91.967.067/0008-21;BAKOF PLASTICOS LTDA EM RECUPERACAO JUDICIAL;24991;0;1;Completa - Recebimento definitivo;Consumo;Despesa extra orçamentária;2026-03-05;2026-03-31;2026-04-07;25500,0;Não
2090 - FUNDACAO ESTADUAL DO MEIO AMBIENTE;Nota fiscal;20.195.434/0001-00;MILTON GARCIA DE JESUS E CIA LTDA;33234;;1;Incompleta;Consumo;Despesa orçamentária;2026-04-06;2026-04-07;2026-04-07;775,0;Não
2320 - FUNDACAO CENTRO DE HEMATOLOGIA E HEMOTERAPIA DE MG;Nota fiscal;50.791.459/0001-29;PADARIA E CONFEITARIA DA PRACA LTDA;7774;1;1;Completa - Recebimento definitivo;Consumo;Despesa orçamentária;2026-04-07;2026-04-07;2026-04-07;3854,75;Não
2270 - FUNDACAO HOSPITALAR DO ESTADO DE MINAS GERAIS;Nota fiscal;20.858.411/0001-20;AMGS COMERCIO E REPRESENTACOES LTDA;625461;2;1;Completa - Disponível para recebimento definitivo;Consumo;Despesa orçamentária;2026-03-13;2026-03-13;2026-04-07;207,74;Não
1440 - DEFENSORIA PUBLICA DO ESTADO DE MINAS GERAIS;Nota fiscal;05.457.677/0004-10;ESSENCIAL SISTEMA DE SEGURANCA LTDA;2871;3;1;Completa;Serviço;Despesa orçamentária;2026-04-01;2026-04-06;2026-04-07;12353,08;Não
2300 - DEPARTAMENTO DE ESTRADAS DE RODAGEM;Nota fiscal;06.981.180/0001-16;CEMIG DISTRIBUICAO S.A.;356777563;0;1;Completa;Serviço;Despesa orçamentária;2026-02-05;2026-03-23;2026-04-07;1259,83;Não
1260 - SECRETARIA DE ESTADO DE EDUCACAO;Nota fiscal;07.432.517/0001-07;SIMPRESS COMERCIO LOCACAO E SERVICOS LTDA;366359;;1;Completa;Serviço;Despesa orçamentária;2026-03-12;2026-04-07;2026-04-07;254,22;Não
1250 - POLICIA MILITAR DE MINAS GERAIS;Nota fiscal;21.064.635/0001-22;S C PECAS E SERVICOS LTDA - EPP;404;3;1;Completa;Serviço;Despesa extra orçamentária;2026-04-07;2026-04-07;2026-04-07;18,27;Não
1260 - SECRETARIA DE ESTADO DE EDUCACAO;Nota fiscal;33.224.254/0001-42;MGS MINAS GERAIS ADMINISTRACAO E SERVICOS S/A;12744;1;1;Completa;Serviço;Despesa orçamentária;2026-03-30;2026-04-07;2026-04-07;72929,01;Não
2350 - UNIVERSIDADE DO ESTADO DE MINAS GERAIS;Nota fiscal;76.535.764/0001-43;OI S.A. - EM RECUPERACAO JUDICIAL;32669;;2;Completa;Serviço;Despesa extra orçamentária;2026-01-20;2026-02-04;2026-04-07;7321,69;Não
1190 - SECRETARIA DE ESTADO DE FAZENDA DE MINAS GERAIS;Outros;76.535.764/0001-43;OI S.A. - EM RECUPERACAO JUDICIAL;33105;;1;Completa;Serviço;Despesa orçamentária;2026-03-25;2026-04-07;2026-04-07;2874,41;Não
1440 - DEFENSORIA PUBLICA DO ESTADO DE MINAS GERAIS;Nota fiscal;05.457.677/0004-10;ESSENCIAL SISTEMA DE SEGURANCA LTDA;2862;3;1;Completa;Serviço;Despesa orçamentária;2026-04-01;2026-04-06;2026-04-07;5870,69;Não
2370 - INSTITUTO MINEIRO DE AGROPECUARIA;Outros;34.028.316/0015-09;EMPRESA BRASILEIRA DE CORREIOS E TELEGRAFOS - ECT;2499020;;1;Completa;Serviço;Despesa orçamentária;2026-03-31;2026-04-06;2026-04-07;89,34;Não
1440 - DEFENSORIA PUBLICA DO ESTADO DE MINAS GERAIS;Nota fiscal;05.457.677/0004-10;ESSENCIAL SISTEMA DE SEGURANCA LTDA;2866;3;1;Completa;Serviço;Despesa orçamentária;2026-04-01;2026-04-06;2026-04-07;6068,35;Não
1710 - SECRETARIA DE ESTADO DE COMUNICACAO SOCIAL;Nota fiscal;24.172.716/0001-34;FLD S.A.;1321;;1;Completa;Serviço;Despesa orçamentária;2026-03-12;2026-04-07;2026-04-07;553,01;Não
1500 - SECRETARIA DE ESTADO DE PLANEJAMENTO E GESTAO;Outros;16.673.998/0001-25;SUPERINTENDENCIA DE LIMPEZA URBANA;326090024128;;2;Completa;Serviço;Despesa orçamentária;2026-04-07;2026-04-07;2026-04-07;15577,89;Não
1440 - DEFENSORIA PUBLICA DO ESTADO DE MINAS GERAIS;Nota fiscal;05.457.677/0004-10;ESSENCIAL SISTEMA DE SEGURANCA LTDA;2867;3;1;Completa;Serviço;Despesa orçamentária;2026-04-01;2026-04-06;2026-04-07;5863,62;Não
2100 - INSTITUTO ESTADUAL DE FLORESTAS-IEF;Outros;33.224.254/0001-42;MGS MINAS GERAIS ADMINISTRACAO E SERVICOS S/A;678916;;1;Completa;Serviço;Despesa orçamentária;2026-03-19;2026-04-02;2026-04-07;1021,68;Não
1440 - DEFENSORIA PUBLICA DO ESTADO DE MINAS GERAIS;Nota fiscal;05.457.677/0004-10;ESSENCIAL SISTEMA DE SEGURANCA LTDA;2878;3;1;Completa;Serviço;Despesa orçamentária;2026-04-01;2026-04-06;2026-04-07;5966,53;Não
1250 - POLICIA MILITAR DE MINAS GERAIS;Nota fiscal;21.064.635/0001-22;S C PECAS E SERVICOS LTDA - EPP;345;3;1;Completa;Serviço;Despesa extra orçamentária;2026-04-07;2026-04-07;2026-04-07;13,7;Não
1260 - SECRETARIA DE ESTADO DE EDUCACAO;Nota fiscal;08.273.364/0001-57;TICKET GESTAO EM MANUTENCAO EZC S.A;48502847;;1;Completa;Serviço;Despesa orçamentária;2026-04-06;2026-04-07;2026-04-07;17805,15;Não
2270 - FUNDACAO HOSPITALAR DO ESTADO DE MINAS GERAIS;Nota fiscal;40.175.705/0001-64;CEI COMERCIO EXPORTACAO E IMP DE MAT MEDICOS LTDA;324382;1;1;Completa - Recebimento definitivo;Consumo;Despesa orçamentária;2026-03-23;2026-03-31;2026-04-07;2350,0;Não
1440 - DEFENSORIA PUBLICA DO ESTADO DE MINAS GERAIS;Nota fiscal;05.457.677/0004-10;ESSENCIAL SISTEMA DE SEGURANCA LTDA;2858;3;1;Completa;Serviço;Despesa orçamentária;2026-04-01;2026-04-06;2026-04-07;5949,73;Não
1190 - SECRETARIA DE ESTADO DE FAZENDA DE MINAS GERAIS;Outros;76.535.764/0001-43;OI S.A. - EM RECUPERACAO JUDICIAL;33106;;1;Completa;Serviço;Despesa orçamentária;2026-03-25;2026-04-07;2026-04-07;5958,82;Não
1450 - SECRETARIA DE ESTADO DE JUSTICA E SEGURANCA PUBLIC;Nota fiscal;21.306.287/0001-52;TECNO 2000 INDUSTRIA E COMERCIO LTDA;54427;;1;Completa - Recebimento definitivo;Permanente;Despesa extra orçamentária;2026-03-31;2026-04-07;2026-04-07;41340,0;Não
1440 - DEFENSORIA PUBLICA DO ESTADO DE MINAS GERAIS;Nota fiscal;05.457.677/0004-10;ESSENCIAL SISTEMA DE SEGURANCA LTDA;2875;3;1;Completa;Serviço;Despesa orçamentária;2026-04-01;2026-04-06;2026-04-07;5885,95;Não
2270 - FUNDACAO HOSPITALAR DO ESTADO DE MINAS GERAIS;Nota fiscal;04.477.018/0001-30;POLAR INDUSTRIA E COMERCIO DE COLCHOES LTDA;118709;;1;Completa - Recebimento definitivo;Consumo;Despesa extra orçamentária;2026-03-27;2026-04-01;2026-04-07;7560,0;Não
1030 - TRIBUNAL DE JUSTICA DO ESTADO DE MINAS GERAIS;Nota fiscal;34.274.233/0025-71;VIBRA ENERGIA S.A;4854536;0;1;Completa - Recebimento definitivo;Consumo;Despesa orçamentária;2026-04-01;2026-04-06;2026-04-07;832,52;Não
2100 - INSTITUTO ESTADUAL DE FLORESTAS-IEF;Nota fiscal;33.224.254/0001-42;MGS MINAS GERAIS ADMINISTRACAO E SERVICOS S/A;12268;1;1;Completa;Serviço;Despesa orçamentária;2026-03-26;2026-04-02;2026-04-07;20552,82;Não
1260 - SECRETARIA DE ESTADO DE EDUCACAO;Nota fiscal;07.432.517/0001-07;SIMPRESS COMERCIO LOCACAO E SERVICOS LTDA;366363;;1;Completa;Serviço;Despesa orçamentária;2026-03-12;2026-04-07;2026-04-07;507,21;Não
1190 - SECRETARIA DE ESTADO DE FAZENDA DE MINAS GERAIS;Outros;76.535.764/0001-43;OI S.A. - EM RECUPERACAO JUDICIAL;33107;;1;Completa;Serviço;Despesa orçamentária;2026-03-25;2026-04-07;2026-04-07;3514,24;Não
1320 - SECRETARIA DE ESTADO DA SAUDE;Nota fiscal;25.932.088/0001-00;ANALITICA LTDA;62258;1;1;Completa - Recebimento definitivo;Consumo;Despesa orçamentária;2026-03-30;2026-04-06;2026-04-07;38,5;Não
1250 - POLICIA MILITAR DE MINAS GERAIS;Nota fiscal;21.064.635/0001-22;S C PECAS E SERVICOS LTDA - EPP;344;3;1;Completa;Serviço;Despesa extra orçamentária;2026-03-18;2026-04-07;2026-04-07;27,41;Não
1710 - SECRETARIA DE ESTADO DE COMUNICACAO SOCIAL;Nota fiscal;24.172.716/0001-34;FLD S.A.;1430;;1;Completa;Serviço;Despesa orçamentária;2026-03-16;2026-04-07;2026-04-07;101,6;Não
2270 - FUNDACAO HOSPITALAR DO ESTADO DE MINAS GERAIS;Nota fiscal;08.093.178/0001-36;VIGI & SEG VIGILANCIA E SEGURANCA LTDA;111;0;1;Completa;Serviço;Despesa orçamentária;2026-04-02;2026-04-07;2026-04-07;91034,7;Não
1260 - SECRETARIA DE ESTADO DE EDUCACAO;Nota fiscal;06.981.180/0001-16;CEMIG DISTRIBUICAO S.A.;375785814;;1;Completa;Serviço;Despesa orçamentária;2026-04-02;2026-04-07;2026-04-07;3665,51;Não
1320 - SECRETARIA DE ESTADO DA SAUDE;Nota fiscal;25.932.088/0001-00;ANALITICA LTDA;62259;1;1;Completa - Recebimento definitivo;Consumo;Despesa orçamentária;2026-03-30;2026-04-06;2026-04-07;154,5;Não
2270 - FUNDACAO HOSPITALAR DO ESTADO DE MINAS GERAIS;Nota fiscal;66.437.831/0001-33;HTS - TECNOLOGIA EM SAUDE, COMERCIO IMPORTACAO E EXPORTACAO LTDA;242147;;1;Completa - Recebimento definitivo;Consumo;Despesa orçamentária;2026-02-27;2026-02-28;2026-04-07;770,0;Não
2100 - INSTITUTO ESTADUAL DE FLORESTAS-IEF;Outros;33.224.254/0001-42;MGS MINAS GERAIS ADMINISTRACAO E SERVICOS S/A;680221;;1;Completa;Serviço;Despesa orçamentária;2026-03-26;2026-04-02;2026-04-07;2007,82;Não
1260 - SECRETARIA DE ESTADO DE EDUCACAO;Outros;23.354.848/0001-14;FUNDACAO EDUCACIONAL DE PATOS DE MINAS;9447581;12;1;Completa;Serviço;Despesa orçamentária;2026-04-07;2026-04-07;2026-04-07;6280,0;Não
1250 - POLICIA MILITAR DE MINAS GERAIS;Nota fiscal;21.064.635/0001-22;S C PECAS E SERVICOS LTDA - EPP;406;3;1;Completa;Serviço;Despesa extra orçamentária;2026-04-07;2026-04-07;2026-04-07;12,18;Não
1190 - SECRETARIA DE ESTADO DE FAZENDA DE MINAS GERAIS;Outros;01.389.269/0001-74;ALCTEL TELECOMUNICACOES E INFORMATICA LTDA;711;;1;Completa;Serviço;Despesa orçamentária;2026-04-01;2026-04-01;2026-04-07;134,38;Não
1250 - POLICIA MILITAR DE MINAS GERAIS;Nota fiscal;22.355.622/0001-75;BIOMIG MATERIAIS MEDICO-HOSPITALARES LTDA;143951;;1;Incompleta;Serviço;Despesa extra orçamentária;2026-04-06;2026-04-06;2026-04-07;5420,0;Não
1260 - SECRETARIA DE ESTADO DE EDUCACAO;Nota fiscal;61.192.522/0010-18;BIGNARDI - INDUSTRIA E COMERCIO DE PAPEIS E ARTEFATOS LTDA.;167831;1;2;Completa - Recebimento definitivo;Consumo;Despesa orçamentária;2026-02-16;2026-03-16;2026-04-07;294404,64;Não
1260 - SECRETARIA DE ESTADO DE EDUCACAO;Nota fiscal;33.224.254/0001-42;MGS MINAS GERAIS ADMINISTRACAO E SERVICOS S/A;12570;BCN;1;Completa;Serviço;Despesa orçamentária;2026-03-30;2026-04-07;2026-04-07;151,95;Não
1190 - SECRETARIA DE ESTADO DE FAZENDA DE MINAS GERAIS;Outros;76.535.764/0001-43;OI S.A. - EM RECUPERACAO JUDICIAL;33108;;1;Completa;Serviço;Despesa orçamentária;2026-03-25;2026-04-07;2026-04-07;21915,88;Não
2260 - FUNDACAO EZEQUIEL DIAS;Nota fiscal;38.658.399/0001-75;DATAMED LTDA;277;;1;Completa;Serviço;Despesa orçamentária;2026-03-31;2026-04-07;2026-04-07;31306,24;Não
1190 - SECRETARIA DE ESTADO DE FAZENDA DE MINAS GERAIS;Nota fiscal;33.224.254/0001-42;MGS MINAS GERAIS ADMINISTRACAO E SERVICOS S/A;12449;;1;Completa;Serviço;Despesa orçamentária;2026-03-30;2026-04-06;2026-04-07;6617,48;Não
1030 - TRIBUNAL DE JUSTICA DO ESTADO DE MINAS GERAIS;Outros;04.947.516/0001-07;ETERA CONSTRUCOES E ISOLAMENTOS LTDA;1672026;;1;Completa;Serviço;Despesa orçamentária;2026-03-25;2026-03-25;2026-04-07;1082,86;Não
1250 - POLICIA MILITAR DE MINAS GERAIS;Nota fiscal;21.064.635/0001-22;S C PECAS E SERVICOS LTDA - EPP;19859;3;1;Completa;Serviço;Despesa extra orçamentária;2026-04-06;2026-04-07;2026-04-07;457,45;Não
1520 - CONTROLADORIA GERAL DO ESTADO DE MINAS GERAIS;Outros;01.017.250/0001-05;VOETUR TURISMO E REPRESENTACOES LTDA;1329416;;1;Completa;Serviço;Despesa orçamentária;2026-04-03;2026-04-07;2026-04-07;7534,95;Não
1320 - SECRETARIA DE ESTADO DA SAUDE;Nota fiscal;25.932.088/0001-00;ANALITICA LTDA;62237;1;1;Completa - Recebimento definitivo;Consumo;Despesa orçamentária;2026-03-27;2026-04-01;2026-04-07;905,0;Não
1260 - SECRETARIA DE ESTADO DE EDUCACAO;Nota fiscal;08.273.364/0001-57;TICKET GESTAO EM MANUTENCAO EZC S.A;48499674;;1;Completa;Serviço;Despesa orçamentária;2026-04-01;2026-04-07;2026-04-07;14371,82;Não
1710 - SECRETARIA DE ESTADO DE COMUNICACAO SOCIAL;Nota fiscal;24.172.716/0001-34;FLD S.A.;1523;;1;Completa;Serviço;Despesa orçamentária;2026-03-19;2026-04-07;2026-04-07;101,6;Não
1030 - TRIBUNAL DE JUSTICA DO ESTADO DE MINAS GERAIS;Outros;04.947.516/0001-07;ETERA CONSTRUCOES E ISOLAMENTOS LTDA;1872026;;1;Completa;Serviço;Despesa orçamentária;2026-03-25;2026-03-25;2026-04-07;849,49;Não
1480 - SECRETARIA DE ESTADO DE DESENVOLVIMENTO SOCIAL;Nota fiscal;33.224.254/0001-42;MGS MINAS GERAIS ADMINISTRACAO E SERVICOS S/A;680387;;1;Completa;Serviço;Despesa orçamentária;2026-03-30;2026-04-07;2026-04-07;509,96;Não
2270 - FUNDACAO HOSPITALAR DO ESTADO DE MINAS GERAIS;Nota fiscal;20.234.795/0001-00;CLINICA RADIOLOGICA DR DAVI REZENDE LTDA;843;;1;Completa;Serviço;Despesa orçamentária;2026-04-06;2026-04-06;2026-04-07;240,55;Não
1320 - SECRETARIA DE ESTADO DA SAUDE;Nota fiscal;25.932.088/0001-00;ANALITICA LTDA;62264;1;1;Completa - Recebimento definitivo;Consumo;Despesa orçamentária;2026-03-30;2026-04-06;2026-04-07;102,0;Não
1250 - POLICIA MILITAR DE MINAS GERAIS;Nota fiscal;21.064.635/0001-22;S C PECAS E SERVICOS LTDA - EPP;19764;3;1;Completa;Serviço;Despesa extra orçamentária;2026-03-17;2026-04-07;2026-04-07;611,72;Não
2310 - UNIVERSIDADE ESTADUAL DE MONTES CLAROS;Nota fiscal;35.820.448/0126-57;WHITE MARTINS GASES INDUSTRIAIS LTDA;1617;681;1;Completa - Disponível para recebimento definitivo;Consumo;Despesa extra orçamentária;2026-03-26;2026-04-07;2026-04-07;148,14;Não
2040 - LOTERIA DO ESTADO DE MINAS GERAIS;Nota fiscal;33.224.254/0001-42;MGS MINAS GERAIS ADMINISTRACAO E SERVICOS S/A;12479;1;1;Completa;Serviço;Despesa orçamentária;2026-03-30;2026-04-07;2026-04-07;1078,46;Não
2100 - INSTITUTO ESTADUAL DE FLORESTAS-IEF;Outros;34.028.316/0015-09;EMPRESA BRASILEIRA DE CORREIOS E TELEGRAFOS - ECT;2496874;;1;Completa;Serviço;Despesa orçamentária;2026-03-31;2026-04-06;2026-04-07;30497,75;Não
1260 - SECRETARIA DE ESTADO DE EDUCACAO;Outros;33.224.254/0001-42;MGS MINAS GERAIS ADMINISTRACAO E SERVICOS S/A;680552;;1;Completa;Serviço;Despesa orçamentária;2026-03-30;2026-04-07;2026-04-07;4993,46;Não
1250 - POLICIA MILITAR DE MINAS GERAIS;Nota fiscal;21.064.635/0001-22;S C PECAS E SERVICOS LTDA - EPP;19854;3;1;Completa;Serviço;Despesa extra orçamentária;2026-04-06;2026-04-07;2026-04-07;2395,22;Não
1020 - TRIBUNAL DE CONTAS DO ESTADO DE MINAS GERAIS;Nota fiscal;01.276.330/0001-77;KENTA INFORMATICA SA;289;;1;Completa;Serviço;Despesa orçamentária;2026-04-01;2026-04-02;2026-04-07;4691,83;Não
2010 - INST.DE PREVIDENCIA DOS SERVIDORES DO EST.M.GERAIS;Nota fiscal;02.375.705/0001-19;DENTAL SUL AMERICA COMERCIAL LTDA;59374;3;1;Completa - Recebimento definitivo;Consumo;Despesa orçamentária;2026-03-31;2026-04-06;2026-04-07;1422,72;Não
2270 - FUNDACAO HOSPITALAR DO ESTADO DE MINAS GERAIS;Nota fiscal;00.201.182/0001-69;DISTRIBUIDORA DE AGUAS MINERAIS BH LTDA -EPP;34680;1;1;Completa - Recebimento definitivo;Consumo;Despesa orçamentária;2026-04-01;2026-04-01;2026-04-07;9702,0;Não
1710 - SECRETARIA DE ESTADO DE COMUNICACAO SOCIAL;Nota fiscal;24.172.716/0001-34;FLD S.A.;1589;;1;Completa;Serviço;Despesa orçamentária;2026-03-20;2026-04-07;2026-04-07;674,46;Não
1480 - SECRETARIA DE ESTADO DE DESENVOLVIMENTO SOCIAL;Nota fiscal;07.432.517/0001-07;SIMPRESS COMERCIO LOCACAO E SERVICOS LTDA;361248;1;1;Completa;Serviço;Despesa orçamentária;2026-03-03;2026-03-18;2026-04-07;472,28;Não
1190 - SECRETARIA DE ESTADO DE FAZENDA DE MINAS GERAIS;Outros;01.389.269/0001-74;ALCTEL TELECOMUNICACOES E INFORMATICA LTDA;712;;1;Incompleta;Serviço;Despesa orçamentária;2026-04-01;2026-04-01;2026-04-07;900,2;Não
1510 - POLICIA CIVIL DO ESTADO DE MINAS GERAIS;Outros;***.242.506-**;SILVIA CONSOLACAO DOS SANTOS OLIVEIRA;32026;;1;Completa;Serviço;Despesa orçamentária;2026-03-31;2026-04-07;2026-04-07;4820,21;Não
1450 - SECRETARIA DE ESTADO DE JUSTICA E SEGURANCA PUBLIC;Nota fiscal;25.371.336/0001-91;DORES FOOD LTDA;269;;1;Completa;Serviço;Despesa orçamentária;2026-03-03;2026-03-03;2026-04-07;89369,09;Não
2310 - UNIVERSIDADE ESTADUAL DE MONTES CLAROS;Nota fiscal;35.820.448/0126-57;WHITE MARTINS GASES INDUSTRIAIS LTDA;1624;681;1;Completa - Disponível para recebimento definitivo;Consumo;Despesa extra orçamentária;2026-03-27;2026-04-07;2026-04-07;98,76;Não
1250 - POLICIA MILITAR DE MINAS GERAIS;Nota fiscal;21.064.635/0001-22;S C PECAS E SERVICOS LTDA - EPP;19862;3;1;Completa;Serviço;Despesa extra orçamentária;2026-04-06;2026-04-07;2026-04-07;4337,8;Não
1480 - SECRETARIA DE ESTADO DE DESENVOLVIMENTO SOCIAL;Nota fiscal;07.432.517/0001-07;SIMPRESS COMERCIO LOCACAO E SERVICOS LTDA;361245;1;1;Completa;Serviço;Despesa orçamentária;2026-03-03;2026-03-18;2026-04-07;46,86;Não
1260 - SECRETARIA DE ESTADO DE EDUCACAO;Nota fiscal;38.213.230/0001-01;PROTEKTO SEGURANCA LTDA;295;;1;Completa;Serviço;Despesa orçamentária;2026-04-02;2026-04-07;2026-04-07;1229,16;Não
2310 - UNIVERSIDADE ESTADUAL DE MONTES CLAROS;Nota fiscal;35.820.448/0126-57;WHITE MARTINS GASES INDUSTRIAIS LTDA;22008;400;1;Completa - Disponível para recebimento definitivo;Consumo;Despesa extra orçamentária;2026-03-24;2026-04-07;2026-04-07;1087,08;Não
1050 - TRIBUNAL DE JUSTICA MILITAR DO ESTADO DE M.G.;Nota fiscal;32.010.868/0001-69;FOCO MONTAGENS LOCACOES E SERVICOS LTDA;232026;;1;Incompleta;Serviço;Despesa orçamentária;2026-03-12;2026-03-16;2026-04-07;6200,0;Não
1260 - SECRETARIA DE ESTADO DE EDUCACAO;Nota fiscal;79.788.766/0029-33;BRINK MOBIL EQUIPAMENTOS EDUCACIONAIS LTDA;33;0;1;Completa - Recebimento definitivo;Consumo;Despesa orçamentária;2026-02-16;2026-03-16;2026-04-07;223240,55;Não
1250 - POLICIA MILITAR DE MINAS GERAIS;Nota fiscal;21.064.635/0001-22;S C PECAS E SERVICOS LTDA - EPP;19863;3;1;Completa;Serviço;Despesa extra orçamentária;2026-04-06;2026-04-07;2026-04-07;1329,4;Não
2270 - FUNDACAO HOSPITALAR DO ESTADO DE MINAS GERAIS;Nota fiscal;68.532.076/0002-82;HPF SURGICAL LTDA;358800;;1;Completa - Recebimento definitivo;Consumo;Despesa orçamentária;2026-03-24;2026-04-01;2026-04-07;885,71;Não
1260 - SECRETARIA DE ESTADO DE EDUCACAO;Outros;23.354.848/0001-14;FUNDACAO EDUCACIONAL DE PATOS DE MINAS;9496607;;1;Completa;Serviço;Despesa orçamentária;2026-04-07;2026-04-07;2026-04-07;107980,0;Não
2310 - UNIVERSIDADE ESTADUAL DE MONTES CLAROS;Nota fiscal;35.820.448/0126-57;WHITE MARTINS GASES INDUSTRIAIS LTDA;1630;681;1;Completa - Disponível para recebimento definitivo;Consumo;Despesa extra orçamentária;2026-03-30;2026-04-07;2026-04-07;1210,17;Não
1500 - SECRETARIA DE ESTADO DE PLANEJAMENTO E GESTAO;Outros;22.115.075/0001-50;ADMINISTRACAO E PLANEJAMENTOS IMOBILIARIOS LTDA - EPP;136851559;;1;Completa;Serviço;Despesa orçamentária;2026-04-01;2026-04-01;2026-04-07;7187,61;Não
2100 - INSTITUTO ESTADUAL DE FLORESTAS-IEF;Nota fiscal;07.432.517/0001-07;SIMPRESS COMERCIO LOCACAO E SERVICOS LTDA;369159;;1;Completa;Serviço;Despesa orçamentária;2026-03-17;2026-03-27;2026-04-07;472,28;Não
1250 - POLICIA MILITAR DE MINAS GERAIS;Nota fiscal;21.064.635/0001-22;S C PECAS E SERVICOS LTDA - EPP;402;3;1;Completa;Serviço;Despesa extra orçamentária;2026-04-07;2026-04-07;2026-04-07;183,61;Não
1480 - SECRETARIA DE ESTADO DE DESENVOLVIMENTO SOCIAL;Nota fiscal;33.224.254/0001-42;MGS MINAS GERAIS ADMINISTRACAO E SERVICOS S/A;126012026;;1;Completa;Serviço;Despesa orçamentária;2026-03-30;2026-03-30;2026-04-07;67799,44;Não
1250 - POLICIA MILITAR DE MINAS GERAIS;Nota fiscal;21.064.635/0001-22;S C PECAS E SERVICOS LTDA - EPP;403;3;1;Completa;Serviço;Despesa extra orçamentária;2026-04-07;2026-04-07;2026-04-07;118,76;Não
2370 - INSTITUTO MINEIRO DE AGROPECUARIA;Nota fiscal;33.224.254/0001-42;MGS MINAS GERAIS ADMINISTRACAO E SERVICOS S/A;12795;;1;Completa;Serviço;Despesa orçamentária;2026-03-30;2026-04-06;2026-04-07;3750,99;Não
1260 - SECRETARIA DE ESTADO DE EDUCACAO;Outros;16.588.268/0001-26;CENTRO TECNICO DE EDUCACAO PROFISSIONAL DE ALEM PARAIBA LTDA - ME;32026;A;1;Completa;Serviço;Despesa orçamentária;2026-04-01;2026-04-07;2026-04-07;23000,0;Não
1030 - TRIBUNAL DE JUSTICA DO ESTADO DE MINAS GERAIS;Nota fiscal;00.336.701/0001-04;TELECOMUNICACOES BRASILEIRAS SA TELEBRAS;925;FEV;1;Completa;Serviço;Despesa orçamentária;2026-03-16;2026-04-07;2026-04-07;420646,59;Não
2270 - FUNDACAO HOSPITALAR DO ESTADO DE MINAS GERAIS;Nota fiscal;02.424.344/0001-53;DISTRIBUICAO DE MEDICAMENTOS PAMED LTDA;50120;;1;Completa - Recebimento definitivo;Consumo;Despesa orçamentária;2026-03-23;2026-03-27;2026-04-07;24125,1;Não
1710 - SECRETARIA DE ESTADO DE COMUNICACAO SOCIAL;Nota fiscal;24.172.716/0001-34;FLD S.A.;1647;;1;Completa;Serviço;Despesa orçamentária;2026-03-26;2026-04-07;2026-04-07;101,6;Não
1260 - SECRETARIA DE ESTADO DE EDUCACAO;Nota fiscal;57.012.146/0001-74;AMM LICITACOES LTDA;334;1;1;Completa - Recebimento definitivo;Consumo;Despesa orçamentária;2026-03-30;2026-04-07;2026-04-07;17940,0;Não
1450 - SECRETARIA DE ESTADO DE JUSTICA E SEGURANCA PUBLIC;Nota fiscal;05.905.254/0001-72;HR REFEICOES LTDA;8481;;1;Completa;Serviço;Despesa orçamentária;2026-03-31;2026-03-31;2026-04-07;159320,4;Não
1250 - POLICIA MILITAR DE MINAS GERAIS;Nota fiscal;21.064.635/0001-22;S C PECAS E SERVICOS LTDA - EPP;411;3;1;Completa;Serviço;Despesa extra orçamentária;2026-04-07;2026-04-07;2026-04-07;1421,58;Não
2370 - INSTITUTO MINEIRO DE AGROPECUARIA;Outros;33.224.254/0001-42;MGS MINAS GERAIS ADMINISTRACAO E SERVICOS S/A;680761;;1;Completa;Serviço;Despesa orçamentária;2026-03-30;2026-04-06;2026-04-07;509,96;Não
2100 - INSTITUTO ESTADUAL DE FLORESTAS-IEF;Nota fiscal;07.432.517/0001-07;SIMPRESS COMERCIO LOCACAO E SERVICOS LTDA;369158;;1;Completa;Serviço;Despesa orçamentária;2026-03-17;2026-03-27;2026-04-07;13,86;Não
1270 - SECRETARIA DE ESTADO DE CULTURA E TURISMO;Outros;33.224.254/0001-42;MGS MINAS GERAIS ADMINISTRACAO E SERVICOS S/A;680228;;1;Completa;Serviço;Despesa orçamentária;2026-03-26;2026-03-26;2026-04-07;3446,2;Não
2260 - FUNDACAO EZEQUIEL DIAS;Nota fiscal;62.034.131/0001-47;FORTEX COMERCIO LTDA;44;1;1;Completa - Recebimento definitivo;Permanente;Despesa orçamentária;2026-03-27;2026-04-07;2026-04-07;8980,0;Não
2310 - UNIVERSIDADE ESTADUAL DE MONTES CLAROS;Nota fiscal;35.820.448/0126-57;WHITE MARTINS GASES INDUSTRIAIS LTDA;21907;400;1;Completa - Disponível para recebimento definitivo;Consumo;Despesa extra orçamentária;2026-03-19;2026-04-07;2026-04-07;11200,14;Não
2330 - INSTITUTO DE METROLOGIA E QUALIDADE DE MG;Nota fiscal;33.224.254/0001-42;MGS MINAS GERAIS ADMINISTRACAO E SERVICOS S/A;12806;E;1;Completa;Serviço;Despesa orçamentária;2026-03-26;2026-03-31;2026-04-07;4646,12;Não
1480 - SECRETARIA DE ESTADO DE DESENVOLVIMENTO SOCIAL;Nota fiscal;17.952.607/0001-74;INDUSTRIA DE BOLAS TITA LTDA - EPP;1987;2;1;Completa - Recebimento definitivo;Consumo;Despesa orçamentária;2026-03-19;2026-03-19;2026-04-07;67774,81;Não
2310 - UNIVERSIDADE ESTADUAL DE MONTES CLAROS;Nota fiscal;35.820.448/0126-57;WHITE MARTINS GASES INDUSTRIAIS LTDA;21908;1;1;Completa - Disponível para recebimento definitivo;Consumo;Despesa extra orçamentária;2026-03-19;2026-04-07;2026-04-07;345,87;Não
2270 - FUNDACAO HOSPITALAR DO ESTADO DE MINAS GERAIS;Nota fiscal;06.981.180/0001-16;CEMIG DISTRIBUICAO S.A.;375785838;;1;Completa;Serviço;Despesa orçamentária;2026-04-07;2026-04-07;2026-04-07;163676,43;Não
1190 - SECRETARIA DE ESTADO DE FAZENDA DE MINAS GERAIS;Nota fiscal;33.224.254/0001-42;MGS MINAS GERAIS ADMINISTRACAO E SERVICOS S/A;12450;;1;Completa;Serviço;Despesa orçamentária;2026-03-30;2026-04-06;2026-04-07;587,28;Não
1450 - SECRETARIA DE ESTADO DE JUSTICA E SEGURANCA PUBLIC;Nota fiscal;05.905.254/0001-72;HR REFEICOES LTDA;8492;;1;Completa;Serviço;Despesa orçamentária;2026-03-31;2026-03-31;2026-04-07;147315,07;Não
1020 - TRIBUNAL DE CONTAS DO ESTADO DE MINAS GERAIS;Nota fiscal;03.539.398/0001-27;ELEVADORES MILENIO LTDA;818;;1;Completa;Serviço;Despesa orçamentária;2026-04-07;2026-04-07;2026-04-07;863,46;Não
1490 - SECRETARIA DE ESTADO DE GOVERNO;Outros;01.017.250/0001-05;VOETUR TURISMO E REPRESENTACOES LTDA;1330496;;1;Incompleta;Serviço;Despesa orçamentária;2026-04-06;2026-04-06;2026-04-07;8787,96;Não
1260 - SECRETARIA DE ESTADO DE EDUCACAO;Outros;17.507.708/0001-36;ASSOCIACAO SAO VICENTE DE PAULO DE BELO HORIZONTE;3;BCN;1;Completa;Serviço;Despesa orçamentária;2026-04-07;2026-04-07;2026-04-07;12921,03;Não
2260 - FUNDACAO EZEQUIEL DIAS;Nota fiscal;33.069.212/0008-50;MERCK S/A;1306118;;1;Completa;Serviço;Despesa orçamentária;2026-03-16;2026-03-26;2026-04-07;7711,47;Não
2330 - INSTITUTO DE METROLOGIA E QUALIDADE DE MG;Outros;33.224.254/0001-42;MGS MINAS GERAIS ADMINISTRACAO E SERVICOS S/A;320262;;1;Completa;Serviço;Despesa orçamentária;2026-03-26;2026-03-31;2026-04-07;5328,04;Não
2310 - UNIVERSIDADE ESTADUAL DE MONTES CLAROS;Nota fiscal;35.820.448/0126-57;WHITE MARTINS GASES INDUSTRIAIS LTDA;21909;400;1;Completa - Disponível para recebimento definitivo;Consumo;Despesa extra orçamentária;2026-03-09;2026-04-07;2026-04-07;345,87;Não
1270 - SECRETARIA DE ESTADO DE CULTURA E TURISMO;Nota fiscal;33.224.254/0001-42;MGS MINAS GERAIS ADMINISTRACAO E SERVICOS S/A;12230;C;1;Incompleta;Serviço;Despesa orçamentária;2026-03-26;2026-03-26;2026-04-07;13727,73;Não
1450 - SECRETARIA DE ESTADO DE JUSTICA E SEGURANCA PUBLIC;Nota fiscal;05.151.226/0001-07;EXPRESSO MINAS FRIOS LTDA;76150;2;1;Completa;Serviço;Despesa orçamentária;2026-03-13;2026-04-07;2026-04-07;110,95;Não
1250 - POLICIA MILITAR DE MINAS GERAIS;Nota fiscal;21.064.635/0001-22;S C PECAS E SERVICOS LTDA - EPP;19856;3;1;Completa;Serviço;Despesa extra orçamentária;2026-04-06;2026-04-07;2026-04-07;183,68;Não
1450 - SECRETARIA DE ESTADO DE JUSTICA E SEGURANCA PUBLIC;Nota fiscal;22.467.470/0001-00;CONFECCOES TAYTY LTDA;4689;1;1;Completa - Recebimento definitivo;Consumo;Despesa extra orçamentária;2026-03-23;2026-04-07;2026-04-07;76234,0;Não
2310 - UNIVERSIDADE ESTADUAL DE MONTES CLAROS;Nota fiscal;35.820.448/0126-57;WHITE MARTINS GASES INDUSTRIAIS LTDA;21910;400;1;Completa - Disponível para recebimento definitivo;Consumo;Despesa extra orçamentária;2026-03-19;2026-04-07;2026-04-07;296,28;Não
2350 - UNIVERSIDADE DO ESTADO DE MINAS GERAIS;Nota fiscal;22.002.634/0001-16;22.002.634 LUIZ CARLOS DA SILVA;129;;1;Completa;Serviço;Despesa extra orçamentária;2026-03-04;2026-04-06;2026-04-07;18800,0;Não
1510 - POLICIA CIVIL DO ESTADO DE MINAS GERAIS;Nota fiscal;***.031.216-**;CARLOS AUGUSTO ARTHUSO;3;26;1;Completa;Serviço;Despesa orçamentária;2026-04-07;2026-04-07;2026-04-07;8321,2;Não
1250 - POLICIA MILITAR DE MINAS GERAIS;Nota fiscal;21.064.635/0001-22;S C PECAS E SERVICOS LTDA - EPP;19857;3;1;Completa;Serviço;Despesa extra orçamentária;2026-04-06;2026-04-07;2026-04-07;831,48;Não
2270 - FUNDACAO HOSPITALAR DO ESTADO DE MINAS GERAIS;Nota fiscal;08.234.423/0001-88;AGMASHI COMERCIO DE MATERIAL MEDICO E SERVICOS DE COBRANCAS LTDA -EPP;18454;;1;Completa - Recebimento definitivo;Consumo;Despesa orçamentária;2026-03-27;2026-04-01;2026-04-07;278,0;Não
1250 - POLICIA MILITAR DE MINAS GERAIS;Nota fiscal;20.280.412/0001-30;INTELIGOV - APLICATIVOS DE INTERNET LTDA.;6755;;1;Completa;Serviço;Despesa extra orçamentária;2025-12-19;2026-03-31;2026-04-07;19391,43;Não
2350 - UNIVERSIDADE DO ESTADO DE MINAS GERAIS;Nota fiscal;08.195.271/0001-51;FOCOS COMERCIAL LTDA;1100;1;1;Completa - Recebimento definitivo;Permanente;Despesa extra orçamentária;2026-03-13;2026-04-07;2026-04-07;44700,0;Não
1710 - SECRETARIA DE ESTADO DE COMUNICACAO SOCIAL;Nota fiscal;24.172.716/0001-34;FLD S.A.;1650;;1;Completa;Serviço;Despesa orçamentária;2026-03-26;2026-04-07;2026-04-07;304,8;Não
2310 - UNIVERSIDADE ESTADUAL DE MONTES CLAROS;Nota fiscal;35.820.448/0126-57;WHITE MARTINS GASES INDUSTRIAIS LTDA;21912;400;1;Completa - Disponível para recebimento definitivo;Consumo;Despesa extra orçamentária;2026-03-19;2026-04-07;2026-04-07;345,87;Não
2270 - FUNDACAO HOSPITALAR DO ESTADO DE MINAS GERAIS;Nota fiscal;18.459.628/0097-67;BAYER S.A.;310122;;1;Completa - Recebimento definitivo;Consumo;Despesa orçamentária;2026-03-19;2026-03-26;2026-04-07;56826,0;Não
1270 - SECRETARIA DE ESTADO DE CULTURA E TURISMO;Nota fiscal;33.224.254/0001-42;MGS MINAS GERAIS ADMINISTRACAO E SERVICOS S/A;12228;C;1;Completa;Serviço;Despesa orçamentária;2026-03-26;2026-03-26;2026-04-07;182456,65;Não
1260 - SECRETARIA DE ESTADO DE EDUCACAO;Nota fiscal;24.825.276/0001-77;JMBM ENGENHARIA ELETRICAS & CLIMATIZACAO LTDA;35;-;1;Completa;Serviço;Despesa orçamentária;2026-04-07;2026-04-07;2026-04-07;3239,17;Não
1250 - POLICIA MILITAR DE MINAS GERAIS;Nota fiscal;21.064.635/0001-22;S C PECAS E SERVICOS LTDA - EPP;19858;3;1;Completa;Serviço;Despesa extra orçamentária;2026-04-06;2026-04-07;2026-04-07;620,74;Não
1450 - SECRETARIA DE ESTADO DE JUSTICA E SEGURANCA PUBLIC;Nota fiscal;05.905.254/0001-72;HR REFEICOES LTDA;8494;;1;Completa;Serviço;Despesa orçamentária;2026-04-02;2026-04-02;2026-04-07;62144,47;Não
2310 - UNIVERSIDADE ESTADUAL DE MONTES CLAROS;Nota fiscal;35.820.448/0126-57;WHITE MARTINS GASES INDUSTRIAIS LTDA;21913;400;1;Completa - Disponível para recebimento definitivo;Consumo;Despesa extra orçamentária;2026-03-19;2026-04-07;2026-04-07;320,61;Não
1480 - SECRETARIA DE ESTADO DE DESENVOLVIMENTO SOCIAL;Nota fiscal;33.224.254/0001-42;MGS MINAS GERAIS ADMINISTRACAO E SERVICOS S/A;126392026;;1;Completa;Serviço;Despesa orçamentária;2026-03-30;2026-04-07;2026-04-07;5575,2;Não
2310 - UNIVERSIDADE ESTADUAL DE MONTES CLAROS;Nota fiscal;35.820.448/0126-57;WHITE MARTINS GASES INDUSTRIAIS LTDA;21914;400;1;Completa - Disponível para recebimento definitivo;Consumo;Despesa extra orçamentária;2026-03-19;2026-04-07;2026-04-07;246,9;Não
1480 - SECRETARIA DE ESTADO DE DESENVOLVIMENTO SOCIAL;Nota fiscal;33.224.254/0001-42;MGS MINAS GERAIS ADMINISTRACAO E SERVICOS S/A;680471;;1;Completa;Serviço;Despesa orçamentária;2026-03-30;2026-03-30;2026-04-07;4583,54;Não
1250 - POLICIA MILITAR DE MINAS GERAIS;Nota fiscal;21.064.635/0001-22;S C PECAS E SERVICOS LTDA - EPP;408;3;1;Completa;Serviço;Despesa extra orçamentária;2026-04-07;2026-04-07;2026-04-07;62,49;Não
2270 - FUNDACAO HOSPITALAR DO ESTADO DE MINAS GERAIS;Nota fiscal;00.610.681/0005-33;HOSP-PHARMA MANIPULACAO E SUPRIMENTOS LTDA;5993;;1;Completa - Recebimento definitivo;Consumo;Despesa orçamentária;2026-03-30;2026-04-07;2026-04-07;845,48;Não
1260 - SECRETARIA DE ESTADO DE EDUCACAO;Nota fiscal;16.588.268/0001-26;CENTRO TECNICO DE EDUCACAO PROFISSIONAL DE ALEM PARAIBA LTDA - ME;72026;;1;Completa;Serviço;Despesa orçamentária;2026-04-01;2026-04-07;2026-04-07;54573,49;Não
1450 - SECRETARIA DE ESTADO DE JUSTICA E SEGURANCA PUBLIC;Nota fiscal;25.371.336/0001-91;DORES FOOD LTDA;277;;1;Completa;Serviço;Despesa orçamentária;2026-04-01;2026-04-01;2026-04-07;103547,86;Não
1510 - POLICIA CIVIL DO ESTADO DE MINAS GERAIS;Nota fiscal;34.028.316/0015-09;EMPRESA BRASILEIRA DE CORREIOS E TELEGRAFOS - ECT;2494593;;1;Completa;Serviço;Despesa orçamentária;2026-04-06;2026-04-06;2026-04-07;4575190,73;Não
1250 - POLICIA MILITAR DE MINAS GERAIS;Nota fiscal;71.505.564/0001-24;EMIGE MATERIAIS ODONTOLOGICOS LTDA;53204;;1;Completa - Recebimento definitivo;Consumo;Despesa orçamentária;2026-04-02;2026-04-07;2026-04-07;1969,2;Não
2310 - UNIVERSIDADE ESTADUAL DE MONTES CLAROS;Nota fiscal;35.820.448/0126-57;WHITE MARTINS GASES INDUSTRIAIS LTDA;21915;400;1;Completa - Disponível para recebimento definitivo;Consumo;Despesa extra orçamentária;2026-03-19;2026-04-07;2026-04-07;345,87;Não
2270 - FUNDACAO HOSPITALAR DO ESTADO DE MINAS GERAIS;Nota fiscal;00.610.681/0005-33;HOSP-PHARMA MANIPULACAO E SUPRIMENTOS LTDA;5994;;1;Completa - Recebimento definitivo;Consumo;Despesa orçamentária;2026-03-30;2026-04-07;2026-04-07;1298,96;Não
1050 - TRIBUNAL DE JUSTICA MILITAR DO ESTADO DE M.G.;Nota fiscal;02.190.680/0001-89;MEGA COMPUTADORES E PERIFERICOS LTDA -ME;252;;1;Completa;Serviço;Despesa orçamentária;2026-04-01;2026-04-06;2026-04-07;806,65;Não
1260 - SECRETARIA DE ESTADO DE EDUCACAO;Nota fiscal;07.214.878/0001-79;RAFTECO COMERCIO DE MATERIAL DE INFORMATICA LTDA - ME;1331;1;1;Completa - Recebimento definitivo;Consumo;Despesa orçamentária;2026-04-02;2026-04-07;2026-04-07;79,49;Não
1250 - POLICIA MILITAR DE MINAS GERAIS;Nota fiscal;21.064.635/0001-22;S C PECAS E SERVICOS LTDA - EPP;407;3;1;Completa;Serviço;Despesa extra orçamentária;2026-04-07;2026-04-07;2026-04-07;62,49;Não
2270 - FUNDACAO HOSPITALAR DO ESTADO DE MINAS GERAIS;Nota fiscal;00.610.681/0005-33;HOSP-PHARMA MANIPULACAO E SUPRIMENTOS LTDA;6144;;1;Completa - Recebimento definitivo;Consumo;Despesa orçamentária;2026-03-31;2026-04-07;2026-04-07;1298,96;Não
2310 - UNIVERSIDADE ESTADUAL DE MONTES CLAROS;Nota fiscal;35.820.448/0126-57;WHITE MARTINS GASES INDUSTRIAIS LTDA;142037;400;1;Completa - Disponível para recebimento definitivo;Consumo;Despesa extra orçamentária;2026-03-19;2026-04-07;2026-04-07;11200,14;Não
2270 - FUNDACAO HOSPITALAR DO ESTADO DE MINAS GERAIS;Nota fiscal;04.242.860/0001-92;MEDI-GLOBE BRASIL LTDA;137201;1;1;Completa - Recebimento definitivo;Consumo;Despesa orçamentária;2026-03-27;2026-03-31;2026-04-07;7000,0;Não
1250 - POLICIA MILITAR DE MINAS GERAIS;Nota fiscal;00.912.099/0001-06;OSVALDO MELO DE ARAUJO - CPF 48330248615 -ME;1306;;1;Completa;Serviço;Despesa orçamentária;2026-03-31;2026-03-31;2026-04-07;793,0;Não
1480 - SECRETARIA DE ESTADO DE DESENVOLVIMENTO SOCIAL;Nota fiscal;33.224.254/0001-42;MGS MINAS GERAIS ADMINISTRACAO E SERVICOS S/A;680455;;1;Completa;Serviço;Despesa orçamentária;2026-03-30;2026-04-07;2026-04-07;509,96;Não
2270 - FUNDACAO HOSPITALAR DO ESTADO DE MINAS GERAIS;Nota fiscal;00.610.681/0005-33;HOSP-PHARMA MANIPULACAO E SUPRIMENTOS LTDA;6145;;1;Completa - Recebimento definitivo;Consumo;Despesa orçamentária;2026-03-31;2026-04-07;2026-04-07;814,66;Não
2270 - FUNDACAO HOSPITALAR DO ESTADO DE MINAS GERAIS;Nota fiscal;23.864.942/0001-13;UNIQUE DISTRIBUIDORA DE MEDICAMENTOS LTDA;24080;;1;Completa - Recebimento definitivo;Consumo;Despesa orçamentária;2026-03-20;2026-03-31;2026-04-07;3043,0;Não
2310 - UNIVERSIDADE ESTADUAL DE MONTES CLAROS;Nota fiscal;35.820.448/0126-57;WHITE MARTINS GASES INDUSTRIAIS LTDA;1608;681;1;Completa - Disponível para recebimento definitivo;Consumo;Despesa extra orçamentária;2026-03-20;2026-04-07;2026-04-07;246,9;Não
2200 - INST. EST. DO PATRIMONIO HIST. E ARTISTICO DE MG;Outros;27.595.780/0001-16;CS BRASIL FROTAS S.A.;219756480;;1;Completa;Serviço;Despesa orçamentária;2026-04-02;2026-04-06;2026-04-07;9250,11;Não
1710 - SECRETARIA DE ESTADO DE COMUNICACAO SOCIAL;Nota fiscal;61.704.482/0004-06;AGENCIA NACIONAL DE PROPAGANDA LTDA;232;;1;Completa;Serviço;Despesa orçamentária;2026-02-24;2026-04-07;2026-04-07;9137,5;Não
1250 - POLICIA MILITAR DE MINAS GERAIS;Nota fiscal;21.064.635/0001-22;S C PECAS E SERVICOS LTDA - EPP;409;3;1;Completa;Serviço;Despesa extra orçamentária;2026-04-07;2026-04-07;2026-04-07;10,42;Não
2270 - FUNDACAO HOSPITALAR DO ESTADO DE MINAS GERAIS;Nota fiscal;00.610.681/0005-33;HOSP-PHARMA MANIPULACAO E SUPRIMENTOS LTDA;6226;;1;Completa - Recebimento definitivo;Consumo;Despesa orçamentária;2026-04-01;2026-04-07;2026-04-07;1298,96;Não
1270 - SECRETARIA DE ESTADO DE CULTURA E TURISMO;Nota fiscal;33.224.254/0001-42;MGS MINAS GERAIS ADMINISTRACAO E SERVICOS S/A;12344;A;1;Completa;Serviço;Despesa orçamentária;2026-03-27;2026-03-27;2026-04-07;96,62;Não
1260 - SECRETARIA DE ESTADO DE EDUCACAO;Outros;03.773.700/0001-07;SERVICO NACIONAL DE APRENDIZAGEM INDUSTRIAL - DEPARTAMENTO REGIONAL DE MINAS GERAIS;9447590;14;1;Completa;Serviço;Despesa orçamentária;2026-04-07;2026-04-07;2026-04-07;7660,0;Não
1450 - SECRETARIA DE ESTADO DE JUSTICA E SEGURANCA PUBLIC;Nota fiscal;08.100.954/0001-88;GTO GRUPO TECNICO EM ODONTOLOGIA LTDA - ME;1094;;1;Completa;Serviço;Despesa extra orçamentária;2026-03-12;2026-03-12;2026-04-07;4411,41;Não
1250 - POLICIA MILITAR DE MINAS GERAIS;Nota fiscal;27.258.184/0001-40;ELEVACO LTDA;345;;1;Completa;Serviço;Despesa orçamentária;2026-04-07;2026-04-07;2026-04-07;1000,0;Não
1450 - SECRETARIA DE ESTADO DE JUSTICA E SEGURANCA PUBLIC;Nota fiscal;20.323.529/0001-53;ABADE & CAPELLI INDUSTRIA E COMERCIO DE MOVEIS LTDA - ME;2074;;1;Completa - Recebimento definitivo;Permanente;Despesa extra orçamentária;2026-03-16;2026-04-07;2026-04-07;49990,0;Não
2310 - UNIVERSIDADE ESTADUAL DE MONTES CLAROS;Nota fiscal;35.820.448/0126-57;WHITE MARTINS GASES INDUSTRIAIS LTDA;6;779;1;Completa - Disponível para recebimento definitivo;Consumo;Despesa extra orçamentária;2026-03-22;2026-04-07;2026-04-07;21024,36;Não
2270 - FUNDACAO HOSPITALAR DO ESTADO DE MINAS GERAIS;Nota fiscal;00.610.681/0005-33;HOSP-PHARMA MANIPULACAO E SUPRIMENTOS LTDA;6227;;1;Completa - Recebimento definitivo;Consumo;Despesa orçamentária;2026-04-01;2026-04-07;2026-04-07;814,66;Não
2330 - INSTITUTO DE METROLOGIA E QUALIDADE DE MG;Nota fiscal;33.224.254/0001-42;MGS MINAS GERAIS ADMINISTRACAO E SERVICOS S/A;12252;E;1;Completa;Serviço;Despesa orçamentária;2026-03-26;2026-03-31;2026-04-07;6098,93;Não
2270 - FUNDACAO HOSPITALAR DO ESTADO DE MINAS GERAIS;Nota fiscal;67.729.178/0002-20;COMERCIAL CIRURGICA RIOCLARENSE LTDA;913404;1;1;Completa - Recebimento definitivo;Consumo;Despesa orçamentária;2026-03-28;2026-03-31;2026-04-07;12948,25;Não
1070 - GABINETE MILITAR DO GOVERNADOR DO ESTADO DE MG;Nota fiscal;42.563.692/0001-26;M.I. MONTREAL INFORMATICA S.A;1546;;1;Completa;Serviço;Despesa extra orçamentária;2026-04-07;2026-04-07;2026-04-07;192517,13;Não
2310 - UNIVERSIDADE ESTADUAL DE MONTES CLAROS;Nota fiscal;35.820.448/0126-57;WHITE MARTINS GASES INDUSTRIAIS LTDA;21955;400;1;Completa - Disponível para recebimento definitivo;Consumo;Despesa extra orçamentária;2026-03-23;2026-04-07;2026-04-07;889,56;Não
1250 - POLICIA MILITAR DE MINAS GERAIS;Nota fiscal;21.064.635/0001-22;S C PECAS E SERVICOS LTDA - EPP;344;4;1;Completa;Serviço;Despesa extra orçamentária;2026-03-18;2026-04-07;2026-04-07;27,41;Não
2270 - FUNDACAO HOSPITALAR DO ESTADO DE MINAS GERAIS;Nota fiscal;00.610.681/0005-33;HOSP-PHARMA MANIPULACAO E SUPRIMENTOS LTDA;6338;;1;Completa - Recebimento definitivo;Consumo;Despesa orçamentária;2026-04-02;2026-04-07;2026-04-07;1298,96;Não
2260 - FUNDACAO EZEQUIEL DIAS;Nota fiscal;38.658.399/0001-75;DATAMED LTDA;65692;;1;Completa;Serviço;Despesa orçamentária;2026-03-26;2026-04-07;2026-04-07;16439,21;Não
1260 - SECRETARIA DE ESTADO DE EDUCACAO;Outros;17.507.708/0001-36;ASSOCIACAO SAO VICENTE DE PAULO DE BELO HORIZONTE;3;PIO;1;Completa;Serviço;Despesa orçamentária;2026-04-07;2026-04-07;2026-04-07;12675,71;Não
1450 - SECRETARIA DE ESTADO DE JUSTICA E SEGURANCA PUBLIC;Nota fiscal;11.319.926/0001-60;KSM MANUTENCAO DE MAQUINAS E EQUIPAMENTOS LTDA -ME;49;3;1;Completa;Serviço;Despesa extra orçamentária;2026-02-28;2026-02-28;2026-04-07;6270,0;Não
2270 - FUNDACAO HOSPITALAR DO ESTADO DE MINAS GERAIS;Nota fiscal;00.610.681/0005-33;HOSP-PHARMA MANIPULACAO E SUPRIMENTOS LTDA;6339;;1;Completa - Recebimento definitivo;Consumo;Despesa orçamentária;2026-04-02;2026-04-07;2026-04-07;814,66;Não
1320 - SECRETARIA DE ESTADO DA SAUDE;Nota fiscal;16.636.540/0001-04;COMPANHIA DE TECNOLOGIA DA INFORMACAO DO ESTADO DE MINAS GERAIS-PRODEMGE;1756;-;2;Completa;Serviço;Despesa orçamentária;2026-02-19;2026-04-07;2026-04-07;45296,01;Não
2310 - UNIVERSIDADE ESTADUAL DE MONTES CLAROS;Nota fiscal;35.820.448/0126-57;WHITE MARTINS GASES INDUSTRIAIS LTDA;21952;400;1;Completa - Disponível para recebimento definitivo;Consumo;Despesa extra orçamentária;2026-03-23;2026-04-07;2026-04-07;345,87;Não
1260 - SECRETARIA DE ESTADO DE EDUCACAO;Nota fiscal;33.224.254/0001-42;MGS MINAS GERAIS ADMINISTRACAO E SERVICOS S/A;12740;E;1;Completa;Serviço;Despesa orçamentária;2026-03-30;2026-04-07;2026-04-07;83516,03;Não
2270 - FUNDACAO HOSPITALAR DO ESTADO DE MINAS GERAIS;Nota fiscal;67.729.178/0002-20;COMERCIAL CIRURGICA RIOCLARENSE LTDA;912273;1;1;Completa - Recebimento definitivo;Consumo;Despesa orçamentária;2026-03-24;2026-03-31;2026-04-07;920,0;Não
1400 - CORPO DE BOMBEIROS MILITAR DE MINAS GERAIS;Nota fiscal;10.497.523/0001-49;AUTOMOTIVO MATOS PIMENTA LTDA -ME;36778;1;1;Completa;Serviço;Despesa extra orçamentária;2026-03-11;2026-04-06;2026-04-07;483,52;Não
2320 - FUNDACAO CENTRO DE HEMATOLOGIA E HEMOTERAPIA DE MG;Nota fiscal;28.964.042/0001-61;ZAP MUSIC E DEDETIZADORA LTDA;215;;1;Completa;Serviço;Despesa orçamentária;2026-04-01;2026-04-07;2026-04-07;4373,55;Não
1250 - POLICIA MILITAR DE MINAS GERAIS;Nota fiscal;21.064.635/0001-22;S C PECAS E SERVICOS LTDA - EPP;19764;4;1;Completa;Serviço;Despesa extra orçamentária;2026-03-17;2026-04-07;2026-04-07;611,72;Não
2270 - FUNDACAO HOSPITALAR DO ESTADO DE MINAS GERAIS;Nota fiscal;00.610.681/0005-33;HOSP-PHARMA MANIPULACAO E SUPRIMENTOS LTDA;6454;;1;Completa - Recebimento definitivo;Consumo;Despesa orçamentária;2026-04-03;2026-04-07;2026-04-07;850,08;Não
2370 - INSTITUTO MINEIRO DE AGROPECUARIA;Nota fiscal;33.224.254/0001-42;MGS MINAS GERAIS ADMINISTRACAO E SERVICOS S/A;12811;2;1;Completa;Serviço;Despesa orçamentária;2026-03-31;2026-04-06;2026-04-07;2375,72;Não
2310 - UNIVERSIDADE ESTADUAL DE MONTES CLAROS;Nota fiscal;35.820.448/0126-57;WHITE MARTINS GASES INDUSTRIAIS LTDA;21948;400;1;Completa - Disponível para recebimento definitivo;Consumo;Despesa extra orçamentária;2026-03-23;2026-04-07;2026-04-07;345,87;Não
2270 - FUNDACAO HOSPITALAR DO ESTADO DE MINAS GERAIS;Nota fiscal;02.881.877/0004-07;POLAR FIX INDUSTRIA E COMERCIO DE PRODUTOS HOSPITALARES LTDA;58820;1;1;Completa - Recebimento definitivo;Consumo;Despesa orçamentária;2026-03-26;2026-03-31;2026-04-07;160,0;Não
2260 - FUNDACAO EZEQUIEL DIAS;Nota fiscal;08.159.024/0002-80;G.B. COMERCIO E DISTRIBUIDORA DE GELO SECO E GASES LTDA;2667;;1;Incompleta;Serviço;Despesa orçamentária;2026-03-30;2026-04-07;2026-04-07;438,6;Não
2270 - FUNDACAO HOSPITALAR DO ESTADO DE MINAS GERAIS;Nota fiscal;00.610.681/0005-33;HOSP-PHARMA MANIPULACAO E SUPRIMENTOS LTDA;6455;;1;Completa - Recebimento definitivo;Consumo;Despesa orçamentária;2026-04-03;2026-04-07;2026-04-07;1298,96;Não
2370 - INSTITUTO MINEIRO DE AGROPECUARIA;Nota fiscal;33.224.254/0001-42;MGS MINAS GERAIS ADMINISTRACAO E SERVICOS S/A;12812;1;1;Completa;Serviço;Despesa orçamentária;2026-03-31;2026-04-06;2026-04-07;2375,72;Não
2310 - UNIVERSIDADE ESTADUAL DE MONTES CLAROS;Nota fiscal;35.820.448/0126-57;WHITE MARTINS GASES INDUSTRIAIS LTDA;21953;400;1;Completa - Disponível para recebimento definitivo;Consumo;Despesa extra orçamentária;2026-03-23;2026-04-07;2026-04-07;320,61;Não
2270 - FUNDACAO HOSPITALAR DO ESTADO DE MINAS GERAIS;Nota fiscal;00.610.681/0005-33;HOSP-PHARMA MANIPULACAO E SUPRIMENTOS LTDA;6575;;1;Completa - Recebimento definitivo;Consumo;Despesa orçamentária;2026-04-04;2026-04-07;2026-04-07;1298,96;Não
1090 - PROCURADORIA GERAL DE JUSTICA;Nota fiscal;42.963.769/0001-55;M. TRINDADE CONSTRUTORA LTDA - EPP;202600000000216;;1;Completa;Serviço;Despesa extra orçamentária;2026-04-01;2026-04-02;2026-04-07;492436,98;Não
2370 - INSTITUTO MINEIRO DE AGROPECUARIA;Nota fiscal;33.224.254/0001-42;MGS MINAS GERAIS ADMINISTRACAO E SERVICOS S/A;12813;;1;Completa;Serviço;Despesa orçamentária;2026-03-31;2026-04-06;2026-04-07;2375,72;Não
2270 - FUNDACAO HOSPITALAR DO ESTADO DE MINAS GERAIS;Nota fiscal;82.641.325/0021-61;CREMER S.A.;512065;1;1;Incompleta;Consumo;Despesa orçamentária;2026-03-24;2026-03-31;2026-04-07;4143,96;Não
1250 - POLICIA MILITAR DE MINAS GERAIS;Nota fiscal;28.276.884/0001-20;COMERCIAL WAY MOTO PECAS LTDA;2279;3;1;Completa;Serviço;Despesa extra orçamentária;2026-04-06;2026-04-07;2026-04-07;1667,07;Não
2010 - INST.DE PREVIDENCIA DOS SERVIDORES DO EST.M.GERAIS;Nota fiscal;33.224.254/0001-42;MGS MINAS GERAIS ADMINISTRACAO E SERVICOS S/A;12506;1;1;Completa;Serviço;Despesa orçamentária;2026-03-30;2026-03-30;2026-04-07;19540,83;Não
1260 - SECRETARIA DE ESTADO DE EDUCACAO;Outros;26.113.423/0001-01;PAROQUIA NOSSA SENHORA DA PIEDADE EM BARBACENA;3;;1;Completa;Serviço;Despesa orçamentária;2026-04-07;2026-04-07;2026-04-07;15000,0;Não
2270 - FUNDACAO HOSPITALAR DO ESTADO DE MINAS GERAIS;Nota fiscal;00.610.681/0005-33;HOSP-PHARMA MANIPULACAO E SUPRIMENTOS LTDA;6576;;1;Completa - Recebimento definitivo;Consumo;Despesa orçamentária;2026-04-04;2026-04-07;2026-04-07;107,8;Não
2350 - UNIVERSIDADE DO ESTADO DE MINAS GERAIS;Nota fiscal;12.477.490/0002-81;LIDER NOTEBOOKS COMERCIO E SERVICOS LTDA;16310;1;1;Completa - Disponível para recebimento definitivo;Permanente;Despesa extra orçamentária;2026-03-18;2026-04-07;2026-04-07;236220,0;Não
2330 - INSTITUTO DE METROLOGIA E QUALIDADE DE MG;Nota fiscal;33.224.254/0001-42;MGS MINAS GERAIS ADMINISTRACAO E SERVICOS S/A;12280;E;1;Completa;Serviço;Despesa orçamentária;2026-03-26;2026-03-31;2026-04-07;5959,92;Não
1080 - ADVOCACIA-GERAL DO ESTADO DE MINAS GERAIS;Nota fiscal;00.201.182/0001-69;DISTRIBUIDORA DE AGUAS MINERAIS BH LTDA -EPP;34682;1;1;Completa - Recebimento definitivo;Consumo;Despesa orçamentária;2026-04-01;2026-04-07;2026-04-07;6900,6;Não
2310 - UNIVERSIDADE ESTADUAL DE MONTES CLAROS;Nota fiscal;35.820.448/0126-57;WHITE MARTINS GASES INDUSTRIAIS LTDA;21954;400;1;Completa - Disponível para recebimento definitivo;Consumo;Despesa extra orçamentária;2026-03-23;2026-04-07;2026-04-07;197,52;Não
2270 - FUNDACAO HOSPITALAR DO ESTADO DE MINAS GERAIS;Nota fiscal;00.610.681/0005-33;HOSP-PHARMA MANIPULACAO E SUPRIMENTOS LTDA;6577;;1;Completa - Recebimento definitivo;Consumo;Despesa orçamentária;2026-04-04;2026-04-07;2026-04-07;850,08;Não
1250 - POLICIA MILITAR DE MINAS GERAIS;Nota fiscal;71.505.564/0001-24;EMIGE MATERIAIS ODONTOLOGICOS LTDA;53201;;1;Completa - Recebimento definitivo;Consumo;Despesa orçamentária;2026-04-02;2026-04-07;2026-04-07;7779,3;Não
1370 - SECRETARIA ESTADO DE MEIO AMB.DESENV SUSTENTAVEL;Outros;33.224.254/0001-42;MGS MINAS GERAIS ADMINISTRACAO E SERVICOS S/A;202600000012548;;1;Completa;Serviço;Despesa orçamentária;2026-03-30;2026-03-30;2026-04-07;11945,2;Não
1250 - POLICIA MILITAR DE MINAS GERAIS;Nota fiscal;28.276.884/0001-20;COMERCIAL WAY MOTO PECAS LTDA;2278;3;1;Completa;Serviço;Despesa extra orçamentária;2026-04-06;2026-04-07;2026-04-07;1049,94;Não
2370 - INSTITUTO MINEIRO DE AGROPECUARIA;Outros;33.224.254/0001-42;MGS MINAS GERAIS ADMINISTRACAO E SERVICOS S/A;680735;;1;Completa;Serviço;Despesa orçamentária;2026-03-30;2026-04-06;2026-04-07;509,96;Não
2270 - FUNDACAO HOSPITALAR DO ESTADO DE MINAS GERAIS;Nota fiscal;66.437.831/0001-33;HTS - TECNOLOGIA EM SAUDE, COMERCIO IMPORTACAO E EXPORTACAO LTDA;242156;;1;Completa - Recebimento definitivo;Consumo;Despesa orçamentária;2026-02-27;2026-02-28;2026-04-07;1940,0;Não
2270 - FUNDACAO HOSPITALAR DO ESTADO DE MINAS GERAIS;Nota fiscal;00.610.681/0005-33;HOSP-PHARMA MANIPULACAO E SUPRIMENTOS LTDA;6761;;1;Completa - Recebimento definitivo;Consumo;Despesa orçamentária;2026-04-06;2026-04-07;2026-04-07;1489,33;Não
1260 - SECRETARIA DE ESTADO DE EDUCACAO;Outros;***.876.846-**;ANDERSON COSTA LOPES;100;4;1;Completa;Serviço;Despesa orçamentária;2026-04-07;2026-04-07;2026-04-07;9503,6;Não
2040 - LOTERIA DO ESTADO DE MINAS GERAIS;Nota fiscal;33.224.254/0001-42;MGS MINAS GERAIS ADMINISTRACAO E SERVICOS S/A;12478;1;3;Completa;Serviço;Despesa orçamentária;2026-03-30;2026-04-07;2026-04-07;24178,57;Não
1400 - CORPO DE BOMBEIROS MILITAR DE MINAS GERAIS;Nota fiscal;10.497.523/0001-49;AUTOMOTIVO MATOS PIMENTA LTDA -ME;144;;1;Completa;Serviço;Despesa extra orçamentária;2026-04-02;2026-04-06;2026-04-07;1365,64;Não
2270 - FUNDACAO HOSPITALAR DO ESTADO DE MINAS GERAIS;Nota fiscal;00.610.681/0005-33;HOSP-PHARMA MANIPULACAO E SUPRIMENTOS LTDA;6762;;1;Completa - Recebimento definitivo;Consumo;Despesa orçamentária;2026-04-06;2026-04-07;2026-04-07;850,08;Não
1250 - POLICIA MILITAR DE MINAS GERAIS;Nota fiscal;07.432.517/0001-07;SIMPRESS COMERCIO LOCACAO E SERVICOS LTDA;366485;;1;Completa;Serviço;Despesa orçamentária;2026-03-12;2026-04-07;2026-04-07;123,77;Não
1250 - POLICIA MILITAR DE MINAS GERAIS;Nota fiscal;08.051.684/0001-62;A & C COMERCIO, IMPORTACAO, EXPORTACAO E REPRESENTACAO DE PRODUTOS MEDICO HOSPITALAR LTDA;35931;1;1;Completa - Recebimento definitivo;Consumo;Despesa extra orçamentária;2026-03-30;2026-04-01;2026-04-07;1076,0;Não
1260 - SECRETARIA DE ESTADO DE EDUCACAO;Outros;***.728.326-**;CELIO PAULO RODRIGUES;24020263;REC;1;Completa;Serviço;Despesa orçamentária;2026-04-07;2026-04-07;2026-04-07;10028,7;Não
1370 - SECRETARIA ESTADO DE MEIO AMB.DESENV SUSTENTAVEL;Outros;33.224.254/0001-42;MGS MINAS GERAIS ADMINISTRACAO E SERVICOS S/A;680508;;1;Completa;Serviço;Despesa orçamentária;2026-03-30;2026-03-30;2026-04-07;1068,52;Não
2350 - UNIVERSIDADE DO ESTADO DE MINAS GERAIS;Outros;12.477.490/0002-81;LIDER NOTEBOOKS COMERCIO E SERVICOS LTDA;16310;2;1;Completa - Disponível para recebimento definitivo;Permanente;Despesa extra orçamentária;2026-03-18;2026-04-07;2026-04-07;7874,0;Não
2270 - FUNDACAO HOSPITALAR DO ESTADO DE MINAS GERAIS;Nota fiscal;19.717.870/0001-04;KIENTRO BRASIL LTDA;4533;;1;Completa - Recebimento definitivo;Consumo;Despesa orçamentária;2026-03-17;2026-03-17;2026-04-07;166,88;Não
2270 - FUNDACAO HOSPITALAR DO ESTADO DE MINAS GERAIS;Nota fiscal;04.426.660/0001-90;RL ENTREGAS RAPIDAS LTDA -EPP;61;;1;Completa;Serviço;Despesa orçamentária;2026-04-02;2026-04-07;2026-04-07;9279,46;Não
1250 - POLICIA MILITAR DE MINAS GERAIS;Nota fiscal;28.276.884/0001-20;COMERCIAL WAY MOTO PECAS LTDA;173;3;1;Completa;Serviço;Despesa extra orçamentária;2026-04-06;2026-04-07;2026-04-07;565,34;Não
1250 - POLICIA MILITAR DE MINAS GERAIS;Outros;20.190.997/0001-02;ROSHEL INC;2175;;1;Incompleta;Permanente;Despesa orçamentária;2026-03-24;2026-03-24;2026-04-07;14172800,7;Não
1090 - PROCURADORIA GERAL DE JUSTICA;Nota fiscal;60.501.293/0001-12;EDITORA REVISTA DOS TRIBUNAIS LTDA;622606;;1;Completa;Serviço;Despesa orçamentária;2026-04-07;2026-04-07;2026-04-07;16092,83;Não
1400 - CORPO DE BOMBEIROS MILITAR DE MINAS GERAIS;Nota fiscal;10.497.523/0001-49;AUTOMOTIVO MATOS PIMENTA LTDA -ME;143;;1;Completa;Serviço;Despesa extra orçamentária;2026-04-02;2026-04-06;2026-04-07;564,07;Não
2330 - INSTITUTO DE METROLOGIA E QUALIDADE DE MG;Nota fiscal;33.224.254/0001-42;MGS MINAS GERAIS ADMINISTRACAO E SERVICOS S/A;12248;E;1;Completa;Serviço;Despesa orçamentária;2026-03-26;2026-03-31;2026-04-07;4403,4;Não
1520 - CONTROLADORIA GERAL DO ESTADO DE MINAS GERAIS;Outros;27.595.780/0001-16;CS BRASIL FROTAS S.A.;219753508;;1;Completa;Serviço;Despesa orçamentária;2026-04-06;2026-04-07;2026-04-07;3894,37;Não
2310 - UNIVERSIDADE ESTADUAL DE MONTES CLAROS;Nota fiscal;35.820.448/0126-57;WHITE MARTINS GASES INDUSTRIAIS LTDA;21946;400;1;Completa - Disponível para recebimento definitivo;Consumo;Despesa extra orçamentária;2026-03-23;2026-04-07;2026-04-07;197,52;Não
1520 - CONTROLADORIA GERAL DO ESTADO DE MINAS GERAIS;Outros;27.595.780/0001-16;CS BRASIL FROTAS S.A.;219772998;;1;Completa;Serviço;Despesa orçamentária;2026-04-06;2026-04-07;2026-04-07;160,09;Não
1710 - SECRETARIA DE ESTADO DE COMUNICACAO SOCIAL;Outros;18.351.226/0001-00;ORO COMUNICACAO LTDA.;359;;1;Completa;Serviço;Despesa orçamentária;2026-03-20;2026-04-07;2026-04-07;45539,0;Não
1260 - SECRETARIA DE ESTADO DE EDUCACAO;Outros;***.447.866-**;RAFAELLA SILVEIRA LOPES;101;4;1;Completa;Serviço;Despesa orçamentária;2026-04-07;2026-04-07;2026-04-07;9503,6;Não
1250 - POLICIA MILITAR DE MINAS GERAIS;Nota fiscal;28.276.884/0001-20;COMERCIAL WAY MOTO PECAS LTDA;174;3;1;Completa;Serviço;Despesa extra orçamentária;2026-04-06;2026-04-07;2026-04-07;587,09;Não
2310 - UNIVERSIDADE ESTADUAL DE MONTES CLAROS;Nota fiscal;35.820.448/0126-57;WHITE MARTINS GASES INDUSTRIAIS LTDA;21947;400;1;Completa - Disponível para recebimento definitivo;Consumo;Despesa extra orçamentária;2026-03-23;2026-04-07;2026-04-07;98,76;Não
2270 - FUNDACAO HOSPITALAR DO ESTADO DE MINAS GERAIS;Nota fiscal;25.031.668/0001-27;SAMEH SOLUCOES HOSPITALARES LTDA;126998;1;1;Completa - Recebimento definitivo;Consumo;Despesa orçamentária;2026-03-19;2026-03-31;2026-04-07;12599,09;Não
2330 - INSTITUTO DE METROLOGIA E QUALIDADE DE MG;Outros;33.224.254/0001-42;MGS MINAS GERAIS ADMINISTRACAO E SERVICOS S/A;681065;;1;Completa;Serviço;Despesa orçamentária;2026-03-26;2026-03-31;2026-04-07;75103,56;Não
1190 - SECRETARIA DE ESTADO DE FAZENDA DE MINAS GERAIS;Outros;01.389.269/0001-74;ALCTEL TELECOMUNICACOES E INFORMATICA LTDA;717;;1;Completa;Serviço;Despesa orçamentária;2026-04-01;2026-04-07;2026-04-07;268,77;Não
1400 - CORPO DE BOMBEIROS MILITAR DE MINAS GERAIS;Nota fiscal;10.497.523/0001-49;AUTOMOTIVO MATOS PIMENTA LTDA -ME;36777;1;1;Completa;Serviço;Despesa extra orçamentária;2026-03-11;2026-04-06;2026-04-07;707,52;Não
2310 - UNIVERSIDADE ESTADUAL DE MONTES CLAROS;Nota fiscal;35.820.448/0126-57;WHITE MARTINS GASES INDUSTRIAIS LTDA;21951;400;1;Completa - Disponível para recebimento definitivo;Consumo;Despesa extra orçamentária;2026-03-23;2026-04-07;2026-04-07;148,14;Não
1250 - POLICIA MILITAR DE MINAS GERAIS;Nota fiscal;08.051.684/0001-62;A & C COMERCIO, IMPORTACAO, EXPORTACAO E REPRESENTACAO DE PRODUTOS MEDICO HOSPITALAR LTDA;35794;1;1;Completa - Recebimento definitivo;Consumo;Despesa extra orçamentária;2026-03-25;2026-04-01;2026-04-07;16069,6;Não
2310 - UNIVERSIDADE ESTADUAL DE MONTES CLAROS;Nota fiscal;35.820.448/0126-57;WHITE MARTINS GASES INDUSTRIAIS LTDA;21949;400;1;Completa - Disponível para recebimento definitivo;Consumo;Despesa extra orçamentária;2026-03-23;2026-04-07;2026-04-07;98,76;Não
1190 - SECRETARIA DE ESTADO DE FAZENDA DE MINAS GERAIS;Outros;01.389.269/0001-74;ALCTEL TELECOMUNICACOES E INFORMATICA LTDA;718;;2;Completa;Serviço;Despesa orçamentária;2026-04-01;2026-04-07;2026-04-07;67,19;Não
2270 - FUNDACAO HOSPITALAR DO ESTADO DE MINAS GERAIS;Nota fiscal;25.031.668/0001-27;SAMEH SOLUCOES HOSPITALARES LTDA;126997;1;1;Completa - Recebimento definitivo;Consumo;Despesa orçamentária;2026-03-19;2026-03-30;2026-04-07;60665,05;Não
2270 - FUNDACAO HOSPITALAR DO ESTADO DE MINAS GERAIS;Nota fiscal;82.641.325/0021-61;CREMER S.A.;511941;;1;Completa - Recebimento definitivo;Consumo;Despesa orçamentária;2026-03-12;2026-03-12;2026-04-07;8240,4;Não
2310 - UNIVERSIDADE ESTADUAL DE MONTES CLAROS;Nota fiscal;35.820.448/0126-57;WHITE MARTINS GASES INDUSTRIAIS LTDA;21950;400;1;Completa - Disponível para recebimento definitivo;Consumo;Despesa extra orçamentária;2026-03-23;2026-04-07;2026-04-07;49,38;Não
1250 - POLICIA MILITAR DE MINAS GERAIS;Nota fiscal;07.432.517/0001-07;SIMPRESS COMERCIO LOCACAO E SERVICOS LTDA;366486;;1;Completa;Serviço;Despesa orçamentária;2026-03-12;2026-04-07;2026-04-07;47,82;Não
2310 - UNIVERSIDADE ESTADUAL DE MONTES CLAROS;Nota fiscal;35.820.448/0126-57;WHITE MARTINS GASES INDUSTRIAIS LTDA;21942;400;1;Completa - Disponível para recebimento definitivo;Consumo;Despesa extra orçamentária;2026-03-20;2026-04-07;2026-04-07;148,14;Não
2260 - FUNDACAO EZEQUIEL DIAS;Nota fiscal;38.658.399/0001-75;DATAMED LTDA;279;4;1;Completa;Serviço;Despesa orçamentária;2026-03-31;2026-04-07;2026-04-07;2320,0;Não
1030 - TRIBUNAL DE JUSTICA DO ESTADO DE MINAS GERAIS;Nota fiscal;38.680.138/0001-51;GESMAQ COMERCIO E SERVICOS LTDA - ME;188;;1;Completa;Serviço;Despesa orçamentária;2026-04-06;2026-04-06;2026-04-07;4985,96;Não
1480 - SECRETARIA DE ESTADO DE DESENVOLVIMENTO SOCIAL;Nota fiscal;33.224.254/0001-42;MGS MINAS GERAIS ADMINISTRACAO E SERVICOS S/A;127432026;;1;Completa;Serviço;Despesa orçamentária;2026-03-30;2026-04-07;2026-04-07;345,12;Não
2320 - FUNDACAO CENTRO DE HEMATOLOGIA E HEMOTERAPIA DE MG;Nota fiscal;04.889.013/0001-14;DISTRILAF DISTRIBUIDORA DE MEDICAMENTOS LTDA;148455;1;1;Completa - Recebimento definitivo;Consumo;Despesa orçamentária;2026-03-27;2026-04-07;2026-04-07;156514,4;Não
1710 - SECRETARIA DE ESTADO DE COMUNICACAO SOCIAL;Outros;18.351.226/0001-00;ORO COMUNICACAO LTDA.;384;;1;Completa;Serviço;Despesa extra orçamentária;2026-03-24;2026-04-07;2026-04-07;3686,0;Não
2100 - INSTITUTO ESTADUAL DE FLORESTAS-IEF;Nota fiscal;33.224.254/0001-42;MGS MINAS GERAIS ADMINISTRACAO E SERVICOS S/A;202600000011758;;1;Completa;Serviço;Despesa orçamentária;2026-03-24;2026-04-01;2026-04-07;155244,44;Não
2310 - UNIVERSIDADE ESTADUAL DE MONTES CLAROS;Nota fiscal;35.820.448/0126-57;WHITE MARTINS GASES INDUSTRIAIS LTDA;21941;400;1;Completa - Disponível para recebimento definitivo;Consumo;Despesa extra orçamentária;2026-03-20;2026-04-07;2026-04-07;98,76;Não
1400 - CORPO DE BOMBEIROS MILITAR DE MINAS GERAIS;Nota fiscal;27.056.617/0001-85;HELP SERVICOS E CONSULTORIA LTDA;32;B;1;Completa;Serviço;Despesa orçamentária;2026-02-06;2026-02-06;2026-04-07;42189,7;Não
1480 - SECRETARIA DE ESTADO DE DESENVOLVIMENTO SOCIAL;Nota fiscal;33.224.254/0001-42;MGS MINAS GERAIS ADMINISTRACAO E SERVICOS S/A;680473;;1;Completa;Serviço;Despesa orçamentária;2026-03-30;2026-04-07;2026-04-07;46,36;Não
1400 - CORPO DE BOMBEIROS MILITAR DE MINAS GERAIS;Nota fiscal;27.056.617/0001-85;HELP SERVICOS E CONSULTORIA LTDA;36;B;1;Completa;Serviço;Despesa orçamentária;2026-02-10;2026-02-12;2026-04-07;34796,13;Não
2120 - INST.PREV.DOS SERV.MILITARES DO ESTADO M.GERAIS;Nota fiscal;03.029.254/0001-20;STRATUM SEGURANCA LTDA;2700;;1;Completa;Serviço;Despesa orçamentária;2026-04-07;2026-04-07;2026-04-07;4400,0;Não
2270 - FUNDACAO HOSPITALAR DO ESTADO DE MINAS GERAIS;Nota fiscal;13.656.820/0004-20;SMITH & NEPHEW COMERCIO DE PRODUTOS MEDICOS LTDA.;582115;2;1;Completa - Recebimento definitivo;Consumo;Despesa orçamentária;2026-03-30;2026-03-31;2026-04-07;11760,0;Não
2310 - UNIVERSIDADE ESTADUAL DE MONTES CLAROS;Nota fiscal;35.820.448/0126-57;WHITE MARTINS GASES INDUSTRIAIS LTDA;21939;400;1;Completa - Disponível para recebimento definitivo;Consumo;Despesa extra orçamentária;2026-03-20;2026-04-07;2026-04-07;345,87;Não
1260 - SECRETARIA DE ESTADO DE EDUCACAO;Nota fiscal;79.788.766/0029-33;BRINK MOBIL EQUIPAMENTOS EDUCACIONAIS LTDA;72;0;1;Completa - Recebimento definitivo;Consumo;Despesa extra orçamentária;2026-02-28;2026-03-30;2026-04-07;20413,89;Não
1260 - SECRETARIA DE ESTADO DE EDUCACAO;Nota fiscal;42.563.692/0001-26;M.I. MONTREAL INFORMATICA S.A;20261236;;1;Completa;Serviço;Despesa orçamentária;2026-03-11;2026-03-11;2026-04-07;191345,12;Não
2310 - UNIVERSIDADE ESTADUAL DE MONTES CLAROS;Nota fiscal;35.820.448/0126-57;WHITE MARTINS GASES INDUSTRIAIS LTDA;21940;400;1;Completa - Disponível para recebimento definitivo;Consumo;Despesa extra orçamentária;2026-03-20;2026-04-07;2026-04-07;148,14;Não
1250 - POLICIA MILITAR DE MINAS GERAIS;Nota fiscal;08.051.684/0001-62;A & C COMERCIO, IMPORTACAO, EXPORTACAO E REPRESENTACAO DE PRODUTOS MEDICO HOSPITALAR LTDA;35932;1;1;Completa - Recebimento definitivo;Consumo;Despesa extra orçamentária;2026-03-30;2026-04-01;2026-04-07;16069,6;Não
2350 - UNIVERSIDADE DO ESTADO DE MINAS GERAIS;Nota fiscal;10.264.142/0001-10;KAPTIVA CONSULTORIA, TREINAMENTO E DESENVOLVIMENTO LTDA;6436;;1;Completa;Serviço;Despesa orçamentária;2026-04-01;2026-04-06;2026-04-07;45100,0;Não
2270 - FUNDACAO HOSPITALAR DO ESTADO DE MINAS GERAIS;Nota fiscal;21.681.325/0001-57;MULTIFARMA COMERCIO E REPRESENTACOES LTDA.;288056;1;1;Completa - Recebimento definitivo;Consumo;Despesa orçamentária;2026-03-20;2026-04-01;2026-04-07;14271,6;Não
2310 - UNIVERSIDADE ESTADUAL DE MONTES CLAROS;Nota fiscal;35.820.448/0126-57;WHITE MARTINS GASES INDUSTRIAIS LTDA;21938;400;1;Completa - Disponível para recebimento definitivo;Consumo;Despesa extra orçamentária;2026-03-20;2026-04-07;2026-04-07;221,85;Não
1250 - POLICIA MILITAR DE MINAS GERAIS;Nota fiscal;08.051.684/0001-62;A & C COMERCIO, IMPORTACAO, EXPORTACAO E REPRESENTACAO DE PRODUTOS MEDICO HOSPITALAR LTDA;35934;1;1;Completa - Recebimento definitivo;Consumo;Despesa extra orçamentária;2026-03-30;2026-04-01;2026-04-07;16069,6;Não
2370 - INSTITUTO MINEIRO DE AGROPECUARIA;Nota fiscal;33.224.254/0001-42;MGS MINAS GERAIS ADMINISTRACAO E SERVICOS S/A;12596;;1;Completa;Serviço;Despesa orçamentária;2026-03-30;2026-04-07;2026-04-07;63790,6;Não
1250 - POLICIA MILITAR DE MINAS GERAIS;Nota fiscal;60.173.263/0001-24;IMPACTO ADMINISTRACAO E EFICIENCIA LTDA;65;;1;Completa - Recebimento definitivo;Permanente;Despesa extra orçamentária;2026-03-06;2026-04-07;2026-04-07;3119,44;Não
1250 - POLICIA MILITAR DE MINAS GERAIS;Nota fiscal;08.051.684/0001-62;A & C COMERCIO, IMPORTACAO, EXPORTACAO E REPRESENTACAO DE PRODUTOS MEDICO HOSPITALAR LTDA;35797;1;1;Completa - Recebimento definitivo;Consumo;Despesa extra orçamentária;2026-03-25;2026-04-01;2026-04-07;496,96;Não
1250 - POLICIA MILITAR DE MINAS GERAIS;Nota fiscal;28.276.884/0001-20;COMERCIAL WAY MOTO PECAS LTDA;164;4;1;Completa;Serviço;Despesa extra orçamentária;2026-03-30;2026-04-07;2026-04-07;510,98;Não
2310 - UNIVERSIDADE ESTADUAL DE MONTES CLAROS;Nota fiscal;10.498.974/0001-09;INSTITUTO NEGOCIOS PUBLICOS DO BRASIL - ESTUDOS E PESQUISAS NA ADMNIISTRACAO PUBLICA - INP - LTDA;202600000000409;;1;Completa;Serviço;Despesa extra orçamentária;2026-04-01;2026-04-07;2026-04-07;18590,0;Não
2310 - UNIVERSIDADE ESTADUAL DE MONTES CLAROS;Nota fiscal;35.820.448/0126-57;WHITE MARTINS GASES INDUSTRIAIS LTDA;21937;400;1;Completa - Disponível para recebimento definitivo;Consumo;Despesa extra orçamentária;2026-03-20;2026-04-07;2026-04-07;98,76;Não
2090 - FUNDACAO ESTADUAL DO MEIO AMBIENTE;Outros;08.273.364/0001-57;TICKET GESTAO EM MANUTENCAO EZC S.A;48492558;;2;Completa;Serviço;Despesa orçamentária;2026-03-30;2026-03-31;2026-04-07;4526,03;Não
2320 - FUNDACAO CENTRO DE HEMATOLOGIA E HEMOTERAPIA DE MG;Nota fiscal;00.822.938/0001-97;ELEVADORES MODULO LTDA -ME;136;;1;Completa;Serviço;Despesa orçamentária;2026-04-01;2026-04-07;2026-04-07;3090,0;Não
1710 - SECRETARIA DE ESTADO DE COMUNICACAO SOCIAL;Outros;18.351.226/0001-00;ORO COMUNICACAO LTDA.;296;;1;Completa;Serviço;Despesa extra orçamentária;2026-03-11;2026-04-07;2026-04-07;2370,6;Não
1250 - POLICIA MILITAR DE MINAS GERAIS;Nota fiscal;08.051.684/0001-62;A & C COMERCIO, IMPORTACAO, EXPORTACAO E REPRESENTACAO DE PRODUTOS MEDICO HOSPITALAR LTDA;35933;1;1;Completa - Recebimento definitivo;Consumo;Despesa extra orçamentária;2026-03-30;2026-04-01;2026-04-07;496,96;Não
1250 - POLICIA MILITAR DE MINAS GERAIS;Nota fiscal;28.276.884/0001-20;COMERCIAL WAY MOTO PECAS LTDA;163;4;1;Completa;Serviço;Despesa extra orçamentária;2026-03-30;2026-04-07;2026-04-07;543,6;Não
2270 - FUNDACAO HOSPITALAR DO ESTADO DE MINAS GERAIS;Nota fiscal;12.927.876/0001-67;SOMA/MG PRODUTOS HOSPITALARES LTDA;369757;;1;Completa - Recebimento definitivo;Consumo;Despesa orçamentária;2026-04-02;2026-04-07;2026-04-07;808,0;Não
2270 - FUNDACAO HOSPITALAR DO ESTADO DE MINAS GERAIS;Nota fiscal;18.269.125/0001-87;BIOHOSP PRODUTOS HOSPITALARES SA;775611;1;1;Completa - Recebimento definitivo;Consumo;Despesa orçamentária;2026-03-25;2026-04-03;2026-04-07;12741,1;Não
1090 - PROCURADORIA GERAL DE JUSTICA;Nota fiscal;08.273.364/0001-57;TICKET GESTAO EM MANUTENCAO EZC S.A;48502853;;1;Completa;Serviço;Despesa orçamentária;2026-04-06;2026-04-06;2026-04-07;4691,57;Não
1250 - POLICIA MILITAR DE MINAS GERAIS;Nota fiscal;28.276.884/0001-20;COMERCIAL WAY MOTO PECAS LTDA;2268;3;1;Completa;Serviço;Despesa extra orçamentária;2026-03-30;2026-04-07;2026-04-07;1245,24;Não
1320 - SECRETARIA DE ESTADO DA SAUDE;Nota fiscal;42.799.163/0001-26;BH FARMA COMERCIO LTDA;164967;1;1;Completa - Recebimento definitivo;Consumo;Despesa orçamentária;2026-03-26;2026-04-07;2026-04-07;22961,4;Não
1250 - POLICIA MILITAR DE MINAS GERAIS;Nota fiscal;08.051.684/0001-62;A & C COMERCIO, IMPORTACAO, EXPORTACAO E REPRESENTACAO DE PRODUTOS MEDICO HOSPITALAR LTDA;35935;1;1;Completa - Recebimento definitivo;Consumo;Despesa extra orçamentária;2026-03-30;2026-04-01;2026-04-07;496,96;Não
2350 - UNIVERSIDADE DO ESTADO DE MINAS GERAIS;Nota fiscal;40.432.544/0001-47;CLARO S.A.;24326;;1;Completa;Serviço;Despesa orçamentária;2026-04-01;2026-04-07;2026-04-07;124,52;Não
1250 - POLICIA MILITAR DE MINAS GERAIS;Nota fiscal;28.276.884/0001-20;COMERCIAL WAY MOTO PECAS LTDA;2269;3;1;Completa;Serviço;Despesa extra orçamentária;2026-03-30;2026-04-07;2026-04-07;3036,75;Não
2370 - INSTITUTO MINEIRO DE AGROPECUARIA;Outros;34.028.316/0015-09;EMPRESA BRASILEIRA DE CORREIOS E TELEGRAFOS - ECT;2500872;;1;Completa;Serviço;Despesa orçamentária;2026-03-31;2026-04-07;2026-04-07;241,8;Não
1250 - POLICIA MILITAR DE MINAS GERAIS;Nota fiscal;17.085.673/0001-94;NEXOMED HOSPITALAR LTDA;39994;1;1;Completa - Recebimento definitivo;Consumo;Despesa extra orçamentária;2026-03-25;2026-04-01;2026-04-07;2092,57;Não
2310 - UNIVERSIDADE ESTADUAL DE MONTES CLAROS;Nota fiscal;35.820.448/0126-57;WHITE MARTINS GASES INDUSTRIAIS LTDA;21934;400;1;Completa - Disponível para recebimento definitivo;Consumo;Despesa extra orçamentária;2026-03-20;2026-04-07;2026-04-07;369,99;Não
2370 - INSTITUTO MINEIRO DE AGROPECUARIA;Outros;34.028.316/0015-09;EMPRESA BRASILEIRA DE CORREIOS E TELEGRAFOS - ECT;2495887;;1;Completa;Serviço;Despesa orçamentária;2026-03-31;2026-04-07;2026-04-07;22,71;Não
1710 - SECRETARIA DE ESTADO DE COMUNICACAO SOCIAL;Outros;18.351.226/0001-00;ORO COMUNICACAO LTDA.;313;;1;Completa;Serviço;Despesa extra orçamentária;2026-03-13;2026-04-07;2026-04-07;382,8;Não
1450 - SECRETARIA DE ESTADO DE JUSTICA E SEGURANCA PUBLIC;Nota fiscal;11.319.926/0001-60;KSM MANUTENCAO DE MAQUINAS E EQUIPAMENTOS LTDA -ME;60;3;1;Completa;Serviço;Despesa extra orçamentária;2026-02-28;2026-02-28;2026-04-07;922,14;Não
1450 - SECRETARIA DE ESTADO DE JUSTICA E SEGURANCA PUBLIC;Outros;08.859.269/0001-30;AMBIENTAL VET LTDA -ME;202623;;1;Completa;Serviço;Despesa orçamentária;2026-01-26;2026-01-26;2026-04-07;1584,68;Não
2310 - UNIVERSIDADE ESTADUAL DE MONTES CLAROS;Nota fiscal;35.820.448/0126-57;WHITE MARTINS GASES INDUSTRIAIS LTDA;21935;400;1;Completa - Disponível para recebimento definitivo;Consumo;Despesa extra orçamentária;2026-03-20;2026-04-07;2026-04-07;345,87;Não
1250 - POLICIA MILITAR DE MINAS GERAIS;Nota fiscal;41.721.051/0001-90;TRAUMINAS DISTRIBUIDORA DE MATERIAIS CIRURGICOS HOSPITALARES LTDA;1520742;1;1;Completa - Recebimento definitivo;Consumo;Despesa extra orçamentária;2026-03-25;2026-04-01;2026-04-07;1143,37;Não
1260 - SECRETARIA DE ESTADO DE EDUCACAO;Nota fiscal;33.224.254/0001-42;MGS MINAS GERAIS ADMINISTRACAO E SERVICOS S/A;12741;E;1;Completa;Serviço;Despesa orçamentária;2026-03-30;2026-04-07;2026-04-07;151,08;Não
2270 - FUNDACAO HOSPITALAR DO ESTADO DE MINAS GERAIS;Nota fiscal;24.638.170/0001-64;DISTRIBUIDORA MENDONCA E MIRANDA LTDA;2141;0;1;Completa - Disponível para recebimento definitivo;Consumo;Despesa orçamentária;2026-03-26;2026-04-03;2026-04-07;815,2;Não
2320 - FUNDACAO CENTRO DE HEMATOLOGIA E HEMOTERAPIA DE MG;Outros;07.559.474/0001-17;OTIMISA MARKETING E EVENTOS LTDA - EPP;329;;1;Completa;Serviço;Despesa orçamentária;2026-04-01;2026-04-07;2026-04-07;5904,84;Não
2310 - UNIVERSIDADE ESTADUAL DE MONTES CLAROS;Nota fiscal;35.820.448/0126-57;WHITE MARTINS GASES INDUSTRIAIS LTDA;1609;681;1;Completa - Disponível para recebimento definitivo;Consumo;Despesa extra orçamentária;2026-03-20;2026-04-07;2026-04-07;691,74;Não
1260 - SECRETARIA DE ESTADO DE EDUCACAO;Outros;33.224.254/0001-42;MGS MINAS GERAIS ADMINISTRACAO E SERVICOS S/A;680592;REC;1;Completa;Serviço;Despesa orçamentária;2026-03-30;2026-04-07;2026-04-07;3989,37;Não
2440 - AG. REG. DE SANEAMENTO E ENERGIA DO ESTADO DE MG.;Nota fiscal;05.340.639/0001-30;PRIME CONSULTORIA E ASSESSORIA EMPRESARIAL LTDA;2026152742;;1;Completa;Serviço;Despesa orçamentária;2026-04-07;2026-04-07;2026-04-07;349,6;Não
2270 - FUNDACAO HOSPITALAR DO ESTADO DE MINAS GERAIS;Nota fiscal;57.532.343/0001-14;LM FARMA INDUSTRIA E COMERCIO LTDA;99054;;1;Completa - Recebimento definitivo;Consumo;Despesa orçamentária;2026-03-12;2026-04-03;2026-04-07;4396,27;Não
2470 - AGENCIA REGULADORA DE TRANSPORTES;Outros;12.305.622/0001-07;PONTUAL LOC CAR LTDA;2026033071;;1;Incompleta;Consumo;Despesa orçamentária;2026-03-31;2026-04-07;2026-04-07;3229,0;Não
1450 - SECRETARIA DE ESTADO DE JUSTICA E SEGURANCA PUBLIC;Nota fiscal;11.319.926/0001-60;KSM MANUTENCAO DE MAQUINAS E EQUIPAMENTOS LTDA -ME;50;3;1;Completa;Serviço;Despesa extra orçamentária;2026-02-28;2026-02-28;2026-04-07;1254,0;Não
1710 - SECRETARIA DE ESTADO DE COMUNICACAO SOCIAL;Nota fiscal;05.893.556/0001-78;CLX COMUNICACAO E PUBLICIDADE LTDA;113;;1;Completa;Serviço;Despesa extra orçamentária;2026-01-22;2026-04-07;2026-04-07;66138,72;Não
2270 - FUNDACAO HOSPITALAR DO ESTADO DE MINAS GERAIS;Nota fiscal;13.656.820/0004-20;SMITH & NEPHEW COMERCIO DE PRODUTOS MEDICOS LTDA.;581788;;1;Completa - Recebimento definitivo;Consumo;Despesa orçamentária;2026-03-26;2026-04-03;2026-04-07;5708,0;Não
1260 - SECRETARIA DE ESTADO DE EDUCACAO;Nota fiscal;33.224.254/0001-42;MGS MINAS GERAIS ADMINISTRACAO E SERVICOS S/A;12755;1;1;Completa;Serviço;Despesa orçamentária;2026-03-30;2026-04-06;2026-04-07;200,59;Não
2100 - INSTITUTO ESTADUAL DE FLORESTAS-IEF;Nota fiscal;57.032.406/0001-73;FJF COMERCIO E SERVICO LTDA;185;;1;Completa - Recebimento definitivo;Permanente;Despesa orçamentária;2026-04-07;2026-04-07;2026-04-07;466,82;Não
1020 - TRIBUNAL DE CONTAS DO ESTADO DE MINAS GERAIS;Nota fiscal;28.964.042/0001-61;ZAP MUSIC E DEDETIZADORA LTDA;218;;1;Completa;Serviço;Despesa orçamentária;2026-04-01;2026-04-06;2026-04-07;2654,16;Não
1710 - SECRETARIA DE ESTADO DE COMUNICACAO SOCIAL;Nota fiscal;24.172.716/0001-34;FLD S.A.;1404;;1;Completa;Serviço;Despesa orçamentária;2026-03-16;2026-04-07;2026-04-07;101,6;Não
2270 - FUNDACAO HOSPITALAR DO ESTADO DE MINAS GERAIS;Nota fiscal;29.650.220/0001-42;PRO CIRURGICA MATERIAIS HOSPITALARES LTDA;1541;;1;Completa - Disponível para recebimento definitivo;Consumo;Despesa orçamentária;2026-03-16;2026-04-02;2026-04-07;171,0;Não
1320 - SECRETARIA DE ESTADO DA SAUDE;Nota fiscal;04.307.650/0028-55;ONCO PROD DISTRIBUIDORA DE PRODUTOS HOSPITALARES E ONCOLOGICOS LTDA.;77077;28;1;Completa - Recebimento definitivo;Consumo;Despesa orçamentária;2026-03-26;2026-04-07;2026-04-07;478,8;Não
1450 - SECRETARIA DE ESTADO DE JUSTICA E SEGURANCA PUBLIC;Nota fiscal;13.809.071/0001-81;RAONY AMORIM COELHO;4;;1;Completa;Serviço;Despesa orçamentária;2026-03-13;2026-03-13;2026-04-07;9163,6;Não
2010 - INST.DE PREVIDENCIA DOS SERVIDORES DO EST.M.GERAIS;Nota fiscal;03.787.326/0001-07;H MEDICAL IMPORTACAO E COMERCIO LTDA;11541;2;1;Completa - Recebimento definitivo;Consumo;Despesa orçamentária;2026-04-06;2026-04-07;2026-04-07;3630,0;Não
2370 - INSTITUTO MINEIRO DE AGROPECUARIA;Outros;33.224.254/0001-42;MGS MINAS GERAIS ADMINISTRACAO E SERVICOS S/A;680731;;1;Completa;Serviço;Despesa orçamentária;2026-03-30;2026-04-07;2026-04-07;4981,03;Não
2270 - FUNDACAO HOSPITALAR DO ESTADO DE MINAS GERAIS;Nota fiscal;12.927.876/0001-67;SOMA/MG PRODUTOS HOSPITALARES LTDA;369788;;1;Completa - Recebimento definitivo;Consumo;Despesa orçamentária;2026-04-02;2026-04-07;2026-04-07;148,0;Não
2320 - FUNDACAO CENTRO DE HEMATOLOGIA E HEMOTERAPIA DE MG;Nota fiscal;06.981.180/0001-16;CEMIG DISTRIBUICAO S.A.;375781301;;1;Completa;Serviço;Despesa orçamentária;2026-04-02;2026-04-07;2026-04-07;28001,75;Não
2270 - FUNDACAO HOSPITALAR DO ESTADO DE MINAS GERAIS;Nota fiscal;12.927.876/0001-67;SOMA/MG PRODUTOS HOSPITALARES LTDA;369288;;1;Completa - Recebimento definitivo;Consumo;Despesa extra orçamentária;2026-03-30;2026-04-02;2026-04-07;79,0;Não
1250 - POLICIA MILITAR DE MINAS GERAIS;Nota fiscal;41.721.051/0001-90;TRAUMINAS DISTRIBUIDORA DE MATERIAIS CIRURGICOS HOSPITALARES LTDA;1520963;1;1;Completa - Recebimento definitivo;Consumo;Despesa extra orçamentária;2026-03-25;2026-04-01;2026-04-07;7032,55;Não
2320 - FUNDACAO CENTRO DE HEMATOLOGIA E HEMOTERAPIA DE MG;Nota fiscal;03.339.370/0001-46;INTERACT SOLUTIONS LTDA;884;;1;Completa;Serviço;Despesa orçamentária;2026-04-01;2026-04-07;2026-04-07;25097,8;Não
2270 - FUNDACAO HOSPITALAR DO ESTADO DE MINAS GERAIS;Nota fiscal;41.227.007/0001-28;FARMACOR MATERIAIS E EQUIPAMENTOS CIRURGICOS LTDA;1151;;1;Completa - Disponível para recebimento definitivo;Consumo;Despesa orçamentária;2026-03-31;2026-04-02;2026-04-07;1689,22;Não
2010 - INST.DE PREVIDENCIA DOS SERVIDORES DO EST.M.GERAIS;Nota fiscal;03.787.326/0001-07;H MEDICAL IMPORTACAO E COMERCIO LTDA;11508;2;1;Completa - Recebimento definitivo;Consumo;Despesa orçamentária;2026-04-01;2026-04-07;2026-04-07;2745,0;Não
1030 - TRIBUNAL DE JUSTICA DO ESTADO DE MINAS GERAIS;Nota fiscal;17.263.096/0001-83;MERCEARIA INDIANOPOLIS LTDA;14155;1;1;Completa - Recebimento definitivo;Consumo;Despesa orçamentária;2026-04-06;2026-04-07;2026-04-07;5970,0;Não
2270 - FUNDACAO HOSPITALAR DO ESTADO DE MINAS GERAIS;Outros;10.426.715/0001-64;CONSORCIO OTIMO DE BILHETAGEM ELETRONICA;648564;;1;Completa;Serviço;Despesa orçamentária;2026-04-07;2026-04-07;2026-04-07;69,4;Não
2270 - FUNDACAO HOSPITALAR DO ESTADO DE MINAS GERAIS;Nota fiscal;35.820.448/0030-70;WHITE MARTINS GASES INDUSTRIAIS LTDA;396;716;1;Completa - Recebimento definitivo;Consumo;Despesa orçamentária;2026-04-04;2026-04-04;2026-04-07;798,0;Não
2270 - FUNDACAO HOSPITALAR DO ESTADO DE MINAS GERAIS;Nota fiscal;12.927.876/0001-67;SOMA/MG PRODUTOS HOSPITALARES LTDA;369790;;1;Completa - Recebimento definitivo;Consumo;Despesa orçamentária;2026-04-02;2026-04-07;2026-04-07;80,0;Não
2010 - INST.DE PREVIDENCIA DOS SERVIDORES DO EST.M.GERAIS;Nota fiscal;03.787.326/0001-07;H MEDICAL IMPORTACAO E COMERCIO LTDA;11515;2;1;Completa - Recebimento definitivo;Consumo;Despesa orçamentária;2026-04-01;2026-04-07;2026-04-07;2800,0;Não
1450 - SECRETARIA DE ESTADO DE JUSTICA E SEGURANCA PUBLIC;Nota fiscal;08.624.977/0001-91;TERRAVIVA AMBIENTAL LTDA;1102;;1;Completa;Serviço;Despesa extra orçamentária;2025-12-16;2025-12-16;2026-04-07;517,28;Não
2270 - FUNDACAO HOSPITALAR DO ESTADO DE MINAS GERAIS;Nota fiscal;29.791.821/0001-75;MAGNA INDUSTRIA DE MATERIAIS HOSPITALARES LTDA;5269;;1;Completa - Recebimento definitivo;Consumo;Despesa orçamentária;2026-02-23;2026-02-24;2026-04-07;3270,0;Não
1250 - POLICIA MILITAR DE MINAS GERAIS;Nota fiscal;05.222.267/0001-47;AGIS MEDICAL PRODUTOS HOSPITALARES LTDA;281031;2;1;Completa - Recebimento definitivo;Consumo;Despesa orçamentária;2026-03-30;2026-04-01;2026-04-07;2569,11;Não
2010 - INST.DE PREVIDENCIA DOS SERVIDORES DO EST.M.GERAIS;Nota fiscal;03.787.326/0001-07;H MEDICAL IMPORTACAO E COMERCIO LTDA;11493;2;1;Completa - Recebimento definitivo;Consumo;Despesa orçamentária;2026-04-01;2026-04-07;2026-04-07;5232,0;Não
1320 - SECRETARIA DE ESTADO DA SAUDE;Nota fiscal;04.307.650/0012-98;ONCO PROD DISTRIBUIDORA DE PRODUTOS HOSPITALARES E ONCOLOGICOS LTDA.;822407;12;1;Completa - Recebimento definitivo;Consumo;Despesa orçamentária;2026-03-27;2026-04-07;2026-04-07;2910,0;Não
1250 - POLICIA MILITAR DE MINAS GERAIS;Nota fiscal;08.051.684/0001-62;A & C COMERCIO, IMPORTACAO, EXPORTACAO E REPRESENTACAO DE PRODUTOS MEDICO HOSPITALAR LTDA;35930;1;1;Completa - Recebimento definitivo;Consumo;Despesa orçamentária;2026-03-30;2026-04-01;2026-04-07;400,5;Não
1710 - SECRETARIA DE ESTADO DE COMUNICACAO SOCIAL;Nota fiscal;24.172.716/0001-34;FLD S.A.;1406;;1;Completa;Serviço;Despesa orçamentária;2026-03-16;2026-04-07;2026-04-07;101,6;Não
1500 - SECRETARIA DE ESTADO DE PLANEJAMENTO E GESTAO;Outros;03.117.224/0001-76;CONSTRUTORA DHARMA S.A.;4;;1;Completa;Serviço;Despesa orçamentária;2026-04-01;2026-04-06;2026-04-07;19680,89;Não
2270 - FUNDACAO HOSPITALAR DO ESTADO DE MINAS GERAIS;Nota fiscal;12.927.876/0001-67;SOMA/MG PRODUTOS HOSPITALARES LTDA;369620;;1;Completa - Recebimento definitivo;Consumo;Despesa orçamentária;2026-04-01;2026-04-07;2026-04-07;2200,0;Não
2320 - FUNDACAO CENTRO DE HEMATOLOGIA E HEMOTERAPIA DE MG;Nota fiscal;56.283.483/0001-33;POSTO PETROLUCKS SANTA CRUZ DE MINAS LTDA;31;;1;Completa;Serviço;Despesa orçamentária;2026-04-02;2026-04-07;2026-04-07;133,0;Não
1450 - SECRETARIA DE ESTADO DE JUSTICA E SEGURANCA PUBLIC;Nota fiscal;02.997.091/0001-07;BRASCOEMP BRASIL CONSTRUCOES E EMPREENDIMENTOS LTDA ;46;E;1;Completa;Serviço;Despesa orçamentária;2026-02-19;2026-02-19;2026-04-07;56681,98;Não
1250 - POLICIA MILITAR DE MINAS GERAIS;Nota fiscal;08.051.684/0001-62;A & C COMERCIO, IMPORTACAO, EXPORTACAO E REPRESENTACAO DE PRODUTOS MEDICO HOSPITALAR LTDA;35798;1;1;Completa - Recebimento definitivo;Consumo;Despesa orçamentária;2026-03-25;2026-04-01;2026-04-07;496,96;Não
2120 - INST.PREV.DOS SERV.MILITARES DO ESTADO M.GERAIS;Nota fiscal;20.858.411/0001-20;AMGS COMERCIO E REPRESENTACOES LTDA;623715;2;1;Completa - Recebimento definitivo;Consumo;Despesa extra orçamentária;2026-03-02;2026-04-07;2026-04-07;545,66;Não
2310 - UNIVERSIDADE ESTADUAL DE MONTES CLAROS;Nota fiscal;35.820.448/0126-57;WHITE MARTINS GASES INDUSTRIAIS LTDA;21971;400;1;Completa - Disponível para recebimento definitivo;Consumo;Despesa extra orçamentária;2026-03-23;2026-04-07;2026-04-07;345,87;Não
2010 - INST.DE PREVIDENCIA DOS SERVIDORES DO EST.M.GERAIS;Nota fiscal;03.787.326/0001-07;H MEDICAL IMPORTACAO E COMERCIO LTDA;11491;2;1;Completa - Recebimento definitivo;Consumo;Despesa orçamentária;2026-04-01;2026-04-07;2026-04-07;3830,0;Não
1480 - SECRETARIA DE ESTADO DE DESENVOLVIMENTO SOCIAL;Nota fiscal;33.224.254/0001-42;MGS MINAS GERAIS ADMINISTRACAO E SERVICOS S/A;680460;;1;Completa;Serviço;Despesa orçamentária;2026-03-30;2026-03-30;2026-04-07;3839,45;Não
1250 - POLICIA MILITAR DE MINAS GERAIS;Nota fiscal;41.721.051/0001-90;TRAUMINAS DISTRIBUIDORA DE MATERIAIS CIRURGICOS HOSPITALARES LTDA;1520978;1;1;Completa - Recebimento definitivo;Consumo;Despesa orçamentária;2026-03-25;2026-04-01;2026-04-07;10493,86;Não
2350 - UNIVERSIDADE DO ESTADO DE MINAS GERAIS;Nota fiscal;40.432.544/0001-47;CLARO S.A.;27354;;1;Completa;Serviço;Despesa orçamentária;2026-04-01;2026-04-07;2026-04-07;130,12;Não
1320 - SECRETARIA DE ESTADO DA SAUDE;Nota fiscal;04.307.650/0028-55;ONCO PROD DISTRIBUIDORA DE PRODUTOS HOSPITALARES E ONCOLOGICOS LTDA.;77075;28;1;Completa - Recebimento definitivo;Consumo;Despesa orçamentária;2026-03-26;2026-04-07;2026-04-07;1097,4;Não
1090 - PROCURADORIA GERAL DE JUSTICA;Nota fiscal;22.101.690/0001-08;LAFAETE GESTAO AMBIENTAL LTDA;1598;1;1;Completa;Serviço;Despesa orçamentária;2026-03-26;2026-03-26;2026-04-07;874,36;Não
2470 - AGENCIA REGULADORA DE TRANSPORTES;Outros;12.305.622/0001-07;PONTUAL LOC CAR LTDA;2026033071;;2;Completa;Serviço;Despesa orçamentária;2026-03-31;2026-04-07;2026-04-07;3229,0;Não
2320 - FUNDACAO CENTRO DE HEMATOLOGIA E HEMOTERAPIA DE MG;Nota fiscal;38.680.138/0001-51;GESMAQ COMERCIO E SERVICOS LTDA - ME;180;;1;Completa;Serviço;Despesa orçamentária;2026-04-02;2026-04-07;2026-04-07;2600,0;Não
2010 - INST.DE PREVIDENCIA DOS SERVIDORES DO EST.M.GERAIS;Nota fiscal;03.787.326/0001-07;H MEDICAL IMPORTACAO E COMERCIO LTDA;11514;2;1;Completa - Recebimento definitivo;Consumo;Despesa orçamentária;2026-04-01;2026-04-07;2026-04-07;35618,0;Não
2350 - UNIVERSIDADE DO ESTADO DE MINAS GERAIS;Nota fiscal;40.432.544/0001-47;CLARO S.A.;24472;;1;Completa;Serviço;Despesa orçamentária;2026-04-01;2026-04-07;2026-04-07;1245,2;Não
1710 - SECRETARIA DE ESTADO DE COMUNICACAO SOCIAL;Nota fiscal;24.172.716/0001-34;FLD S.A.;1452;;1;Completa;Serviço;Despesa orçamentária;2026-03-17;2026-04-07;2026-04-07;101,6;Não
1260 - SECRETARIA DE ESTADO DE EDUCACAO;Nota fiscal;23.416.171/0001-00;SANTA FE AGENCIA DE EVENTOS - LTDA - ME;24;41;1;Completa;Serviço;Despesa orçamentária;2026-04-06;2026-04-07;2026-04-07;2932,5;Não
1270 - SECRETARIA DE ESTADO DE CULTURA E TURISMO;Outros;76.535.764/0001-43;OI S.A. - EM RECUPERACAO JUDICIAL;33090;;1;Completa;Serviço;Despesa orçamentária;2026-03-25;2026-03-25;2026-04-07;838,61;Não
2010 - INST.DE PREVIDENCIA DOS SERVIDORES DO EST.M.GERAIS;Outros;***.822.406-**;MARIA ELMA DE MATOS;32026;;1;Completa;Serviço;Despesa orçamentária;2026-04-01;2026-04-01;2026-04-07;1135,0;Não
1480 - SECRETARIA DE ESTADO DE DESENVOLVIMENTO SOCIAL;Nota fiscal;09.511.840/0001-93;POCOS ARTESIANOS MINAS LTDA;72;1;1;Incompleta;Permanente;Despesa extra orçamentária;2026-03-30;2026-04-07;2026-04-07;27156,77;Não
1480 - SECRETARIA DE ESTADO DE DESENVOLVIMENTO SOCIAL;Nota fiscal;33.224.254/0001-42;MGS MINAS GERAIS ADMINISTRACAO E SERVICOS S/A;127892026;;1;Completa;Serviço;Despesa orçamentária;2026-03-30;2026-03-30;2026-04-07;54916,07;Não
2010 - INST.DE PREVIDENCIA DOS SERVIDORES DO EST.M.GERAIS;Nota fiscal;03.787.326/0001-07;H MEDICAL IMPORTACAO E COMERCIO LTDA;11506;2;1;Completa - Recebimento definitivo;Consumo;Despesa orçamentária;2026-04-01;2026-04-07;2026-04-07;11971,71;Não
1260 - SECRETARIA DE ESTADO DE EDUCACAO;Nota fiscal;61.070.787/0001-52;LOGICRON SERVICOS LTDA;24;;1;Completa;Serviço;Despesa extra orçamentária;2026-04-07;2026-04-07;2026-04-07;11089,0;Não
1080 - ADVOCACIA-GERAL DO ESTADO DE MINAS GERAIS;Outros;34.028.316/0015-09;EMPRESA BRASILEIRA DE CORREIOS E TELEGRAFOS - ECT;2502105;;1;Completa;Serviço;Despesa orçamentária;2026-03-31;2026-04-07;2026-04-07;9099,13;Não
2100 - INSTITUTO ESTADUAL DE FLORESTAS-IEF;Nota fiscal;33.224.254/0001-42;MGS MINAS GERAIS ADMINISTRACAO E SERVICOS S/A;11762;1;1;Completa;Serviço;Despesa orçamentária;2026-03-24;2026-04-01;2026-04-07;12224,41;Não
2100 - INSTITUTO ESTADUAL DE FLORESTAS-IEF;Nota fiscal;33.224.254/0001-42;MGS MINAS GERAIS ADMINISTRACAO E SERVICOS S/A;11796;;1;Completa;Serviço;Despesa orçamentária;2026-03-24;2026-04-01;2026-04-07;17670,78;Não
1010 - ASSEMBLEIA LEGISLATIVA DO ESTADO DE MINAS GERAIS;Nota fiscal;13.857.945/0001-76;FX COMERCIO E DISTRIBUIDORA LTDA;102532026;1;1;Completa - Disponível para recebimento definitivo;Consumo;Despesa extra orçamentária;2026-03-31;2026-04-07;2026-04-07;14228,0;Não
2100 - INSTITUTO ESTADUAL DE FLORESTAS-IEF;Outros;33.224.254/0001-42;MGS MINAS GERAIS ADMINISTRACAO E SERVICOS S/A;679581;;1;Completa;Serviço;Despesa orçamentária;2026-03-24;2026-04-01;2026-04-07;1459,17;Não
1480 - SECRETARIA DE ESTADO DE DESENVOLVIMENTO SOCIAL;Nota fiscal;40.432.544/0112-62;CLARO S.A.;2604200024468;;1;Completa;Serviço;Despesa orçamentária;2026-04-01;2026-04-01;2026-04-07;255,35;Não
2010 - INST.DE PREVIDENCIA DOS SERVIDORES DO EST.M.GERAIS;Nota fiscal;03.787.326/0001-07;H MEDICAL IMPORTACAO E COMERCIO LTDA;11543;2;1;Completa - Recebimento definitivo;Consumo;Despesa orçamentária;2026-04-06;2026-04-07;2026-04-07;3334,0;Não
2350 - UNIVERSIDADE DO ESTADO DE MINAS GERAIS;Nota fiscal;12.477.490/0002-81;LIDER NOTEBOOKS COMERCIO E SERVICOS LTDA;16312;1;1;Completa - Recebimento definitivo;Permanente;Despesa extra orçamentária;2026-03-18;2026-04-07;2026-04-07;425196,0;Não
2100 - INSTITUTO ESTADUAL DE FLORESTAS-IEF;Nota fiscal;33.224.254/0001-42;MGS MINAS GERAIS ADMINISTRACAO E SERVICOS S/A;11842;;1;Completa;Serviço;Despesa orçamentária;2026-03-24;2026-04-01;2026-04-07;58492,41;Não
1250 - POLICIA MILITAR DE MINAS GERAIS;Nota fiscal;11.770.656/0001-00;AGMR COMERCIO E SERVICOS LTDA;635;NFS;1;Completa;Serviço;Despesa orçamentária;2026-03-31;2026-04-06;2026-04-07;212,8;Não
1710 - SECRETARIA DE ESTADO DE COMUNICACAO SOCIAL;Nota fiscal;24.172.716/0001-34;FLD S.A.;1454;;1;Completa;Serviço;Despesa orçamentária;2026-03-17;2026-04-07;2026-04-07;101,6;Não
1090 - PROCURADORIA GERAL DE JUSTICA;Nota fiscal;08.458.633/0001-50;ESMARTY ESPECIALISTA EM MANUTENCAO DE ELEVADORES LTDA;6739;;1;Completa;Serviço;Despesa orçamentária;2026-04-01;2026-04-01;2026-04-07;1535,28;Não
2100 - INSTITUTO ESTADUAL DE FLORESTAS-IEF;Outros;33.224.254/0001-42;MGS MINAS GERAIS ADMINISTRACAO E SERVICOS S/A;679604;;1;Completa;Serviço;Despesa orçamentária;2026-03-24;2026-04-01;2026-04-07;4804,67;Não
1450 - SECRETARIA DE ESTADO DE JUSTICA E SEGURANCA PUBLIC;Nota fiscal;11.319.926/0001-60;KSM MANUTENCAO DE MAQUINAS E EQUIPAMENTOS LTDA -ME;3;E;1;Completa;Serviço;Despesa orçamentária;2026-02-22;2026-02-22;2026-04-07;2501,76;Não
2010 - INST.DE PREVIDENCIA DOS SERVIDORES DO EST.M.GERAIS;Nota fiscal;67.423.152/0001-78;IBG INDUSTRIA BRASILEIRA DE GASES LTDA;558356;;1;Completa - Recebimento definitivo;Consumo;Despesa orçamentária;2026-04-06;2026-04-07;2026-04-07;1502,15;Não
1260 - SECRETARIA DE ESTADO DE EDUCACAO;Outros;33.224.254/0001-42;MGS MINAS GERAIS ADMINISTRACAO E SERVICOS S/A;12758;1;1;Incompleta;Serviço;Despesa orçamentária;2026-04-02;2026-04-07;2026-04-07;67499,61;Não
1450 - SECRETARIA DE ESTADO DE JUSTICA E SEGURANCA PUBLIC;Nota fiscal;11.319.926/0001-60;KSM MANUTENCAO DE MAQUINAS E EQUIPAMENTOS LTDA -ME;746;E;1;Completa;Serviço;Despesa orçamentária;2025-09-24;2025-09-24;2026-04-07;15636,0;Não
2100 - INSTITUTO ESTADUAL DE FLORESTAS-IEF;Nota fiscal;33.224.254/0001-42;MGS MINAS GERAIS ADMINISTRACAO E SERVICOS S/A;11808;1;1;Completa;Serviço;Despesa orçamentária;2026-03-24;2026-04-01;2026-04-07;32516,99;Não
2270 - FUNDACAO HOSPITALAR DO ESTADO DE MINAS GERAIS;Nota fiscal;35.820.448/0030-70;WHITE MARTINS GASES INDUSTRIAIS LTDA;7374;609;1;Completa - Recebimento definitivo;Consumo;Despesa orçamentária;2026-04-01;2026-04-04;2026-04-07;1088,68;Não
2010 - INST.DE PREVIDENCIA DOS SERVIDORES DO EST.M.GERAIS;Nota fiscal;27.187.758/0001-37;BML HOSPITALAR LTDA;29810;1;1;Completa - Recebimento definitivo;Consumo;Despesa extra orçamentária;2026-04-06;2026-04-07;2026-04-07;3499,98;Não
2100 - INSTITUTO ESTADUAL DE FLORESTAS-IEF;Outros;33.224.254/0001-42;MGS MINAS GERAIS ADMINISTRACAO E SERVICOS S/A;679640;;1;Completa;Serviço;Despesa orçamentária;2026-03-24;2026-04-01;2026-04-07;2593,18;Não
2010 - INST.DE PREVIDENCIA DOS SERVIDORES DO EST.M.GERAIS;Nota fiscal;17.085.673/0001-94;NEXOMED HOSPITALAR LTDA;40033;1;1;Completa - Recebimento definitivo;Consumo;Despesa orçamentária;2026-04-01;2026-04-07;2026-04-07;503,18;Não
1260 - SECRETARIA DE ESTADO DE EDUCACAO;Nota fiscal;05.931.874/0001-86;COLEGIO POLIS DE ENSINO FUNDAMENTAL LTDA;9;;1;Completa;Serviço;Despesa orçamentária;2026-04-06;2026-04-07;2026-04-07;3857,25;Não
2010 - INST.DE PREVIDENCIA DOS SERVIDORES DO EST.M.GERAIS;Nota fiscal;17.085.673/0001-94;NEXOMED HOSPITALAR LTDA;40034;1;1;Completa - Recebimento definitivo;Consumo;Despesa orçamentária;2026-04-01;2026-04-07;2026-04-07;834,44;Não
2310 - UNIVERSIDADE ESTADUAL DE MONTES CLAROS;Nota fiscal;33.224.254/0001-42;MGS MINAS GERAIS ADMINISTRACAO E SERVICOS S/A;202600000005524;;1;Completa;Serviço;Despesa extra orçamentária;2026-01-30;2026-04-07;2026-04-07;4625,92;Não
1190 - SECRETARIA DE ESTADO DE FAZENDA DE MINAS GERAIS;Nota fiscal;23.106.216/0001-31;PONTAL SERVICOS EM COMUNICACAO DIGITAL LTDA;107689;;1;Incompleta;Serviço;Despesa orçamentária;2026-04-06;2026-04-06;2026-04-07;4436,44;Não
1450 - SECRETARIA DE ESTADO DE JUSTICA E SEGURANCA PUBLIC;Outros;11.319.926/0001-60;KSM MANUTENCAO DE MAQUINAS E EQUIPAMENTOS LTDA -ME;1494;;1;Completa;Serviço;Despesa extra orçamentária;2025-02-25;2025-02-25;2026-04-07;1250,88;Não
1260 - SECRETARIA DE ESTADO DE EDUCACAO;Nota fiscal;33.224.254/0001-42;MGS MINAS GERAIS ADMINISTRACAO E SERVICOS S/A;12602;MAR;1;Completa;Serviço;Despesa orçamentária;2026-03-30;2026-04-06;2026-04-07;146169,86;Não
2010 - INST.DE PREVIDENCIA DOS SERVIDORES DO EST.M.GERAIS;Nota fiscal;00.331.788/0031-34;AIR LIQUIDE BRASIL LTDA;457963;200;1;Completa - Recebimento definitivo;Consumo;Despesa orçamentária;2026-04-04;2026-04-07;2026-04-07;9541,7;Não
1450 - SECRETARIA DE ESTADO DE JUSTICA E SEGURANCA PUBLIC;Outros;11.319.926/0001-60;KSM MANUTENCAO DE MAQUINAS E EQUIPAMENTOS LTDA -ME;1533;;1;Completa;Serviço;Despesa extra orçamentária;2025-03-31;2025-03-31;2026-04-07;833,92;Não
2300 - DEPARTAMENTO DE ESTRADAS DE RODAGEM;Nota fiscal;25.403.965/0001-56;DATACOP SERVICOS DE DIGITALIZACAO E GESTAO DA INFORMACAO - LTDA;33;;1;Completa;Serviço;Despesa orçamentária;2026-04-01;2026-04-07;2026-04-07;1227,07;Não
2010 - INST.DE PREVIDENCIA DOS SERVIDORES DO EST.M.GERAIS;Nota fiscal;67.423.152/0001-78;IBG INDUSTRIA BRASILEIRA DE GASES LTDA;557976;;1;Completa - Recebimento definitivo;Consumo;Despesa orçamentária;2026-04-01;2026-04-07;2026-04-07;1386,6;Não
2320 - FUNDACAO CENTRO DE HEMATOLOGIA E HEMOTERAPIA DE MG;Nota fiscal;18.947.049/0001-11;INFORDINAMICA TECNOLOGIA LTDA;645;;1;Completa;Serviço;Despesa orçamentária;2026-03-13;2026-04-07;2026-04-07;57811,37;Não
1250 - POLICIA MILITAR DE MINAS GERAIS;Nota fiscal;07.432.517/0001-07;SIMPRESS COMERCIO LOCACAO E SERVICOS LTDA;366488;;1;Completa;Serviço;Despesa orçamentária;2026-03-12;2026-04-07;2026-04-07;123,77;Não
2320 - FUNDACAO CENTRO DE HEMATOLOGIA E HEMOTERAPIA DE MG;Nota fiscal;06.981.180/0001-16;CEMIG DISTRIBUICAO S.A.;375783824;;1;Completa;Serviço;Despesa orçamentária;2026-04-02;2026-04-07;2026-04-07;23628,02;Não
2060 - FUNDACAO JOAO PINHEIRO;Nota fiscal;41.254.133/0001-71;3F COMERCIO E SERVICOS LTDA;56;;1;Completa - Recebimento definitivo;Consumo;Despesa orçamentária;2026-03-23;2026-04-07;2026-04-07;2160,0;Não
1710 - SECRETARIA DE ESTADO DE COMUNICACAO SOCIAL;Nota fiscal;24.172.716/0001-34;FLD S.A.;1459;;1;Completa;Serviço;Despesa orçamentária;2026-03-17;2026-04-07;2026-04-07;101,6;Não
2270 - FUNDACAO HOSPITALAR DO ESTADO DE MINAS GERAIS;Nota fiscal;30.830.500/0001-11;SANTE SOLUCOES EM SAUDE LTDA.;107;;1;Completa;Serviço;Despesa orçamentária;2026-04-01;2026-04-07;2026-04-07;149871,25;Não
1500 - SECRETARIA DE ESTADO DE PLANEJAMENTO E GESTAO;Nota fiscal;12.057.731/0001-52;APOLO REFRIGERACAO LTDA;163;100;1;Completa;Serviço;Despesa orçamentária;2026-04-01;2026-04-02;2026-04-07;14200,08;Não
2150 - FUNDACAO HELENA ANTIPOFF;Nota fiscal;06.981.180/0001-16;CEMIG DISTRIBUICAO S.A.;375785631;;1;Completa;Serviço;Despesa orçamentária;2026-04-02;2026-04-06;2026-04-07;16708,39;Não
2270 - FUNDACAO HOSPITALAR DO ESTADO DE MINAS GERAIS;Nota fiscal;19.691.641/0001-68;CENTRO DE DIAGNOSTICO POR IMAGEM LTDA;3069;;1;Completa;Serviço;Despesa orçamentária;2026-04-07;2026-04-07;2026-04-07;7828,0;Não
1250 - POLICIA MILITAR DE MINAS GERAIS;Nota fiscal;07.432.517/0001-07;SIMPRESS COMERCIO LOCACAO E SERVICOS LTDA;366487;;1;Completa;Serviço;Despesa orçamentária;2026-03-12;2026-04-07;2026-04-07;21,08;Não
2310 - UNIVERSIDADE ESTADUAL DE MONTES CLAROS;Nota fiscal;33.224.254/0001-42;MGS MINAS GERAIS ADMINISTRACAO E SERVICOS S/A;202600000009311;;1;Completa;Serviço;Despesa extra orçamentária;2026-02-25;2026-04-07;2026-04-07;4104,95;Não
2270 - FUNDACAO HOSPITALAR DO ESTADO DE MINAS GERAIS;Nota fiscal;21.681.325/0001-57;MULTIFARMA COMERCIO E REPRESENTACOES LTDA.;287970;;1;Completa - Recebimento definitivo;Consumo;Despesa extra orçamentária;2026-03-19;2026-03-19;2026-04-07;1566,0;Não
2330 - INSTITUTO DE METROLOGIA E QUALIDADE DE MG;Nota fiscal;33.224.254/0001-42;MGS MINAS GERAIS ADMINISTRACAO E SERVICOS S/A;12264;E;1;Completa;Serviço;Despesa orçamentária;2026-03-26;2026-03-31;2026-04-07;5959,92;Não
2320 - FUNDACAO CENTRO DE HEMATOLOGIA E HEMOTERAPIA DE MG;Nota fiscal;50.791.459/0001-29;PADARIA E CONFEITARIA DA PRACA LTDA;7773;;1;Completa;Serviço;Despesa orçamentária;2026-04-07;2026-04-07;2026-04-07;8725,88;Não
1710 - SECRETARIA DE ESTADO DE COMUNICACAO SOCIAL;Nota fiscal;24.172.716/0001-34;FLD S.A.;1557;;1;Completa;Serviço;Despesa orçamentária;2026-03-19;2026-04-07;2026-04-07;101,6;Não
2300 - DEPARTAMENTO DE ESTRADAS DE RODAGEM;Nota fiscal;17.281.106/0001-03;COMPANHIA DE SANEAMENTO DE MINAS GERAIS COPASA MG;205673732;;1;Completa;Serviço;Despesa orçamentária;2026-04-07;2026-04-07;2026-04-07;63,39;Não
1260 - SECRETARIA DE ESTADO DE EDUCACAO;Nota fiscal;33.224.254/0001-42;MGS MINAS GERAIS ADMINISTRACAO E SERVICOS S/A;202612775;;1;Completa;Serviço;Despesa orçamentária;2026-03-30;2026-04-07;2026-04-07;60591,65;Não
1450 - SECRETARIA DE ESTADO DE JUSTICA E SEGURANCA PUBLIC;Nota fiscal;05.151.226/0001-07;EXPRESSO MINAS FRIOS LTDA;76274;2;1;Completa;Serviço;Despesa orçamentária;2026-03-16;2026-04-07;2026-04-07;3071,25;Não
2330 - INSTITUTO DE METROLOGIA E QUALIDADE DE MG;Nota fiscal;33.224.254/0001-42;MGS MINAS GERAIS ADMINISTRACAO E SERVICOS S/A;122832026;E;1;Completa;Serviço;Despesa orçamentária;2026-03-26;2026-03-31;2026-04-07;152,75;Não
2180 - FUNDACAO CLOVIS SALGADO;Nota fiscal;22.498.465/0001-57;FRAMES LTDA - ME;21;;1;Completa;Serviço;Despesa orçamentária;2026-04-01;2026-04-02;2026-04-07;9198,33;Não
1020 - TRIBUNAL DE CONTAS DO ESTADO DE MINAS GERAIS;Nota fiscal;11.568.355/0001-06;GAMMA CORTINAS LTDA;2254;1;1;Completa - Disponível para recebimento definitivo;Consumo;Despesa extra orçamentária;2026-03-31;2026-04-07;2026-04-07;3510,5;Não
1250 - POLICIA MILITAR DE MINAS GERAIS;Nota fiscal;07.432.517/0001-07;SIMPRESS COMERCIO LOCACAO E SERVICOS LTDA;366464;;1;Completa;Serviço;Despesa orçamentária;2026-03-12;2026-04-07;2026-04-07;123,77;Não
2320 - FUNDACAO CENTRO DE HEMATOLOGIA E HEMOTERAPIA DE MG;Nota fiscal;08.574.411/0001-00;PRATICA PRODUTOS S.A.;210608;13;1;Completa - Recebimento definitivo;Permanente;Despesa orçamentária;2026-03-31;2026-04-06;2026-04-07;92500,0;Não
1010 - ASSEMBLEIA LEGISLATIVA DO ESTADO DE MINAS GERAIS;Nota fiscal;10.174.094/0001-79;GAMA LUZ COMERCIO VAREJISTA LTDA;29792026;1;1;Completa - Disponível para recebimento definitivo;Consumo;Despesa orçamentária;2026-04-01;2026-04-07;2026-04-07;612,6;Não
1450 - SECRETARIA DE ESTADO DE JUSTICA E SEGURANCA PUBLIC;Nota fiscal;05.151.226/0001-07;EXPRESSO MINAS FRIOS LTDA;76270;2;1;Completa;Serviço;Despesa orçamentária;2026-03-16;2026-04-07;2026-04-07;1155,0;Não
1260 - SECRETARIA DE ESTADO DE EDUCACAO;Outros;33.224.254/0001-42;MGS MINAS GERAIS ADMINISTRACAO E SERVICOS S/A;680643;;1;Completa;Serviço;Despesa orçamentária;2026-03-30;2026-04-06;2026-04-07;6685,58;Não
2310 - UNIVERSIDADE ESTADUAL DE MONTES CLAROS;Nota fiscal;13.255.174/0001-47;ESTERISCLIN LTDA -EPP;202600000000123;;1;Completa;Serviço;Despesa extra orçamentária;2026-03-19;2026-03-20;2026-04-07;93002,72;Não
1260 - SECRETARIA DE ESTADO DE EDUCACAO;Outros;33.224.254/0001-42;MGS MINAS GERAIS ADMINISTRACAO E SERVICOS S/A;2026680590;;1;Completa;Serviço;Despesa orçamentária;2026-03-30;2026-04-07;2026-04-07;3503,5;Não
2330 - INSTITUTO DE METROLOGIA E QUALIDADE DE MG;Nota fiscal;33.224.254/0001-42;MGS MINAS GERAIS ADMINISTRACAO E SERVICOS S/A;12243;E;1;Completa;Serviço;Despesa orçamentária;2026-03-26;2026-03-31;2026-04-07;11795,42;Não
2270 - FUNDACAO HOSPITALAR DO ESTADO DE MINAS GERAIS;Nota fiscal;18.625.083/0001-70;SUL MINAS INDUSTRIA E COMERCIO DE CONFECCOES LTDA;65267;;1;Completa - Recebimento definitivo;Consumo;Despesa orçamentária;2026-03-09;2026-03-09;2026-04-07;8966,0;Não
2270 - FUNDACAO HOSPITALAR DO ESTADO DE MINAS GERAIS;Nota fiscal;33.224.254/0001-42;MGS MINAS GERAIS ADMINISTRACAO E SERVICOS S/A;12793;0;1;Completa;Serviço;Despesa orçamentária;2026-03-30;2026-04-07;2026-04-07;1002,95;Não
1250 - POLICIA MILITAR DE MINAS GERAIS;Nota fiscal;00.912.099/0001-06;OSVALDO MELO DE ARAUJO - CPF 48330248615 -ME;6214;;1;Completa;Serviço;Despesa orçamentária;2026-03-31;2026-03-31;2026-04-07;2207,0;Não
2270 - FUNDACAO HOSPITALAR DO ESTADO DE MINAS GERAIS;Nota fiscal;20.203.886/0001-88;RAD SERVICOS ESPECIALIZADOS E COMERCIO LTDA;4834;;1;Completa;Serviço;Despesa orçamentária;2026-04-06;2026-04-06;2026-04-07;1133,29;Não
2270 - FUNDACAO HOSPITALAR DO ESTADO DE MINAS GERAIS;Nota fiscal;33.224.254/0001-42;MGS MINAS GERAIS ADMINISTRACAO E SERVICOS S/A;681382;;1;Completa;Serviço;Despesa orçamentária;2026-04-01;2026-04-07;2026-04-07;13581,54;Não
1450 - SECRETARIA DE ESTADO DE JUSTICA E SEGURANCA PUBLIC;Nota fiscal;05.151.226/0001-07;EXPRESSO MINAS FRIOS LTDA;76271;2;1;Completa;Serviço;Despesa orçamentária;2026-03-16;2026-04-07;2026-04-07;8,75;Não
1250 - POLICIA MILITAR DE MINAS GERAIS;Nota fiscal;07.432.517/0001-07;SIMPRESS COMERCIO LOCACAO E SERVICOS LTDA;366489;;1;Completa;Serviço;Despesa orçamentária;2026-03-12;2026-04-07;2026-04-07;379,93;Não
2270 - FUNDACAO HOSPITALAR DO ESTADO DE MINAS GERAIS;Nota fiscal;17.085.673/0001-94;NEXOMED HOSPITALAR LTDA;39942;1;1;Completa - Recebimento definitivo;Consumo;Despesa orçamentária;2026-03-12;2026-03-12;2026-04-07;5064,35;Não
1710 - SECRETARIA DE ESTADO DE COMUNICACAO SOCIAL;Nota fiscal;24.172.716/0001-34;FLD S.A.;1645;;1;Completa;Serviço;Despesa orçamentária;2026-03-26;2026-04-07;2026-04-07;406,4;Não
1260 - SECRETARIA DE ESTADO DE EDUCACAO;Nota fiscal;04.569.153/0002-96;JOSIANE LILIA DE CARVALHO -ME;17;2;1;Completa;Serviço;Despesa orçamentária;2026-04-07;2026-04-07;2026-04-07;9704,16;Não
2270 - FUNDACAO HOSPITALAR DO ESTADO DE MINAS GERAIS;Nota fiscal;33.224.254/0001-42;MGS MINAS GERAIS ADMINISTRACAO E SERVICOS S/A;13003;0;1;Completa;Serviço;Despesa orçamentária;2026-04-01;2026-04-07;2026-04-07;186525,34;Não
2330 - INSTITUTO DE METROLOGIA E QUALIDADE DE MG;Nota fiscal;33.224.254/0001-42;MGS MINAS GERAIS ADMINISTRACAO E SERVICOS S/A;12262;E;1;Completa;Serviço;Despesa orçamentária;2026-03-26;2026-03-31;2026-04-07;596,21;Não
1450 - SECRETARIA DE ESTADO DE JUSTICA E SEGURANCA PUBLIC;Nota fiscal;05.151.226/0001-07;EXPRESSO MINAS FRIOS LTDA;76272;2;1;Completa;Serviço;Despesa orçamentária;2026-03-16;2026-04-07;2026-04-07;743,75;Não
2270 - FUNDACAO HOSPITALAR DO ESTADO DE MINAS GERAIS;Nota fiscal;03.188.198/0006-81;BIO - RAD LABORATORIOS BRASIL LTDA;23690;;1;Completa - Recebimento definitivo;Consumo;Despesa orçamentária;2026-04-02;2026-04-06;2026-04-07;9021,12;Não
2270 - FUNDACAO HOSPITALAR DO ESTADO DE MINAS GERAIS;Nota fiscal;17.085.673/0001-94;NEXOMED HOSPITALAR LTDA;39972;1;1;Completa - Recebimento definitivo;Consumo;Despesa orçamentária;2026-03-23;2026-03-23;2026-04-07;10128,7;Não
1450 - SECRETARIA DE ESTADO DE JUSTICA E SEGURANCA PUBLIC;Nota fiscal;05.151.226/0001-07;EXPRESSO MINAS FRIOS LTDA;76273;2;1;Completa;Serviço;Despesa orçamentária;2026-03-16;2026-04-07;2026-04-07;507,5;Não
1260 - SECRETARIA DE ESTADO DE EDUCACAO;Nota fiscal;19.561.435/0001-33;AGENES S.DA SILVA SUPRIMENTOS DE INFORMATICA LTDA;3242;;1;Completa - Recebimento definitivo;Consumo;Despesa orçamentária;2026-03-30;2026-04-07;2026-04-07;7286,64;Não
1050 - TRIBUNAL DE JUSTICA MILITAR DO ESTADO DE M.G.;Nota fiscal;16.636.540/0001-04;COMPANHIA DE TECNOLOGIA DA INFORMACAO DO ESTADO DE MINAS GERAIS-PRODEMGE;2804;2;1;Completa;Serviço;Despesa orçamentária;2026-03-24;2026-03-31;2026-04-07;41683,2;Não
2270 - FUNDACAO HOSPITALAR DO ESTADO DE MINAS GERAIS;Nota fiscal;09.524.545/0001-71;WF TECNOLOGIA CIENTIFICA LTDA;651;1;1;Completa;Serviço;Despesa orçamentária;2026-04-07;2026-04-07;2026-04-07;26950,94;Não
1250 - POLICIA MILITAR DE MINAS GERAIS;Nota fiscal;51.149.980/0001-20;SANTANA SERVICOS E PECAS AUTOMOTIVAS LTDA;438;;1;Completa;Serviço;Despesa orçamentária;2026-04-01;2026-04-07;2026-04-07;742,5;Não
2270 - FUNDACAO HOSPITALAR DO ESTADO DE MINAS GERAIS;Nota fiscal;18.269.125/0001-87;BIOHOSP PRODUTOS HOSPITALARES SA;775580;;1;Completa - Recebimento definitivo;Consumo;Despesa orçamentária;2026-03-25;2026-03-25;2026-04-07;1520,0;Não
2270 - FUNDACAO HOSPITALAR DO ESTADO DE MINAS GERAIS;Nota fiscal;25.763.673/0019-53;FUNDACAO DE ASSISTENCIA ESTUDO E PESQUISA DE UBERLANDIA;75;26;1;Completa;Serviço;Despesa orçamentária;2026-04-06;2026-04-06;2026-04-07;80118,72;Não
2120 - INST.PREV.DOS SERV.MILITARES DO ESTADO M.GERAIS;Nota fiscal;20.858.411/0001-20;AMGS COMERCIO E REPRESENTACOES LTDA;623716;2;1;Completa - Recebimento definitivo;Consumo;Despesa extra orçamentária;2026-03-02;2026-04-07;2026-04-07;545,66;Não
2330 - INSTITUTO DE METROLOGIA E QUALIDADE DE MG;Nota fiscal;33.224.254/0001-42;MGS MINAS GERAIS ADMINISTRACAO E SERVICOS S/A;12254;E;1;Completa;Serviço;Despesa orçamentária;2026-03-26;2026-03-31;2026-04-07;11723,21;Não
1500 - SECRETARIA DE ESTADO DE PLANEJAMENTO E GESTAO;Outros;14.856.485/0001-24;ESSENCIAL IMOBILIARIA LTDA -ME;136852348;;2;Completa;Serviço;Despesa orçamentária;2026-04-01;2026-04-01;2026-04-07;833,56;Não
2270 - FUNDACAO HOSPITALAR DO ESTADO DE MINAS GERAIS;Nota fiscal;18.269.125/0001-87;BIOHOSP PRODUTOS HOSPITALARES SA;775604;;1;Completa - Recebimento definitivo;Consumo;Despesa orçamentária;2026-03-25;2026-03-25;2026-04-07;26317,74;Não
2270 - FUNDACAO HOSPITALAR DO ESTADO DE MINAS GERAIS;Nota fiscal;20.858.411/0001-20;AMGS COMERCIO E REPRESENTACOES LTDA;625463;2;1;Completa - Disponível para recebimento definitivo;Consumo;Despesa orçamentária;2026-03-13;2026-03-13;2026-04-07;221,85;Não
1510 - POLICIA CIVIL DO ESTADO DE MINAS GERAIS;Nota fiscal;28.309.420/0001-73;ESTRELA GERADORES & ENERGIA ELETRICA LTDA - EPP;407;1;1;Incompleta;Serviço;Despesa orçamentária;2026-04-01;2026-04-01;2026-04-07;2926,56;Não
2270 - FUNDACAO HOSPITALAR DO ESTADO DE MINAS GERAIS;Nota fiscal;20.235.404/0001-71;DCB DISTRIBUIDORA CIRURGICA BRASILEIRA LTDA;105804;1;1;Completa - Recebimento definitivo;Consumo;Despesa orçamentária;2026-03-30;2026-04-07;2026-04-07;3507,12;Não
2270 - FUNDACAO HOSPITALAR DO ESTADO DE MINAS GERAIS;Outros;01.017.250/0001-05;VOETUR TURISMO E REPRESENTACOES LTDA;1325980;;1;Completa;Serviço;Despesa orçamentária;2023-03-13;2026-03-13;2026-04-07;289,67;Não
1320 - SECRETARIA DE ESTADO DA SAUDE;Nota fiscal;34.274.233/0025-71;VIBRA ENERGIA S.A;4826168;;1;Completa - Disponível para recebimento definitivo;Consumo;Despesa orçamentária;2026-02-26;2026-04-07;2026-04-07;14192,99;Não
2330 - INSTITUTO DE METROLOGIA E QUALIDADE DE MG;Nota fiscal;33.224.254/0001-42;MGS MINAS GERAIS ADMINISTRACAO E SERVICOS S/A;12272;E;1;Completa;Serviço;Despesa orçamentária;2026-03-26;2026-03-31;2026-04-07;16896,67;Não
2270 - FUNDACAO HOSPITALAR DO ESTADO DE MINAS GERAIS;Nota fiscal;00.874.929/0001-40;MED CENTER COMERCIAL LTDA;681280;;1;Completa - Recebimento definitivo;Consumo;Despesa orçamentária;2026-03-26;2026-04-02;2026-04-07;444,0;Não
1260 - SECRETARIA DE ESTADO DE EDUCACAO;Nota fiscal;16.884.444/0001-77;SOCIEDADE EDUCACIONAL BASE LTDA;55;;1;Completa;Serviço;Despesa orçamentária;2026-04-07;2026-04-07;2026-04-07;63418,95;Não
1450 - SECRETARIA DE ESTADO DE JUSTICA E SEGURANCA PUBLIC;Nota fiscal;05.151.226/0001-07;EXPRESSO MINAS FRIOS LTDA;76269;2;1;Completa;Serviço;Despesa orçamentária;2026-03-16;2026-04-07;2026-04-07;1487,5;Não
1450 - SECRETARIA DE ESTADO DE JUSTICA E SEGURANCA PUBLIC;Nota fiscal;34.274.233/0025-71;VIBRA ENERGIA S.A;4857321;0;1;Completa - Recebimento definitivo;Consumo;Despesa orçamentária;2026-04-06;2026-04-07;2026-04-07;22309,0;Não
2270 - FUNDACAO HOSPITALAR DO ESTADO DE MINAS GERAIS;Nota fiscal;20.858.411/0001-20;AMGS COMERCIO E REPRESENTACOES LTDA;625925;2;1;Completa - Disponível para recebimento definitivo;Consumo;Despesa orçamentária;2026-03-18;2026-03-18;2026-04-07;2358,71;Não
1260 - SECRETARIA DE ESTADO DE EDUCACAO;Outros;16.884.444/0001-77;SOCIEDADE EDUCACIONAL BASE LTDA;94977689;1;1;Completa;Serviço;Despesa orçamentária;2026-04-07;2026-04-07;2026-04-07;17320,0;Não
2330 - INSTITUTO DE METROLOGIA E QUALIDADE DE MG;Nota fiscal;33.224.254/0001-42;MGS MINAS GERAIS ADMINISTRACAO E SERVICOS S/A;12294;E;1;Completa;Serviço;Despesa orçamentária;2026-03-26;2026-03-31;2026-04-07;5962,02;Não
1450 - SECRETARIA DE ESTADO DE JUSTICA E SEGURANCA PUBLIC;Nota fiscal;05.151.226/0001-07;EXPRESSO MINAS FRIOS LTDA;76268;2;1;Completa;Serviço;Despesa orçamentária;2026-03-16;2026-04-07;2026-04-07;840,0;Não
1250 - POLICIA MILITAR DE MINAS GERAIS;Nota fiscal;39.314.058/0001-45;ELITE GESTAO DE RESIDUOS LTDA;4489;;1;Incompleta;Serviço;Despesa orçamentária;2026-04-06;2026-04-07;2026-04-07;100,25;Não
2150 - FUNDACAO HELENA ANTIPOFF;Nota fiscal;16.636.540/0001-04;COMPANHIA DE TECNOLOGIA DA INFORMACAO DO ESTADO DE MINAS GERAIS-PRODEMGE;2949;E;1;Completa;Serviço;Despesa orçamentária;2026-03-30;2026-04-06;2026-04-07;2539,19;Não
1450 - SECRETARIA DE ESTADO DE JUSTICA E SEGURANCA PUBLIC;Nota fiscal;08.100.954/0001-88;GTO GRUPO TECNICO EM ODONTOLOGIA LTDA - ME;994;E;1;Completa;Serviço;Despesa extra orçamentária;2025-07-29;2025-07-29;2026-04-07;2033,04;Não
1400 - CORPO DE BOMBEIROS MILITAR DE MINAS GERAIS;Nota fiscal;20.495.966/0001-54;CASA DAS PECAS FORMIGUENSE LTDA -EPP;261;;1;Completa;Serviço;Despesa extra orçamentária;2026-02-26;2026-02-26;2026-04-07;10,0;Não
2270 - FUNDACAO HOSPITALAR DO ESTADO DE MINAS GERAIS;Nota fiscal;02.794.555/0004-20;COLOPLAST DO BRASIL LTDA;9629;1;1;Completa - Recebimento definitivo;Consumo;Despesa orçamentária;2026-03-31;2026-04-07;2026-04-07;10513,0;Não
2310 - UNIVERSIDADE ESTADUAL DE MONTES CLAROS;Outros;01.017.250/0001-05;VOETUR TURISMO E REPRESENTACOES LTDA;1328432;;1;Completa;Serviço;Despesa orçamentária;2026-04-01;2026-04-07;2026-04-07;671,11;Não
2330 - INSTITUTO DE METROLOGIA E QUALIDADE DE MG;Outros;33.224.254/0001-42;MGS MINAS GERAIS ADMINISTRACAO E SERVICOS S/A;680311;;1;Completa;Serviço;Despesa orçamentária;2026-03-26;2026-03-31;2026-04-07;5894,84;Não
1450 - SECRETARIA DE ESTADO DE JUSTICA E SEGURANCA PUBLIC;Nota fiscal;34.274.233/0025-71;VIBRA ENERGIA S.A;4857282;0;1;Completa - Recebimento definitivo;Consumo;Despesa orçamentária;2026-04-06;2026-04-07;2026-04-07;22309,0;Não
2270 - FUNDACAO HOSPITALAR DO ESTADO DE MINAS GERAIS;Nota fiscal;06.981.180/0001-16;CEMIG DISTRIBUICAO S.A.;375785254;;1;Incompleta;Serviço;Despesa orçamentária;2026-04-02;2026-04-07;2026-04-07;2714,83;Não
1090 - PROCURADORIA GERAL DE JUSTICA;Nota fiscal;27.203.862/0001-78;27.203.862 CLAITON MENDES DE MORAIS;119;700;1;Completa;Serviço;Despesa orçamentária;2026-03-23;2026-03-23;2026-04-07;784,65;Não
1400 - CORPO DE BOMBEIROS MILITAR DE MINAS GERAIS;Nota fiscal;03.514.896/0001-15;THOMAS GREG & SONS SOLUCOES, MEIOS DE PAGAMENTO E IDENTIFICACAO LTDA;59824;;1;Completa;Serviço;Despesa extra orçamentária;2026-02-27;2026-04-07;2026-04-07;855,4;Não
1490 - SECRETARIA DE ESTADO DE GOVERNO;Nota fiscal;06.981.180/0001-16;CEMIG DISTRIBUICAO S.A.;372215821;0;1;Completa;Serviço;Despesa orçamentária;2026-03-24;2026-04-07;2026-04-07;96,92;Não
2270 - FUNDACAO HOSPITALAR DO ESTADO DE MINAS GERAIS;Nota fiscal;48.939.276/0001-66;MEDI HOUSE INDUSTRIA E COMERCIO DE PRODUTOS CIRURGICOS E HOSPITALARES EIRELI;272712;1;1;Completa - Recebimento definitivo;Consumo;Despesa orçamentária;2026-04-07;2026-04-07;2026-04-07;5230,02;Não
1400 - CORPO DE BOMBEIROS MILITAR DE MINAS GERAIS;Nota fiscal;20.495.966/0001-54;CASA DAS PECAS FORMIGUENSE LTDA -EPP;33678;;1;Completa;Serviço;Despesa extra orçamentária;2026-02-26;2026-02-26;2026-04-07;739,36;Não
2330 - INSTITUTO DE METROLOGIA E QUALIDADE DE MG;Outros;33.224.254/0001-42;MGS MINAS GERAIS ADMINISTRACAO E SERVICOS S/A;680285;;1;Completa;Serviço;Despesa orçamentária;2026-03-26;2026-03-31;2026-04-07;5962,02;Não
2270 - FUNDACAO HOSPITALAR DO ESTADO DE MINAS GERAIS;Nota fiscal;02.357.251/0001-53;LIFEMED INDUSTRIAL DE EQUIPAMENTOS E ARTIGOS MEDICOS E HOSPITALARES S.A.;148396;;1;Completa - Recebimento definitivo;Consumo;Despesa orçamentária;2026-03-25;2026-04-02;2026-04-07;25164,0;Não
2270 - FUNDACAO HOSPITALAR DO ESTADO DE MINAS GERAIS;Nota fiscal;09.400.443/0001-44;OFICIAL PAPER INDUSTRIA E COMERCIO LTDA;13244;1;1;Completa - Recebimento definitivo;Consumo;Despesa extra orçamentária;2026-04-06;2026-04-07;2026-04-07;9828,0;Não
2270 - FUNDACAO HOSPITALAR DO ESTADO DE MINAS GERAIS;Nota fiscal;20.858.411/0001-20;AMGS COMERCIO E REPRESENTACOES LTDA;626478;2;1;Completa - Disponível para recebimento definitivo;Consumo;Despesa orçamentária;2026-03-23;2026-03-23;2026-04-07;1098,4;Não
1090 - PROCURADORIA GERAL DE JUSTICA;Outros;07.475.524/0001-88;VALOR LOCACOES LTDA;2048;;1;Completa;Serviço;Despesa orçamentária;2026-04-01;2026-04-06;2026-04-07;666975,7;Não
2270 - FUNDACAO HOSPITALAR DO ESTADO DE MINAS GERAIS;Nota fiscal;12.927.876/0001-67;SOMA/MG PRODUTOS HOSPITALARES LTDA;368939;;1;Completa - Recebimento definitivo;Consumo;Despesa orçamentária;2026-03-27;2026-04-02;2026-04-07;3240,0;Não
2270 - FUNDACAO HOSPITALAR DO ESTADO DE MINAS GERAIS;Nota fiscal;30.830.500/0001-11;SANTE SOLUCOES EM SAUDE LTDA.;110;;1;Completa;Serviço;Despesa orçamentária;2026-04-07;2026-04-07;2026-04-07;150000,0;Não
2260 - FUNDACAO EZEQUIEL DIAS;Outros;04.824.367/0001-80;LABWIN SERVICOS ESPECIALIZADOS LTDA.;3717;;1;Completa;Serviço;Despesa orçamentária;2026-04-01;2026-04-01;2026-04-07;4868,0;Não
1450 - SECRETARIA DE ESTADO DE JUSTICA E SEGURANCA PUBLIC;Nota fiscal;34.274.233/0025-71;VIBRA ENERGIA S.A;4857665;0;1;Completa - Recebimento definitivo;Consumo;Despesa orçamentária;2026-04-06;2026-04-07;2026-04-07;22309,0;Não
2270 - FUNDACAO HOSPITALAR DO ESTADO DE MINAS GERAIS;Nota fiscal;20.858.411/0001-20;AMGS COMERCIO E REPRESENTACOES LTDA;626479;2;1;Completa - Disponível para recebimento definitivo;Consumo;Despesa orçamentária;2026-03-23;2026-03-23;2026-04-07;1242,27;Não
2270 - FUNDACAO HOSPITALAR DO ESTADO DE MINAS GERAIS;Nota fiscal;40.175.705/0001-64;CEI COMERCIO EXPORTACAO E IMP DE MAT MEDICOS LTDA;324405;;1;Completa - Disponível para recebimento definitivo;Consumo;Despesa orçamentária;2026-03-23;2026-04-02;2026-04-07;3000,0;Não
1400 - CORPO DE BOMBEIROS MILITAR DE MINAS GERAIS;Nota fiscal;08.601.980/0001-90;JULIO DE MELO VILELA E CIA LTDA -ME;482;;1;Completa;Serviço;Despesa orçamentária;2026-03-31;2026-03-31;2026-04-07;522,5;Não
2420 - INSTITUTO DE DESENVOLVIMENTO NORTE E NORDESTE MG;Nota fiscal;41.664.871/0001-97;POLYVIN PLASTICOS E DERIVADOS LTDA;66134;0;1;Completa - Recebimento definitivo;Consumo;Despesa orçamentária;2026-03-06;2026-03-10;2026-04-07;2392,52;Não
1030 - TRIBUNAL DE JUSTICA DO ESTADO DE MINAS GERAIS;Nota fiscal;33.683.111/0002-80;SERVICO FEDERAL DE PROCESSAMENTO DE DADOS (SERPRO);911716;;2;Completa;Serviço;Despesa orçamentária;2026-03-26;2026-03-26;2026-04-07;1452497,22;Não
2270 - FUNDACAO HOSPITALAR DO ESTADO DE MINAS GERAIS;Nota fiscal;03.951.140/0001-33;DE PAULI COMERCIO REPRESENTACAO IMPORTACAO E EXPORTACAO LTDA;106084;;1;Completa - Disponível para recebimento definitivo;Consumo;Despesa orçamentária;2026-03-04;2026-04-06;2026-04-07;21456,2;Não
2090 - FUNDACAO ESTADUAL DO MEIO AMBIENTE;Outros;33.224.254/0011-14;MGS MINAS GERAIS ADMINISTRACAO E SERVICOS S/A;62;;2;Completa;Serviço;Despesa orçamentária;2026-03-30;2026-04-06;2026-04-07;18684,9;Não
1250 - POLICIA MILITAR DE MINAS GERAIS;Nota fiscal;51.149.980/0001-20;SANTANA SERVICOS E PECAS AUTOMOTIVAS LTDA;1924;;1;Completa;Serviço;Despesa orçamentária;2026-03-30;2026-04-07;2026-04-07;1728,0;Não
1260 - SECRETARIA DE ESTADO DE EDUCACAO;Nota fiscal;79.788.766/0029-33;BRINK MOBIL EQUIPAMENTOS EDUCACIONAIS LTDA;81;0;1;Completa - Recebimento definitivo;Consumo;Despesa extra orçamentária;2026-02-26;2026-03-26;2026-04-07;219553,47;Não
2270 - FUNDACAO HOSPITALAR DO ESTADO DE MINAS GERAIS;Nota fiscal;12.927.876/0001-67;SOMA/MG PRODUTOS HOSPITALARES LTDA;369591;1;1;Completa - Recebimento definitivo;Consumo;Despesa orçamentária;2026-03-31;2026-04-07;2026-04-07;5526,0;Não
2270 - FUNDACAO HOSPITALAR DO ESTADO DE MINAS GERAIS;Nota fiscal;39.935.073/0001-00;MG2 NUTRICAO LTDA;13603;;2;Completa - Recebimento definitivo;Consumo;Despesa orçamentária;2026-04-01;2026-04-01;2026-04-07;601,92;Não
1030 - TRIBUNAL DE JUSTICA DO ESTADO DE MINAS GERAIS;Nota fiscal;33.683.111/0002-80;SERVICO FEDERAL DE PROCESSAMENTO DE DADOS (SERPRO);911710;;2;Completa;Serviço;Despesa orçamentária;2026-03-26;2026-03-26;2026-04-07;1589520,2;Não
2370 - INSTITUTO MINEIRO DE AGROPECUARIA;Nota fiscal;05.376.395/0001-45;FORTE SEGURANCA ELETRONICA LTDA -EPP;894;;1;Completa;Serviço;Despesa orçamentária;2026-04-01;2026-04-07;2026-04-07;1024,38;Não
1400 - CORPO DE BOMBEIROS MILITAR DE MINAS GERAIS;Nota fiscal;08.601.980/0001-90;JULIO DE MELO VILELA E CIA LTDA -ME;2595;;1;Completa;Serviço;Despesa orçamentária;2026-03-31;2026-03-31;2026-04-07;1503,45;Não
1260 - SECRETARIA DE ESTADO DE EDUCACAO;Nota fiscal;59.502.350/0001-07;SOUSA ELEVADORES E ELETRICA LTDA;64;E;1;Completa;Serviço;Despesa orçamentária;2026-04-02;2026-04-07;2026-04-07;3675,0;Não
1090 - PROCURADORIA GERAL DE JUSTICA;Outros;07.475.524/0001-88;VALOR LOCACOES LTDA;2049;;1;Completa;Serviço;Despesa orçamentária;2026-04-01;2026-04-06;2026-04-07;62156,5;Não
2270 - FUNDACAO HOSPITALAR DO ESTADO DE MINAS GERAIS;Nota fiscal;20.235.404/0001-71;DCB DISTRIBUIDORA CIRURGICA BRASILEIRA LTDA;105809;1;1;Completa - Recebimento definitivo;Consumo;Despesa orçamentária;2026-03-30;2026-04-07;2026-04-07;24264,0;Não
1320 - SECRETARIA DE ESTADO DA SAUDE;Nota fiscal;25.031.668/0001-27;SAMEH SOLUCOES HOSPITALARES LTDA;127696;1;1;Completa - Recebimento definitivo;Consumo;Despesa orçamentária;2026-03-30;2026-04-07;2026-04-07;122850,0;Não
1270 - SECRETARIA DE ESTADO DE CULTURA E TURISMO;Outros;76.535.764/0001-43;OI S.A. - EM RECUPERACAO JUDICIAL;33089;;1;Completa;Serviço;Despesa orçamentária;2026-03-26;2026-03-26;2026-04-07;5193,3;Não
2270 - FUNDACAO HOSPITALAR DO ESTADO DE MINAS GERAIS;Outros;33.224.254/0001-42;MGS MINAS GERAIS ADMINISTRACAO E SERVICOS S/A;680914;0;1;Completa;Serviço;Despesa orçamentária;2026-03-30;2026-04-02;2026-04-07;30474,42;Não
1260 - SECRETARIA DE ESTADO DE EDUCACAO;Outros;20.283.380/0001-26;AME ACADEMIA MINEIRA DE EDUCACAO LTDA.;520251202;LIS;1;Completa;Serviço;Despesa orçamentária;2026-01-08;2026-01-08;2026-04-07;4820,0;Não
1400 - CORPO DE BOMBEIROS MILITAR DE MINAS GERAIS;Nota fiscal;03.514.896/0001-15;THOMAS GREG & SONS SOLUCOES, MEIOS DE PAGAMENTO E IDENTIFICACAO LTDA;59443;;2;Completa;Serviço;Despesa extra orçamentária;2025-12-23;2026-04-07;2026-04-07;274,95;Não
2260 - FUNDACAO EZEQUIEL DIAS;Outros;34.028.316/0015-09;EMPRESA BRASILEIRA DE CORREIOS E TELEGRAFOS - ECT;24914382026;;1;Completa;Serviço;Despesa orçamentária;2026-03-31;2026-04-01;2026-04-07;481,27;Não
2270 - FUNDACAO HOSPITALAR DO ESTADO DE MINAS GERAIS;Nota fiscal;29.791.821/0001-75;MAGNA INDUSTRIA DE MATERIAIS HOSPITALARES LTDA;5368;;1;Completa - Disponível para recebimento definitivo;Consumo;Despesa orçamentária;2026-03-20;2026-04-02;2026-04-07;315,0;Não
1450 - SECRETARIA DE ESTADO DE JUSTICA E SEGURANCA PUBLIC;Nota fiscal;05.151.226/0001-07;EXPRESSO MINAS FRIOS LTDA;76475;2;1;Completa;Serviço;Despesa orçamentária;2026-03-18;2026-04-07;2026-04-07;4375,0;Não
2270 - FUNDACAO HOSPITALAR DO ESTADO DE MINAS GERAIS;Nota fiscal;33.169.991/0001-90;D C R SANTOS LTDA;2203;;1;Completa - Disponível para recebimento definitivo;Consumo;Despesa orçamentária;2026-03-18;2026-04-02;2026-04-07;77,0;Não
2270 - FUNDACAO HOSPITALAR DO ESTADO DE MINAS GERAIS;Nota fiscal;12.927.876/0001-67;SOMA/MG PRODUTOS HOSPITALARES LTDA;369432;1;1;Completa - Recebimento definitivo;Consumo;Despesa orçamentária;2026-03-31;2026-03-31;2026-04-07;20880,0;Não
1510 - POLICIA CIVIL DO ESTADO DE MINAS GERAIS;Nota fiscal;28.964.042/0001-61;ZAP MUSIC E DEDETIZADORA LTDA;228;;1;Completa;Serviço;Despesa orçamentária;2026-04-07;2026-04-07;2026-04-07;4000,0;Não
2270 - FUNDACAO HOSPITALAR DO ESTADO DE MINAS GERAIS;Nota fiscal;24.638.170/0001-64;DISTRIBUIDORA MENDONCA E MIRANDA LTDA;2143;;1;Completa - Disponível para recebimento definitivo;Consumo;Despesa orçamentária;2026-03-27;2026-04-02;2026-04-07;2425,0;Não
1450 - SECRETARIA DE ESTADO DE JUSTICA E SEGURANCA PUBLIC;Nota fiscal;25.361.124/0001-23;AACP SERVICO AMBIENTAL LTDA;116;;1;Completa;Serviço;Despesa orçamentária;2026-03-11;2026-03-11;2026-04-07;14246,82;Não
1500 - SECRETARIA DE ESTADO DE PLANEJAMENTO E GESTAO;Outros;34.028.316/0015-09;EMPRESA BRASILEIRA DE CORREIOS E TELEGRAFOS - ECT;2496879;;1;Completa;Serviço;Despesa orçamentária;2026-04-03;2026-04-06;2026-04-07;3013635,9;Não
1450 - SECRETARIA DE ESTADO DE JUSTICA E SEGURANCA PUBLIC;Nota fiscal;05.151.226/0001-07;EXPRESSO MINAS FRIOS LTDA;76471;2;1;Completa;Serviço;Despesa orçamentária;2026-03-18;2026-04-07;2026-04-07;3176,25;Não
1250 - POLICIA MILITAR DE MINAS GERAIS;Nota fiscal;18.424.353/0001-84;CLINICA VETERINARIA FUCHS LTDA;239;;2;Completa;Serviço;Despesa extra orçamentária;2026-04-06;2026-04-07;2026-04-07;291,0;Não
2270 - FUNDACAO HOSPITALAR DO ESTADO DE MINAS GERAIS;Nota fiscal;51.941.168/0001-32;DROGARIA ROMANUS SAO PEDRO LTDA;84;;1;Completa - Disponível para recebimento definitivo;Consumo;Despesa orçamentária;2026-04-06;2026-04-07;2026-04-07;1454,32;Não
2150 - FUNDACAO HELENA ANTIPOFF;Nota fiscal;16.636.540/0001-04;COMPANHIA DE TECNOLOGIA DA INFORMACAO DO ESTADO DE MINAS GERAIS-PRODEMGE;2948;E;1;Completa;Serviço;Despesa orçamentária;2026-04-06;2026-04-07;2026-04-07;1248,0;Não
1250 - POLICIA MILITAR DE MINAS GERAIS;Nota fiscal;67.423.152/0001-78;IBG INDUSTRIA BRASILEIRA DE GASES LTDA;557587;;1;Incompleta;Serviço;Despesa orçamentária;2026-03-27;2026-04-06;2026-04-07;1570,52;Não
2270 - FUNDACAO HOSPITALAR DO ESTADO DE MINAS GERAIS;Nota fiscal;58.950.775/0001-08;COTACAO COM REPRESENTACAO IMPORTACAO E EXPORTACAO LTDA;41784;;1;Completa - Disponível para recebimento definitivo;Consumo;Despesa orçamentária;2026-03-13;2026-04-06;2026-04-07;11119,2;Não
1480 - SECRETARIA DE ESTADO DE DESENVOLVIMENTO SOCIAL;Nota fiscal;07.432.517/0001-07;SIMPRESS COMERCIO LOCACAO E SERVICOS LTDA;361246;1;1;Incompleta;Serviço;Despesa orçamentária;2026-03-03;2026-03-18;2026-04-07;2125,19;Não
1450 - SECRETARIA DE ESTADO DE JUSTICA E SEGURANCA PUBLIC;Nota fiscal;05.151.226/0001-07;EXPRESSO MINAS FRIOS LTDA;76472;2;1;Completa;Serviço;Despesa orçamentária;2026-03-18;2026-04-07;2026-04-07;481,25;Não
1440 - DEFENSORIA PUBLICA DO ESTADO DE MINAS GERAIS;Nota fiscal;08.458.633/0001-50;ESMARTY ESPECIALISTA EM MANUTENCAO DE ELEVADORES LTDA;6669;;1;Completa;Serviço;Despesa orçamentária;2026-03-31;2026-04-06;2026-04-07;500,0;Não
2270 - FUNDACAO HOSPITALAR DO ESTADO DE MINAS GERAIS;Nota fiscal;01.950.338/0001-77;PHILIPS CLINICAL INFORMATICS - SISTEMAS DE INFORMACAO LTDA;179740;E;1;Completa;Serviço;Despesa orçamentária;2026-03-24;2026-03-24;2026-04-07;636115,44;Não
1260 - SECRETARIA DE ESTADO DE EDUCACAO;Outros;20.283.380/0001-26;AME ACADEMIA MINEIRA DE EDUCACAO LTDA.;520251203;LIS;1;Completa;Serviço;Despesa orçamentária;2026-01-08;2026-01-08;2026-04-07;6000,0;Não
1450 - SECRETARIA DE ESTADO DE JUSTICA E SEGURANCA PUBLIC;Nota fiscal;05.151.226/0001-07;EXPRESSO MINAS FRIOS LTDA;76473;2;1;Completa;Serviço;Despesa orçamentária;2026-03-18;2026-04-07;2026-04-07;341,25;Não
2270 - FUNDACAO HOSPITALAR DO ESTADO DE MINAS GERAIS;Nota fiscal;20.235.404/0001-71;DCB DISTRIBUIDORA CIRURGICA BRASILEIRA LTDA;105561;;1;Completa - Disponível para recebimento definitivo;Consumo;Despesa orçamentária;2026-03-20;2026-04-06;2026-04-07;996,0;Não
2270 - FUNDACAO HOSPITALAR DO ESTADO DE MINAS GERAIS;Nota fiscal;31.864.051/0001-95;PLAST LABOR IND.E COM.DE EQUIP.HOSP.E LABORATORIO LTDA;270479;;1;Completa - Recebimento definitivo;Consumo;Despesa orçamentária;2026-03-31;2026-04-06;2026-04-07;4290,0;Não
2270 - FUNDACAO HOSPITALAR DO ESTADO DE MINAS GERAIS;Nota fiscal;35.820.448/0030-70;WHITE MARTINS GASES INDUSTRIAIS LTDA;25;A;1;Completa;Serviço;Despesa orçamentária;2026-03-26;2026-03-26;2026-04-07;29980,81;Não
1190 - SECRETARIA DE ESTADO DE FAZENDA DE MINAS GERAIS;Nota fiscal;01.548.339/0001-90;SERTA SERVICOS TECNICOS E ADMINISTRATIVOS LTDA - EM RECUPERACAO JUDICIAL;3104;;1;Completa;Serviço;Despesa orçamentária;2026-04-02;2026-04-07;2026-04-07;16793,22;Não
1450 - SECRETARIA DE ESTADO DE JUSTICA E SEGURANCA PUBLIC;Nota fiscal;05.151.226/0001-07;EXPRESSO MINAS FRIOS LTDA;76474;2;1;Completa;Serviço;Despesa orçamentária;2026-03-18;2026-04-07;2026-04-07;341,25;Não
2270 - FUNDACAO HOSPITALAR DO ESTADO DE MINAS GERAIS;Nota fiscal;05.818.423/0001-37;AMCOR FLEXIBLES BRASIL LTDA;277830;;1;Completa - Disponível para recebimento definitivo;Consumo;Despesa orçamentária;2026-03-24;2026-04-02;2026-04-07;538,85;Não
1010 - ASSEMBLEIA LEGISLATIVA DO ESTADO DE MINAS GERAIS;Nota fiscal;06.981.176/0001-58;CEMIG GERACAO E TRANSMISSAO S.A.;4179872026;;1;Completa;Serviço;Despesa orçamentária;2026-04-06;2026-04-06;2026-04-07;55396,14;Não
2270 - FUNDACAO HOSPITALAR DO ESTADO DE MINAS GERAIS;Nota fiscal;01.950.338/0001-77;PHILIPS CLINICAL INFORMATICS - SISTEMAS DE INFORMACAO LTDA;179741;E;1;Completa;Serviço;Despesa orçamentária;2026-03-24;2026-04-07;2026-04-07;372357,83;Não
1480 - SECRETARIA DE ESTADO DE DESENVOLVIMENTO SOCIAL;Nota fiscal;33.224.254/0001-42;MGS MINAS GERAIS ADMINISTRACAO E SERVICOS S/A;126642026;;1;Completa;Serviço;Despesa orçamentária;2026-03-30;2026-04-07;2026-04-07;5959,92;Não
1010 - ASSEMBLEIA LEGISLATIVA DO ESTADO DE MINAS GERAIS;Nota fiscal;06.981.176/0001-58;CEMIG GERACAO E TRANSMISSAO S.A.;4179932026;;1;Completa;Serviço;Despesa orçamentária;2026-04-06;2026-04-06;2026-04-07;21368,38;Não
2270 - FUNDACAO HOSPITALAR DO ESTADO DE MINAS GERAIS;Nota fiscal;09.524.545/0001-71;WF TECNOLOGIA CIENTIFICA LTDA;4507;;1;Completa;Serviço;Despesa orçamentária;2026-03-23;2026-04-07;2026-04-07;618,52;Não
1190 - SECRETARIA DE ESTADO DE FAZENDA DE MINAS GERAIS;Nota fiscal;01.548.339/0001-90;SERTA SERVICOS TECNICOS E ADMINISTRATIVOS LTDA - EM RECUPERACAO JUDICIAL;3114;;1;Completa;Serviço;Despesa orçamentária;2026-04-02;2026-04-07;2026-04-07;1727,76;Não
1010 - ASSEMBLEIA LEGISLATIVA DO ESTADO DE MINAS GERAIS;Nota fiscal;06.981.176/0001-58;CEMIG GERACAO E TRANSMISSAO S.A.;4179942026;;1;Completa;Serviço;Despesa orçamentária;2026-04-06;2026-04-06;2026-04-07;6581,08;Não
1010 - ASSEMBLEIA LEGISLATIVA DO ESTADO DE MINAS GERAIS;Nota fiscal;06.981.176/0001-58;CEMIG GERACAO E TRANSMISSAO S.A.;4179952026;;1;Completa;Serviço;Despesa orçamentária;2026-04-06;2026-04-06;2026-04-07;10577,85;Não
2270 - FUNDACAO HOSPITALAR DO ESTADO DE MINAS GERAIS;Nota fiscal;09.524.545/0001-71;WF TECNOLOGIA CIENTIFICA LTDA;4527;;1;Completa;Serviço;Despesa orçamentária;2026-04-02;2026-04-07;2026-04-07;2307,69;Não
1190 - SECRETARIA DE ESTADO DE FAZENDA DE MINAS GERAIS;Nota fiscal;01.548.339/0001-90;SERTA SERVICOS TECNICOS E ADMINISTRATIVOS LTDA - EM RECUPERACAO JUDICIAL;3101;;1;Completa;Serviço;Despesa orçamentária;2026-04-02;2026-04-07;2026-04-07;9573,03;Não
1250 - POLICIA MILITAR DE MINAS GERAIS;Nota fiscal;51.149.980/0001-20;SANTANA SERVICOS E PECAS AUTOMOTIVAS LTDA;1925;;1;Completa;Serviço;Despesa orçamentária;2026-03-31;2026-04-07;2026-04-07;454,5;Não
2270 - FUNDACAO HOSPITALAR DO ESTADO DE MINAS GERAIS;Outros;04.398.505/0001-07;CONSORCIO OPERACIONAL DO TRANS. COLETIVO DE PASSAG. POR ONIBUS DO MUNICIP. DE BH;6504946;;1;Completa;Serviço;Despesa orçamentária;2026-04-07;2026-04-07;2026-04-07;15,0;Não
1440 - DEFENSORIA PUBLICA DO ESTADO DE MINAS GERAIS;Nota fiscal;08.458.633/0001-50;ESMARTY ESPECIALISTA EM MANUTENCAO DE ELEVADORES LTDA;6668;;1;Completa;Serviço;Despesa orçamentária;2026-03-31;2026-04-06;2026-04-07;626,77;Não
2270 - FUNDACAO HOSPITALAR DO ESTADO DE MINAS GERAIS;Nota fiscal;09.944.371/0003-68;SULMEDIC COMERCIO DE MEDICAMENTOS LTDA;70880;;1;Completa - Disponível para recebimento definitivo;Consumo;Despesa orçamentária;2026-03-27;2026-04-06;2026-04-07;1090,37;Não
1190 - SECRETARIA DE ESTADO DE FAZENDA DE MINAS GERAIS;Nota fiscal;01.548.339/0001-90;SERTA SERVICOS TECNICOS E ADMINISTRATIVOS LTDA - EM RECUPERACAO JUDICIAL;3112;;1;Completa;Serviço;Despesa orçamentária;2026-04-02;2026-04-07;2026-04-07;934,1;Não
2270 - FUNDACAO HOSPITALAR DO ESTADO DE MINAS GERAIS;Nota fiscal;05.194.502/0001-14;ALFALAGOS LTDA ;420007;1;1;Completa - Recebimento definitivo;Consumo;Despesa orçamentária;2026-03-27;2026-03-30;2026-04-07;207,0;Não
2270 - FUNDACAO HOSPITALAR DO ESTADO DE MINAS GERAIS;Nota fiscal;09.524.545/0001-71;WF TECNOLOGIA CIENTIFICA LTDA;4528;;1;Completa;Serviço;Despesa orçamentária;2026-04-02;2026-04-07;2026-04-07;238,92;Não
2270 - FUNDACAO HOSPITALAR DO ESTADO DE MINAS GERAIS;Nota fiscal;33.224.254/0001-42;MGS MINAS GERAIS ADMINISTRACAO E SERVICOS S/A;12732;A;1;Completa;Serviço;Despesa orçamentária;2026-03-30;2026-04-02;2026-04-07;204733,84;Não
2270 - FUNDACAO HOSPITALAR DO ESTADO DE MINAS GERAIS;Nota fiscal;01.950.338/0001-77;PHILIPS CLINICAL INFORMATICS - SISTEMAS DE INFORMACAO LTDA;179742;E;1;Completa;Serviço;Despesa orçamentária;2026-03-24;2026-04-07;2026-04-07;413273,84;Não
1010 - ASSEMBLEIA LEGISLATIVA DO ESTADO DE MINAS GERAIS;Nota fiscal;07.655.416/0001-97;ARTEBRILHO MULTSERVICOS LTDA ;12422026;;1;Completa;Serviço;Despesa orçamentária;2026-04-01;2026-04-06;2026-04-07;802107,37;Não
1370 - SECRETARIA ESTADO DE MEIO AMB.DESENV SUSTENTAVEL;Nota fiscal;33.224.254/0001-42;MGS MINAS GERAIS ADMINISTRACAO E SERVICOS S/A;12619;1;1;Completa;Serviço;Despesa orçamentária;2026-03-30;2026-04-07;2026-04-07;11882,65;Não
1010 - ASSEMBLEIA LEGISLATIVA DO ESTADO DE MINAS GERAIS;Nota fiscal;07.655.416/0001-97;ARTEBRILHO MULTSERVICOS LTDA ;12482026;;1;Completa;Serviço;Despesa orçamentária;2026-04-06;2026-04-06;2026-04-07;17785,13;Não
1370 - SECRETARIA ESTADO DE MEIO AMB.DESENV SUSTENTAVEL;Nota fiscal;33.224.254/0001-42;MGS MINAS GERAIS ADMINISTRACAO E SERVICOS S/A;12555;;1;Completa;Serviço;Despesa orçamentária;2026-03-30;2026-04-01;2026-04-07;5959,92;Não
1400 - CORPO DE BOMBEIROS MILITAR DE MINAS GERAIS;Nota fiscal;08.601.980/0001-90;JULIO DE MELO VILELA E CIA LTDA -ME;2594;;1;Completa;Serviço;Despesa extra orçamentária;2026-03-31;2026-03-31;2026-04-07;546,7;Não
1190 - SECRETARIA DE ESTADO DE FAZENDA DE MINAS GERAIS;Nota fiscal;01.548.339/0001-90;SERTA SERVICOS TECNICOS E ADMINISTRATIVOS LTDA - EM RECUPERACAO JUDICIAL;3100;;1;Completa;Serviço;Despesa orçamentária;2026-04-02;2026-04-07;2026-04-07;2845,9;Não
1250 - POLICIA MILITAR DE MINAS GERAIS;Nota fiscal;33.184.673/0001-06;DIAGVET LABORATORIO VETERINARIO LTDA;207;;1;Completa;Serviço;Despesa extra orçamentária;2026-04-06;2026-04-07;2026-04-07;1782,23;Não
2270 - FUNDACAO HOSPITALAR DO ESTADO DE MINAS GERAIS;Nota fiscal;21.681.325/0001-57;MULTIFARMA COMERCIO E REPRESENTACOES LTDA.;288533;;1;Completa - Disponível para recebimento definitivo;Consumo;Despesa orçamentária;2026-03-30;2026-04-06;2026-04-07;1044,0;Não
1260 - SECRETARIA DE ESTADO DE EDUCACAO;Nota fiscal;79.788.766/0029-33;BRINK MOBIL EQUIPAMENTOS EDUCACIONAIS LTDA;90;0;3;Completa - Recebimento definitivo;Consumo;Despesa orçamentária;2026-02-25;2026-03-25;2026-04-07;342481,88;Não
2270 - FUNDACAO HOSPITALAR DO ESTADO DE MINAS GERAIS;Nota fiscal;20.858.411/0001-20;AMGS COMERCIO E REPRESENTACOES LTDA;626480;2;1;Completa - Disponível para recebimento definitivo;Consumo;Despesa orçamentária;2026-03-23;2026-03-23;2026-04-07;240,13;Não
1450 - SECRETARIA DE ESTADO DE JUSTICA E SEGURANCA PUBLIC;Nota fiscal;34.274.233/0025-71;VIBRA ENERGIA S.A;4857655;0;1;Completa - Recebimento definitivo;Consumo;Despesa orçamentária;2026-04-06;2026-04-07;2026-04-07;44618,0;Não
1400 - CORPO DE BOMBEIROS MILITAR DE MINAS GERAIS;Nota fiscal;04.087.116/0001-60;AGRA MOTORS COMERCIO DE VEICULOS LTDA;888;;1;Completa;Serviço;Despesa extra orçamentária;2026-03-31;2026-03-31;2026-04-07;300,0;Não
1190 - SECRETARIA DE ESTADO DE FAZENDA DE MINAS GERAIS;Outros;03.514.896/0001-15;THOMAS GREG & SONS SOLUCOES, MEIOS DE PAGAMENTO E IDENTIFICACAO LTDA;590682025;;1;Completa;Serviço;Despesa orçamentária;2025-10-27;2026-04-06;2026-04-07;558,0;Não
1400 - CORPO DE BOMBEIROS MILITAR DE MINAS GERAIS;Nota fiscal;46.714.443/0001-45;PONTO CERTO ALINHAMENTO E BALANCEAMENTO LTDA;236;;1;Completa;Serviço;Despesa extra orçamentária;2026-03-11;2026-03-11;2026-04-07;1724,47;Não
2260 - FUNDACAO EZEQUIEL DIAS;Nota fiscal;01.346.849/0001-84;GEO PARTICIPACOES S/A;1193;1;1;Completa - Recebimento definitivo;Consumo;Despesa orçamentária;2026-04-06;2026-04-07;2026-04-07;13979,36;Não
1320 - SECRETARIA DE ESTADO DA SAUDE;Nota fiscal;00.351.210/0006-39;REVVITY DO BRASIL LTDA;395;;1;Completa;Serviço;Despesa orçamentária;2026-03-18;2026-03-26;2026-04-07;58655,21;Não
2270 - FUNDACAO HOSPITALAR DO ESTADO DE MINAS GERAIS;Nota fiscal;04.654.861/0001-44;INDALABOR INDAIA LABORATORIO FARMACEUTICO LTDA;108777;;1;Completa - Disponível para recebimento definitivo;Consumo;Despesa orçamentária;2026-04-02;2026-04-06;2026-04-07;1040,0;Não
1440 - DEFENSORIA PUBLICA DO ESTADO DE MINAS GERAIS;Nota fiscal;08.458.633/0001-50;ESMARTY ESPECIALISTA EM MANUTENCAO DE ELEVADORES LTDA;6670;;1;Completa;Serviço;Despesa orçamentária;2026-03-31;2026-04-06;2026-04-07;738,69;Não
1260 - SECRETARIA DE ESTADO DE EDUCACAO;Outros;07.329.219/0001-88;ALFA IMOVEIS CONSTRUCOES LTDA;3;;1;Completa;Serviço;Despesa orçamentária;2026-03-30;2026-04-06;2026-04-07;10500,0;Não
1400 - CORPO DE BOMBEIROS MILITAR DE MINAS GERAIS;Nota fiscal;46.714.443/0001-45;PONTO CERTO ALINHAMENTO E BALANCEAMENTO LTDA;3147;;1;Completa;Serviço;Despesa extra orçamentária;2026-03-27;2026-03-27;2026-04-07;1652,4;Não
2260 - FUNDACAO EZEQUIEL DIAS;Nota fiscal;25.932.088/0001-00;ANALITICA LTDA;62281;1;1;Completa - Recebimento definitivo;Consumo;Despesa orçamentária;2026-03-31;2026-04-07;2026-04-07;1200,0;Não
1450 - SECRETARIA DE ESTADO DE JUSTICA E SEGURANCA PUBLIC;Nota fiscal;34.274.233/0294-29;VIBRA ENERGIA S.A;323989;0;1;Completa - Recebimento definitivo;Consumo;Despesa orçamentária;2026-04-06;2026-04-07;2026-04-07;22309,0;Não
1480 - SECRETARIA DE ESTADO DE DESENVOLVIMENTO SOCIAL;Nota fiscal;33.224.254/0001-42;MGS MINAS GERAIS ADMINISTRACAO E SERVICOS S/A;680463;;1;Completa;Serviço;Despesa orçamentária;2026-03-30;2026-04-07;2026-04-07;510,4;Não
2010 - INST.DE PREVIDENCIA DOS SERVIDORES DO EST.M.GERAIS;Nota fiscal;06.028.137/0002-11;GETINGE DO BRASIL EQUIPAMENTOS MEDICOS LTDA.;67381;;1;Completa - Disponível para recebimento definitivo;Consumo;Despesa extra orçamentária;2026-03-02;2026-04-07;2026-04-07;35234,25;Não
2170 - FUNDACAO DE ARTE DE OURO PRETO-FAOP;Outros;01.017.250/0001-05;VOETUR TURISMO E REPRESENTACOES LTDA;1326018;1;1;Completa;Serviço;Despesa extra orçamentária;2026-03-13;2026-04-07;2026-04-07;1847,0;Não
1260 - SECRETARIA DE ESTADO DE EDUCACAO;Outros;86.428.133/0001-89;VIEIRA & RIBEIRO SERVICOS LTDA - ME;3;26;2;Completa;Serviço;Despesa orçamentária;2026-04-07;2026-04-07;2026-04-07;32597,35;Não
2270 - FUNDACAO HOSPITALAR DO ESTADO DE MINAS GERAIS;Nota fiscal;05.194.502/0001-14;ALFALAGOS LTDA ;420454;;1;Completa - Disponível para recebimento definitivo;Consumo;Despesa orçamentária;2026-04-02;2026-04-07;2026-04-07;70,3;Não
2260 - FUNDACAO EZEQUIEL DIAS;Nota fiscal;24.638.170/0001-64;DISTRIBUIDORA MENDONCA E MIRANDA LTDA;2148;0;1;Completa - Recebimento definitivo;Consumo;Despesa orçamentária;2026-03-30;2026-04-07;2026-04-07;760,0;Não
1450 - SECRETARIA DE ESTADO DE JUSTICA E SEGURANCA PUBLIC;Nota fiscal;34.274.233/0025-71;VIBRA ENERGIA S.A;4857804;0;1;Completa - Recebimento definitivo;Consumo;Despesa orçamentária;2026-04-06;2026-04-07;2026-04-07;22309,0;Não
1400 - CORPO DE BOMBEIROS MILITAR DE MINAS GERAIS;Nota fiscal;04.087.116/0001-60;AGRA MOTORS COMERCIO DE VEICULOS LTDA;848;;1;Completa;Serviço;Despesa extra orçamentária;2026-03-24;2026-03-24;2026-04-07;4278,0;Não
2270 - FUNDACAO HOSPITALAR DO ESTADO DE MINAS GERAIS;Nota fiscal;05.194.502/0001-14;ALFALAGOS LTDA ;420540;1;1;Completa - Recebimento definitivo;Consumo;Despesa orçamentária;2026-04-06;2026-04-06;2026-04-07;6655,2;Não
1190 - SECRETARIA DE ESTADO DE FAZENDA DE MINAS GERAIS;Outros;03.514.896/0001-15;THOMAS GREG & SONS SOLUCOES, MEIOS DE PAGAMENTO E IDENTIFICACAO LTDA;592762025;;1;Completa;Serviço;Despesa orçamentária;2025-11-28;2026-04-06;2026-04-07;148,8;Não
1190 - SECRETARIA DE ESTADO DE FAZENDA DE MINAS GERAIS;Outros;01.389.269/0001-74;ALCTEL TELECOMUNICACOES E INFORMATICA LTDA;32026;;1;Completa;Serviço;Despesa orçamentária;2026-04-01;2026-04-07;2026-04-07;2754,86;Não
1400 - CORPO DE BOMBEIROS MILITAR DE MINAS GERAIS;Nota fiscal;04.087.116/0001-60;AGRA MOTORS COMERCIO DE VEICULOS LTDA;837;;1;Completa;Serviço;Despesa extra orçamentária;2026-03-23;2026-03-23;2026-04-07;598,76;Não
1020 - TRIBUNAL DE CONTAS DO ESTADO DE MINAS GERAIS;Nota fiscal;01.276.330/0001-77;KENTA INFORMATICA SA;296;;1;Completa;Serviço;Despesa orçamentária;2026-04-02;2026-04-02;2026-04-07;188,3;Não
1450 - SECRETARIA DE ESTADO DE JUSTICA E SEGURANCA PUBLIC;Nota fiscal;58.619.404/0008-14;CONVERGINT COMERCIO E SERVICOS DE TECNOLOGIA LTDA;53487;2;1;Completa - Recebimento definitivo;Permanente;Despesa extra orçamentária;2025-09-28;2025-12-17;2026-04-07;197164,0;Não
1370 - SECRETARIA ESTADO DE MEIO AMB.DESENV SUSTENTAVEL;Nota fiscal;33.224.254/0001-42;MGS MINAS GERAIS ADMINISTRACAO E SERVICOS S/A;12561;1;1;Completa;Serviço;Despesa orçamentária;2026-03-30;2026-04-01;2026-04-07;5959,92;Não
2320 - FUNDACAO CENTRO DE HEMATOLOGIA E HEMOTERAPIA DE MG;Nota fiscal;08.458.633/0001-50;ESMARTY ESPECIALISTA EM MANUTENCAO DE ELEVADORES LTDA;6672;;1;Completa;Serviço;Despesa orçamentária;2026-03-31;2026-04-07;2026-04-07;949,76;Não
2270 - FUNDACAO HOSPITALAR DO ESTADO DE MINAS GERAIS;Nota fiscal;05.194.502/0001-14;ALFALAGOS LTDA ;420457;;1;Completa - Disponível para recebimento definitivo;Consumo;Despesa orçamentária;2026-04-02;2026-04-07;2026-04-07;1241,6;Não
2260 - FUNDACAO EZEQUIEL DIAS;Nota fiscal;63.067.904/0005-88;LIFE TECHNOLOGIES BRASIL COMERCIO E INDUSTRIA DE PRODUTOS PARA BIOTECNOLOGIA LTDA;258300;21;1;Completa - Recebimento definitivo;Consumo;Despesa extra orçamentária;2026-03-19;2026-04-07;2026-04-07;9100,0;Não
1450 - SECRETARIA DE ESTADO DE JUSTICA E SEGURANCA PUBLIC;Nota fiscal;58.619.404/0008-14;CONVERGINT COMERCIO E SERVICOS DE TECNOLOGIA LTDA;54002;2;1;Completa - Disponível para recebimento definitivo;Permanente;Despesa extra orçamentária;2025-10-28;2025-12-17;2026-04-07;30000,0;Sim
2300 - DEPARTAMENTO DE ESTRADAS DE RODAGEM;Nota fiscal;05.376.395/0001-45;FORTE SEGURANCA ELETRONICA LTDA -EPP;874;900;1;Completa;Serviço;Despesa orçamentária;2026-04-01;2026-04-01;2026-04-07;4771,23;Não
2270 - FUNDACAO HOSPITALAR DO ESTADO DE MINAS GERAIS;Nota fiscal;05.194.502/0001-14;ALFALAGOS LTDA ;420419;;1;Completa - Disponível para recebimento definitivo;Consumo;Despesa orçamentária;2026-04-01;2026-04-07;2026-04-07;13,16;Não
1450 - SECRETARIA DE ESTADO DE JUSTICA E SEGURANCA PUBLIC;Nota fiscal;08.624.977/0001-91;TERRAVIVA AMBIENTAL LTDA;1145;;1;Completa;Serviço;Despesa extra orçamentária;2025-12-16;2025-12-16;2026-04-07;544,18;Não
2260 - FUNDACAO EZEQUIEL DIAS;Nota fiscal;25.932.088/0001-00;ANALITICA LTDA;62265;1;1;Completa - Recebimento definitivo;Consumo;Despesa orçamentária;2026-03-30;2026-04-07;2026-04-07;55,0;Não
1510 - POLICIA CIVIL DO ESTADO DE MINAS GERAIS;Outros;16.619.854/0001-90;FAKI EMPREENDIMENTOS E PARTICIPACOES LTDA;32026;;1;Completa;Serviço;Despesa orçamentária;2026-04-07;2026-04-07;2026-04-07;7000,0;Não
1400 - CORPO DE BOMBEIROS MILITAR DE MINAS GERAIS;Nota fiscal;04.335.223/0001-60;MAXIMO PECAS & PRODUTOS LTDA;34969;;1;Completa - Recebimento definitivo;Consumo;Despesa orçamentária;2026-03-31;2026-03-31;2026-04-07;3338,99;Não
1250 - POLICIA MILITAR DE MINAS GERAIS;Nota fiscal;07.231.825/0001-66;NEXT TELECOMUNICACOES DO BRASIL LTDA;80040;;1;Completa;Serviço;Despesa extra orçamentária;2026-03-23;2026-04-07;2026-04-07;99,88;Não
2270 - FUNDACAO HOSPITALAR DO ESTADO DE MINAS GERAIS;Nota fiscal;49.324.221/0001-04;FRESENIUS KABI BRASIL LTDA.;1916879;;1;Completa - Recebimento definitivo;Consumo;Despesa orçamentária;2026-04-01;2026-04-06;2026-04-07;333,0;Não
2270 - FUNDACAO HOSPITALAR DO ESTADO DE MINAS GERAIS;Nota fiscal;35.820.448/0030-70;WHITE MARTINS GASES INDUSTRIAIS LTDA;452;653;1;Completa - Recebimento definitivo;Consumo;Despesa orçamentária;2026-03-28;2026-03-28;2026-04-07;8417,01;Não
1030 - TRIBUNAL DE JUSTICA DO ESTADO DE MINAS GERAIS;Outros;02.084.129/0001-50;DELPA ENGENHARIA E SEGURANCA LTDA;472026;;2;Completa;Serviço;Despesa orçamentária;2026-03-31;2026-03-31;2026-04-07;7537,93;Não
1260 - SECRETARIA DE ESTADO DE EDUCACAO;Nota fiscal;33.224.254/0001-42;MGS MINAS GERAIS ADMINISTRACAO E SERVICOS S/A;12781;NFS;1;Completa;Serviço;Despesa orçamentária;2026-03-30;2026-04-07;2026-04-07;56116,17;Não
1250 - POLICIA MILITAR DE MINAS GERAIS;Nota fiscal;16.636.540/0001-04;COMPANHIA DE TECNOLOGIA DA INFORMACAO DO ESTADO DE MINAS GERAIS-PRODEMGE;2397;;1;Incompleta;Serviço;Despesa orçamentária;2026-03-13;2026-03-20;2026-04-07;276949,15;Não
1400 - CORPO DE BOMBEIROS MILITAR DE MINAS GERAIS;Nota fiscal;11.383.895/0001-07;UNIR PECAS DIESEL LTDA - EPP;28549;;1;Incompleta;Serviço;Despesa extra orçamentária;2026-03-23;2026-03-23;2026-04-07;5500,0;Não
1370 - SECRETARIA ESTADO DE MEIO AMB.DESENV SUSTENTAVEL;Nota fiscal;33.224.254/0001-42;MGS MINAS GERAIS ADMINISTRACAO E SERVICOS S/A;12772;2;1;Completa;Serviço;Despesa orçamentária;2026-03-30;2026-04-01;2026-04-07;5959,92;Não
1260 - SECRETARIA DE ESTADO DE EDUCACAO;Outros;20.283.380/0001-26;AME ACADEMIA MINEIRA DE EDUCACAO LTDA.;520251201;LIS;2;Completa;Serviço;Despesa orçamentária;2026-01-08;2026-01-08;2026-04-07;3480,0;Não
2310 - UNIVERSIDADE ESTADUAL DE MONTES CLAROS;Outros;***.572.266-**;MAISA ATHAYDE ALENCAR;202600000000046;;1;Completa;Serviço;Despesa orçamentária;2026-04-07;2026-04-07;2026-04-07;13737,2;Não
1260 - SECRETARIA DE ESTADO DE EDUCACAO;Nota fiscal;79.788.766/0029-33;BRINK MOBIL EQUIPAMENTOS EDUCACIONAIS LTDA;93;0;1;Completa - Recebimento definitivo;Consumo;Despesa extra orçamentária;2026-02-28;2026-03-31;2026-04-07;243531,69;Não
1190 - SECRETARIA DE ESTADO DE FAZENDA DE MINAS GERAIS;Nota fiscal;01.548.339/0001-90;SERTA SERVICOS TECNICOS E ADMINISTRATIVOS LTDA - EM RECUPERACAO JUDICIAL;3111;;1;Completa;Serviço;Despesa orçamentária;2026-04-02;2026-04-07;2026-04-07;40,63;Não
2260 - FUNDACAO EZEQUIEL DIAS;Nota fiscal;60.160.546/0001-31;DIGICROM ANALITICA LTDA;242885;1;1;Completa - Recebimento definitivo;Consumo;Despesa orçamentária;2026-03-31;2026-04-07;2026-04-07;2592,49;Não
2270 - FUNDACAO HOSPITALAR DO ESTADO DE MINAS GERAIS;Nota fiscal;04.398.505/0001-07;CONSORCIO OPERACIONAL DO TRANS. COLETIVO DE PASSAG. POR ONIBUS DO MUNICIP. DE BH;3826006504127;;1;Completa;Serviço;Despesa orçamentária;2026-04-07;2026-04-07;2026-04-07;15,0;Não
1320 - SECRETARIA DE ESTADO DA SAUDE;Outros;42.563.692/0001-26;M.I. MONTREAL INFORMATICA S.A;1436;;1;Incompleta;Serviço;Despesa orçamentária;2026-03-25;2026-04-07;2026-04-07;867640,15;Não
2270 - FUNDACAO HOSPITALAR DO ESTADO DE MINAS GERAIS;Nota fiscal;35.820.448/0030-70;WHITE MARTINS GASES INDUSTRIAIS LTDA;3783;684;1;Completa - Recebimento definitivo;Consumo;Despesa orçamentária;2026-03-24;2026-03-24;2026-04-07;497,6;Não
2270 - FUNDACAO HOSPITALAR DO ESTADO DE MINAS GERAIS;Nota fiscal;21.559.804/0001-03;GERBRA COMERCIO LTDA - ME;14852;1;1;Completa - Recebimento definitivo;Consumo;Despesa orçamentária;2026-04-06;2026-04-07;2026-04-07;18132,0;Não
1190 - SECRETARIA DE ESTADO DE FAZENDA DE MINAS GERAIS;Nota fiscal;01.548.339/0001-90;SERTA SERVICOS TECNICOS E ADMINISTRATIVOS LTDA - EM RECUPERACAO JUDICIAL;3102;;1;Completa;Serviço;Despesa orçamentária;2026-04-02;2026-04-07;2026-04-07;2845,7;Não
1450 - SECRETARIA DE ESTADO DE JUSTICA E SEGURANCA PUBLIC;Nota fiscal;34.274.233/0025-71;VIBRA ENERGIA S.A;4841175;0;1;Completa - Recebimento definitivo;Consumo;Despesa orçamentária;2026-03-17;2026-04-07;2026-04-07;22309,0;Não
2150 - FUNDACAO HELENA ANTIPOFF;Nota fiscal;16.636.540/0001-04;COMPANHIA DE TECNOLOGIA DA INFORMACAO DO ESTADO DE MINAS GERAIS-PRODEMGE;2947;E;1;Completa;Serviço;Despesa orçamentária;2026-03-30;2026-04-06;2026-04-07;9563,0;Não
1250 - POLICIA MILITAR DE MINAS GERAIS;Nota fiscal;67.423.152/0001-78;IBG INDUSTRIA BRASILEIRA DE GASES LTDA;557587;;2;Completa - Recebimento definitivo;Consumo;Despesa orçamentária;2026-03-27;2026-04-07;2026-04-07;1570,52;Não
1260 - SECRETARIA DE ESTADO DE EDUCACAO;Outros;33.224.254/0001-42;MGS MINAS GERAIS ADMINISTRACAO E SERVICOS S/A;680615;REC;1;Completa;Serviço;Despesa orçamentária;2026-03-30;2026-04-07;2026-04-07;3061,7;Não
1260 - SECRETARIA DE ESTADO DE EDUCACAO;Outros;07.329.219/0001-88;ALFA IMOVEIS CONSTRUCOES LTDA;33;;1;Completa;Serviço;Despesa orçamentária;2026-03-30;2026-04-06;2026-04-07;40945,64;Não
1510 - POLICIA CIVIL DO ESTADO DE MINAS GERAIS;Nota fiscal;03.290.250/0006-06;AGILENT TECHNOLOGIES BRASIL LTDA;43934;;3;Completa;Serviço;Despesa orçamentária;2026-02-06;2026-03-10;2026-04-07;44774,61;Não
2300 - DEPARTAMENTO DE ESTRADAS DE RODAGEM;Nota fiscal;08.273.364/0001-57;TICKET GESTAO EM MANUTENCAO EZC S.A;48497529;;1;Incompleta;Serviço;Despesa orçamentária;2026-04-01;2026-04-01;2026-04-07;7697,87;Não
1300 - SECRET. DE ESTADO DE INFRAESTRUTURA E MOBILIDADE;Nota fiscal;47.545.743/0001-00;CAPTURA POCOS ARTESIANOS, COMERCIO E SERVICOS LTDA;41;E;1;Completa;Serviço;Despesa orçamentária;2026-03-20;2026-03-20;2026-04-07;20980,5;Não
1190 - SECRETARIA DE ESTADO DE FAZENDA DE MINAS GERAIS;Nota fiscal;01.548.339/0001-90;SERTA SERVICOS TECNICOS E ADMINISTRATIVOS LTDA - EM RECUPERACAO JUDICIAL;3103;;1;Completa;Serviço;Despesa orçamentária;2026-04-02;2026-04-07;2026-04-07;3390,6;Não
2270 - FUNDACAO HOSPITALAR DO ESTADO DE MINAS GERAIS;Nota fiscal;35.820.448/0030-70;WHITE MARTINS GASES INDUSTRIAIS LTDA;3790;684;1;Completa - Recebimento definitivo;Consumo;Despesa orçamentária;2026-03-27;2026-03-27;2026-04-07;492,32;Não
2270 - FUNDACAO HOSPITALAR DO ESTADO DE MINAS GERAIS;Nota fiscal;25.031.668/0001-27;SAMEH SOLUCOES HOSPITALARES LTDA;128176;;1;Completa - Recebimento definitivo;Consumo;Despesa orçamentária;2026-04-02;2026-04-02;2026-04-07;4554,0;Não
1190 - SECRETARIA DE ESTADO DE FAZENDA DE MINAS GERAIS;Nota fiscal;01.548.339/0001-90;SERTA SERVICOS TECNICOS E ADMINISTRATIVOS LTDA - EM RECUPERACAO JUDICIAL;3113;;1;Completa;Serviço;Despesa orçamentária;2026-04-02;2026-04-07;2026-04-07;425,21;Não
1450 - SECRETARIA DE ESTADO DE JUSTICA E SEGURANCA PUBLIC;Nota fiscal;16.636.540/0001-04;COMPANHIA DE TECNOLOGIA DA INFORMACAO DO ESTADO DE MINAS GERAIS-PRODEMGE;189;1;1;Completa;Serviço;Despesa extra orçamentária;2025-12-19;2025-12-19;2026-04-07;1556,52;Não
1370 - SECRETARIA ESTADO DE MEIO AMB.DESENV SUSTENTAVEL;Nota fiscal;33.224.254/0001-42;MGS MINAS GERAIS ADMINISTRACAO E SERVICOS S/A;12721;;1;Completa;Serviço;Despesa orçamentária;2026-03-30;2026-04-01;2026-04-07;5892,77;Não
2270 - FUNDACAO HOSPITALAR DO ESTADO DE MINAS GERAIS;Nota fiscal;35.820.448/0030-70;WHITE MARTINS GASES INDUSTRIAIS LTDA;3797;684;1;Completa - Recebimento definitivo;Consumo;Despesa orçamentária;2026-03-31;2026-03-31;2026-04-07;923,1;Não
1370 - SECRETARIA ESTADO DE MEIO AMB.DESENV SUSTENTAVEL;Nota fiscal;33.224.254/0001-42;MGS MINAS GERAIS ADMINISTRACAO E SERVICOS S/A;202612216;;1;Completa;Serviço;Despesa orçamentária;2026-03-26;2026-04-01;2026-04-07;2970,22;Não
2300 - DEPARTAMENTO DE ESTRADAS DE RODAGEM;Nota fiscal;06.981.180/0001-16;CEMIG DISTRIBUICAO S.A.;374417695;0;1;Incompleta;Serviço;Despesa orçamentária;2026-03-27;2026-04-07;2026-04-07;1491,4;Não
1190 - SECRETARIA DE ESTADO DE FAZENDA DE MINAS GERAIS;Nota fiscal;01.548.339/0001-90;SERTA SERVICOS TECNICOS E ADMINISTRATIVOS LTDA - EM RECUPERACAO JUDICIAL;3105;;1;Completa;Serviço;Despesa orçamentária;2026-04-02;2026-04-07;2026-04-07;3353,21;Não
1270 - SECRETARIA DE ESTADO DE CULTURA E TURISMO;Nota fiscal;42.563.692/0001-26;M.I. MONTREAL INFORMATICA S.A;1362;;1;Completa;Serviço;Despesa orçamentária;2026-03-19;2026-03-19;2026-04-07;120813,54;Não
1100 - OUVIDORIA GERAL DO ESTADO;Nota fiscal;07.432.517/0001-07;SIMPRESS COMERCIO LOCACAO E SERVICOS LTDA;377662;;1;Completa;Serviço;Despesa orçamentária;2026-04-03;2026-04-07;2026-04-07;458,77;Não
1190 - SECRETARIA DE ESTADO DE FAZENDA DE MINAS GERAIS;Nota fiscal;01.548.339/0001-90;SERTA SERVICOS TECNICOS E ADMINISTRATIVOS LTDA - EM RECUPERACAO JUDICIAL;3115;;1;Completa;Serviço;Despesa orçamentária;2026-04-02;2026-04-07;2026-04-07;429,23;Não
2270 - FUNDACAO HOSPITALAR DO ESTADO DE MINAS GERAIS;Nota fiscal;35.820.448/0030-70;WHITE MARTINS GASES INDUSTRIAIS LTDA;3798;684;1;Completa - Recebimento definitivo;Consumo;Despesa orçamentária;2026-03-31;2026-03-31;2026-04-07;310,34;Não
1370 - SECRETARIA ESTADO DE MEIO AMB.DESENV SUSTENTAVEL;Nota fiscal;33.224.254/0001-42;MGS MINAS GERAIS ADMINISTRACAO E SERVICOS S/A;202612314;;1;Completa;Serviço;Despesa orçamentária;2026-03-26;2026-03-31;2026-04-07;911,11;Não
2270 - FUNDACAO HOSPITALAR DO ESTADO DE MINAS GERAIS;Nota fiscal;02.662.841/0001-90;MASTERMED COMERCIAL LTDA -EPP;13651;1;1;Completa - Recebimento definitivo;Consumo;Despesa orçamentária;2026-04-01;2026-04-01;2026-04-07;1169,1;Não
1260 - SECRETARIA DE ESTADO DE EDUCACAO;Outros;***.413.156-**;NOE MAGALHAES JUNIOR;36;;1;Completa;Serviço;Despesa orçamentária;2026-03-30;2026-04-06;2026-04-07;16254,85;Não
2150 - FUNDACAO HELENA ANTIPOFF;Nota fiscal;16.636.540/0001-04;COMPANHIA DE TECNOLOGIA DA INFORMACAO DO ESTADO DE MINAS GERAIS-PRODEMGE;2946;E;1;Completa;Serviço;Despesa orçamentária;2026-03-30;2026-04-06;2026-04-07;118,0;Não
1190 - SECRETARIA DE ESTADO DE FAZENDA DE MINAS GERAIS;Nota fiscal;01.548.339/0001-90;SERTA SERVICOS TECNICOS E ADMINISTRATIVOS LTDA - EM RECUPERACAO JUDICIAL;3106;;1;Completa;Serviço;Despesa orçamentária;2026-04-02;2026-04-07;2026-04-07;3571,25;Não
1710 - SECRETARIA DE ESTADO DE COMUNICACAO SOCIAL;Nota fiscal;24.172.716/0001-34;FLD S.A.;1646;;1;Completa;Serviço;Despesa orçamentária;2026-03-26;2026-04-07;2026-04-07;203,2;Não
1500 - SECRETARIA DE ESTADO DE PLANEJAMENTO E GESTAO;Nota fiscal;10.426.962/0001-60;DW REFRIGERACAO LTDA -ME;82;700;1;Completa;Serviço;Despesa orçamentária;2026-04-02;2026-04-02;2026-04-07;5922,74;Não
1370 - SECRETARIA ESTADO DE MEIO AMB.DESENV SUSTENTAVEL;Outros;33.224.254/0001-42;MGS MINAS GERAIS ADMINISTRACAO E SERVICOS S/A;680512;;1;Completa;Serviço;Despesa orçamentária;2026-03-30;2026-04-01;2026-04-07;510,4;Não
2320 - FUNDACAO CENTRO DE HEMATOLOGIA E HEMOTERAPIA DE MG;Nota fiscal;38.593.664/0001-84;MTD ASSESSORIA E SISTEMAS DE INFORMATICA LTDA;421;;1;Completa;Serviço;Despesa orçamentária;2026-04-02;2026-04-07;2026-04-07;7000,0;Não
1370 - SECRETARIA ESTADO DE MEIO AMB.DESENV SUSTENTAVEL;Nota fiscal;33.224.254/0001-42;MGS MINAS GERAIS ADMINISTRACAO E SERVICOS S/A;202612213;;1;Completa;Serviço;Despesa orçamentária;2026-03-26;2026-03-31;2026-04-07;5645,87;Não
1250 - POLICIA MILITAR DE MINAS GERAIS;Nota fiscal;04.353.937/0001-00;CASA DAS PECAS SERVICOS LTDA;8925;1;1;Completa;Serviço;Despesa orçamentária;2026-04-06;2026-04-07;2026-04-07;3033,15;Não
1050 - TRIBUNAL DE JUSTICA MILITAR DO ESTADO DE M.G.;Nota fiscal;44.952.932/0001-00;ANA PAULA DOS SANTOS 01673012680 LTDA;11080;;1;Completa - Disponível para recebimento definitivo;Consumo;Despesa orçamentária;2026-04-02;2026-04-07;2026-04-07;196,6;Não
2260 - FUNDACAO EZEQUIEL DIAS;Nota fiscal;22.261.473/0001-85;COMPANHIA DE GAS DE MINAS GERAIS GASMIG;1128952;;1;Completa;Serviço;Despesa orçamentária;2026-03-10;2026-04-07;2026-04-07;132800,41;Não
1370 - SECRETARIA ESTADO DE MEIO AMB.DESENV SUSTENTAVEL;Nota fiscal;33.224.254/0001-42;MGS MINAS GERAIS ADMINISTRACAO E SERVICOS S/A;202612214;;1;Completa;Serviço;Despesa orçamentária;2026-03-26;2026-04-01;2026-04-07;4737,63;Não
1250 - POLICIA MILITAR DE MINAS GERAIS;Nota fiscal;04.353.937/0001-00;CASA DAS PECAS SERVICOS LTDA;146;;1;Completa;Serviço;Despesa orçamentária;2026-04-06;2026-04-07;2026-04-07;877,8;Não
1190 - SECRETARIA DE ESTADO DE FAZENDA DE MINAS GERAIS;Nota fiscal;01.548.339/0001-90;SERTA SERVICOS TECNICOS E ADMINISTRATIVOS LTDA - EM RECUPERACAO JUDICIAL;3116;;1;Completa;Serviço;Despesa orçamentária;2026-04-02;2026-04-07;2026-04-07;487,73;Não
1090 - PROCURADORIA GERAL DE JUSTICA;Nota fiscal;16.701.716/0001-56;STELLANTIS AUTOMOVEIS BRASIL LTDA.;8014048;25;1;Completa - Disponível para recebimento definitivo;Permanente;Despesa extra orçamentária;2026-01-28;2026-03-06;2026-04-07;125500,0;Não
1370 - SECRETARIA ESTADO DE MEIO AMB.DESENV SUSTENTAVEL;Nota fiscal;33.224.254/0001-42;MGS MINAS GERAIS ADMINISTRACAO E SERVICOS S/A;202612315;;1;Completa;Serviço;Despesa orçamentária;2026-03-26;2026-04-06;2026-04-07;4418,51;Não
1190 - SECRETARIA DE ESTADO DE FAZENDA DE MINAS GERAIS;Nota fiscal;01.548.339/0001-90;SERTA SERVICOS TECNICOS E ADMINISTRATIVOS LTDA - EM RECUPERACAO JUDICIAL;3109;;1;Completa;Serviço;Despesa orçamentária;2026-04-02;2026-04-07;2026-04-07;3486,11;Não
1030 - TRIBUNAL DE JUSTICA DO ESTADO DE MINAS GERAIS;Nota fiscal;59.456.277/0006-80;ORACLE DO BRASIL SISTEMAS LTDA;20262294;;1;Completa;Serviço;Despesa orçamentária;2026-03-24;2026-04-07;2026-04-07;214310,98;Não
1510 - POLICIA CIVIL DO ESTADO DE MINAS GERAIS;Nota fiscal;03.290.250/0006-06;AGILENT TECHNOLOGIES BRASIL LTDA;44548;;3;Completa;Serviço;Despesa orçamentária;2026-03-06;2026-03-10;2026-04-07;44774,61;Não
1440 - DEFENSORIA PUBLICA DO ESTADO DE MINAS GERAIS;Nota fiscal;08.458.633/0001-50;ESMARTY ESPECIALISTA EM MANUTENCAO DE ELEVADORES LTDA;6667;;1;Completa;Serviço;Despesa orçamentária;2026-03-31;2026-04-06;2026-04-07;2458,2;Não
1370 - SECRETARIA ESTADO DE MEIO AMB.DESENV SUSTENTAVEL;Outros;33.224.254/0001-42;MGS MINAS GERAIS ADMINISTRACAO E SERVICOS S/A;680510;;1;Completa;Serviço;Despesa orçamentária;2026-03-30;2026-04-01;2026-04-07;510,4;Não
2300 - DEPARTAMENTO DE ESTRADAS DE RODAGEM;Nota fiscal;17.281.106/0001-03;COMPANHIA DE SANEAMENTO DE MINAS GERAIS COPASA MG;126144523299;;1;Completa;Serviço;Despesa orçamentária;2026-02-27;2026-03-24;2026-04-07;844,53;Não
2270 - FUNDACAO HOSPITALAR DO ESTADO DE MINAS GERAIS;Nota fiscal;43.782.859/0001-02;FAST CLEAN DISTRIBUIDORA LTDA;22684;1;1;Completa - Recebimento definitivo;Consumo;Despesa orçamentária;2026-04-07;2026-04-07;2026-04-07;4710,08;Não
1190 - SECRETARIA DE ESTADO DE FAZENDA DE MINAS GERAIS;Nota fiscal;01.548.339/0001-90;SERTA SERVICOS TECNICOS E ADMINISTRATIVOS LTDA - EM RECUPERACAO JUDICIAL;3119;;1;Completa;Serviço;Despesa orçamentária;2026-04-02;2026-04-07;2026-04-07;451,78;Não
1260 - SECRETARIA DE ESTADO DE EDUCACAO;Outros;40.921.610/0001-42;FACULDADE DE DESENVOLVIMENTO DO NORTE - FADENORTE LTDA;520251201;LIS;1;Completa;Serviço;Despesa orçamentária;2026-01-05;2026-01-05;2026-04-07;4880,0;Não
1190 - SECRETARIA DE ESTADO DE FAZENDA DE MINAS GERAIS;Nota fiscal;08.458.633/0001-50;ESMARTY ESPECIALISTA EM MANUTENCAO DE ELEVADORES LTDA;6711;;1;Completa;Serviço;Despesa orçamentária;2026-03-31;2026-04-06;2026-04-07;1249,98;Não
1370 - SECRETARIA ESTADO DE MEIO AMB.DESENV SUSTENTAVEL;Nota fiscal;33.224.254/0001-42;MGS MINAS GERAIS ADMINISTRACAO E SERVICOS S/A;202612215;;1;Completa;Serviço;Despesa orçamentária;2026-03-26;2026-03-31;2026-04-07;1546,48;Não
1250 - POLICIA MILITAR DE MINAS GERAIS;Nota fiscal;04.353.937/0001-00;CASA DAS PECAS SERVICOS LTDA;8931;1;1;Completa;Serviço;Despesa orçamentária;2026-04-07;2026-04-07;2026-04-07;80,0;Não
1320 - SECRETARIA DE ESTADO DA SAUDE;Nota fiscal;23.864.942/0001-13;UNIQUE DISTRIBUIDORA DE MEDICAMENTOS LTDA;24212;0;1;Completa - Recebimento definitivo;Consumo;Despesa orçamentária;2026-03-31;2026-04-07;2026-04-07;588621,85;Não
2270 - FUNDACAO HOSPITALAR DO ESTADO DE MINAS GERAIS;Nota fiscal;43.782.859/0001-02;FAST CLEAN DISTRIBUIDORA LTDA;22685;1;1;Completa - Recebimento definitivo;Consumo;Despesa orçamentária;2026-04-07;2026-04-07;2026-04-07;5169,6;Não
1710 - SECRETARIA DE ESTADO DE COMUNICACAO SOCIAL;Nota fiscal;19.140.342/0001-35;PERFIL 252 COMUNICACAO COMPLETA LTDA.;607;;1;Completa;Serviço;Despesa extra orçamentária;2026-03-21;2026-04-07;2026-04-07;1106,03;Não
1250 - POLICIA MILITAR DE MINAS GERAIS;Nota fiscal;06.981.180/0001-16;CEMIG DISTRIBUICAO S.A.;375785096;0;1;Completa;Serviço;Despesa orçamentária;2026-04-02;2026-04-06;2026-04-07;4503,85;Não
1250 - POLICIA MILITAR DE MINAS GERAIS;Nota fiscal;04.353.937/0001-00;CASA DAS PECAS SERVICOS LTDA;8930;1;1;Completa;Serviço;Despesa orçamentária;2026-04-07;2026-04-07;2026-04-07;176,0;Não
1370 - SECRETARIA ESTADO DE MEIO AMB.DESENV SUSTENTAVEL;Nota fiscal;33.224.254/0001-42;MGS MINAS GERAIS ADMINISTRACAO E SERVICOS S/A;202612217;;1;Completa;Serviço;Despesa orçamentária;2026-03-26;2026-04-01;2026-04-07;540,04;Não
1270 - SECRETARIA DE ESTADO DE CULTURA E TURISMO;Outros;05.340.639/0001-30;PRIME CONSULTORIA E ASSESSORIA EMPRESARIAL LTDA;2824474;;1;Completa;Serviço;Despesa orçamentária;2026-03-16;2026-03-16;2026-04-07;347,76;Não
1270 - SECRETARIA DE ESTADO DE CULTURA E TURISMO;Outros;05.340.639/0001-30;PRIME CONSULTORIA E ASSESSORIA EMPRESARIAL LTDA;2829641;;1;Completa;Serviço;Despesa orçamentária;2026-04-01;2026-04-01;2026-04-07;1123,33;Não
2260 - FUNDACAO EZEQUIEL DIAS;Nota fiscal;60.637.667/0001-21;INDUSTRIA E COMERCIO ELETRO ELETRONICA GEHAKA LTDA.;52069;;1;Completa;Serviço;Despesa orçamentária;2026-03-26;2026-04-07;2026-04-07;4860,0;Não
1480 - SECRETARIA DE ESTADO DE DESENVOLVIMENTO SOCIAL;Nota fiscal;***.417.206-**;ROSANE QUARESMA DALTON SANTOS;32026;;1;Completa;Serviço;Despesa orçamentária;2026-04-02;2026-04-06;2026-04-07;4043,91;Não
2350 - UNIVERSIDADE DO ESTADO DE MINAS GERAIS;Nota fiscal;12.937.692/0001-88;T & M ELETROHIDRAULICA LTDA;6782;1;1;Completa - Recebimento definitivo;Permanente;Despesa extra orçamentária;2026-03-11;2026-04-07;2026-04-07;16400,18;Não
2150 - FUNDACAO HELENA ANTIPOFF;Nota fiscal;16.636.540/0001-04;COMPANHIA DE TECNOLOGIA DA INFORMACAO DO ESTADO DE MINAS GERAIS-PRODEMGE;2945;E;1;Completa;Serviço;Despesa orçamentária;2026-03-30;2026-04-06;2026-04-07;1308,0;Não
1250 - POLICIA MILITAR DE MINAS GERAIS;Nota fiscal;04.353.937/0001-00;CASA DAS PECAS SERVICOS LTDA;8929;1;1;Completa;Serviço;Despesa orçamentária;2026-04-07;2026-04-07;2026-04-07;300,0;Não
1050 - TRIBUNAL DE JUSTICA MILITAR DO ESTADO DE M.G.;Nota fiscal;44.952.932/0001-00;ANA PAULA DOS SANTOS 01673012680 LTDA;11082;;1;Completa - Recebimento definitivo;Consumo;Despesa orçamentária;2026-04-02;2026-04-07;2026-04-07;281,9;Não
1370 - SECRETARIA ESTADO DE MEIO AMB.DESENV SUSTENTAVEL;Outros;33.224.254/0001-42;MGS MINAS GERAIS ADMINISTRACAO E SERVICOS S/A;680514;;1;Completa;Serviço;Despesa orçamentária;2026-03-30;2026-04-01;2026-04-07;510,4;Não
2270 - FUNDACAO HOSPITALAR DO ESTADO DE MINAS GERAIS;Nota fiscal;29.791.821/0001-75;MAGNA INDUSTRIA DE MATERIAIS HOSPITALARES LTDA;5328;;1;Completa - Recebimento definitivo;Consumo;Despesa orçamentária;2026-03-11;2026-03-12;2026-04-07;315,0;Não
1250 - POLICIA MILITAR DE MINAS GERAIS;Nota fiscal;04.353.937/0001-00;CASA DAS PECAS SERVICOS LTDA;8928;1;1;Completa;Serviço;Despesa orçamentária;2026-04-07;2026-04-07;2026-04-07;645,07;Não
2350 - UNIVERSIDADE DO ESTADO DE MINAS GERAIS;Nota fiscal;11.568.355/0001-06;GAMMA CORTINAS LTDA;2026002252;;1;Completa;Serviço;Despesa orçamentária;2026-03-30;2026-03-30;2026-04-07;25543,5;Não
2260 - FUNDACAO EZEQUIEL DIAS;Nota fiscal;60.637.667/0001-21;INDUSTRIA E COMERCIO ELETRO ELETRONICA GEHAKA LTDA.;52068;;1;Completa;Serviço;Despesa orçamentária;2026-03-26;2026-04-07;2026-04-07;11450,0;Não
1190 - SECRETARIA DE ESTADO DE FAZENDA DE MINAS GERAIS;Outros;40.432.544/0112-62;CLARO S.A.;42026;;1;Completa;Serviço;Despesa orçamentária;2026-04-01;2026-04-07;2026-04-07;1245,2;Não
2270 - FUNDACAO HOSPITALAR DO ESTADO DE MINAS GERAIS;Nota fiscal;06.981.180/0001-16;CEMIG DISTRIBUICAO S.A.;375784882;;1;Completa;Serviço;Despesa orçamentária;2026-04-07;2026-04-07;2026-04-07;9312,59;Não
1250 - POLICIA MILITAR DE MINAS GERAIS;Nota fiscal;04.353.937/0001-00;CASA DAS PECAS SERVICOS LTDA;148;;1;Completa;Serviço;Despesa orçamentária;2026-04-07;2026-04-07;2026-04-07;238,98;Não
1260 - SECRETARIA DE ESTADO DE EDUCACAO;Outros;40.921.610/0001-42;FACULDADE DE DESENVOLVIMENTO DO NORTE - FADENORTE LTDA;520251202;LIS;1;Completa;Serviço;Despesa orçamentária;2026-01-05;2026-01-05;2026-04-07;4880,0;Não
1090 - PROCURADORIA GERAL DE JUSTICA;Nota fiscal;16.701.716/0001-56;STELLANTIS AUTOMOVEIS BRASIL LTDA.;8014472;25;1;Completa - Disponível para recebimento definitivo;Permanente;Despesa extra orçamentária;2026-01-28;2026-03-06;2026-04-07;125500,0;Não
2260 - FUNDACAO EZEQUIEL DIAS;Nota fiscal;60.637.667/0001-21;INDUSTRIA E COMERCIO ELETRO ELETRONICA GEHAKA LTDA.;52067;;1;Completa;Serviço;Despesa orçamentária;2026-03-26;2026-04-07;2026-04-07;4860,0;Não
2010 - INST.DE PREVIDENCIA DOS SERVIDORES DO EST.M.GERAIS;Nota fiscal;33.224.254/0001-42;MGS MINAS GERAIS ADMINISTRACAO E SERVICOS S/A;11751;1;1;Completa;Serviço;Despesa orçamentária;2026-03-24;2026-03-24;2026-04-07;1002416,28;Não
1710 - SECRETARIA DE ESTADO DE COMUNICACAO SOCIAL;Nota fiscal;19.140.342/0001-35;PERFIL 252 COMUNICACAO COMPLETA LTDA.;611;;1;Completa;Serviço;Despesa extra orçamentária;2026-03-23;2026-04-07;2026-04-07;908,53;Não
1370 - SECRETARIA ESTADO DE MEIO AMB.DESENV SUSTENTAVEL;Outros;33.224.254/0001-42;MGS MINAS GERAIS ADMINISTRACAO E SERVICOS S/A;680503;;1;Completa;Serviço;Despesa orçamentária;2026-03-30;2026-04-01;2026-04-07;510,4;Não
2260 - FUNDACAO EZEQUIEL DIAS;Nota fiscal;60.637.667/0001-21;INDUSTRIA E COMERCIO ELETRO ELETRONICA GEHAKA LTDA.;52066;;1;Completa;Serviço;Despesa orçamentária;2026-03-26;2026-04-07;2026-04-07;11450,0;Não
1190 - SECRETARIA DE ESTADO DE FAZENDA DE MINAS GERAIS;Nota fiscal;06.981.180/0001-16;CEMIG DISTRIBUICAO S.A.;375784335;;1;Completa;Serviço;Despesa orçamentária;2026-04-02;2026-04-07;2026-04-07;151897,94;Não
1260 - SECRETARIA DE ESTADO DE EDUCACAO;Outros;40.921.610/0001-42;FACULDADE DE DESENVOLVIMENTO DO NORTE - FADENORTE LTDA;520251203;LIS;1;Completa;Serviço;Despesa orçamentária;2026-01-05;2026-01-05;2026-04-07;4280,0;Não
1090 - PROCURADORIA GERAL DE JUSTICA;Nota fiscal;16.701.716/0001-56;STELLANTIS AUTOMOVEIS BRASIL LTDA.;8014905;25;1;Completa - Disponível para recebimento definitivo;Permanente;Despesa extra orçamentária;2026-01-28;2026-03-06;2026-04-07;125500,0;Não
1250 - POLICIA MILITAR DE MINAS GERAIS;Nota fiscal;04.353.937/0001-00;CASA DAS PECAS SERVICOS LTDA;8926;1;1;Completa;Serviço;Despesa orçamentária;2026-04-06;2026-04-07;2026-04-07;3683,61;Não
1050 - TRIBUNAL DE JUSTICA MILITAR DO ESTADO DE M.G.;Outros;01.017.250/0001-05;VOETUR TURISMO E REPRESENTACOES LTDA;1330551;;1;Completa;Serviço;Despesa orçamentária;2026-04-06;2026-04-06;2026-04-07;12284,59;Não
2260 - FUNDACAO EZEQUIEL DIAS;Nota fiscal;08.159.024/0002-80;G.B. COMERCIO E DISTRIBUIDORA DE GELO SECO E GASES LTDA;2670;1;1;Completa - Recebimento definitivo;Consumo;Despesa orçamentária;2026-04-06;2026-04-07;2026-04-07;877,2;Não
1080 - ADVOCACIA-GERAL DO ESTADO DE MINAS GERAIS;Nota fiscal;03.029.254/0001-20;STRATUM SEGURANCA LTDA;20262694;;1;Incompleta;Serviço;Despesa orçamentária;2026-04-02;2026-04-07;2026-04-07;3369,63;Não
1250 - POLICIA MILITAR DE MINAS GERAIS;Nota fiscal;04.353.937/0001-00;CASA DAS PECAS SERVICOS LTDA;8923;1;1;Completa;Serviço;Despesa orçamentária;2026-04-06;2026-04-07;2026-04-07;4384,0;Não
1260 - SECRETARIA DE ESTADO DE EDUCACAO;Outros;40.921.610/0001-42;FACULDADE DE DESENVOLVIMENTO DO NORTE - FADENORTE LTDA;520251204;LIS;1;Completa;Serviço;Despesa orçamentária;2026-01-05;2026-01-05;2026-04-07;2820,0;Não
1250 - POLICIA MILITAR DE MINAS GERAIS;Nota fiscal;04.353.937/0001-00;CASA DAS PECAS SERVICOS LTDA;144;;1;Completa;Serviço;Despesa orçamentária;2026-04-06;2026-04-07;2026-04-07;1254,0;Não
1090 - PROCURADORIA GERAL DE JUSTICA;Nota fiscal;16.701.716/0001-56;STELLANTIS AUTOMOVEIS BRASIL LTDA.;8014911;25;1;Completa - Disponível para recebimento definitivo;Permanente;Despesa extra orçamentária;2025-01-28;2025-03-06;2026-04-07;125500,0;Não
1490 - SECRETARIA DE ESTADO DE GOVERNO;Outros;01.017.250/0001-05;VOETUR TURISMO E REPRESENTACOES LTDA;1330497;;1;Completa;Serviço;Despesa orçamentária;2026-04-06;2026-04-06;2026-04-07;14420,65;Não
2200 - INST. EST. DO PATRIMONIO HIST. E ARTISTICO DE MG;Nota fiscal;06.880.466/0001-05;RICCI DIARIOS, PUBLICACOES E AGENCIAMENTO LTDA - EPP;1245;;1;Completa;Serviço;Despesa orçamentária;2026-04-02;2026-04-06;2026-04-07;741,7;Não
1030 - TRIBUNAL DE JUSTICA DO ESTADO DE MINAS GERAIS;Nota fiscal;62.051.934/0001-00;62.051.934 CARLOS HENRIQUE ABREU DIAS;9;1;1;Completa - Disponível para recebimento definitivo;Consumo;Despesa orçamentária;2026-03-23;2026-04-07;2026-04-07;2045,8;Não
2270 - FUNDACAO HOSPITALAR DO ESTADO DE MINAS GERAIS;Nota fiscal;35.820.448/0030-70;WHITE MARTINS GASES INDUSTRIAIS LTDA;5387;;1;Completa - Recebimento definitivo;Consumo;Despesa orçamentária;2026-03-27;2026-03-27;2026-04-07;76,92;Não
1710 - SECRETARIA DE ESTADO DE COMUNICACAO SOCIAL;Nota fiscal;93.885.242/0001-90;META INSTITUTO DE PESQUISA DE OPINIAO LTDA;18;;1;Completa;Serviço;Despesa orçamentária;2026-03-26;2026-04-07;2026-04-07;159440,32;Não
1500 - SECRETARIA DE ESTADO DE PLANEJAMENTO E GESTAO;Nota fiscal;32.879.576/0001-67;GRAFICA VEREDAS LTDA;85;;1;Completa;Serviço;Despesa orçamentária;2026-04-02;2026-04-02;2026-04-07;200,0;Não
1050 - TRIBUNAL DE JUSTICA MILITAR DO ESTADO DE M.G.;Outros;01.017.250/0001-05;VOETUR TURISMO E REPRESENTACOES LTDA;1330552;;1;Completa;Serviço;Despesa orçamentária;2026-04-06;2026-04-06;2026-04-07;3086,92;Não
2270 - FUNDACAO HOSPITALAR DO ESTADO DE MINAS GERAIS;Nota fiscal;35.820.448/0030-70;WHITE MARTINS GASES INDUSTRIAIS LTDA;5403;633;1;Completa - Recebimento definitivo;Consumo;Despesa orçamentária;2026-03-30;2026-03-30;2026-04-07;51,28;Não
1320 - SECRETARIA DE ESTADO DA SAUDE;Nota fiscal;20.367.629/0001-81;HELICOPTEROS DO BRASIL S/A HELIBRAS;115213;;1;Completa - Recebimento definitivo;Consumo;Despesa extra orçamentária;2026-03-26;2026-04-07;2026-04-07;1348,04;Não
1090 - PROCURADORIA GERAL DE JUSTICA;Nota fiscal;18.587.586/0001-06;EDENRED SOLUCOES DE MOBILIDADE E INSTITUICAO DE PAGAMENTO HU S.A.;245997;;1;Completa;Serviço;Despesa orçamentária;2026-04-02;2026-04-06;2026-04-07;747,49;Não
1250 - POLICIA MILITAR DE MINAS GERAIS;Nota fiscal;04.353.937/0001-00;CASA DAS PECAS SERVICOS LTDA;8927;1;1;Completa;Serviço;Despesa orçamentária;2026-04-06;2026-04-07;2026-04-07;1300,0;Não
1250 - POLICIA MILITAR DE MINAS GERAIS;Nota fiscal;16.636.540/0001-04;COMPANHIA DE TECNOLOGIA DA INFORMACAO DO ESTADO DE MINAS GERAIS-PRODEMGE;2801;2;1;Completa;Serviço;Despesa orçamentária;2026-03-24;2026-03-31;2026-04-07;227029,82;Não
2350 - UNIVERSIDADE DO ESTADO DE MINAS GERAIS;Nota fiscal;34.028.316/0015-09;EMPRESA BRASILEIRA DE CORREIOS E TELEGRAFOS - ECT;2494936;;1;Completa;Serviço;Despesa orçamentária;2026-04-07;2026-04-07;2026-04-07;1225,42;Não
1260 - SECRETARIA DE ESTADO DE EDUCACAO;Outros;40.921.610/0001-42;FACULDADE DE DESENVOLVIMENTO DO NORTE - FADENORTE LTDA;520251205;LIS;1;Completa;Serviço;Despesa orçamentária;2026-01-05;2026-01-05;2026-04-07;4120,0;Não
1050 - TRIBUNAL DE JUSTICA MILITAR DO ESTADO DE M.G.;Outros;01.389.269/0001-74;ALCTEL TELECOMUNICACOES E INFORMATICA LTDA;731;;1;Completa;Serviço;Despesa orçamentária;2026-04-01;2026-04-06;2026-04-07;2532,9;Não
1710 - SECRETARIA DE ESTADO DE COMUNICACAO SOCIAL;Nota fiscal;19.140.342/0001-35;PERFIL 252 COMUNICACAO COMPLETA LTDA.;618;;1;Completa;Serviço;Despesa extra orçamentária;2026-03-23;2026-04-07;2026-04-07;987,53;Não
1320 - SECRETARIA DE ESTADO DA SAUDE;Nota fiscal;20.367.629/0001-81;HELICOPTEROS DO BRASIL S/A HELIBRAS;115279;;1;Completa - Recebimento definitivo;Consumo;Despesa extra orçamentária;2026-03-30;2026-04-07;2026-04-07;71,18;Não
1440 - DEFENSORIA PUBLICA DO ESTADO DE MINAS GERAIS;Nota fiscal;09.475.334/0001-96;EDUCALIBRAS TREINAMENTO E DESENVOLVIMENTO DO IDIOMA DE LIBRAS LTDA;20609;;1;Incompleta;Serviço;Despesa orçamentária;2026-03-31;2026-04-06;2026-04-07;13029,6;Não
1050 - TRIBUNAL DE JUSTICA MILITAR DO ESTADO DE M.G.;Nota fiscal;57.494.031/0001-63;COMPANHIA BRASILEIRA DE CARTUCHOS;291142;;1;Completa - Disponível para recebimento definitivo;Consumo;Despesa extra orçamentária;2026-02-27;2026-04-07;2026-04-07;224440,0;Não
1320 - SECRETARIA DE ESTADO DA SAUDE;Nota fiscal;20.367.629/0009-39;HELICOPTEROS DO BRASIL S/A HELIBRAS;69564;;1;Completa - Recebimento definitivo;Consumo;Despesa extra orçamentária;2026-03-31;2026-04-07;2026-04-07;771,05;Não
1370 - SECRETARIA ESTADO DE MEIO AMB.DESENV SUSTENTAVEL;Outros;33.224.254/0001-42;MGS MINAS GERAIS ADMINISTRACAO E SERVICOS S/A;680526;;1;Completa;Serviço;Despesa orçamentária;2026-03-30;2026-04-07;2026-04-07;1022,12;Não
2270 - FUNDACAO HOSPITALAR DO ESTADO DE MINAS GERAIS;Nota fiscal;09.339.471/0001-01;MENDES JUNIOR SOLUCOES AMBIENTAIS LTDA;226;;1;Completa;Serviço;Despesa orçamentária;2026-04-07;2026-04-07;2026-04-07;3484,4;Não
1710 - SECRETARIA DE ESTADO DE COMUNICACAO SOCIAL;Nota fiscal;19.140.342/0001-35;PERFIL 252 COMUNICACAO COMPLETA LTDA.;619;;1;Completa;Serviço;Despesa extra orçamentária;2026-03-24;2026-04-07;2026-04-07;1066,53;Não
1090 - PROCURADORIA GERAL DE JUSTICA;Outros;29.715.432/0001-60;VALOR REAL LOCACAO E ADMINISTRACAO DE IMOVEIS LTDA;27831202607;;1;Completa;Serviço;Despesa orçamentária;2026-04-07;2026-04-07;2026-04-07;126,55;Não
1320 - SECRETARIA DE ESTADO DA SAUDE;Nota fiscal;20.367.629/0009-39;HELICOPTEROS DO BRASIL S/A HELIBRAS;69561;;1;Completa - Recebimento definitivo;Consumo;Despesa extra orçamentária;2026-03-31;2026-04-07;2026-04-07;327,1;Não
1260 - SECRETARIA DE ESTADO DE EDUCACAO;Nota fiscal;33.224.254/0001-42;MGS MINAS GERAIS ADMINISTRACAO E SERVICOS S/A;12712;1;1;Completa;Serviço;Despesa orçamentária;2026-03-30;2026-04-07;2026-04-07;105335,99;Não
1250 - POLICIA MILITAR DE MINAS GERAIS;Nota fiscal;16.636.540/0001-04;COMPANHIA DE TECNOLOGIA DA INFORMACAO DO ESTADO DE MINAS GERAIS-PRODEMGE;2803;1;1;Completa;Serviço;Despesa extra orçamentária;2026-03-24;2026-03-31;2026-04-07;89067,78;Não
2270 - FUNDACAO HOSPITALAR DO ESTADO DE MINAS GERAIS;Nota fiscal;35.820.448/0030-70;WHITE MARTINS GASES INDUSTRIAIS LTDA;5423;633;1;Completa - Recebimento definitivo;Consumo;Despesa orçamentária;2026-04-01;2026-04-01;2026-04-07;102,56;Não
1260 - SECRETARIA DE ESTADO DE EDUCACAO;Outros;21.569.850/0001-85;SOCIEDADE EUNICE WEAVER DE JUIZ DE FORA;32026;;1;Completa;Serviço;Despesa orçamentária;2026-04-01;2026-04-07;2026-04-07;6728,43;Não
2270 - FUNDACAO HOSPITALAR DO ESTADO DE MINAS GERAIS;Nota fiscal;35.820.448/0030-70;WHITE MARTINS GASES INDUSTRIAIS LTDA;5441;;1;Completa - Recebimento definitivo;Consumo;Despesa orçamentária;2026-04-04;2026-04-04;2026-04-07;51,28;Não
1320 - SECRETARIA DE ESTADO DA SAUDE;Nota fiscal;20.367.629/0009-39;HELICOPTEROS DO BRASIL S/A HELIBRAS;69540;;1;Completa - Recebimento definitivo;Consumo;Despesa extra orçamentária;2026-03-31;2026-04-07;2026-04-07;43095,94;Não
1260 - SECRETARIA DE ESTADO DE EDUCACAO;Outros;11.502.120/0001-03;J G INCORPORACOES LTDA;32026;;1;Completa;Serviço;Despesa orçamentária;2026-04-01;2026-04-07;2026-04-07;69034,36;Não
1320 - SECRETARIA DE ESTADO DA SAUDE;Nota fiscal;20.367.629/0001-81;HELICOPTEROS DO BRASIL S/A HELIBRAS;115286;;1;Completa - Recebimento definitivo;Consumo;Despesa extra orçamentária;2026-03-31;2026-04-07;2026-04-07;383,8;Não
1510 - POLICIA CIVIL DO ESTADO DE MINAS GERAIS;Outros;***.774.476-**;TALITA FIGUEIREDO RABELO CAMPOS;32026;;1;Completa;Serviço;Despesa orçamentária;2026-04-07;2026-04-07;2026-04-07;3500,0;Não
2150 - FUNDACAO HELENA ANTIPOFF;Outros;87.883.807/0001-06;MBM SEGURADORA SA;32026;E;1;Completa;Serviço;Despesa orçamentária;2026-04-07;2026-04-07;2026-04-07;44,95;Não
1250 - POLICIA MILITAR DE MINAS GERAIS;Nota fiscal;16.636.540/0001-04;COMPANHIA DE TECNOLOGIA DA INFORMACAO DO ESTADO DE MINAS GERAIS-PRODEMGE;2802;1;1;Completa;Serviço;Despesa extra orçamentária;2026-03-24;2026-03-31;2026-04-07;6947,2;Não
1260 - SECRETARIA DE ESTADO DE EDUCACAO;Outros;40.921.610/0001-42;FACULDADE DE DESENVOLVIMENTO DO NORTE - FADENORTE LTDA;520251206;LIS;1;Completa;Serviço;Despesa orçamentária;2026-01-05;2026-01-05;2026-04-07;3020,0;Não
1500 - SECRETARIA DE ESTADO DE PLANEJAMENTO E GESTAO;Outros;14.713.220/0001-77;A & L IMOBILIARIA INVEST LTDA. - ME;136852970;;1;Completa;Serviço;Despesa orçamentária;2026-04-01;2026-04-01;2026-04-07;1444,33;Não
1260 - SECRETARIA DE ESTADO DE EDUCACAO;Nota fiscal;01.389.269/0001-74;ALCTEL TELECOMUNICACOES E INFORMATICA LTDA;665;;2;Completa;Serviço;Despesa orçamentária;2026-04-01;2026-04-01;2026-04-07;20010,08;Não
1260 - SECRETARIA DE ESTADO DE EDUCACAO;Outros;***.787.426-**;ELIAS ANDRAUS JUNIOR;4;;1;Completa;Serviço;Despesa orçamentária;2026-04-07;2026-04-07;2026-04-07;16320,62;Não
1320 - SECRETARIA DE ESTADO DA SAUDE;Nota fiscal;20.367.629/0009-39;HELICOPTEROS DO BRASIL S/A HELIBRAS;69789;;1;Completa - Recebimento definitivo;Consumo;Despesa extra orçamentária;2026-04-02;2026-04-07;2026-04-07;2138,45;Não
1260 - SECRETARIA DE ESTADO DE EDUCACAO;Outros;11.373.656/0001-76;ESTACIONAMENTO SAO MATEUS LTDA -ME;32026;;1;Completa;Serviço;Despesa orçamentária;2026-04-01;2026-04-07;2026-04-07;20720,79;Não
1450 - SECRETARIA DE ESTADO DE JUSTICA E SEGURANCA PUBLIC;Nota fiscal;07.259.712/0001-79;BERKANA TECNOLOGIA EM SEGURANCA LTDA;2802;1;1;Incompleta;Serviço;Despesa orçamentária;2026-03-09;2026-03-23;2026-04-07;385100,0;Não
1440 - DEFENSORIA PUBLICA DO ESTADO DE MINAS GERAIS;Nota fiscal;36.079.995/0001-75;AILZA PEREIRA DOS SANTOS 86997432620;1328;1;1;Completa - Recebimento definitivo;Permanente;Despesa orçamentária;2026-03-16;2026-03-16;2026-04-07;23400,0;Não
2010 - INST.DE PREVIDENCIA DOS SERVIDORES DO EST.M.GERAIS;Nota fiscal;33.224.254/0001-42;MGS MINAS GERAIS ADMINISTRACAO E SERVICOS S/A;11730;1;1;Completa;Serviço;Despesa orçamentária;2026-03-24;2026-03-24;2026-04-07;76151,94;Não
2270 - FUNDACAO HOSPITALAR DO ESTADO DE MINAS GERAIS;Nota fiscal;34.454.477/0001-69;PLANEAR ENGENHARIA DE AR CONDICIONADO LTDA;184;;1;Completa;Serviço;Despesa orçamentária;2026-04-07;2026-04-07;2026-04-07;73049,37;Não
1260 - SECRETARIA DE ESTADO DE EDUCACAO;Outros;40.921.610/0001-42;FACULDADE DE DESENVOLVIMENTO DO NORTE - FADENORTE LTDA;520251207;LIS;1;Completa;Serviço;Despesa orçamentária;2026-01-05;2026-01-05;2026-04-07;4500,0;Não
1440 - DEFENSORIA PUBLICA DO ESTADO DE MINAS GERAIS;Nota fiscal;36.079.995/0001-75;AILZA PEREIRA DOS SANTOS 86997432620;1329;1;1;Completa - Recebimento definitivo;Permanente;Despesa orçamentária;2026-03-17;2026-03-17;2026-04-07;77501,0;Não
1320 - SECRETARIA DE ESTADO DA SAUDE;Nota fiscal;20.367.629/0009-39;HELICOPTEROS DO BRASIL S/A HELIBRAS;69710;;1;Completa - Recebimento definitivo;Consumo;Despesa extra orçamentária;2026-04-01;2026-04-07;2026-04-07;1032,92;Não
1400 - CORPO DE BOMBEIROS MILITAR DE MINAS GERAIS;Nota fiscal;20.495.966/0001-54;CASA DAS PECAS FORMIGUENSE LTDA -EPP;93;;1;Completa;Serviço;Despesa extra orçamentária;2026-01-15;2026-01-15;2026-04-07;1325,3;Não
2270 - FUNDACAO HOSPITALAR DO ESTADO DE MINAS GERAIS;Nota fiscal;34.454.477/0001-69;PLANEAR ENGENHARIA DE AR CONDICIONADO LTDA;185;;1;Completa;Serviço;Despesa orçamentária;2026-04-07;2026-04-07;2026-04-07;500,0;Não
2330 - INSTITUTO DE METROLOGIA E QUALIDADE DE MG;Nota fiscal;33.224.254/0001-42;MGS MINAS GERAIS ADMINISTRACAO E SERVICOS S/A;64;E;1;Completa;Serviço;Despesa orçamentária;2026-03-30;2026-04-07;2026-04-07;10667,72;Não
1250 - POLICIA MILITAR DE MINAS GERAIS;Nota fiscal;37.354.041/0001-96;AUTO PECAS E SERVICOS MECANICOS AVENIDA LTDA;77;;1;Completa;Serviço;Despesa orçamentária;2026-04-01;2026-04-01;2026-04-07;301,92;Não
1260 - SECRETARIA DE ESTADO DE EDUCACAO;Outros;40.921.610/0001-42;FACULDADE DE DESENVOLVIMENTO DO NORTE - FADENORTE LTDA;520251208;LIS;1;Completa;Serviço;Despesa orçamentária;2026-01-05;2026-01-05;2026-04-07;3300,0;Não
1400 - CORPO DE BOMBEIROS MILITAR DE MINAS GERAIS;Nota fiscal;20.495.966/0001-54;CASA DAS PECAS FORMIGUENSE LTDA -EPP;33415;;1;Completa;Serviço;Despesa extra orçamentária;2026-01-15;2026-01-15;2026-04-07;2850,0;Não
1090 - PROCURADORIA GERAL DE JUSTICA;Nota fiscal;39.565.567/0001-40;BTT TELECOMUNICACOES S.A.;1123565;;1;Completa;Serviço;Despesa orçamentária;2026-04-03;2026-04-03;2026-04-07;8333,33;Não
1440 - DEFENSORIA PUBLICA DO ESTADO DE MINAS GERAIS;Nota fiscal;12.751.850/0001-00;SEGEX SEGURANCA PRIVADA LTDA;213;;1;Completa;Serviço;Despesa orçamentária;2026-04-01;2026-04-06;2026-04-07;5988,44;Não
1260 - SECRETARIA DE ESTADO DE EDUCACAO;Outros;40.921.610/0001-42;FACULDADE DE DESENVOLVIMENTO DO NORTE - FADENORTE LTDA;520251209;LIS;1;Completa;Serviço;Despesa orçamentária;2026-01-05;2026-01-05;2026-04-07;4900,0;Não
1090 - PROCURADORIA GERAL DE JUSTICA;Nota fiscal;39.565.567/0001-40;BTT TELECOMUNICACOES S.A.;1121837;;1;Completa;Serviço;Despesa orçamentária;2026-04-03;2026-04-03;2026-04-07;2083,33;Não
1320 - SECRETARIA DE ESTADO DA SAUDE;Nota fiscal;10.447.355/0001-87;VIVA FARMACEUTICA S/A;43975;1;1;Completa - Recebimento definitivo;Consumo;Despesa orçamentária;2026-03-27;2026-04-07;2026-04-07;1934,51;Não
1320 - SECRETARIA DE ESTADO DA SAUDE;Nota fiscal;12.420.164/0005-80;CM HOSPITALAR S.A.;496965;1;1;Completa - Recebimento definitivo;Consumo;Despesa orçamentária;2026-03-27;2026-04-07;2026-04-07;13518,0;Não
1250 - POLICIA MILITAR DE MINAS GERAIS;Outros;69.207.850/0001-61;RCA PRODUTOS E SERVICOS LTDA.;30081;;1;Completa;Serviço;Despesa extra orçamentária;2026-04-07;2026-04-07;2026-04-07;46219,97;Não
2270 - FUNDACAO HOSPITALAR DO ESTADO DE MINAS GERAIS;Nota fiscal;12.927.876/0001-67;SOMA/MG PRODUTOS HOSPITALARES LTDA;369513;1;1;Completa - Recebimento definitivo;Consumo;Despesa orçamentária;2026-03-31;2026-03-31;2026-04-07;325,0;Não
1250 - POLICIA MILITAR DE MINAS GERAIS;Nota fiscal;37.354.041/0001-96;AUTO PECAS E SERVICOS MECANICOS AVENIDA LTDA;78;;1;Completa;Serviço;Despesa orçamentária;2026-04-01;2026-04-01;2026-04-07;298,77;Não
1370 - SECRETARIA ESTADO DE MEIO AMB.DESENV SUSTENTAVEL;Nota fiscal;33.224.254/0001-42;MGS MINAS GERAIS ADMINISTRACAO E SERVICOS S/A;202612208;;1;Completa;Serviço;Despesa orçamentária;2026-03-26;2026-04-01;2026-04-07;134397,46;Não
2100 - INSTITUTO ESTADUAL DE FLORESTAS-IEF;Nota fiscal;57.173.749/0001-58;57.173.749 ROBSON MONTALVAO VELOSO;50882816;;1;Completa - Disponível para recebimento definitivo;Consumo;Despesa orçamentária;2026-03-07;2026-04-07;2026-04-07;20998,6;Não
2060 - FUNDACAO JOAO PINHEIRO;Nota fiscal;07.432.517/0001-07;SIMPRESS COMERCIO LOCACAO E SERVICOS LTDA;375832;;1;Incompleta;Serviço;Despesa orçamentária;2026-04-01;2026-04-06;2026-04-07;3056,0;Não
2330 - INSTITUTO DE METROLOGIA E QUALIDADE DE MG;Nota fiscal;07.301.055/0001-80;AZIZ SISTEMAS DE SEGURANCA LTDA;879;E;1;Completa;Serviço;Despesa orçamentária;2026-03-25;2026-03-31;2026-04-07;5496,0;Não
1320 - SECRETARIA DE ESTADO DA SAUDE;Nota fiscal;08.231.734/0005-17;FUTURA COMERCIO DE PRODUTOS MEDICOS E HOSPITALARES LTDA;27580;0;1;Completa - Recebimento definitivo;Consumo;Despesa orçamentária;2026-03-30;2026-04-07;2026-04-07;1651,2;Não
1320 - SECRETARIA DE ESTADO DA SAUDE;Nota fiscal;36.325.157/0001-34;COSTA CAMARGO COM. DE PRODUTOS HOSPITALARES LTDA;244728;0;1;Completa - Recebimento definitivo;Consumo;Despesa extra orçamentária;2026-03-25;2026-04-07;2026-04-07;1144,5;Não
1370 - SECRETARIA ESTADO DE MEIO AMB.DESENV SUSTENTAVEL;Nota fiscal;33.224.254/0001-42;MGS MINAS GERAIS ADMINISTRACAO E SERVICOS S/A;202612313;;1;Completa;Serviço;Despesa orçamentária;2026-03-26;2026-03-31;2026-04-07;30143,88;Não
1510 - POLICIA CIVIL DO ESTADO DE MINAS GERAIS;Nota fiscal;59.012.539/0001-03;RESERVA SOLUCOES EM EQUIPAMENTOS TATICOS LTDA;186;;1;Completa - Recebimento definitivo;Consumo;Despesa orçamentária;2026-04-02;2026-04-07;2026-04-07;10600,0;Não
1250 - POLICIA MILITAR DE MINAS GERAIS;Outros;69.207.850/0001-61;RCA PRODUTOS E SERVICOS LTDA.;30082;;1;Completa;Serviço;Despesa orçamentária;2026-04-07;2026-04-07;2026-04-07;33097,4;Não
1190 - SECRETARIA DE ESTADO DE FAZENDA DE MINAS GERAIS;Nota fiscal;80.170.897/0001-30;TECNOFLEX INDUSTRIA E COMERCIO DO MOBILIARIO LTDA;38606;2;1;Completa - Disponível para recebimento definitivo;Permanente;Despesa orçamentária;2026-02-10;2026-02-23;2026-04-07;287460,21;Não
1030 - TRIBUNAL DE JUSTICA DO ESTADO DE MINAS GERAIS;Nota fiscal;05.869.736/0001-14;ALVO SEGURANCA LTDA;1217;803;1;Completa - Recebimento definitivo;Permanente;Despesa orçamentária;2026-03-06;2026-03-10;2026-04-07;614,02;Não
2270 - FUNDACAO HOSPITALAR DO ESTADO DE MINAS GERAIS;Nota fiscal;29.791.821/0001-75;MAGNA INDUSTRIA DE MATERIAIS HOSPITALARES LTDA;5343;;1;Completa - Recebimento definitivo;Consumo;Despesa orçamentária;2026-03-16;2026-03-17;2026-04-07;441,0;Não
1370 - SECRETARIA ESTADO DE MEIO AMB.DESENV SUSTENTAVEL;Nota fiscal;33.224.254/0001-42;MGS MINAS GERAIS ADMINISTRACAO E SERVICOS S/A;202612211;;1;Completa;Serviço;Despesa orçamentária;2026-03-26;2026-03-31;2026-04-07;290033,23;Não
1440 - DEFENSORIA PUBLICA DO ESTADO DE MINAS GERAIS;Nota fiscal;12.751.850/0001-00;SEGEX SEGURANCA PRIVADA LTDA;215;;1;Completa;Serviço;Despesa orçamentária;2026-04-01;2026-04-06;2026-04-07;5988,44;Não
2100 - INSTITUTO ESTADUAL DE FLORESTAS-IEF;Outros;33.224.254/0001-42;MGS MINAS GERAIS ADMINISTRACAO E SERVICOS S/A;202600000007958;A;1;Completa;Serviço;Despesa orçamentária;2026-02-25;2026-02-28;2026-04-07;5638,88;Não
2270 - FUNDACAO HOSPITALAR DO ESTADO DE MINAS GERAIS;Nota fiscal;08.093.178/0001-36;VIGI & SEG VIGILANCIA E SEGURANCA LTDA;119;;1;Completa;Serviço;Despesa orçamentária;2026-04-02;2026-04-07;2026-04-07;31797,24;Não
2010 - INST.DE PREVIDENCIA DOS SERVIDORES DO EST.M.GERAIS;Outros;***.742.788-**;RUBENS CHRISTIANO VOLPE PRADO;32026;;1;Completa;Serviço;Despesa orçamentária;2026-04-07;2026-04-07;2026-04-07;2740,0;Não
1320 - SECRETARIA DE ESTADO DA SAUDE;Nota fiscal;12.927.876/0001-67;SOMA/MG PRODUTOS HOSPITALARES LTDA;368207;1;1;Completa - Recebimento definitivo;Consumo;Despesa orçamentária;2026-03-18;2026-04-07;2026-04-07;19,6;Não
1320 - SECRETARIA DE ESTADO DA SAUDE;Outros;33.224.254/0001-42;MGS MINAS GERAIS ADMINISTRACAO E SERVICOS S/A;679575;;1;Completa;Serviço;Despesa orçamentária;2026-03-24;2026-04-01;2026-04-07;29359,35;Não
1320 - SECRETARIA DE ESTADO DA SAUDE;Nota fiscal;44.734.671/0022-86;CRISTALIA PRODUTOS QUIMICOS FARMACEUTICOS LTDA;946690;10;1;Completa - Recebimento definitivo;Consumo;Despesa orçamentária;2026-03-28;2026-04-07;2026-04-07;740,8;Não
1370 - SECRETARIA ESTADO DE MEIO AMB.DESENV SUSTENTAVEL;Nota fiscal;33.224.254/0001-42;MGS MINAS GERAIS ADMINISTRACAO E SERVICOS S/A;202612210;;1;Completa;Serviço;Despesa orçamentária;2026-03-26;2026-04-01;2026-04-07;222271,05;Não
1260 - SECRETARIA DE ESTADO DE EDUCACAO;Outros;27.410.818/0001-39;FRANCISCO GUILHERMINO GOMES COSTA - ME;9498941;1;1;Completa;Serviço;Despesa orçamentária;2026-04-06;2026-04-07;2026-04-07;7800,0;Não
2070 - FUND. DE AMPARO A PESQ. DO ESTADO DE MINAS GERAIS;Outros;34.028.316/0015-09;EMPRESA BRASILEIRA DE CORREIOS E TELEGRAFOS - ECT;2501629;;1;Completa;Serviço;Despesa orçamentária;2026-03-31;2026-04-07;2026-04-07;492,68;Não
2100 - INSTITUTO ESTADUAL DE FLORESTAS-IEF;Outros;33.224.254/0001-42;MGS MINAS GERAIS ADMINISTRACAO E SERVICOS S/A;202600000008002;A;1;Completa;Serviço;Despesa orçamentária;2026-02-25;2026-02-28;2026-04-07;8655,62;Não
1440 - DEFENSORIA PUBLICA DO ESTADO DE MINAS GERAIS;Nota fiscal;12.751.850/0001-00;SEGEX SEGURANCA PRIVADA LTDA;212;;1;Completa;Serviço;Despesa orçamentária;2026-04-01;2026-04-06;2026-04-07;5798,04;Não
1320 - SECRETARIA DE ESTADO DA SAUDE;Nota fiscal;21.681.325/0001-57;MULTIFARMA COMERCIO E REPRESENTACOES LTDA.;288441;1;1;Completa - Recebimento definitivo;Consumo;Despesa orçamentária;2026-03-27;2026-04-07;2026-04-07;5344,0;Não
1320 - SECRETARIA DE ESTADO DA SAUDE;Nota fiscal;33.224.254/0001-42;MGS MINAS GERAIS ADMINISTRACAO E SERVICOS S/A;11868;1;1;Incompleta;Serviço;Despesa orçamentária;2026-03-24;2026-04-07;2026-04-07;280864,81;Não
2100 - INSTITUTO ESTADUAL DE FLORESTAS-IEF;Outros;33.224.254/0001-42;MGS MINAS GERAIS ADMINISTRACAO E SERVICOS S/A;202600000008011;A;1;Completa;Serviço;Despesa orçamentária;2026-02-25;2026-02-28;2026-04-07;16916,64;Não
1370 - SECRETARIA ESTADO DE MEIO AMB.DESENV SUSTENTAVEL;Nota fiscal;33.224.254/0001-42;MGS MINAS GERAIS ADMINISTRACAO E SERVICOS S/A;202612316;;1;Completa;Serviço;Despesa orçamentária;2026-03-26;2026-04-06;2026-04-07;233924,8;Não
1440 - DEFENSORIA PUBLICA DO ESTADO DE MINAS GERAIS;Nota fiscal;12.751.850/0001-00;SEGEX SEGURANCA PRIVADA LTDA;214;;1;Completa;Serviço;Despesa orçamentária;2026-04-01;2026-04-06;2026-04-07;5798,04;Não
1320 - SECRETARIA DE ESTADO DA SAUDE;Nota fiscal;25.031.668/0001-27;SAMEH SOLUCOES HOSPITALARES LTDA;127694;1;1;Completa - Disponível para recebimento definitivo;Consumo;Despesa orçamentária;2026-03-30;2026-04-07;2026-04-07;559790,4;Não
1250 - POLICIA MILITAR DE MINAS GERAIS;Nota fiscal;27.056.617/0001-85;HELP SERVICOS E CONSULTORIA LTDA;90;;1;Completa;Serviço;Despesa orçamentária;2026-03-31;2026-04-07;2026-04-07;5203,25;Não
2270 - FUNDACAO HOSPITALAR DO ESTADO DE MINAS GERAIS;Nota fiscal;33.224.254/0001-42;MGS MINAS GERAIS ADMINISTRACAO E SERVICOS S/A;12732;B;1;Completa;Serviço;Despesa orçamentária;2026-03-30;2026-04-02;2026-04-07;94452,71;Não
1320 - SECRETARIA DE ESTADO DA SAUDE;Nota fiscal;21.681.325/0001-57;MULTIFARMA COMERCIO E REPRESENTACOES LTDA.;287838;1;1;Completa - Recebimento definitivo;Consumo;Despesa orçamentária;2026-03-18;2026-04-07;2026-04-07;67,2;Não
1250 - POLICIA MILITAR DE MINAS GERAIS;Nota fiscal;11.877.737/0001-03;KM COMERCIO E SERVICO LTDA;51;1;1;Completa;Serviço;Despesa orçamentária;2026-03-25;2026-04-07;2026-04-07;5422,39;Não
1370 - SECRETARIA ESTADO DE MEIO AMB.DESENV SUSTENTAVEL;Nota fiscal;33.224.254/0001-42;MGS MINAS GERAIS ADMINISTRACAO E SERVICOS S/A;202612212;;1;Completa;Serviço;Despesa orçamentária;2026-03-26;2026-03-31;2026-04-07;49758,71;Não
1370 - SECRETARIA ESTADO DE MEIO AMB.DESENV SUSTENTAVEL;Nota fiscal;33.224.254/0001-42;MGS MINAS GERAIS ADMINISTRACAO E SERVICOS S/A;202612218;;1;Completa;Serviço;Despesa orçamentária;2026-03-26;2026-04-01;2026-04-07;20038,41;Não
2270 - FUNDACAO HOSPITALAR DO ESTADO DE MINAS GERAIS;Nota fiscal;12.889.035/0002-93;INOVAMED HOSPITALAR LTDA;60088;1;1;Completa - Recebimento definitivo;Consumo;Despesa orçamentária;2026-03-27;2026-03-30;2026-04-07;64,8;Não
1370 - SECRETARIA ESTADO DE MEIO AMB.DESENV SUSTENTAVEL;Nota fiscal;33.224.254/0001-42;MGS MINAS GERAIS ADMINISTRACAO E SERVICOS S/A;202612209;;1;Completa;Serviço;Despesa orçamentária;2026-03-26;2026-03-27;2026-04-07;14465,05;Não
2310 - UNIVERSIDADE ESTADUAL DE MONTES CLAROS;Nota fiscal;05.266.324/0003-51;SERQUIP - TRATAMENTO DE RESIDUOS MG LTDA;202600000003106;;1;Completa;Serviço;Despesa orçamentária;2026-03-25;2026-03-26;2026-04-07;17719,44;Não
1080 - ADVOCACIA-GERAL DO ESTADO DE MINAS GERAIS;Nota fiscal;33.224.254/0001-42;MGS MINAS GERAIS ADMINISTRACAO E SERVICOS S/A;202611911;;1;Completa;Serviço;Despesa orçamentária;2026-03-25;2026-04-07;2026-04-07;15885,15;Não
2270 - FUNDACAO HOSPITALAR DO ESTADO DE MINAS GERAIS;Nota fiscal;58.950.775/0001-08;COTACAO COM REPRESENTACAO IMPORTACAO E EXPORTACAO LTDA;41587;;1;Completa - Recebimento definitivo;Consumo;Despesa orçamentária;2026-02-20;2026-02-23;2026-04-07;670,0;Não
2100 - INSTITUTO ESTADUAL DE FLORESTAS-IEF;Nota fiscal;33.224.254/0001-42;MGS MINAS GERAIS ADMINISTRACAO E SERVICOS S/A;2026000011248;;1;Completa;Serviço;Despesa orçamentária;2026-03-20;2026-03-20;2026-04-07;24544,4;Não
2090 - FUNDACAO ESTADUAL DO MEIO AMBIENTE;Nota fiscal;07.432.517/0001-07;SIMPRESS COMERCIO LOCACAO E SERVICOS LTDA;399061;;1;Completa;Serviço;Despesa orçamentária;2026-03-17;2026-04-06;2026-04-07;236,14;Não
2100 - INSTITUTO ESTADUAL DE FLORESTAS-IEF;Outros;33.224.254/0001-42;MGS MINAS GERAIS ADMINISTRACAO E SERVICOS S/A;678992;;1;Completa;Serviço;Despesa orçamentária;2026-03-20;2026-03-20;2026-04-07;2460,98;Não
2100 - INSTITUTO ESTADUAL DE FLORESTAS-IEF;Nota fiscal;33.224.254/0001-42;MGS MINAS GERAIS ADMINISTRACAO E SERVICOS S/A;2026000011247;;1;Completa;Serviço;Despesa orçamentária;2026-03-20;2026-03-20;2026-04-07;11520,85;Não
2090 - FUNDACAO ESTADUAL DO MEIO AMBIENTE;Nota fiscal;07.432.517/0001-07;SIMPRESS COMERCIO LOCACAO E SERVICOS LTDA;369056;;1;Incompleta;Serviço;Despesa orçamentária;2026-03-17;2026-04-06;2026-04-07;14,26;Não
2100 - INSTITUTO ESTADUAL DE FLORESTAS-IEF;Outros;33.224.254/0001-42;MGS MINAS GERAIS ADMINISTRACAO E SERVICOS S/A;678991;;1;Completa;Serviço;Despesa orçamentária;2026-03-20;2026-03-20;2026-04-07;1043,61;Não
2100 - INSTITUTO ESTADUAL DE FLORESTAS-IEF;Nota fiscal;33.224.254/0001-42;MGS MINAS GERAIS ADMINISTRACAO E SERVICOS S/A;2026000011258;;1;Completa;Serviço;Despesa orçamentária;2026-03-20;2026-03-20;2026-04-07;9449,98;Não
1030 - TRIBUNAL DE JUSTICA DO ESTADO DE MINAS GERAIS;Nota fiscal;10.629.755/0001-03;C R MOREIRA SANTOS LTDA;1143;;1;Completa;Serviço;Despesa orçamentária;2026-04-07;2026-04-07;2026-04-07;341421,47;Não
2100 - INSTITUTO ESTADUAL DE FLORESTAS-IEF;Outros;33.224.254/0001-42;MGS MINAS GERAIS ADMINISTRACAO E SERVICOS S/A;678976;;1;Completa;Serviço;Despesa orçamentária;2026-03-20;2026-03-20;2026-04-07;519,86;Não
1080 - ADVOCACIA-GERAL DO ESTADO DE MINAS GERAIS;Outros;33.224.254/0001-42;MGS MINAS GERAIS ADMINISTRACAO E SERVICOS S/A;679959;;1;Completa;Serviço;Despesa orçamentária;2026-03-25;2026-04-07;2026-04-07;1527,56;Não
2100 - INSTITUTO ESTADUAL DE FLORESTAS-IEF;Nota fiscal;33.224.254/0001-42;MGS MINAS GERAIS ADMINISTRACAO E SERVICOS S/A;2026000011246;;1;Completa;Serviço;Despesa orçamentária;2026-03-20;2026-03-20;2026-04-07;12412,27;Não
1010 - ASSEMBLEIA LEGISLATIVA DO ESTADO DE MINAS GERAIS;Nota fiscal;17.865.599/0001-29;BRIGADA DE INCENDIO BH LTDA;1502026;;1;Completa;Serviço;Despesa extra orçamentária;2026-04-07;2026-04-07;2026-04-07;15773,1;Não
2100 - INSTITUTO ESTADUAL DE FLORESTAS-IEF;Outros;33.224.254/0001-42;MGS MINAS GERAIS ADMINISTRACAO E SERVICOS S/A;678981;;1;Completa;Serviço;Despesa orçamentária;2026-03-20;2026-03-20;2026-04-07;1345,86;Não
1080 - ADVOCACIA-GERAL DO ESTADO DE MINAS GERAIS;Nota fiscal;33.224.254/0001-42;MGS MINAS GERAIS ADMINISTRACAO E SERVICOS S/A;202612014;;1;Completa;Serviço;Despesa orçamentária;2026-03-25;2026-04-07;2026-04-07;3889,68;Não
2270 - FUNDACAO HOSPITALAR DO ESTADO DE MINAS GERAIS;Nota fiscal;33.224.254/0001-42;MGS MINAS GERAIS ADMINISTRACAO E SERVICOS S/A;12732;C;1;Completa;Serviço;Despesa orçamentária;2026-03-30;2026-04-02;2026-04-07;58892,17;Não
1080 - ADVOCACIA-GERAL DO ESTADO DE MINAS GERAIS;Outros;33.224.254/0001-42;MGS MINAS GERAIS ADMINISTRACAO E SERVICOS S/A;680001;;1;Completa;Serviço;Despesa orçamentária;2026-03-25;2026-04-07;2026-04-07;509,96;Não
1090 - PROCURADORIA GERAL DE JUSTICA;Nota fiscal;60.501.293/0001-12;EDITORA REVISTA DOS TRIBUNAIS LTDA;622606;9;1;Completa;Serviço;Despesa extra orçamentária;2026-04-07;2026-04-07;2026-04-07;115,52;Não
2270 - FUNDACAO HOSPITALAR DO ESTADO DE MINAS GERAIS;Nota fiscal;13.694.036/0001-64;EMENALLI MEDICAL LTDA;19673;;1;Completa - Recebimento definitivo;Consumo;Despesa orçamentária;2026-02-13;2026-02-13;2026-04-07;38,8;Não
1080 - ADVOCACIA-GERAL DO ESTADO DE MINAS GERAIS;Nota fiscal;14.531.085/0001-49;RLA PARTICIPACOES E LOCACOES DE IMOVEIS LTDA;2026153;;1;Incompleta;Serviço;Despesa orçamentária;2026-03-19;2026-04-07;2026-04-07;232979,24;Não
1080 - ADVOCACIA-GERAL DO ESTADO DE MINAS GERAIS;Nota fiscal;28.964.042/0001-61;ZAP MUSIC E DEDETIZADORA LTDA;2026212;;1;Incompleta;Serviço;Despesa orçamentária;2026-03-31;2026-04-07;2026-04-07;3870,0;Não
1090 - PROCURADORIA GERAL DE JUSTICA;Outros;34.028.316/0015-09;EMPRESA BRASILEIRA DE CORREIOS E TELEGRAFOS - ECT;2496100;;1;Completa;Serviço;Despesa orçamentária;2026-04-06;2026-04-06;2026-04-07;120570,29;Não
1090 - PROCURADORIA GERAL DE JUSTICA;Outros;34.028.316/0015-09;EMPRESA BRASILEIRA DE CORREIOS E TELEGRAFOS - ECT;2501788;;1;Completa;Serviço;Despesa orçamentária;2026-04-06;2026-04-06;2026-04-07;17385,76;Não
2270 - FUNDACAO HOSPITALAR DO ESTADO DE MINAS GERAIS;Nota fiscal;12.889.035/0002-93;INOVAMED HOSPITALAR LTDA;60089;1;1;Completa - Recebimento definitivo;Consumo;Despesa orçamentária;2026-03-27;2026-03-30;2026-04-07;44,95;Não
1080 - ADVOCACIA-GERAL DO ESTADO DE MINAS GERAIS;Outros;01.017.250/0001-05;VOETUR TURISMO E REPRESENTACOES LTDA;1329414;;1;Completa;Serviço;Despesa orçamentária;2026-04-03;2026-04-07;2026-04-07;5584,58;Não
2300 - DEPARTAMENTO DE ESTRADAS DE RODAGEM;Nota fiscal;11.369.367/0001-01;COMMANDO SEGURANCA ELETRONICA LTDA;161;;1;Completa;Serviço;Despesa orçamentária;2026-04-01;2026-04-01;2026-04-07;2537,21;Não
1080 - ADVOCACIA-GERAL DO ESTADO DE MINAS GERAIS;Outros;01.017.250/0001-05;VOETUR TURISMO E REPRESENTACOES LTDA;1329415;;1;Completa;Serviço;Despesa orçamentária;2026-04-03;2026-04-07;2026-04-07;8263,33;Não
2270 - FUNDACAO HOSPITALAR DO ESTADO DE MINAS GERAIS;Nota fiscal;13.694.036/0001-64;EMENALLI MEDICAL LTDA;19863;;1;Completa - Recebimento definitivo;Consumo;Despesa orçamentária;2026-02-26;2026-02-26;2026-04-07;19,4;Não
1370 - SECRETARIA ESTADO DE MEIO AMB.DESENV SUSTENTAVEL;Nota fiscal;04.103.550/0001-97;EDS - ENERGIA E DESENVOLVIMENTO SUSTENTAVEL LTDA;823;;1;Completa;Serviço;Despesa orçamentária;2026-03-24;2026-03-24;2026-04-07;12811,45;Não
2270 - FUNDACAO HOSPITALAR DO ESTADO DE MINAS GERAIS;Nota fiscal;33.224.254/0001-42;MGS MINAS GERAIS ADMINISTRACAO E SERVICOS S/A;680918;A;1;Completa;Serviço;Despesa orçamentária;2026-03-30;2026-04-02;2026-04-07;26831,04;Não
2270 - FUNDACAO HOSPITALAR DO ESTADO DE MINAS GERAIS;Nota fiscal;60.665.981/0009-75;UNIAO QUIMICA FARMACEUTICA NACIONAL S A;1065552;1;1;Completa - Recebimento definitivo;Consumo;Despesa orçamentária;2026-03-29;2026-03-31;2026-04-07;78,0;Não
2270 - FUNDACAO HOSPITALAR DO ESTADO DE MINAS GERAIS;Nota fiscal;33.224.254/0001-42;MGS MINAS GERAIS ADMINISTRACAO E SERVICOS S/A;12733;A;1;Completa;Serviço;Despesa orçamentária;2026-03-30;2026-04-02;2026-04-07;374,71;Não
1260 - SECRETARIA DE ESTADO DE EDUCACAO;Outros;23.951.916/0002-03;FUNDACAO DE ENSINO SUPERIOR DO VALE DO SAPUCAI;61;;1;Completa;Serviço;Despesa extra orçamentária;2026-03-27;2026-04-01;2026-04-07;21553,59;Não
2300 - DEPARTAMENTO DE ESTRADAS DE RODAGEM;Nota fiscal;34.274.233/0025-71;VIBRA ENERGIA S.A;4857780;0;1;Completa - Disponível para recebimento definitivo;Consumo;Despesa orçamentária;2026-04-06;2026-04-06;2026-04-07;14149,88;Não
1480 - SECRETARIA DE ESTADO DE DESENVOLVIMENTO SOCIAL;Nota fiscal;01.017.250/0001-05;VOETUR TURISMO E REPRESENTACOES LTDA;1330434;;1;Completa;Serviço;Despesa orçamentária;2026-04-06;2026-04-06;2026-04-07;3372,81;Não
2270 - FUNDACAO HOSPITALAR DO ESTADO DE MINAS GERAIS;Nota fiscal;13.694.036/0001-64;EMENALLI MEDICAL LTDA;20290;;1;Completa - Recebimento definitivo;Consumo;Despesa orçamentária;2026-03-25;2026-03-25;2026-04-07;800,0;Não
1480 - SECRETARIA DE ESTADO DE DESENVOLVIMENTO SOCIAL;Nota fiscal;01.017.250/0001-05;VOETUR TURISMO E REPRESENTACOES LTDA;1329925;;1;Completa;Serviço;Despesa orçamentária;2026-04-06;2026-04-06;2026-04-07;3442,19;Não
2270 - FUNDACAO HOSPITALAR DO ESTADO DE MINAS GERAIS;Nota fiscal;30.060.762/0001-44;HOLPEMED COMERCIO E DISTRIBUICAO DE MATERIAIS MEDICOS LTDA;374;;1;Completa - Recebimento definitivo;Consumo;Despesa orçamentária;2026-03-03;2026-03-04;2026-04-07;1400,0;Não
1260 - SECRETARIA DE ESTADO DE EDUCACAO;Outros;23.951.916/0001-22;FUNDACAO DE ENSINO SUPERIOR DO VALE DO SAPUCAI;62;;1;Completa;Serviço;Despesa extra orçamentária;2026-03-31;2026-04-01;2026-04-07;15841,2;Não
1480 - SECRETARIA DE ESTADO DE DESENVOLVIMENTO SOCIAL;Nota fiscal;01.017.250/0001-05;VOETUR TURISMO E REPRESENTACOES LTDA;1329922;;1;Completa;Serviço;Despesa orçamentária;2026-04-06;2026-04-06;2026-04-07;7574,44;Não
1260 - SECRETARIA DE ESTADO DE EDUCACAO;Outros;03.516.376/0001-41;INSTITUTO NOVOS HORIZONTES DE ENSINO SUPERIOR E PESQUISA LTDA.;1393;;1;Completa;Serviço;Despesa orçamentária;2026-03-27;2026-03-30;2026-04-07;348035,1;Não
1480 - SECRETARIA DE ESTADO DE DESENVOLVIMENTO SOCIAL;Nota fiscal;01.017.250/0001-05;VOETUR TURISMO E REPRESENTACOES LTDA;1330432;;1;Incompleta;Serviço;Despesa orçamentária;2026-04-06;2026-04-06;2026-04-07;10019,82;Não
