orgao_emissor;tipo_de_documento;fornecedor_cnpj_cpf;fornecedor_nome_empresarial;numero;serie;sequencial;situacao;natureza;indicador_de_orcamento;data_de_emissao;data_de_recebimento;data_de_registro;valor_total_com_impostos;nota_fiscal_para_aglutinacao
1070 - GABINETE MILITAR DO GOVERNADOR DO ESTADO DE MG;Nota fiscal;17.455.913/0002-86;VOAR AVIATION TAXI AEREO E MANUTENCAO LTDA.;1687;;1;Completa;Serviço;Despesa orçamentária;2026-07-30;2026-07-30;2026-08-01;2000,0;Não
2270 - FUNDACAO HOSPITALAR DO ESTADO DE MINAS GERAIS;Nota fiscal;02.881.877/0004-07;POLAR FIX INDUSTRIA E COMERCIO DE PRODUTOS HOSPITALARES LTDA;62190;1;1;Completa - Recebimento definitivo;Consumo;Despesa orçamentária;2026-07-22;2026-07-27;2026-08-02;1150,0;Não
2270 - FUNDACAO HOSPITALAR DO ESTADO DE MINAS GERAIS;Nota fiscal;12.927.876/0001-67;SOMA/MG PRODUTOS HOSPITALARES LTDA;382565;1;1;Completa - Recebimento definitivo;Consumo;Despesa orçamentária;2026-07-28;2026-07-29;2026-08-02;810,0;Não
2270 - FUNDACAO HOSPITALAR DO ESTADO DE MINAS GERAIS;Nota fiscal;68.920.222/0001-66;MN-IMP.EXP.COM.SUPR.TERAREAB.LTDA.EPP;17579;1;1;Completa - Recebimento definitivo;Consumo;Despesa orçamentária;2026-07-28;2026-07-29;2026-08-02;1290,0;Não
2270 - FUNDACAO HOSPITALAR DO ESTADO DE MINAS GERAIS;Nota fiscal;35.042.280/0001-85;LAVITAL MATERIAIS CIRURGICOS LTDA;59;;1;Completa;Serviço;Despesa orçamentária;2026-08-01;2026-08-02;2026-08-02;60000,0;Não
2270 - FUNDACAO HOSPITALAR DO ESTADO DE MINAS GERAIS;Nota fiscal;41.721.051/0001-90;TRAUMINAS DISTRIBUIDORA DE MATERIAIS CIRURGICOS HOSPITALARES LTDA;173;;1;Completa;Serviço;Despesa orçamentária;2026-07-30;2026-08-02;2026-08-02;4200,0;Não
1320 - SECRETARIA DE ESTADO DA SAUDE;Nota fiscal;05.266.324/0003-51;SERQUIP - TRATAMENTO DE RESIDUOS MG LTDA;8093;;1;Completa;Serviço;Despesa orçamentária;2026-07-28;2026-08-03;2026-08-03;4098,87;Não
1510 - POLICIA CIVIL DO ESTADO DE MINAS GERAIS;Outros;***.961.696-**;DIVINO SIMIAO APARECIDO BORGES;72026;;1;Completa;Serviço;Despesa orçamentária;2026-08-03;2026-08-03;2026-08-03;14732,2;Não
2350 - UNIVERSIDADE DO ESTADO DE MINAS GERAIS;Nota fiscal;33.224.254/0001-42;MGS MINAS GERAIS ADMINISTRACAO E SERVICOS S/A;202625137;;1;Completa;Serviço;Despesa orçamentária;2026-07-16;2026-07-16;2026-08-03;64707,45;Não
2010 - INST.DE PREVIDENCIA DOS SERVIDORES DO EST.M.GERAIS;Nota fiscal;33.224.254/0001-42;MGS MINAS GERAIS ADMINISTRACAO E SERVICOS S/A;26837;1;1;Completa;Serviço;Despesa orçamentária;2026-07-29;2026-07-30;2026-08-03;18186,33;Não
2010 - INST.DE PREVIDENCIA DOS SERVIDORES DO EST.M.GERAIS;Outros;33.224.254/0001-42;MGS MINAS GERAIS ADMINISTRACAO E SERVICOS S/A;699208;1;1;Completa;Serviço;Despesa orçamentária;2026-07-29;2026-07-30;2026-08-03;1717,25;Não
1190 - SECRETARIA DE ESTADO DE FAZENDA DE MINAS GERAIS;Nota fiscal;01.548.339/0001-90;SERTA SERVICOS TECNICOS E ADMINISTRATIVOS LTDA - EM RECUPERACAO JUDICIAL;6959;;1;Completa;Serviço;Despesa orçamentária;2026-07-31;2026-08-03;2026-08-03;7534,46;Não
1190 - SECRETARIA DE ESTADO DE FAZENDA DE MINAS GERAIS;Nota fiscal;01.548.339/0001-90;SERTA SERVICOS TECNICOS E ADMINISTRATIVOS LTDA - EM RECUPERACAO JUDICIAL;6962;;1;Completa;Serviço;Despesa orçamentária;2026-07-31;2026-08-03;2026-08-03;5220,74;Não
1190 - SECRETARIA DE ESTADO DE FAZENDA DE MINAS GERAIS;Nota fiscal;01.548.339/0001-90;SERTA SERVICOS TECNICOS E ADMINISTRATIVOS LTDA - EM RECUPERACAO JUDICIAL;6955;;1;Completa;Serviço;Despesa orçamentária;2026-07-31;2026-08-03;2026-08-03;144,29;Não
1030 - TRIBUNAL DE JUSTICA DO ESTADO DE MINAS GERAIS;Nota fiscal;02.789.552/0002-37;LIDER VEICULOS S. A.;101556;;1;Completa;Serviço;Despesa orçamentária;2026-08-01;2026-08-01;2026-08-03;417,29;Não
2010 - INST.DE PREVIDENCIA DOS SERVIDORES DO EST.M.GERAIS;Outros;33.224.254/0001-42;MGS MINAS GERAIS ADMINISTRACAO E SERVICOS S/A;699207;;1;Completa;Serviço;Despesa orçamentária;2026-07-29;2026-07-30;2026-08-03;545,46;Não
1190 - SECRETARIA DE ESTADO DE FAZENDA DE MINAS GERAIS;Nota fiscal;01.548.339/0001-90;SERTA SERVICOS TECNICOS E ADMINISTRATIVOS LTDA - EM RECUPERACAO JUDICIAL;6954;;1;Completa;Serviço;Despesa orçamentária;2026-07-31;2026-08-03;2026-08-03;684,29;Não
2270 - FUNDACAO HOSPITALAR DO ESTADO DE MINAS GERAIS;Nota fiscal;35.820.448/0030-70;WHITE MARTINS GASES INDUSTRIAIS LTDA;22579;635;1;Incompleta;Consumo;Despesa orçamentária;2026-07-27;2026-07-27;2026-08-03;2010,45;Não
1030 - TRIBUNAL DE JUSTICA DO ESTADO DE MINAS GERAIS;Nota fiscal;02.789.552/0002-37;LIDER VEICULOS S. A.;6864;;1;Completa;Serviço;Despesa orçamentária;2026-08-01;2026-08-01;2026-08-03;479,9;Não
1190 - SECRETARIA DE ESTADO DE FAZENDA DE MINAS GERAIS;Nota fiscal;01.548.339/0001-90;SERTA SERVICOS TECNICOS E ADMINISTRATIVOS LTDA - EM RECUPERACAO JUDICIAL;6961;;1;Completa;Serviço;Despesa orçamentária;2026-07-31;2026-08-03;2026-08-03;143,05;Não
1190 - SECRETARIA DE ESTADO DE FAZENDA DE MINAS GERAIS;Nota fiscal;01.548.339/0001-90;SERTA SERVICOS TECNICOS E ADMINISTRATIVOS LTDA - EM RECUPERACAO JUDICIAL;6956;;1;Completa;Serviço;Despesa orçamentária;2026-07-31;2026-08-03;2026-08-03;616,13;Não
1190 - SECRETARIA DE ESTADO DE FAZENDA DE MINAS GERAIS;Nota fiscal;01.548.339/0001-90;SERTA SERVICOS TECNICOS E ADMINISTRATIVOS LTDA - EM RECUPERACAO JUDICIAL;6958;;1;Completa;Serviço;Despesa orçamentária;2026-07-31;2026-08-03;2026-08-03;295,5;Não
2300 - DEPARTAMENTO DE ESTRADAS DE RODAGEM;Nota fiscal;22.056.515/0001-46;INFORGRAF LTDA - ME;180;;1;Completa;Serviço;Despesa orçamentária;2026-07-03;2026-08-03;2026-08-03;74612,5;Não
1190 - SECRETARIA DE ESTADO DE FAZENDA DE MINAS GERAIS;Nota fiscal;01.548.339/0001-90;SERTA SERVICOS TECNICOS E ADMINISTRATIVOS LTDA - EM RECUPERACAO JUDICIAL;6960;;1;Completa;Serviço;Despesa orçamentária;2026-07-31;2026-08-03;2026-08-03;296,67;Não
1190 - SECRETARIA DE ESTADO DE FAZENDA DE MINAS GERAIS;Outros;40.432.544/0112-62;CLARO S.A.;2607200027092;;1;Completa;Serviço;Despesa orçamentária;2026-07-04;2026-08-03;2026-08-03;124,52;Não
1320 - SECRETARIA DE ESTADO DA SAUDE;Nota fiscal;55.706.619/0001-08;MY CLEAN DISTRIBUIDORA LTDA;155;803;1;Completa - Recebimento definitivo;Consumo;Despesa orçamentária;2026-07-30;2026-07-31;2026-08-03;7122,1;Não
1190 - SECRETARIA DE ESTADO DE FAZENDA DE MINAS GERAIS;Nota fiscal;01.548.339/0001-90;SERTA SERVICOS TECNICOS E ADMINISTRATIVOS LTDA - EM RECUPERACAO JUDICIAL;6953;;1;Completa;Serviço;Despesa orçamentária;2026-07-31;2026-08-03;2026-08-03;292,58;Não
1190 - SECRETARIA DE ESTADO DE FAZENDA DE MINAS GERAIS;Outros;40.432.544/0112-62;CLARO S.A.;2607200027105;;1;Completa;Serviço;Despesa orçamentária;2026-07-04;2026-08-03;2026-08-03;124,52;Não
1190 - SECRETARIA DE ESTADO DE FAZENDA DE MINAS GERAIS;Nota fiscal;01.548.339/0001-90;SERTA SERVICOS TECNICOS E ADMINISTRATIVOS LTDA - EM RECUPERACAO JUDICIAL;6957;;1;Completa;Serviço;Despesa orçamentária;2026-07-31;2026-08-03;2026-08-03;598,69;Não
1250 - POLICIA MILITAR DE MINAS GERAIS;Nota fiscal;05.147.907/0001-00;OFICINA MECANICA DINAMICA LTDA - ME;1759;;1;Completa;Serviço;Despesa orçamentária;2026-07-29;2026-08-03;2026-08-03;50,0;Não
1260 - SECRETARIA DE ESTADO DE EDUCACAO;Nota fiscal;11.502.786/0001-61;ORGANOTRAT CONTROLE DE VETORES E PRAGAS URBANAS LTDA;206;BCN;1;Completa;Serviço;Despesa orçamentária;2026-07-28;2026-08-03;2026-08-03;2540,0;Não
1250 - POLICIA MILITAR DE MINAS GERAIS;Nota fiscal;05.147.907/0001-00;OFICINA MECANICA DINAMICA LTDA - ME;79857;;1;Completa;Serviço;Despesa orçamentária;2026-07-29;2026-08-03;2026-08-03;71,1;Não
1250 - POLICIA MILITAR DE MINAS GERAIS;Nota fiscal;08.469.783/0001-69;SERV IMAGEM SERVICOS E COMERCIO LTDA;4470;;1;Completa;Serviço;Despesa orçamentária;2026-07-31;2026-07-31;2026-08-03;5503,33;Não
1320 - SECRETARIA DE ESTADO DA SAUDE;Outros;16.675.498/0001-22;AYMORE PARTICIPACOES LTDA;202607;;1;Completa;Serviço;Despesa orçamentária;2026-08-03;2026-08-03;2026-08-03;249344,87;Não
1250 - POLICIA MILITAR DE MINAS GERAIS;Nota fiscal;08.469.783/0001-69;SERV IMAGEM SERVICOS E COMERCIO LTDA;666;;1;Completa;Serviço;Despesa orçamentária;2026-07-31;2026-07-31;2026-08-03;3750,0;Não
1260 - SECRETARIA DE ESTADO DE EDUCACAO;Outros;33.224.254/0001-42;MGS MINAS GERAIS ADMINISTRACAO E SERVICOS S/A;697913;;1;Completa;Serviço;Despesa orçamentária;2026-07-22;2026-08-03;2026-08-03;5425,42;Não
2350 - UNIVERSIDADE DO ESTADO DE MINAS GERAIS;Outros;33.224.254/0001-42;MGS MINAS GERAIS ADMINISTRACAO E SERVICOS S/A;2026697065;;1;Completa;Serviço;Despesa orçamentária;2026-07-16;2026-07-16;2026-08-03;5625,39;Não
2270 - FUNDACAO HOSPITALAR DO ESTADO DE MINAS GERAIS;Nota fiscal;00.874.929/0001-40;MED CENTER COMERCIAL LTDA;716182;1;1;Completa - Recebimento definitivo;Consumo;Despesa orçamentária;2026-07-23;2026-07-27;2026-08-03;65,41;Não
1260 - SECRETARIA DE ESTADO DE EDUCACAO;Outros;07.320.383/0001-24;INSTITUTO TECNICO EDUCACIONAL POLIVALENTE LTDA - ME;9447738;626;1;Completa;Serviço;Despesa orçamentária;2026-07-22;2026-07-22;2026-08-03;23780,0;Não
2010 - INST.DE PREVIDENCIA DOS SERVIDORES DO EST.M.GERAIS;Nota fiscal;31.382.218/0001-81;R. B E SILVA COMERCIO DE SUPRIMENTOS DE INFORMATICA E EMBALAGENS;3595;1;1;Completa - Recebimento definitivo;Consumo;Despesa orçamentária;2026-07-29;2026-08-03;2026-08-03;1044,2;Não
1250 - POLICIA MILITAR DE MINAS GERAIS;Nota fiscal;08.684.674/0001-64;USESERVICE COMERCIO E SERVICOS LTDA;194;;1;Completa;Serviço;Despesa orçamentária;2026-07-07;2026-07-07;2026-08-03;3416,13;Não
2310 - UNIVERSIDADE ESTADUAL DE MONTES CLAROS;Nota fiscal;19.400.787/0001-07;QUIBASA QUIMICA BASICA LTDA ;183098;2;1;Completa - Recebimento definitivo;Consumo;Despesa orçamentária;2026-07-28;2026-08-03;2026-08-03;301,07;Não
2270 - FUNDACAO HOSPITALAR DO ESTADO DE MINAS GERAIS;Nota fiscal;03.945.035/0001-91;ACACIA COMERCIO DE MEDICAMENTOS LTDA;350179;;1;Completa - Recebimento definitivo;Consumo;Despesa orçamentária;2026-07-23;2026-07-31;2026-08-03;5,7;Não
1090 - PROCURADORIA GERAL DE JUSTICA;Nota fiscal;00.482.840/0001-38;LIDERANCA LIMPEZA E CONSERVACAO LTDA;2026179951;;1;Completa;Serviço;Despesa orçamentária;2026-07-30;2026-07-31;2026-08-03;5515,25;Não
2300 - DEPARTAMENTO DE ESTRADAS DE RODAGEM;Nota fiscal;33.224.254/0001-42;MGS MINAS GERAIS ADMINISTRACAO E SERVICOS S/A;25492;1;1;Completa;Serviço;Despesa orçamentária;2026-07-21;2026-07-31;2026-08-03;23847,13;Não
1260 - SECRETARIA DE ESTADO DE EDUCACAO;Nota fiscal;33.224.254/0001-42;MGS MINAS GERAIS ADMINISTRACAO E SERVICOS S/A;25668;1;1;Completa;Serviço;Despesa orçamentária;2026-07-22;2026-08-03;2026-08-03;109529,1;Não
1260 - SECRETARIA DE ESTADO DE EDUCACAO;Outros;07.320.383/0001-24;INSTITUTO TECNICO EDUCACIONAL POLIVALENTE LTDA - ME;9447785;626;1;Completa;Serviço;Despesa orçamentária;2026-07-22;2026-07-22;2026-08-03;30180,0;Não
1020 - TRIBUNAL DE CONTAS DO ESTADO DE MINAS GERAIS;Nota fiscal;05.407.609/0003-65;ALTAS NETWORKS & TELECOM LTDA;47;;1;Completa - Recebimento definitivo;Permanente;Despesa orçamentária;2026-07-22;2026-08-03;2026-08-03;267800,0;Não
1030 - TRIBUNAL DE JUSTICA DO ESTADO DE MINAS GERAIS;Nota fiscal;00.028.986/0010-07;ELEVADORES ATLAS SCHINDLER LTDA.;202655693;;1;Completa;Serviço;Despesa orçamentária;2026-08-03;2026-08-03;2026-08-03;5793,15;Não
1090 - PROCURADORIA GERAL DE JUSTICA;Nota fiscal;00.482.840/0001-38;LIDERANCA LIMPEZA E CONSERVACAO LTDA;2026179955;;1;Completa;Serviço;Despesa orçamentária;2026-07-30;2026-07-31;2026-08-03;338,09;Não
2270 - FUNDACAO HOSPITALAR DO ESTADO DE MINAS GERAIS;Nota fiscal;82.641.325/0021-61;CREMER S.A.;513910;1;1;Completa - Recebimento definitivo;Consumo;Despesa orçamentária;2026-07-20;2026-07-29;2026-08-03;12488,0;Não
1090 - PROCURADORIA GERAL DE JUSTICA;Nota fiscal;00.482.840/0001-38;LIDERANCA LIMPEZA E CONSERVACAO LTDA;2026179956;;1;Completa;Serviço;Despesa orçamentária;2026-07-30;2026-07-31;2026-08-03;8120,81;Não
2010 - INST.DE PREVIDENCIA DOS SERVIDORES DO EST.M.GERAIS;Nota fiscal;33.224.254/0001-42;MGS MINAS GERAIS ADMINISTRACAO E SERVICOS S/A;26722;1A;1;Completa;Serviço;Despesa orçamentária;2026-07-29;2026-07-29;2026-08-03;352002,64;Não
2270 - FUNDACAO HOSPITALAR DO ESTADO DE MINAS GERAIS;Nota fiscal;60.665.981/0009-75;UNIAO QUIMICA FARMACEUTICA NACIONAL S A;1104318;1;1;Completa - Recebimento definitivo;Consumo;Despesa orçamentária;2026-07-29;2026-07-31;2026-08-03;344,73;Não
1090 - PROCURADORIA GERAL DE JUSTICA;Nota fiscal;00.482.840/0001-38;LIDERANCA LIMPEZA E CONSERVACAO LTDA;2026179957;;1;Completa;Serviço;Despesa orçamentária;2026-07-30;2026-07-31;2026-08-03;8241,85;Não
2300 - DEPARTAMENTO DE ESTRADAS DE RODAGEM;Outros;33.224.254/0001-42;MGS MINAS GERAIS ADMINISTRACAO E SERVICOS S/A;697676;;1;Completa;Serviço;Despesa orçamentária;2026-07-21;2026-07-31;2026-08-03;1887,02;Não
2310 - UNIVERSIDADE ESTADUAL DE MONTES CLAROS;Nota fiscal;18.520.715/0001-30;SCAN DIAGNOSTICA INDUSTRIA E COMERCIO LTDA - EPP;13750;1;1;Completa - Recebimento definitivo;Consumo;Despesa orçamentária;2026-07-21;2026-08-03;2026-08-03;807,3;Não
1090 - PROCURADORIA GERAL DE JUSTICA;Nota fiscal;00.482.840/0001-38;LIDERANCA LIMPEZA E CONSERVACAO LTDA;2026179958;;1;Completa;Serviço;Despesa orçamentária;2026-07-30;2026-07-31;2026-08-03;11199,89;Não
2300 - DEPARTAMENTO DE ESTRADAS DE RODAGEM;Outros;33.224.254/0001-42;MGS MINAS GERAIS ADMINISTRACAO E SERVICOS S/A;697675;;1;Completa;Serviço;Despesa orçamentária;2026-07-21;2026-07-30;2026-08-03;770,3;Não
1320 - SECRETARIA DE ESTADO DA SAUDE;Nota fiscal;82.277.955/0007-40;NOVO NORDISK FARMACEUTICA DO BRASIL LTDA;142574;1;1;Completa - Recebimento definitivo;Consumo;Despesa orçamentária;2026-07-24;2026-07-30;2026-08-03;409120,0;Não
2270 - FUNDACAO HOSPITALAR DO ESTADO DE MINAS GERAIS;Nota fiscal;00.874.929/0001-40;MED CENTER COMERCIAL LTDA;718186;1;1;Completa - Recebimento definitivo;Consumo;Despesa orçamentária;2026-07-29;2026-07-31;2026-08-03;37,8;Não
1090 - PROCURADORIA GERAL DE JUSTICA;Nota fiscal;00.482.840/0001-38;LIDERANCA LIMPEZA E CONSERVACAO LTDA;2026179959;;1;Completa;Serviço;Despesa orçamentária;2026-07-30;2026-07-31;2026-08-03;8167,29;Não
1250 - POLICIA MILITAR DE MINAS GERAIS;Nota fiscal;05.222.267/0001-47;AGIS MEDICAL PRODUTOS HOSPITALARES LTDA;289213;2;1;Completa - Recebimento definitivo;Consumo;Despesa orçamentária;2026-07-24;2026-07-30;2026-08-03;2371,29;Não
1090 - PROCURADORIA GERAL DE JUSTICA;Nota fiscal;00.482.840/0001-38;LIDERANCA LIMPEZA E CONSERVACAO LTDA;2026179960;;1;Completa;Serviço;Despesa orçamentária;2026-07-30;2026-07-31;2026-08-03;8142,38;Não
1260 - SECRETARIA DE ESTADO DE EDUCACAO;Nota fiscal;33.224.254/0001-42;MGS MINAS GERAIS ADMINISTRACAO E SERVICOS S/A;25695;26;1;Completa;Serviço;Despesa orçamentária;2026-07-22;2026-08-03;2026-08-03;139328,44;Não
2010 - INST.DE PREVIDENCIA DOS SERVIDORES DO EST.M.GERAIS;Nota fiscal;33.224.254/0001-42;MGS MINAS GERAIS ADMINISTRACAO E SERVICOS S/A;26723;1A;1;Completa;Serviço;Despesa orçamentária;2026-07-29;2026-07-29;2026-08-03;29182,64;Não
1320 - SECRETARIA DE ESTADO DA SAUDE;Nota fiscal;12.499.494/0002-60;HOSPINOVA DISTRIBUIDORA DE PRODUTOS HOSPITALARES LTDA.;8249;201;1;Completa - Recebimento definitivo;Consumo;Despesa orçamentária;2026-07-23;2026-07-30;2026-08-03;112114,0;Não
1260 - SECRETARIA DE ESTADO DE EDUCACAO;Nota fiscal;37.366.082/0001-00;BHZ CONSTRUTORA LTDA;33;;1;Completa;Serviço;Despesa orçamentária;2026-07-24;2026-07-24;2026-08-03;138699,46;Não
1090 - PROCURADORIA GERAL DE JUSTICA;Nota fiscal;00.482.840/0001-38;LIDERANCA LIMPEZA E CONSERVACAO LTDA;2026179961;;1;Completa;Serviço;Despesa orçamentária;2026-07-30;2026-07-31;2026-08-03;8205,86;Não
1090 - PROCURADORIA GERAL DE JUSTICA;Nota fiscal;00.482.840/0001-38;LIDERANCA LIMPEZA E CONSERVACAO LTDA;2026179962;;1;Completa;Serviço;Despesa orçamentária;2026-07-30;2026-07-31;2026-08-03;8405,19;Não
2310 - UNIVERSIDADE ESTADUAL DE MONTES CLAROS;Nota fiscal;33.224.254/0001-42;MGS MINAS GERAIS ADMINISTRACAO E SERVICOS S/A;202600000026795;;1;Completa;Serviço;Despesa orçamentária;2026-07-29;2026-08-03;2026-08-03;593322,07;Não
2310 - UNIVERSIDADE ESTADUAL DE MONTES CLAROS;Nota fiscal;02.178.270/0001-12;VILSON VALENCA DOS SANTOS JUNIOR -ME;845;1;1;Completa - Recebimento definitivo;Consumo;Despesa orçamentária;2026-07-23;2026-08-03;2026-08-03;2474,2;Não
1090 - PROCURADORIA GERAL DE JUSTICA;Nota fiscal;00.482.840/0001-38;LIDERANCA LIMPEZA E CONSERVACAO LTDA;2026179963;;1;Completa;Serviço;Despesa orçamentária;2026-07-30;2026-07-31;2026-08-03;8211,43;Não
1090 - PROCURADORIA GERAL DE JUSTICA;Nota fiscal;00.482.840/0001-38;LIDERANCA LIMPEZA E CONSERVACAO LTDA;2026179964;;1;Completa;Serviço;Despesa orçamentária;2026-07-30;2026-07-31;2026-08-03;2847,52;Não
1320 - SECRETARIA DE ESTADO DA SAUDE;Nota fiscal;04.307.650/0012-98;ONCO PROD DISTRIBUIDORA DE PRODUTOS HOSPITALARES E ONCOLOGICOS LTDA.;841404;12;1;Completa - Recebimento definitivo;Consumo;Despesa orçamentária;2026-07-23;2026-07-30;2026-08-03;552668,5;Não
1400 - CORPO DE BOMBEIROS MILITAR DE MINAS GERAIS;Nota fiscal;46.714.443/0001-45;PONTO CERTO ALINHAMENTO E BALANCEAMENTO LTDA;707;;1;Completa;Serviço;Despesa orçamentária;2026-07-30;2026-07-30;2026-08-03;2125,0;Não
1090 - PROCURADORIA GERAL DE JUSTICA;Nota fiscal;00.482.840/0001-38;LIDERANCA LIMPEZA E CONSERVACAO LTDA;2026179965;;1;Completa;Serviço;Despesa orçamentária;2026-07-30;2026-07-31;2026-08-03;6373,26;Não
2310 - UNIVERSIDADE ESTADUAL DE MONTES CLAROS;Nota fiscal;33.224.254/0001-42;MGS MINAS GERAIS ADMINISTRACAO E SERVICOS S/A;202600000026793;;1;Completa;Serviço;Despesa orçamentária;2026-07-29;2026-08-03;2026-08-03;1417113,14;Não
2150 - FUNDACAO HELENA ANTIPOFF;Nota fiscal;16.636.540/0001-04;COMPANHIA DE TECNOLOGIA DA INFORMACAO DO ESTADO DE MINAS GERAIS-PRODEMGE;20245288;;1;Completa;Serviço;Despesa extra orçamentária;2024-09-11;2024-09-18;2026-08-03;3184,82;Não
1500 - SECRETARIA DE ESTADO DE PLANEJAMENTO E GESTAO;Nota fiscal;05.208.211/0001-38;IN HAUS INDUSTRIAL E SERVICOS DE LOGISTICA S/A;12015;;1;Completa;Serviço;Despesa orçamentária;2026-07-31;2026-07-31;2026-08-03;117718,29;Não
1090 - PROCURADORIA GERAL DE JUSTICA;Nota fiscal;00.482.840/0001-38;LIDERANCA LIMPEZA E CONSERVACAO LTDA;2026179966;;1;Completa;Serviço;Despesa orçamentária;2026-07-30;2026-07-31;2026-08-03;874,25;Não
2350 - UNIVERSIDADE DO ESTADO DE MINAS GERAIS;Outros;33.224.254/0001-42;MGS MINAS GERAIS ADMINISTRACAO E SERVICOS S/A;202625136;;1;Completa;Serviço;Despesa orçamentária;2026-07-16;2026-07-16;2026-08-03;968,54;Não
1320 - SECRETARIA DE ESTADO DA SAUDE;Nota fiscal;33.009.945/0002-04;PRODUTOS ROCHE QUIMICOS E FARMACEUTICOS S A;472178;1;1;Completa - Recebimento definitivo;Consumo;Despesa orçamentária;2026-07-22;2026-07-30;2026-08-03;4531870,0;Não
1090 - PROCURADORIA GERAL DE JUSTICA;Nota fiscal;00.482.840/0001-38;LIDERANCA LIMPEZA E CONSERVACAO LTDA;2026179967;;1;Completa;Serviço;Despesa orçamentária;2026-07-30;2026-07-31;2026-08-03;8059,31;Não
1190 - SECRETARIA DE ESTADO DE FAZENDA DE MINAS GERAIS;Nota fiscal;33.224.254/0001-42;MGS MINAS GERAIS ADMINISTRACAO E SERVICOS S/A;202626628;;1;Completa;Serviço;Despesa orçamentária;2026-07-29;2026-08-03;2026-08-03;74812,8;Não
1090 - PROCURADORIA GERAL DE JUSTICA;Nota fiscal;00.482.840/0001-38;LIDERANCA LIMPEZA E CONSERVACAO LTDA;2026179968;;1;Completa;Serviço;Despesa orçamentária;2026-07-30;2026-07-31;2026-08-03;8004,88;Não
1320 - SECRETARIA DE ESTADO DA SAUDE;Nota fiscal;12.499.494/0002-60;HOSPINOVA DISTRIBUIDORA DE PRODUTOS HOSPITALARES LTDA.;8253;201;1;Completa - Recebimento definitivo;Consumo;Despesa orçamentária;2026-07-24;2026-07-30;2026-08-03;34175,04;Não
2310 - UNIVERSIDADE ESTADUAL DE MONTES CLAROS;Nota fiscal;02.178.270/0001-12;VILSON VALENCA DOS SANTOS JUNIOR -ME;844;1;1;Completa - Recebimento definitivo;Consumo;Despesa orçamentária;2026-07-23;2026-08-03;2026-08-03;115,2;Não
1090 - PROCURADORIA GERAL DE JUSTICA;Nota fiscal;00.482.840/0001-38;LIDERANCA LIMPEZA E CONSERVACAO LTDA;2026179969;;1;Completa;Serviço;Despesa orçamentária;2026-07-30;2026-07-31;2026-08-03;7662,52;Não
2300 - DEPARTAMENTO DE ESTRADAS DE RODAGEM;Nota fiscal;07.301.055/0001-80;AZIZ SISTEMAS DE SEGURANCA LTDA;2162;700;1;Completa;Serviço;Despesa orçamentária;2026-07-15;2026-07-16;2026-08-03;2444,29;Não
2350 - UNIVERSIDADE DO ESTADO DE MINAS GERAIS;Nota fiscal;38.726.618/0001-06;LANDAETA EMPREENDIMENTOS IMOBILIARIOS LTDA -EPP;2026;;1;Completa;Serviço;Despesa orçamentária;2026-07-31;2026-07-31;2026-08-03;131366,71;Não
2310 - UNIVERSIDADE ESTADUAL DE MONTES CLAROS;Nota fiscal;03.526.622/0001-46;C & D INDUSTRIA E COMERCIO DE ALIMENTOS LTDA;19819;1;1;Completa - Recebimento definitivo;Consumo;Despesa orçamentária;2026-07-21;2026-08-03;2026-08-03;5000,17;Não
1090 - PROCURADORIA GERAL DE JUSTICA;Nota fiscal;00.482.840/0001-38;LIDERANCA LIMPEZA E CONSERVACAO LTDA;2026179970;;1;Completa;Serviço;Despesa orçamentária;2026-07-30;2026-07-31;2026-08-03;6676,92;Não
2350 - UNIVERSIDADE DO ESTADO DE MINAS GERAIS;Outros;33.224.254/0001-42;MGS MINAS GERAIS ADMINISTRACAO E SERVICOS S/A;2026697461;;1;Completa;Serviço;Despesa orçamentária;2026-07-20;2026-07-20;2026-08-03;1570,29;Não
1370 - SECRETARIA ESTADO DE MEIO AMB.DESENV SUSTENTAVEL;Nota fiscal;19.201.128/0001-41;ASSOCIACAO PROFISSIONALIZANTE DO MENOR DE BELO HORIZONTE -ASSPROM;20262452;;1;Completa;Serviço;Despesa orçamentária;2026-07-23;2026-07-30;2026-08-03;22288,49;Não
1250 - POLICIA MILITAR DE MINAS GERAIS;Nota fiscal;07.432.517/0001-07;SIMPRESS COMERCIO LOCACAO E SERVICOS LTDA;431122;;1;Completa;Serviço;Despesa orçamentária;2026-07-16;2026-07-31;2026-08-03;129,05;Não
1300 - SECRET. DE ESTADO DE INFRAESTRUTURA E MOBILIDADE;Nota fiscal;42.986.323/0001-46;PETREL ENGENHARIA LTDA;111;B;1;Completa;Serviço;Despesa extra orçamentária;2026-07-29;2026-07-29;2026-08-03;117375,45;Não
1090 - PROCURADORIA GERAL DE JUSTICA;Nota fiscal;00.482.840/0001-38;LIDERANCA LIMPEZA E CONSERVACAO LTDA;2026179971;;1;Completa;Serviço;Despesa orçamentária;2026-07-30;2026-07-31;2026-08-03;7990,91;Não
1250 - POLICIA MILITAR DE MINAS GERAIS;Nota fiscal;05.222.267/0001-47;AGIS MEDICAL PRODUTOS HOSPITALARES LTDA;289214;2;1;Completa - Recebimento definitivo;Consumo;Despesa orçamentária;2026-07-24;2026-07-30;2026-08-03;1044,62;Não
1400 - CORPO DE BOMBEIROS MILITAR DE MINAS GERAIS;Nota fiscal;27.056.617/0001-85;HELP SERVICOS E CONSULTORIA LTDA;2342026;;1;Completa;Serviço;Despesa orçamentária;2026-07-28;2026-08-03;2026-08-03;5718,92;Não
1090 - PROCURADORIA GERAL DE JUSTICA;Nota fiscal;00.482.840/0001-38;LIDERANCA LIMPEZA E CONSERVACAO LTDA;2026179972;;1;Completa;Serviço;Despesa orçamentária;2026-07-30;2026-07-31;2026-08-03;8211,42;Não
1250 - POLICIA MILITAR DE MINAS GERAIS;Nota fiscal;07.432.517/0001-07;SIMPRESS COMERCIO LOCACAO E SERVICOS LTDA;431131;;1;Completa;Serviço;Despesa orçamentária;2026-07-16;2026-07-31;2026-08-03;10,9;Não
1090 - PROCURADORIA GERAL DE JUSTICA;Nota fiscal;00.482.840/0001-38;LIDERANCA LIMPEZA E CONSERVACAO LTDA;2026179973;;1;Completa;Serviço;Despesa orçamentária;2026-07-30;2026-07-31;2026-08-03;8168,11;Não
1250 - POLICIA MILITAR DE MINAS GERAIS;Nota fiscal;34.274.233/0025-71;VIBRA ENERGIA S.A;4952116;;1;Completa - Recebimento definitivo;Consumo;Despesa orçamentária;2026-07-31;2026-08-03;2026-08-03;14666,88;Não
1250 - POLICIA MILITAR DE MINAS GERAIS;Nota fiscal;05.222.267/0001-47;AGIS MEDICAL PRODUTOS HOSPITALARES LTDA;289215;2;1;Completa - Recebimento definitivo;Consumo;Despesa orçamentária;2026-07-24;2026-07-30;2026-08-03;1044,62;Não
1320 - SECRETARIA DE ESTADO DA SAUDE;Nota fiscal;18.459.628/0097-67;BAYER S.A.;328631;1;1;Completa - Recebimento definitivo;Consumo;Despesa orçamentária;2026-07-23;2026-07-31;2026-08-03;3180600,0;Não
1260 - SECRETARIA DE ESTADO DE EDUCACAO;Nota fiscal;33.224.254/0001-42;MGS MINAS GERAIS ADMINISTRACAO E SERVICOS S/A;25670;1;1;Completa;Serviço;Despesa orçamentária;2026-07-22;2026-08-03;2026-08-03;2611,48;Não
1090 - PROCURADORIA GERAL DE JUSTICA;Nota fiscal;00.482.840/0001-38;LIDERANCA LIMPEZA E CONSERVACAO LTDA;2026179974;;1;Completa;Serviço;Despesa orçamentária;2026-07-30;2026-07-31;2026-08-03;7943,31;Não
1250 - POLICIA MILITAR DE MINAS GERAIS;Nota fiscal;05.823.205/0001-90;MAQUIRA INDUSTRIA DE PRODUTOS ODONTOLOGICOS S.A.;214387;;1;Completa - Recebimento definitivo;Consumo;Despesa orçamentária;2026-07-28;2026-07-31;2026-08-03;565,0;Não
1250 - POLICIA MILITAR DE MINAS GERAIS;Nota fiscal;07.432.517/0001-07;SIMPRESS COMERCIO LOCACAO E SERVICOS LTDA;431110;;1;Completa;Serviço;Despesa orçamentária;2026-07-16;2026-07-31;2026-08-03;129,05;Não
1020 - TRIBUNAL DE CONTAS DO ESTADO DE MINAS GERAIS;Nota fiscal;38.309.519/0001-29;HFD COMERCIO LTDA;522026;;1;Completa;Serviço;Despesa orçamentária;2026-07-31;2026-07-31;2026-08-03;533,33;Não
1030 - TRIBUNAL DE JUSTICA DO ESTADO DE MINAS GERAIS;Nota fiscal;19.499.671/0001-77;MS SERVICOS DE MANUTENCAO LTDA;4112026;E;1;Completa;Serviço;Despesa orçamentária;2026-07-31;2026-08-03;2026-08-03;7906,02;Não
1090 - PROCURADORIA GERAL DE JUSTICA;Nota fiscal;00.482.840/0001-38;LIDERANCA LIMPEZA E CONSERVACAO LTDA;2026179975;;1;Completa;Serviço;Despesa orçamentária;2026-07-30;2026-07-31;2026-08-03;8211,26;Não
2270 - FUNDACAO HOSPITALAR DO ESTADO DE MINAS GERAIS;Nota fiscal;76.386.283/0001-13;DIMEVA DISTRIBUIDORA E IMPORTADORA LTDA;127004;1;1;Completa - Recebimento definitivo;Consumo;Despesa orçamentária;2026-07-13;2026-07-22;2026-08-03;187,2;Não
2010 - INST.DE PREVIDENCIA DOS SERVIDORES DO EST.M.GERAIS;Nota fiscal;33.224.254/0001-42;MGS MINAS GERAIS ADMINISTRACAO E SERVICOS S/A;26846;1A;1;Completa;Serviço;Despesa orçamentária;2026-07-29;2026-07-30;2026-08-03;1264,76;Não
2010 - INST.DE PREVIDENCIA DOS SERVIDORES DO EST.M.GERAIS;Nota fiscal;33.224.254/0001-42;MGS MINAS GERAIS ADMINISTRACAO E SERVICOS S/A;26721;1A;1;Completa;Serviço;Despesa orçamentária;2026-07-29;2026-07-29;2026-08-03;15961,89;Não
2270 - FUNDACAO HOSPITALAR DO ESTADO DE MINAS GERAIS;Nota fiscal;28.345.933/0001-30;PURAH MEDICAL & CO LTDA;27041;;1;Completa - Recebimento definitivo;Consumo;Despesa orçamentária;2026-07-20;2026-08-03;2026-08-03;1557,7;Não
1260 - SECRETARIA DE ESTADO DE EDUCACAO;Nota fiscal;08.357.549/0001-40;GOULART E GONCALVES LTDA;202606;;1;Completa;Serviço;Despesa orçamentária;2026-07-01;2026-08-03;2026-08-03;31340,0;Não
1250 - POLICIA MILITAR DE MINAS GERAIS;Nota fiscal;07.432.517/0001-07;SIMPRESS COMERCIO LOCACAO E SERVICOS LTDA;431143;;1;Completa;Serviço;Despesa orçamentária;2026-07-16;2026-07-31;2026-08-03;13,75;Não
1090 - PROCURADORIA GERAL DE JUSTICA;Nota fiscal;00.482.840/0001-38;LIDERANCA LIMPEZA E CONSERVACAO LTDA;2026179976;;1;Completa;Serviço;Despesa orçamentária;2026-07-30;2026-07-31;2026-08-03;8211,41;Não
1250 - POLICIA MILITAR DE MINAS GERAIS;Nota fiscal;05.222.267/0001-47;AGIS MEDICAL PRODUTOS HOSPITALARES LTDA;289216;2;1;Completa - Recebimento definitivo;Consumo;Despesa orçamentária;2026-07-24;2026-07-30;2026-08-03;229,82;Não
1090 - PROCURADORIA GERAL DE JUSTICA;Nota fiscal;00.482.840/0001-38;LIDERANCA LIMPEZA E CONSERVACAO LTDA;2026179977;;1;Completa;Serviço;Despesa orçamentária;2026-07-30;2026-07-31;2026-08-03;8059,31;Não
2010 - INST.DE PREVIDENCIA DOS SERVIDORES DO EST.M.GERAIS;Outros;33.224.254/0001-42;MGS MINAS GERAIS ADMINISTRACAO E SERVICOS S/A;699214;;1;Completa;Serviço;Despesa orçamentária;2026-07-29;2026-07-30;2026-08-03;124,5;Não
1320 - SECRETARIA DE ESTADO DA SAUDE;Nota fiscal;10.588.595/0013-35;SANOFI MEDLEY FARMACEUTICA LTDA;54276;24;1;Completa - Recebimento definitivo;Consumo;Despesa orçamentária;2026-07-27;2026-07-31;2026-08-03;86242,4;Não
1250 - POLICIA MILITAR DE MINAS GERAIS;Nota fiscal;05.222.267/0001-47;AGIS MEDICAL PRODUTOS HOSPITALARES LTDA;289217;2;1;Completa - Recebimento definitivo;Consumo;Despesa orçamentária;2026-07-24;2026-07-30;2026-08-03;1441,58;Não
1090 - PROCURADORIA GERAL DE JUSTICA;Nota fiscal;00.482.840/0001-38;LIDERANCA LIMPEZA E CONSERVACAO LTDA;2026179978;;1;Completa;Serviço;Despesa orçamentária;2026-07-30;2026-07-31;2026-08-03;6893,13;Não
1020 - TRIBUNAL DE CONTAS DO ESTADO DE MINAS GERAIS;Nota fiscal;19.994.997/0001-70;CRIATIVA SOLUCOES PARA CONSTRUCAO LTDA;2428;1;2;Completa - Recebimento definitivo;Consumo;Despesa orçamentária;2026-07-29;2026-08-03;2026-08-03;540,0;Não
2270 - FUNDACAO HOSPITALAR DO ESTADO DE MINAS GERAIS;Nota fiscal;21.581.995/0001-00;SUPLEN MEDICAL LTDA;498797;1;1;Completa - Recebimento definitivo;Consumo;Despesa orçamentária;2026-07-30;2026-07-30;2026-08-03;99,33;Não
2010 - INST.DE PREVIDENCIA DOS SERVIDORES DO EST.M.GERAIS;Outros;33.224.254/0001-42;MGS MINAS GERAIS ADMINISTRACAO E SERVICOS S/A;699213;;1;Completa;Serviço;Despesa orçamentária;2026-07-29;2026-07-30;2026-08-03;181,82;Não
1190 - SECRETARIA DE ESTADO DE FAZENDA DE MINAS GERAIS;Nota fiscal;85.240.869/0001-66;ILHA SERVICE TECNOLOGIA E SERVICOS LTDA;7890;;1;Completa;Serviço;Despesa orçamentária;2026-07-20;2026-08-03;2026-08-03;242855,93;Não
1320 - SECRETARIA DE ESTADO DA SAUDE;Nota fiscal;40.456.487/0001-36;BDT ENGENHARIA LTDA;2026349;;2;Completa;Serviço;Despesa orçamentária;2026-07-16;2026-07-16;2026-08-03;12326,64;Não
2100 - INSTITUTO ESTADUAL DE FLORESTAS-IEF;Nota fiscal;33.224.254/0001-42;MGS MINAS GERAIS ADMINISTRACAO E SERVICOS S/A;202600000025867;;1;Completa;Serviço;Despesa orçamentária;2026-07-17;2026-07-24;2026-08-03;42671,85;Não
2300 - DEPARTAMENTO DE ESTRADAS DE RODAGEM;Nota fiscal;53.667.104/0001-10;AGUAS DE GOVERNADOR VALADARES SPE S.A.;151443011;;1;Completa;Serviço;Despesa orçamentária;2026-07-28;2026-07-31;2026-08-03;587,23;Não
1320 - SECRETARIA DE ESTADO DA SAUDE;Nota fiscal;53.452.157/0001-14;COLLECT IMPORTACAO E COMERCIO LTDA;30617;1;1;Completa - Recebimento definitivo;Consumo;Despesa orçamentária;2026-07-29;2026-07-31;2026-08-03;2229408,0;Não
1260 - SECRETARIA DE ESTADO DE EDUCACAO;Nota fiscal;37.366.082/0001-00;BHZ CONSTRUTORA LTDA;32;;1;Completa;Serviço;Despesa orçamentária;2026-07-22;2026-07-22;2026-08-03;50233,26;Não
1260 - SECRETARIA DE ESTADO DE EDUCACAO;Outros;33.224.254/0001-42;MGS MINAS GERAIS ADMINISTRACAO E SERVICOS S/A;697911;;1;Completa;Serviço;Despesa orçamentária;2026-07-22;2026-08-03;2026-08-03;424,25;Não
2270 - FUNDACAO HOSPITALAR DO ESTADO DE MINAS GERAIS;Nota fiscal;31.673.254/0010-95;LABORATORIOS B BRAUN SA;1100027;;1;Completa - Recebimento definitivo;Consumo;Despesa orçamentária;2026-07-27;2026-07-29;2026-08-03;12600,0;Não
2370 - INSTITUTO MINEIRO DE AGROPECUARIA;Nota fiscal;68.583.376/0001-00;COLEGIO BRAS DE MEDICOS VET HIGIENISTAS DE ALIMENTOS;48;;1;Completa;Serviço;Despesa orçamentária;2026-07-13;2026-07-30;2026-08-03;5500,0;Não
2370 - INSTITUTO MINEIRO DE AGROPECUARIA;Nota fiscal;33.224.254/0001-42;MGS MINAS GERAIS ADMINISTRACAO E SERVICOS S/A;26935;1;1;Completa;Serviço;Despesa orçamentária;2026-07-29;2026-08-03;2026-08-03;4239,38;Não
1090 - PROCURADORIA GERAL DE JUSTICA;Nota fiscal;00.482.840/0001-38;LIDERANCA LIMPEZA E CONSERVACAO LTDA;2026179979;;1;Completa;Serviço;Despesa orçamentária;2026-07-30;2026-07-31;2026-08-03;8120,81;Não
1250 - POLICIA MILITAR DE MINAS GERAIS;Outros;23.763.790/0001-62;TRANS PONTUAL LTDA -ME;1989;;1;Completa;Serviço;Despesa orçamentária;2026-07-29;2026-07-30;2026-08-03;21109,53;Não
1710 - SECRETARIA DE ESTADO DE COMUNICACAO SOCIAL;Outros;01.406.617/0001-74;AGENCIA DE INTEGRACAO EMPRESA ESCOLA LTDA;35428;;1;Completa;Serviço;Despesa orçamentária;2026-07-28;2026-08-03;2026-08-03;15482,94;Não
1250 - POLICIA MILITAR DE MINAS GERAIS;Nota fiscal;29.910.022/0001-70;UNIAO FARMA COMERCIAL EIRELI;3613;1;1;Completa - Recebimento definitivo;Consumo;Despesa orçamentária;2026-07-21;2026-07-28;2026-08-03;2423,0;Não
2010 - INST.DE PREVIDENCIA DOS SERVIDORES DO EST.M.GERAIS;Outros;16.636.540/0001-04;COMPANHIA DE TECNOLOGIA DA INFORMACAO DO ESTADO DE MINAS GERAIS-PRODEMGE;20266249;;2;Completa;Serviço;Despesa orçamentária;2026-07-23;2026-07-23;2026-08-03;123720,0;Não
2300 - DEPARTAMENTO DE ESTRADAS DE RODAGEM;Outros;33.224.254/0001-42;MGS MINAS GERAIS ADMINISTRACAO E SERVICOS S/A;697672;;1;Completa;Serviço;Despesa orçamentária;2026-07-21;2026-08-03;2026-08-03;1006,06;Não
1030 - TRIBUNAL DE JUSTICA DO ESTADO DE MINAS GERAIS;Nota fiscal;14.193.613/0001-05;KADOSHI COMERCIO E REPRESENTACOES LTDA;1357;1;1;Completa - Recebimento definitivo;Permanente;Despesa orçamentária;2026-07-31;2026-07-31;2026-08-03;57320,0;Não
2300 - DEPARTAMENTO DE ESTRADAS DE RODAGEM;Outros;33.224.254/0001-42;MGS MINAS GERAIS ADMINISTRACAO E SERVICOS S/A;697671;;1;Completa;Serviço;Despesa orçamentária;2026-07-21;2026-08-03;2026-08-03;3112,26;Não
1250 - POLICIA MILITAR DE MINAS GERAIS;Nota fiscal;20.235.404/0001-71;DCB DISTRIBUIDORA CIRURGICA BRASILEIRA LTDA;108033;1;1;Completa - Recebimento definitivo;Consumo;Despesa orçamentária;2026-07-16;2026-07-28;2026-08-03;34480,0;Não
2310 - UNIVERSIDADE ESTADUAL DE MONTES CLAROS;Outros;33.224.254/0001-42;MGS MINAS GERAIS ADMINISTRACAO E SERVICOS S/A;699166;;1;Completa;Serviço;Despesa orçamentária;2026-07-29;2026-08-03;2026-08-03;54246,64;Não
2270 - FUNDACAO HOSPITALAR DO ESTADO DE MINAS GERAIS;Nota fiscal;17.331.294/0001-37;W M PORTAS EMPREENDIMENTOS EM MOVEIS PLANEJADOS LTDA - EPP;1265;;2;Completa - Recebimento definitivo;Consumo;Despesa orçamentária;2026-07-28;2026-07-31;2026-08-03;1010,0;Não
1450 - SECRETARIA DE ESTADO DE JUSTICA E SEGURANCA PUBLIC;Nota fiscal;33.133.187/0001-50;RTM EQUIPAMENTOS PROFISSIONAIS PARA LAVANDERIA LTDA;291;1;1;Completa - Recebimento definitivo;Permanente;Despesa extra orçamentária;2025-04-25;2026-07-30;2026-08-03;96000,0;Não
1250 - POLICIA MILITAR DE MINAS GERAIS;Nota fiscal;41.658.519/0001-49;CENTRAL SUPRIMENTOS LTDA -ME;15401;;1;Completa - Recebimento definitivo;Consumo;Despesa orçamentária;2026-07-13;2026-07-31;2026-08-03;1329,31;Não
1030 - TRIBUNAL DE JUSTICA DO ESTADO DE MINAS GERAIS;Nota fiscal;14.193.613/0001-05;KADOSHI COMERCIO E REPRESENTACOES LTDA;1356;1;1;Completa - Recebimento definitivo;Permanente;Despesa orçamentária;2026-07-28;2026-07-31;2026-08-03;57320,0;Não
2010 - INST.DE PREVIDENCIA DOS SERVIDORES DO EST.M.GERAIS;Nota fiscal;22.261.473/0001-85;COMPANHIA DE GAS DE MINAS GERAIS GASMIG;1200429;;1;Completa;Serviço;Despesa orçamentária;2026-07-30;2026-07-30;2026-08-03;66507,12;Não
2300 - DEPARTAMENTO DE ESTRADAS DE RODAGEM;Nota fiscal;33.224.254/0001-42;MGS MINAS GERAIS ADMINISTRACAO E SERVICOS S/A;25504;;1;Completa;Serviço;Despesa orçamentária;2026-07-21;2026-08-03;2026-08-03;34688,15;Não
1260 - SECRETARIA DE ESTADO DE EDUCACAO;Nota fiscal;02.345.421/0001-80;FUNDACAO CARMELITANA MARIO PALMERIO;14;;1;Completa;Serviço;Despesa orçamentária;2026-07-14;2026-08-03;2026-08-03;18011,1;Não
1400 - CORPO DE BOMBEIROS MILITAR DE MINAS GERAIS;Nota fiscal;05.340.639/0001-30;PRIME CONSULTORIA E ASSESSORIA EMPRESARIAL LTDA;2996435;0;1;Completa;Serviço;Despesa orçamentária;2026-08-03;2026-08-03;2026-08-03;168167,37;Não
2100 - INSTITUTO ESTADUAL DE FLORESTAS-IEF;Nota fiscal;17.318.650/0001-82;PAINEL INDUSTRIA E COMERCIO DE DIVISORIAS E FORROS LTDA -EPP;9;;1;Completa;Serviço;Despesa orçamentária;2026-07-31;2026-08-03;2026-08-03;15200,0;Não
1250 - POLICIA MILITAR DE MINAS GERAIS;Nota fiscal;82.641.325/0021-61;CREMER S.A.;513944;1;1;Completa - Recebimento definitivo;Consumo;Despesa orçamentária;2026-07-23;2026-07-30;2026-08-03;838,8;Não
2010 - INST.DE PREVIDENCIA DOS SERVIDORES DO EST.M.GERAIS;Nota fiscal;33.224.254/0001-42;MGS MINAS GERAIS ADMINISTRACAO E SERVICOS S/A;26733;1A;1;Completa;Serviço;Despesa orçamentária;2026-07-29;2026-07-29;2026-08-03;78363,76;Não
1260 - SECRETARIA DE ESTADO DE EDUCACAO;Outros;33.224.254/0001-42;MGS MINAS GERAIS ADMINISTRACAO E SERVICOS S/A;697895;;1;Completa;Serviço;Despesa orçamentária;2026-07-22;2026-07-22;2026-08-03;4532,87;Não
2100 - INSTITUTO ESTADUAL DE FLORESTAS-IEF;Nota fiscal;33.224.254/0001-42;MGS MINAS GERAIS ADMINISTRACAO E SERVICOS S/A;252852026;;1;Completa;Serviço;Despesa orçamentária;2026-07-17;2026-07-29;2026-08-03;26244,52;Não
1260 - SECRETARIA DE ESTADO DE EDUCACAO;Nota fiscal;08.638.426/0001-87;EVERALDO GOMES GONCALVES & CIA LTDA;8513;1;1;Completa - Recebimento definitivo;Consumo;Despesa orçamentária;2026-07-30;2026-07-30;2026-08-03;625,0;Não
1020 - TRIBUNAL DE CONTAS DO ESTADO DE MINAS GERAIS;Nota fiscal;44.982.263/0001-19;DBTA PRO LTDA;2923;1;1;Completa - Recebimento definitivo;Consumo;Despesa orçamentária;2026-07-28;2026-08-03;2026-08-03;4495,0;Não
1250 - POLICIA MILITAR DE MINAS GERAIS;Nota fiscal;44.734.671/0022-86;CRISTALIA PRODUTOS QUIMICOS FARMACEUTICOS LTDA;1056945;10;1;Completa - Recebimento definitivo;Consumo;Despesa orçamentária;2026-07-24;2026-07-30;2026-08-03;1505,6;Não
2370 - INSTITUTO MINEIRO DE AGROPECUARIA;Outros;33.224.254/0001-42;MGS MINAS GERAIS ADMINISTRACAO E SERVICOS S/A;699066;;1;Completa;Serviço;Despesa orçamentária;2026-07-29;2026-08-03;2026-08-03;571,91;Não
2350 - UNIVERSIDADE DO ESTADO DE MINAS GERAIS;Outros;33.224.254/0001-42;MGS MINAS GERAIS ADMINISTRACAO E SERVICOS S/A;2026697735;;1;Completa;Serviço;Despesa orçamentária;2026-07-21;2026-07-21;2026-08-03;66169,12;Não
2010 - INST.DE PREVIDENCIA DOS SERVIDORES DO EST.M.GERAIS;Nota fiscal;33.224.254/0001-42;MGS MINAS GERAIS ADMINISTRACAO E SERVICOS S/A;26732;1A;1;Completa;Serviço;Despesa orçamentária;2026-07-29;2026-07-29;2026-08-03;4738,77;Não
2310 - UNIVERSIDADE ESTADUAL DE MONTES CLAROS;Nota fiscal;33.224.254/0001-42;MGS MINAS GERAIS ADMINISTRACAO E SERVICOS S/A;202600000026797;;1;Completa;Serviço;Despesa orçamentária;2026-07-29;2026-08-03;2026-08-03;10718,32;Não
1260 - SECRETARIA DE ESTADO DE EDUCACAO;Outros;33.224.254/0001-42;MGS MINAS GERAIS ADMINISTRACAO E SERVICOS S/A;697894;;1;Completa;Serviço;Despesa orçamentária;2026-07-22;2026-07-22;2026-08-03;1272,74;Não
2350 - UNIVERSIDADE DO ESTADO DE MINAS GERAIS;Outros;33.224.254/0001-42;MGS MINAS GERAIS ADMINISTRACAO E SERVICOS S/A;202625540;;1;Completa;Serviço;Despesa orçamentária;2026-07-21;2026-07-21;2026-08-03;3682,58;Não
2010 - INST.DE PREVIDENCIA DOS SERVIDORES DO EST.M.GERAIS;Nota fiscal;33.224.254/0001-42;MGS MINAS GERAIS ADMINISTRACAO E SERVICOS S/A;26731;1A;1;Completa;Serviço;Despesa orçamentária;2026-07-29;2026-07-29;2026-08-03;1569,39;Não
1250 - POLICIA MILITAR DE MINAS GERAIS;Nota fiscal;24.638.170/0001-64;DISTRIBUIDORA MENDONCA E MIRANDA LTDA;2394;0;1;Completa - Recebimento definitivo;Consumo;Despesa orçamentária;2026-07-28;2026-07-29;2026-08-03;52800,0;Não
2310 - UNIVERSIDADE ESTADUAL DE MONTES CLAROS;Outros;33.224.254/0001-42;MGS MINAS GERAIS ADMINISTRACAO E SERVICOS S/A;699167;;1;Completa;Serviço;Despesa orçamentária;2026-07-29;2026-08-03;2026-08-03;15876,98;Não
2270 - FUNDACAO HOSPITALAR DO ESTADO DE MINAS GERAIS;Nota fiscal;37.513.162/0001-33;WATT CONSTRUTORA LTDA;78;;2;Completa;Serviço;Despesa orçamentária;2026-07-30;2026-07-31;2026-08-03;477431,88;Não
1260 - SECRETARIA DE ESTADO DE EDUCACAO;Nota fiscal;33.224.254/0001-42;MGS MINAS GERAIS ADMINISTRACAO E SERVICOS S/A;25684;1;1;Completa;Serviço;Despesa orçamentária;2026-07-22;2026-07-22;2026-08-03;626,09;Não
2370 - INSTITUTO MINEIRO DE AGROPECUARIA;Nota fiscal;04.095.869/0001-18;NETMAKE SOLUCOES EM INFORMATICA LTDA;2600000002780;;1;Completa;Serviço;Despesa orçamentária;2026-07-22;2026-07-30;2026-08-03;16577,8;Não
1250 - POLICIA MILITAR DE MINAS GERAIS;Nota fiscal;18.459.628/0097-67;BAYER S.A.;328732;1;1;Completa - Recebimento definitivo;Consumo;Despesa orçamentária;2026-07-23;2026-07-31;2026-08-03;291144,0;Não
1260 - SECRETARIA DE ESTADO DE EDUCACAO;Nota fiscal;16.588.268/0001-26;CENTRO TECNICO DE EDUCACAO PROFISSIONAL DE ALEM PARAIBA LTDA - ME;222026;;1;Completa;Serviço;Despesa orçamentária;2026-08-01;2026-08-03;2026-08-03;53431,7;Não
1450 - SECRETARIA DE ESTADO DE JUSTICA E SEGURANCA PUBLIC;Nota fiscal;08.624.977/0001-91;TERRAVIVA AMBIENTAL LTDA;6632;;1;Completa;Serviço;Despesa orçamentária;2026-05-12;2026-05-12;2026-08-03;339,13;Não
2350 - UNIVERSIDADE DO ESTADO DE MINAS GERAIS;Outros;33.224.254/0001-42;MGS MINAS GERAIS ADMINISTRACAO E SERVICOS S/A;2026697738;;1;Completa;Serviço;Despesa orçamentária;2026-07-21;2026-07-21;2026-08-03;19873,23;Não
1250 - POLICIA MILITAR DE MINAS GERAIS;Nota fiscal;07.295.190/0001-60;DBI COMERCIO E IMPORTACAO LTDA;73675;1;1;Completa - Recebimento definitivo;Consumo;Despesa orçamentária;2026-07-22;2026-07-31;2026-08-03;10990,0;Não
1480 - SECRETARIA DE ESTADO DE DESENVOLVIMENTO SOCIAL;Nota fiscal;33.224.254/0001-42;MGS MINAS GERAIS ADMINISTRACAO E SERVICOS S/A;699007;;1;Completa;Serviço;Despesa orçamentária;2026-07-29;2026-08-03;2026-08-03;522,17;Não
1260 - SECRETARIA DE ESTADO DE EDUCACAO;Nota fiscal;33.224.254/0001-42;MGS MINAS GERAIS ADMINISTRACAO E SERVICOS S/A;25685;1;1;Completa;Serviço;Despesa orçamentária;2026-07-22;2026-07-22;2026-08-03;79449,85;Não
2270 - FUNDACAO HOSPITALAR DO ESTADO DE MINAS GERAIS;Nota fiscal;03.945.035/0001-91;ACACIA COMERCIO DE MEDICAMENTOS LTDA;348899;1;1;Completa - Recebimento definitivo;Consumo;Despesa orçamentária;2026-07-08;2026-07-15;2026-08-03;364,8;Não
1400 - CORPO DE BOMBEIROS MILITAR DE MINAS GERAIS;Nota fiscal;04.087.116/0001-60;AGRA MOTORS COMERCIO DE VEICULOS LTDA;195646;;1;Completa;Serviço;Despesa orçamentária;2026-07-31;2026-07-31;2026-08-03;10168,42;Não
1250 - POLICIA MILITAR DE MINAS GERAIS;Nota fiscal;13.008.903/0001-60;MILLENIUM COMERCIO SERVICO LTDA - EPP;6950;1;1;Completa - Recebimento definitivo;Consumo;Despesa orçamentária;2026-07-28;2026-07-31;2026-08-03;4860,0;Não
2270 - FUNDACAO HOSPITALAR DO ESTADO DE MINAS GERAIS;Nota fiscal;00.610.681/0005-33;HOSP-PHARMA MANIPULACAO E SUPRIMENTOS LTDA;19233;1;1;Completa - Recebimento definitivo;Consumo;Despesa orçamentária;2026-07-28;2026-07-28;2026-08-03;1612,72;Não
2270 - FUNDACAO HOSPITALAR DO ESTADO DE MINAS GERAIS;Nota fiscal;41.719.535/0001-02;ORTO MUNK LTDA -ME;2133;1;1;Completa;Serviço;Despesa extra orçamentária;2026-07-22;2026-07-22;2026-08-03;717,0;Não
1090 - PROCURADORIA GERAL DE JUSTICA;Nota fiscal;00.482.840/0001-38;LIDERANCA LIMPEZA E CONSERVACAO LTDA;2026179980;;1;Completa;Serviço;Despesa orçamentária;2026-07-30;2026-07-31;2026-08-03;8257,47;Não
2270 - FUNDACAO HOSPITALAR DO ESTADO DE MINAS GERAIS;Nota fiscal;10.245.758/0001-43;DELTA 5 SIMULADORES DE VOO  LTDA;581;1;1;Completa;Serviço;Despesa extra orçamentária;2026-07-27;2026-07-27;2026-08-03;11290,0;Não
1190 - SECRETARIA DE ESTADO DE FAZENDA DE MINAS GERAIS;Nota fiscal;33.224.254/0001-42;MGS MINAS GERAIS ADMINISTRACAO E SERVICOS S/A;26640;A;1;Completa;Serviço;Despesa orçamentária;2026-07-29;2026-07-29;2026-08-03;6632,21;Não
2100 - INSTITUTO ESTADUAL DE FLORESTAS-IEF;Nota fiscal;60.768.781/0001-90;60.768.781 PEDRO HENRIQUE GONCALVES;52;1;1;Completa - Recebimento definitivo;Consumo;Despesa orçamentária;2026-08-03;2026-08-03;2026-08-03;338,0;Não
2270 - FUNDACAO HOSPITALAR DO ESTADO DE MINAS GERAIS;Nota fiscal;00.610.681/0005-33;HOSP-PHARMA MANIPULACAO E SUPRIMENTOS LTDA;19010;1;1;Completa - Recebimento definitivo;Consumo;Despesa orçamentária;2026-07-26;2026-07-26;2026-08-03;1874,05;Não
1190 - SECRETARIA DE ESTADO DE FAZENDA DE MINAS GERAIS;Nota fiscal;07.301.055/0001-80;AZIZ SISTEMAS DE SEGURANCA LTDA;2186;;1;Completa;Serviço;Despesa orçamentária;2026-07-28;2026-07-28;2026-08-03;1260,0;Não
2270 - FUNDACAO HOSPITALAR DO ESTADO DE MINAS GERAIS;Nota fiscal;09.400.443/0001-44;OFICIAL PAPER INDUSTRIA E COMERCIO LTDA;13844;1;1;Completa - Recebimento definitivo;Consumo;Despesa orçamentária;2026-07-31;2026-07-31;2026-08-03;19440,0;Não
1260 - SECRETARIA DE ESTADO DE EDUCACAO;Outros;16.588.268/0001-26;CENTRO TECNICO DE EDUCACAO PROFISSIONAL DE ALEM PARAIBA LTDA - ME;72026;A;1;Completa;Serviço;Despesa orçamentária;2026-08-03;2026-08-03;2026-08-03;12380,0;Não
2270 - FUNDACAO HOSPITALAR DO ESTADO DE MINAS GERAIS;Nota fiscal;00.610.681/0005-33;HOSP-PHARMA MANIPULACAO E SUPRIMENTOS LTDA;19108;1;1;Completa - Recebimento definitivo;Consumo;Despesa orçamentária;2026-07-27;2026-07-27;2026-08-03;1263,31;Não
1190 - SECRETARIA DE ESTADO DE FAZENDA DE MINAS GERAIS;Nota fiscal;33.224.254/0001-42;MGS MINAS GERAIS ADMINISTRACAO E SERVICOS S/A;26639;A;1;Completa;Serviço;Despesa orçamentária;2026-07-29;2026-07-29;2026-08-03;614,31;Não
2010 - INST.DE PREVIDENCIA DOS SERVIDORES DO EST.M.GERAIS;Nota fiscal;33.224.254/0001-42;MGS MINAS GERAIS ADMINISTRACAO E SERVICOS S/A;26891;1;1;Completa;Serviço;Despesa orçamentária;2026-07-29;2026-07-30;2026-08-03;17430,82;Não
2270 - FUNDACAO HOSPITALAR DO ESTADO DE MINAS GERAIS;Nota fiscal;00.610.681/0005-33;HOSP-PHARMA MANIPULACAO E SUPRIMENTOS LTDA;19340;1;1;Completa - Recebimento definitivo;Consumo;Despesa orçamentária;2026-07-29;2026-07-29;2026-08-03;1618,59;Não
2270 - FUNDACAO HOSPITALAR DO ESTADO DE MINAS GERAIS;Nota fiscal;13.008.903/0001-60;MILLENIUM COMERCIO SERVICO LTDA - EPP;6951;;1;Completa - Recebimento definitivo;Consumo;Despesa orçamentária;2026-07-29;2026-07-31;2026-08-03;2920,0;Não
1190 - SECRETARIA DE ESTADO DE FAZENDA DE MINAS GERAIS;Nota fiscal;33.224.254/0001-42;MGS MINAS GERAIS ADMINISTRACAO E SERVICOS S/A;202626626;;1;Completa;Serviço;Despesa orçamentária;2026-07-29;2026-08-03;2026-08-03;6799,38;Não
1030 - TRIBUNAL DE JUSTICA DO ESTADO DE MINAS GERAIS;Nota fiscal;03.098.864/0001-86;MARCELLI MOVEIS PARA ESCRITORIO E INFORMATICA LTDA -EPP;4274;1;1;Completa - Recebimento definitivo;Permanente;Despesa orçamentária;2026-07-30;2026-07-30;2026-08-03;74955,0;Não
2430 - AGENCIA DE DESENVOLVIMENTO DA RMBH;Nota fiscal;33.224.254/0001-42;MGS MINAS GERAIS ADMINISTRACAO E SERVICOS S/A;202626620;;1;Completa;Serviço;Despesa orçamentária;2026-08-03;2026-08-03;2026-08-03;2398,75;Não
1190 - SECRETARIA DE ESTADO DE FAZENDA DE MINAS GERAIS;Outros;***.099.066-**;MERCIA CAMARGOS;82026;;1;Completa;Serviço;Despesa orçamentária;2026-08-03;2026-08-03;2026-08-03;2290,32;Não
2270 - FUNDACAO HOSPITALAR DO ESTADO DE MINAS GERAIS;Nota fiscal;00.610.681/0005-33;HOSP-PHARMA MANIPULACAO E SUPRIMENTOS LTDA;19234;1;1;Completa - Recebimento definitivo;Consumo;Despesa orçamentária;2026-07-28;2026-07-28;2026-08-03;496,62;Não
1370 - SECRETARIA ESTADO DE MEIO AMB.DESENV SUSTENTAVEL;Nota fiscal;33.224.254/0001-42;MGS MINAS GERAIS ADMINISTRACAO E SERVICOS S/A;26777;X;1;Completa;Serviço;Despesa orçamentária;2026-07-29;2026-07-30;2026-08-03;36952,18;Não
1190 - SECRETARIA DE ESTADO DE FAZENDA DE MINAS GERAIS;Nota fiscal;33.224.254/0001-42;MGS MINAS GERAIS ADMINISTRACAO E SERVICOS S/A;202626627;;1;Completa;Serviço;Despesa orçamentária;2026-07-29;2026-08-03;2026-08-03;2482,24;Não
1250 - POLICIA MILITAR DE MINAS GERAIS;Nota fiscal;30.142.119/0001-60;MASTER CLEAN PRESTACAO DE SERVICOS E CONSULTORIA LTDA;467;;1;Completa;Serviço;Despesa orçamentária;2026-07-30;2026-07-31;2026-08-03;3736,6;Não
2270 - FUNDACAO HOSPITALAR DO ESTADO DE MINAS GERAIS;Nota fiscal;00.610.681/0005-33;HOSP-PHARMA MANIPULACAO E SUPRIMENTOS LTDA;19341;1;1;Completa - Recebimento definitivo;Consumo;Despesa orçamentária;2026-07-29;2026-07-29;2026-08-03;496,62;Não
2270 - FUNDACAO HOSPITALAR DO ESTADO DE MINAS GERAIS;Nota fiscal;09.400.443/0001-44;OFICIAL PAPER INDUSTRIA E COMERCIO LTDA;13845;1;1;Completa - Recebimento definitivo;Consumo;Despesa orçamentária;2026-07-31;2026-07-31;2026-08-03;2754,0;Não
1090 - PROCURADORIA GERAL DE JUSTICA;Nota fiscal;19.201.128/0001-41;ASSOCIACAO PROFISSIONALIZANTE DO MENOR DE BELO HORIZONTE -ASSPROM;20262478;;1;Completa;Serviço;Despesa orçamentária;2026-07-31;2026-07-31;2026-08-03;7987,7;Não
2270 - FUNDACAO HOSPITALAR DO ESTADO DE MINAS GERAIS;Nota fiscal;58.752.460/0001-56;SHIMADZU DO BRASIL COMERCIO LTDA.;35425;;1;Completa;Serviço;Despesa orçamentária;2026-07-17;2026-08-03;2026-08-03;3000,0;Não
1190 - SECRETARIA DE ESTADO DE FAZENDA DE MINAS GERAIS;Nota fiscal;33.224.254/0001-42;MGS MINAS GERAIS ADMINISTRACAO E SERVICOS S/A;202626629;;1;Completa;Serviço;Despesa orçamentária;2026-07-29;2026-08-03;2026-08-03;265,53;Não
2270 - FUNDACAO HOSPITALAR DO ESTADO DE MINAS GERAIS;Nota fiscal;00.610.681/0005-33;HOSP-PHARMA MANIPULACAO E SUPRIMENTOS LTDA;19235;1;1;Completa - Recebimento definitivo;Consumo;Despesa orçamentária;2026-07-28;2026-07-28;2026-08-03;415,67;Não
1510 - POLICIA CIVIL DO ESTADO DE MINAS GERAIS;Outros;05.002.545/0001-50;DINAMICA ADMINISTRADORA DE IMOVEIS E SERVICOS LTDA;72026;A;1;Completa;Serviço;Despesa orçamentária;2026-08-03;2026-08-03;2026-08-03;5188,31;Não
2100 - INSTITUTO ESTADUAL DE FLORESTAS-IEF;Outros;33.224.254/0001-42;MGS MINAS GERAIS ADMINISTRACAO E SERVICOS S/A;697270;;1;Completa;Serviço;Despesa orçamentária;2026-07-17;2026-07-29;2026-08-03;2675,86;Não
2270 - FUNDACAO HOSPITALAR DO ESTADO DE MINAS GERAIS;Nota fiscal;00.610.681/0005-33;HOSP-PHARMA MANIPULACAO E SUPRIMENTOS LTDA;19011;1;1;Completa - Recebimento definitivo;Consumo;Despesa orçamentária;2026-07-26;2026-07-26;2026-08-03;638,33;Não
1090 - PROCURADORIA GERAL DE JUSTICA;Nota fiscal;00.482.840/0001-38;LIDERANCA LIMPEZA E CONSERVACAO LTDA;2026179981;;1;Completa;Serviço;Despesa orçamentária;2026-07-30;2026-07-31;2026-08-03;8114,24;Não
1320 - SECRETARIA DE ESTADO DA SAUDE;Nota fiscal;09.944.371/0003-68;SULMEDIC COMERCIO DE MEDICAMENTOS LTDA;84309;3;1;Completa - Recebimento definitivo;Consumo;Despesa orçamentária;2026-07-24;2026-08-03;2026-08-03;237499,5;Não
2270 - FUNDACAO HOSPITALAR DO ESTADO DE MINAS GERAIS;Nota fiscal;00.610.681/0005-33;HOSP-PHARMA MANIPULACAO E SUPRIMENTOS LTDA;19109;1;1;Completa - Recebimento definitivo;Consumo;Despesa orçamentária;2026-07-27;2026-07-27;2026-08-03;379,14;Não
2100 - INSTITUTO ESTADUAL DE FLORESTAS-IEF;Outros;33.224.254/0001-42;MGS MINAS GERAIS ADMINISTRACAO E SERVICOS S/A;697268;;1;Completa;Serviço;Despesa orçamentária;2026-07-17;2026-07-29;2026-08-03;739,39;Não
1260 - SECRETARIA DE ESTADO DE EDUCACAO;Nota fiscal;33.224.254/0001-42;MGS MINAS GERAIS ADMINISTRACAO E SERVICOS S/A;25669;1;1;Completa;Serviço;Despesa orçamentária;2026-07-22;2026-08-03;2026-08-03;9245,39;Não
2270 - FUNDACAO HOSPITALAR DO ESTADO DE MINAS GERAIS;Nota fiscal;00.610.681/0005-33;HOSP-PHARMA MANIPULACAO E SUPRIMENTOS LTDA;19342;1;1;Completa - Recebimento definitivo;Consumo;Despesa orçamentária;2026-07-29;2026-07-29;2026-08-03;390,97;Não
2010 - INST.DE PREVIDENCIA DOS SERVIDORES DO EST.M.GERAIS;Outros;33.224.254/0001-42;MGS MINAS GERAIS ADMINISTRACAO E SERVICOS S/A;699299;;1;Completa;Serviço;Despesa orçamentária;2026-07-29;2026-07-30;2026-08-03;1568,02;Não
2270 - FUNDACAO HOSPITALAR DO ESTADO DE MINAS GERAIS;Nota fiscal;20.209.036/0001-97;JEOVA JIREH GESTAO DE ESTOQUE EM LOGISTICA BR LTDA;33;;1;Completa;Serviço;Despesa orçamentária;2026-07-31;2026-07-31;2026-08-03;384277,91;Não
2010 - INST.DE PREVIDENCIA DOS SERVIDORES DO EST.M.GERAIS;Outros;***.225.426-**;CLENO VICENTE RAMALHO JUNIOR;2026;7;1;Completa;Serviço;Despesa orçamentária;2026-08-03;2026-08-03;2026-08-03;1700,0;Não
2100 - INSTITUTO ESTADUAL DE FLORESTAS-IEF;Nota fiscal;33.224.254/0001-42;MGS MINAS GERAIS ADMINISTRACAO E SERVICOS S/A;253092026;;1;Completa;Serviço;Despesa orçamentária;2026-07-20;2026-07-29;2026-08-03;21819,2;Não
2310 - UNIVERSIDADE ESTADUAL DE MONTES CLAROS;Nota fiscal;03.526.622/0001-46;C & D INDUSTRIA E COMERCIO DE ALIMENTOS LTDA;19854;1;1;Completa - Recebimento definitivo;Consumo;Despesa orçamentária;2026-07-28;2026-08-03;2026-08-03;4378,99;Não
1400 - CORPO DE BOMBEIROS MILITAR DE MINAS GERAIS;Nota fiscal;04.087.116/0001-60;AGRA MOTORS COMERCIO DE VEICULOS LTDA;1794;;1;Completa;Serviço;Despesa orçamentária;2026-07-31;2026-07-31;2026-08-03;3173,88;Não
2260 - FUNDACAO EZEQUIEL DIAS;Outros;10.698.532/0001-06;REDE METROLOGICA DE MINAS GERAIS;324;;1;Completa;Serviço;Despesa orçamentária;2026-07-30;2026-08-03;2026-08-03;1352,61;Não
2010 - INST.DE PREVIDENCIA DOS SERVIDORES DO EST.M.GERAIS;Outros;33.224.254/0001-42;MGS MINAS GERAIS ADMINISTRACAO E SERVICOS S/A;699298;;1;Completa;Serviço;Despesa orçamentária;2026-07-29;2026-07-30;2026-08-03;181,82;Não
1400 - CORPO DE BOMBEIROS MILITAR DE MINAS GERAIS;Nota fiscal;46.714.443/0001-45;PONTO CERTO ALINHAMENTO E BALANCEAMENTO LTDA;3561;;1;Completa;Serviço;Despesa orçamentária;2026-07-30;2026-07-30;2026-08-03;1040,0;Não
1250 - POLICIA MILITAR DE MINAS GERAIS;Outros;21.074.398/0001-80;CLOVISCAR LTDA - EPP;224;;1;Completa;Serviço;Despesa orçamentária;2026-07-06;2026-07-09;2026-08-03;1589,98;Não
2350 - UNIVERSIDADE DO ESTADO DE MINAS GERAIS;Nota fiscal;05.342.580/0001-19;UNIVERSIDADE PATATIVA DO ASSARE;2026;685;1;Completa;Serviço;Despesa orçamentária;2026-07-22;2026-07-28;2026-08-03;3385,62;Não
2100 - INSTITUTO ESTADUAL DE FLORESTAS-IEF;Outros;33.224.254/0001-42;MGS MINAS GERAIS ADMINISTRACAO E SERVICOS S/A;697314;;1;Completa;Serviço;Despesa orçamentária;2026-07-20;2026-07-29;2026-08-03;2110,92;Não
1400 - CORPO DE BOMBEIROS MILITAR DE MINAS GERAIS;Nota fiscal;08.601.980/0001-90;JULIO DE MELO VILELA E CIA LTDA -ME;2734;;1;Completa;Serviço;Despesa orçamentária;2026-07-31;2026-07-31;2026-08-03;273,36;Não
1190 - SECRETARIA DE ESTADO DE FAZENDA DE MINAS GERAIS;Outros;***.696.216-**;MAGDA APARECIDA CAMARGOS;82026;;1;Completa;Serviço;Despesa orçamentária;2026-08-03;2026-08-03;2026-08-03;2290,32;Não
1260 - SECRETARIA DE ESTADO DE EDUCACAO;Outros;33.224.254/0001-42;MGS MINAS GERAIS ADMINISTRACAO E SERVICOS S/A;697940;;1;Completa;Serviço;Despesa orçamentária;2026-07-22;2026-08-03;2026-08-03;727,08;Não
1250 - POLICIA MILITAR DE MINAS GERAIS;Nota fiscal;21.074.398/0001-80;CLOVISCAR LTDA - EPP;13175;1;1;Completa;Serviço;Despesa orçamentária;2026-07-06;2026-07-09;2026-08-03;7893,71;Não
1090 - PROCURADORIA GERAL DE JUSTICA;Nota fiscal;10.467.032/0001-55;ELF SERVICOS DE COMISSIONAMENTO LTDA;202630;;1;Completa;Serviço;Despesa orçamentária;2026-07-17;2026-08-03;2026-08-03;27000,0;Não
1090 - PROCURADORIA GERAL DE JUSTICA;Outros;05.340.639/0001-30;PRIME CONSULTORIA E ASSESSORIA EMPRESARIAL LTDA;2996299;;1;Completa;Serviço;Despesa orçamentária;2026-08-01;2026-08-03;2026-08-03;20345,09;Não
2100 - INSTITUTO ESTADUAL DE FLORESTAS-IEF;Outros;33.224.254/0001-42;MGS MINAS GERAIS ADMINISTRACAO E SERVICOS S/A;697313;;1;Completa;Serviço;Despesa orçamentária;2026-07-20;2026-07-29;2026-08-03;963,64;Não
2430 - AGENCIA DE DESENVOLVIMENTO DA RMBH;Nota fiscal;11.735.086/0001-17;B & F - LAVAGEM AUTOMOTIVA E PREDIAL LTDA. - ME;2026560;;1;Completa;Serviço;Despesa orçamentária;2026-08-01;2026-08-03;2026-08-03;210,48;Não
1250 - POLICIA MILITAR DE MINAS GERAIS;Nota fiscal;30.142.119/0001-60;MASTER CLEAN PRESTACAO DE SERVICOS E CONSULTORIA LTDA;468;;1;Completa;Serviço;Despesa orçamentária;2026-07-30;2026-07-31;2026-08-03;3620,24;Não
1190 - SECRETARIA DE ESTADO DE FAZENDA DE MINAS GERAIS;Outros;***.176.406-**;MARIA LUCIA CAMARGOS;82026;;1;Completa;Serviço;Despesa orçamentária;2026-08-03;2026-08-03;2026-08-03;2290,33;Não
1440 - DEFENSORIA PUBLICA DO ESTADO DE MINAS GERAIS;Nota fiscal;06.880.466/0001-05;RICCI DIARIOS, PUBLICACOES E AGENCIAMENTO LTDA - EPP;2326;;1;Completa;Serviço;Despesa orçamentária;2026-07-06;2026-07-31;2026-08-03;229,77;Não
1250 - POLICIA MILITAR DE MINAS GERAIS;Nota fiscal;11.065.582/0001-00;B&C PRODUTOS DE LIMPEZA E EMBALAGENS LTDA -ME;148219;1;1;Completa - Recebimento definitivo;Consumo;Despesa orçamentária;2026-07-31;2026-08-03;2026-08-03;714,24;Não
2270 - FUNDACAO HOSPITALAR DO ESTADO DE MINAS GERAIS;Nota fiscal;19.378.769/0001-76;INSTITUTO HERMES PARDINI S/A;69258;;1;Completa;Serviço;Despesa orçamentária;2026-07-24;2026-07-31;2026-08-03;12300,0;Não
2270 - FUNDACAO HOSPITALAR DO ESTADO DE MINAS GERAIS;Nota fiscal;60.665.981/0009-75;UNIAO QUIMICA FARMACEUTICA NACIONAL S A;1102951;1;1;Completa - Recebimento definitivo;Consumo;Despesa orçamentária;2026-07-25;2026-07-29;2026-08-03;610,0;Não
1440 - DEFENSORIA PUBLICA DO ESTADO DE MINAS GERAIS;Nota fiscal;06.880.466/0001-05;RICCI DIARIOS, PUBLICACOES E AGENCIAMENTO LTDA - EPP;2421;;1;Completa;Serviço;Despesa orçamentária;2026-07-10;2026-07-31;2026-08-03;229,77;Não
2100 - INSTITUTO ESTADUAL DE FLORESTAS-IEF;Nota fiscal;33.224.254/0001-42;MGS MINAS GERAIS ADMINISTRACAO E SERVICOS S/A;253512026;;1;Completa;Serviço;Despesa orçamentária;2026-07-20;2026-07-29;2026-08-03;10856,2;Não
1400 - CORPO DE BOMBEIROS MILITAR DE MINAS GERAIS;Nota fiscal;08.601.980/0001-90;JULIO DE MELO VILELA E CIA LTDA -ME;565;1;1;Completa;Serviço;Despesa orçamentária;2026-07-31;2026-07-31;2026-08-03;1978,85;Não
2270 - FUNDACAO HOSPITALAR DO ESTADO DE MINAS GERAIS;Nota fiscal;24.638.170/0001-64;DISTRIBUIDORA MENDONCA E MIRANDA LTDA;2379;;1;Completa - Recebimento definitivo;Consumo;Despesa orçamentária;2026-07-22;2026-07-28;2026-08-03;316,0;Não
1450 - SECRETARIA DE ESTADO DE JUSTICA E SEGURANCA PUBLIC;Nota fiscal;08.624.977/0001-91;TERRAVIVA AMBIENTAL LTDA;8873;;1;Completa;Serviço;Despesa orçamentária;2026-07-10;2026-07-10;2026-08-03;1140,0;Não
2270 - FUNDACAO HOSPITALAR DO ESTADO DE MINAS GERAIS;Nota fiscal;41.719.535/0001-02;ORTO MUNK LTDA -ME;2135;1;1;Completa;Serviço;Despesa orçamentária;2026-07-29;2026-07-29;2026-08-03;3884,0;Não
2310 - UNIVERSIDADE ESTADUAL DE MONTES CLAROS;Nota fiscal;17.263.096/0001-83;MERCEARIA INDIANOPOLIS LTDA;14390;1;1;Completa - Recebimento definitivo;Consumo;Despesa orçamentária;2026-07-20;2026-08-03;2026-08-03;17456,6;Não
2270 - FUNDACAO HOSPITALAR DO ESTADO DE MINAS GERAIS;Nota fiscal;73.856.593/0010-57;PRATI, DONADUZZI & CIA LTDA;1027699;1;1;Completa - Recebimento definitivo;Consumo;Despesa orçamentária;2026-07-23;2026-07-27;2026-08-03;132,0;Não
2010 - INST.DE PREVIDENCIA DOS SERVIDORES DO EST.M.GERAIS;Outros;***.918.976-**;CESIO ROSA PEREIRA;2026;7;1;Completa;Serviço;Despesa orçamentária;2026-08-03;2026-08-03;2026-08-03;1250,0;Não
2010 - INST.DE PREVIDENCIA DOS SERVIDORES DO EST.M.GERAIS;Nota fiscal;12.889.035/0002-93;INOVAMED HOSPITALAR LTDA;75363;1;1;Completa - Recebimento definitivo;Consumo;Despesa orçamentária;2026-07-29;2026-07-31;2026-08-03;1524,9;Não
1260 - SECRETARIA DE ESTADO DE EDUCACAO;Nota fiscal;33.224.254/0001-42;MGS MINAS GERAIS ADMINISTRACAO E SERVICOS S/A;25696;26;1;Completa;Serviço;Despesa orçamentária;2026-07-22;2026-08-03;2026-08-03;6205,95;Não
1370 - SECRETARIA ESTADO DE MEIO AMB.DESENV SUSTENTAVEL;Outros;33.224.254/0001-42;MGS MINAS GERAIS ADMINISTRACAO E SERVICOS S/A;699014;;1;Completa;Serviço;Despesa orçamentária;2026-07-29;2026-07-30;2026-08-03;963,64;Não
2100 - INSTITUTO ESTADUAL DE FLORESTAS-IEF;Outros;19.557.917/0001-10;ALOISIO MOREIRA - ME;72026;;1;Completa;Serviço;Despesa orçamentária;2026-08-03;2026-08-03;2026-08-03;7656,67;Não
2100 - INSTITUTO ESTADUAL DE FLORESTAS-IEF;Outros;33.224.254/0001-42;MGS MINAS GERAIS ADMINISTRACAO E SERVICOS S/A;697305;;1;Completa;Serviço;Despesa orçamentária;2026-07-20;2026-07-29;2026-08-03;970,75;Não
1260 - SECRETARIA DE ESTADO DE EDUCACAO;Outros;33.224.254/0001-42;MGS MINAS GERAIS ADMINISTRACAO E SERVICOS S/A;697954;REC;1;Completa;Serviço;Despesa orçamentária;2026-07-22;2026-08-03;2026-08-03;6781,54;Não
2100 - INSTITUTO ESTADUAL DE FLORESTAS-IEF;Outros;33.224.254/0001-42;MGS MINAS GERAIS ADMINISTRACAO E SERVICOS S/A;697304;;1;Completa;Serviço;Despesa orçamentária;2026-07-20;2026-07-29;2026-08-03;400,0;Não
2010 - INST.DE PREVIDENCIA DOS SERVIDORES DO EST.M.GERAIS;Nota fiscal;25.031.668/0001-27;SAMEH SOLUCOES HOSPITALARES LTDA;140321;1;1;Completa - Recebimento definitivo;Consumo;Despesa orçamentária;2026-07-31;2026-07-31;2026-08-03;4899,0;Não
1260 - SECRETARIA DE ESTADO DE EDUCACAO;Outros;33.224.254/0001-42;MGS MINAS GERAIS ADMINISTRACAO E SERVICOS S/A;697952;REC;1;Completa;Serviço;Despesa orçamentária;2026-07-22;2026-08-03;2026-08-03;1333,35;Não
1500 - SECRETARIA DE ESTADO DE PLANEJAMENTO E GESTAO;Nota fiscal;16.636.540/0001-04;COMPANHIA DE TECNOLOGIA DA INFORMACAO DO ESTADO DE MINAS GERAIS-PRODEMGE;20266342;;1;Completa;Serviço;Despesa orçamentária;2026-07-28;2026-07-28;2026-08-03;135938,0;Não
2010 - INST.DE PREVIDENCIA DOS SERVIDORES DO EST.M.GERAIS;Nota fiscal;04.889.013/0001-14;DISTRILAF DISTRIBUIDORA DE MEDICAMENTOS LTDA;152160;1;1;Completa - Recebimento definitivo;Consumo;Despesa orçamentária;2026-07-30;2026-07-31;2026-08-03;5865,0;Não
2150 - FUNDACAO HELENA ANTIPOFF;Nota fiscal;43.465.628/0001-75;NUVEM DISTRIBUIDORA LTDA;30678;1;1;Completa - Recebimento definitivo;Consumo;Despesa extra orçamentária;2026-06-19;2026-06-20;2026-08-03;3200,0;Não
1260 - SECRETARIA DE ESTADO DE EDUCACAO;Nota fiscal;08.362.963/0001-47;POIANI SERVICOS EDUCAMED LTDA ME;243;;2;Completa;Serviço;Despesa orçamentária;2026-07-09;2026-07-12;2026-08-03;85719,1;Não
2010 - INST.DE PREVIDENCIA DOS SERVIDORES DO EST.M.GERAIS;Outros;***.980.146-**;MARTINHA ELIANE NADALINI HOFFMANN SCHMITT;72026;;1;Completa;Serviço;Despesa orçamentária;2026-08-03;2026-08-03;2026-08-03;5887,59;Não
1510 - POLICIA CIVIL DO ESTADO DE MINAS GERAIS;Outros;07.320.887/0001-44;M & M CONSULTORIA MERCADOLOGICA LTDA;72026;;1;Completa;Serviço;Despesa orçamentária;2026-08-03;2026-08-03;2026-08-03;26658,49;Não
1250 - POLICIA MILITAR DE MINAS GERAIS;Nota fiscal;11.065.582/0001-00;B&C PRODUTOS DE LIMPEZA E EMBALAGENS LTDA -ME;148221;1;1;Completa - Recebimento definitivo;Consumo;Despesa orçamentária;2026-07-31;2026-08-03;2026-08-03;15265,26;Não
2010 - INST.DE PREVIDENCIA DOS SERVIDORES DO EST.M.GERAIS;Nota fiscal;13.008.903/0001-60;MILLENIUM COMERCIO SERVICO LTDA - EPP;6957;1;1;Completa - Recebimento definitivo;Consumo;Despesa orçamentária;2026-07-30;2026-07-31;2026-08-03;1382,7;Não
1260 - SECRETARIA DE ESTADO DE EDUCACAO;Outros;***.965.306-**;CYRENE AMARAL COIMBRA;72026;;1;Completa;Serviço;Despesa orçamentária;2026-08-03;2026-08-03;2026-08-03;772,66;Não
1400 - CORPO DE BOMBEIROS MILITAR DE MINAS GERAIS;Nota fiscal;08.057.428/0001-82;GRIFFE PNEUS AUTO CENTER LTDA - EPP;2143;1;1;Completa;Serviço;Despesa orçamentária;2026-07-29;2026-07-29;2026-08-03;1057,59;Não
1260 - SECRETARIA DE ESTADO DE EDUCACAO;Nota fiscal;33.224.254/0001-42;MGS MINAS GERAIS ADMINISTRACAO E SERVICOS S/A;256512026;1;1;Completa;Serviço;Despesa orçamentária;2026-07-22;2026-08-03;2026-08-03;1036709,8;Não
1510 - POLICIA CIVIL DO ESTADO DE MINAS GERAIS;Nota fiscal;28.962.123/0001-22;L&R COMERCIO VAREJISTA E SERVICOS LTDA;21;;2;Completa;Serviço;Despesa orçamentária;2026-07-30;2026-08-03;2026-08-03;25482,1;Não
2010 - INST.DE PREVIDENCIA DOS SERVIDORES DO EST.M.GERAIS;Nota fiscal;08.245.855/0001-94;MHEDICA SERVICE COMERCIO E MANUTENCAO LTDA;64551;1;1;Completa - Recebimento definitivo;Consumo;Despesa orçamentária;2026-07-29;2026-07-30;2026-08-03;348,6;Não
2150 - FUNDACAO HELENA ANTIPOFF;Nota fiscal;17.620.199/0001-53;AVANTI SOLUCOES E TECNOLOGIA LTDA;115;;1;Completa;Serviço;Despesa orçamentária;2026-07-21;2026-07-28;2026-08-03;71501,1;Não
1400 - CORPO DE BOMBEIROS MILITAR DE MINAS GERAIS;Nota fiscal;08.057.428/0001-82;GRIFFE PNEUS AUTO CENTER LTDA - EPP;2142;1;1;Completa;Serviço;Despesa orçamentária;2026-07-29;2026-07-29;2026-08-03;254,28;Não
1510 - POLICIA CIVIL DO ESTADO DE MINAS GERAIS;Nota fiscal;05.872.814/0007-25;VOGEL SOLUCOES EM TELECOMUNICACOES E INFORMATICA S.A.;54803;;1;Completa;Serviço;Despesa orçamentária;2026-04-28;2026-07-09;2026-08-03;32767,81;Não
2010 - INST.DE PREVIDENCIA DOS SERVIDORES DO EST.M.GERAIS;Nota fiscal;37.844.479/0002-33;BIOLINE FIOS CIRURGICOS LTDA;149590;1;1;Completa - Recebimento definitivo;Consumo;Despesa orçamentária;2026-07-29;2026-07-31;2026-08-03;4322,4;Não
1260 - SECRETARIA DE ESTADO DE EDUCACAO;Outros;***.435.586-**;RENATO BONTEMPO;9440590;20;1;Completa;Serviço;Despesa orçamentária;2026-08-03;2026-08-03;2026-08-03;3633,43;Não
2270 - FUNDACAO HOSPITALAR DO ESTADO DE MINAS GERAIS;Nota fiscal;04.889.013/0001-14;DISTRILAF DISTRIBUIDORA DE MEDICAMENTOS LTDA;152131;;1;Completa - Recebimento definitivo;Consumo;Despesa orçamentária;2026-07-30;2026-07-31;2026-08-03;37980,0;Não
1450 - SECRETARIA DE ESTADO DE JUSTICA E SEGURANCA PUBLIC;Nota fiscal;08.624.977/0001-91;TERRAVIVA AMBIENTAL LTDA;8876;;1;Completa;Serviço;Despesa orçamentária;2026-07-10;2026-07-10;2026-08-03;3975,96;Não
1480 - SECRETARIA DE ESTADO DE DESENVOLVIMENTO SOCIAL;Nota fiscal;33.224.254/0001-42;MGS MINAS GERAIS ADMINISTRACAO E SERVICOS S/A;268222026;;1;Completa;Serviço;Despesa orçamentária;2026-07-29;2026-08-03;2026-08-03;5538,73;Não
1510 - POLICIA CIVIL DO ESTADO DE MINAS GERAIS;Outros;***.999.536-**;DANIEL ALBERGARIA MARCOLINO;82026;;1;Completa;Serviço;Despesa orçamentária;2026-08-03;2026-08-03;2026-08-03;10847,96;Não
2300 - DEPARTAMENTO DE ESTRADAS DE RODAGEM;Nota fiscal;46.418.740/0001-43;PALADIR LTDA;2026038768;;1;Incompleta;Consumo;Despesa orçamentária;2026-07-15;2026-07-15;2026-08-03;38840,0;Não
1090 - PROCURADORIA GERAL DE JUSTICA;Nota fiscal;00.482.840/0001-38;LIDERANCA LIMPEZA E CONSERVACAO LTDA;2026179982;;1;Completa;Serviço;Despesa orçamentária;2026-07-30;2026-07-31;2026-08-03;8211,41;Não
1260 - SECRETARIA DE ESTADO DE EDUCACAO;Nota fiscal;33.224.254/0001-42;MGS MINAS GERAIS ADMINISTRACAO E SERVICOS S/A;25617;;1;Completa;Serviço;Despesa orçamentária;2026-07-22;2026-08-03;2026-08-03;94218,94;Não
2010 - INST.DE PREVIDENCIA DOS SERVIDORES DO EST.M.GERAIS;Nota fiscal;23.864.942/0001-13;UNIQUE DISTRIBUIDORA DE MEDICAMENTOS LTDA;27915;;1;Completa - Recebimento definitivo;Consumo;Despesa orçamentária;2026-07-23;2026-07-31;2026-08-03;14038,5;Não
2310 - UNIVERSIDADE ESTADUAL DE MONTES CLAROS;Outros;33.224.254/0001-42;MGS MINAS GERAIS ADMINISTRACAO E SERVICOS S/A;699164;;1;Completa;Serviço;Despesa orçamentária;2026-07-29;2026-08-03;2026-08-03;111666,51;Não
1090 - PROCURADORIA GERAL DE JUSTICA;Nota fiscal;00.482.840/0001-38;LIDERANCA LIMPEZA E CONSERVACAO LTDA;2026179983;;1;Completa;Serviço;Despesa orçamentária;2026-07-30;2026-07-31;2026-08-03;2526,76;Não
2010 - INST.DE PREVIDENCIA DOS SERVIDORES DO EST.M.GERAIS;Nota fiscal;44.734.671/0022-86;CRISTALIA PRODUTOS QUIMICOS FARMACEUTICOS LTDA;1059202;10;1;Completa - Recebimento definitivo;Consumo;Despesa orçamentária;2026-07-28;2026-07-31;2026-08-03;1785,0;Não
1090 - PROCURADORIA GERAL DE JUSTICA;Nota fiscal;00.482.840/0001-38;LIDERANCA LIMPEZA E CONSERVACAO LTDA;2026180005;;1;Completa;Serviço;Despesa orçamentária;2026-07-30;2026-07-31;2026-08-03;21961,4;Não
1400 - CORPO DE BOMBEIROS MILITAR DE MINAS GERAIS;Nota fiscal;08.057.428/0001-82;GRIFFE PNEUS AUTO CENTER LTDA - EPP;2141;1;1;Completa;Serviço;Despesa orçamentária;2026-07-29;2026-07-29;2026-08-03;416,1;Não
1010 - ASSEMBLEIA LEGISLATIVA DO ESTADO DE MINAS GERAIS;Nota fiscal;14.417.648/0001-72;ROCHA CONTROLS MONTAGEM E SERVICOS ESPECIALIZADOS EM SISTEMAS DE SEGURANCA LTDA;35312026;;1;Completa;Serviço;Despesa orçamentária;2026-07-30;2026-07-30;2026-08-03;5078,83;Não
2310 - UNIVERSIDADE ESTADUAL DE MONTES CLAROS;Outros;33.224.254/0001-42;MGS MINAS GERAIS ADMINISTRACAO E SERVICOS S/A;699165;;1;Completa;Serviço;Despesa orçamentária;2026-07-29;2026-08-03;2026-08-03;35974,29;Não
2270 - FUNDACAO HOSPITALAR DO ESTADO DE MINAS GERAIS;Nota fiscal;00.874.929/0001-40;MED CENTER COMERCIAL LTDA;718114;1;1;Incompleta;Consumo;Despesa orçamentária;2026-07-29;2026-07-30;2026-08-03;3,6;Não
1370 - SECRETARIA ESTADO DE MEIO AMB.DESENV SUSTENTAVEL;Outros;33.224.254/0001-42;MGS MINAS GERAIS ADMINISTRACAO E SERVICOS S/A;699015;;1;Completa;Serviço;Despesa orçamentária;2026-07-29;2026-07-30;2026-08-03;3081,78;Não
1510 - POLICIA CIVIL DO ESTADO DE MINAS GERAIS;Nota fiscal;05.872.814/0007-25;VOGEL SOLUCOES EM TELECOMUNICACOES E INFORMATICA S.A.;54865;;1;Completa;Serviço;Despesa orçamentária;2026-05-15;2026-07-09;2026-08-03;25854,9;Não
1510 - POLICIA CIVIL DO ESTADO DE MINAS GERAIS;Outros;***.433.336-**;LEILA MARIA BRANT ALVES;82026;;1;Completa;Serviço;Despesa orçamentária;2026-08-03;2026-08-03;2026-08-03;5703,0;Não
1250 - POLICIA MILITAR DE MINAS GERAIS;Nota fiscal;08.057.428/0001-82;GRIFFE PNEUS AUTO CENTER LTDA - EPP;20262122;;1;Completa;Serviço;Despesa orçamentária;2026-07-24;2026-07-30;2026-08-03;1681,25;Não
2090 - FUNDACAO ESTADUAL DO MEIO AMBIENTE;Outros;16.636.540/0001-04;COMPANHIA DE TECNOLOGIA DA INFORMACAO DO ESTADO DE MINAS GERAIS-PRODEMGE;5905;A;1;Completa;Serviço;Despesa orçamentária;2026-07-16;2026-07-24;2026-08-03;3791,2;Não
1400 - CORPO DE BOMBEIROS MILITAR DE MINAS GERAIS;Nota fiscal;62.330.385/0001-02;REDE MC SERVICOS LTDA;16;;1;Completa;Serviço;Despesa orçamentária;2026-07-29;2026-07-29;2026-08-03;538,41;Não
2010 - INST.DE PREVIDENCIA DOS SERVIDORES DO EST.M.GERAIS;Nota fiscal;02.814.497/0012-60;CIMED INDUSTRIA S.A.;246180;20;1;Completa - Recebimento definitivo;Consumo;Despesa orçamentária;2026-07-28;2026-07-31;2026-08-03;44,28;Não
1090 - PROCURADORIA GERAL DE JUSTICA;Nota fiscal;10.174.094/0001-79;GAMA LUZ COMERCIO VAREJISTA LTDA;20263026;;1;Completa - Disponível para recebimento definitivo;Consumo;Despesa orçamentária;2026-06-16;2026-08-03;2026-08-03;5536,0;Não
1500 - SECRETARIA DE ESTADO DE PLANEJAMENTO E GESTAO;Nota fiscal;16.636.540/0001-04;COMPANHIA DE TECNOLOGIA DA INFORMACAO DO ESTADO DE MINAS GERAIS-PRODEMGE;20266341;;1;Completa;Serviço;Despesa orçamentária;2026-07-28;2026-07-28;2026-08-03;4816,0;Não
1510 - POLICIA CIVIL DO ESTADO DE MINAS GERAIS;Outros;***.419.806-**;ERLANDE RODRIGUES DINIZ;82026;;1;Completa;Serviço;Despesa orçamentária;2026-08-03;2026-08-03;2026-08-03;7291,7;Não
2090 - FUNDACAO ESTADUAL DO MEIO AMBIENTE;Outros;16.636.540/0001-04;COMPANHIA DE TECNOLOGIA DA INFORMACAO DO ESTADO DE MINAS GERAIS-PRODEMGE;5906;;1;Completa;Serviço;Despesa orçamentária;2026-07-16;2026-07-24;2026-08-03;4737,6;Não
1400 - CORPO DE BOMBEIROS MILITAR DE MINAS GERAIS;Nota fiscal;62.330.385/0001-02;REDE MC SERVICOS LTDA;13;;1;Completa;Serviço;Despesa orçamentária;2026-07-29;2026-07-29;2026-08-03;1134,0;Não
2010 - INST.DE PREVIDENCIA DOS SERVIDORES DO EST.M.GERAIS;Nota fiscal;23.864.942/0001-13;UNIQUE DISTRIBUIDORA DE MEDICAMENTOS LTDA;27912;;1;Completa - Recebimento definitivo;Consumo;Despesa orçamentária;2026-07-23;2026-07-30;2026-08-03;3816,0;Não
2270 - FUNDACAO HOSPITALAR DO ESTADO DE MINAS GERAIS;Nota fiscal;58.430.828/0001-60;BLAU FARMACEUTICA S.A.;319017;1;1;Completa - Recebimento definitivo;Consumo;Despesa orçamentária;2026-07-24;2026-07-24;2026-08-03;16709,0;Não
2310 - UNIVERSIDADE ESTADUAL DE MONTES CLAROS;Nota fiscal;33.224.254/0001-42;MGS MINAS GERAIS ADMINISTRACAO E SERVICOS S/A;202600000026798;;1;Completa;Serviço;Despesa orçamentária;2026-07-29;2026-08-03;2026-08-03;6987,24;Não
1510 - POLICIA CIVIL DO ESTADO DE MINAS GERAIS;Outros;***.489.286-**;ROBERTA ALESSANDRA RIBEIRO SILVA;82026;;1;Completa;Serviço;Despesa orçamentária;2026-08-03;2026-08-03;2026-08-03;13115,49;Não
2150 - FUNDACAO HELENA ANTIPOFF;Nota fiscal;43.465.628/0001-75;NUVEM DISTRIBUIDORA LTDA;31948;1;1;Completa - Recebimento definitivo;Consumo;Despesa extra orçamentária;2026-07-29;2026-07-29;2026-08-03;1026,0;Não
1260 - SECRETARIA DE ESTADO DE EDUCACAO;Outros;03.773.700/0001-07;SERVICO NACIONAL DE APRENDIZAGEM INDUSTRIAL - DEPARTAMENTO REGIONAL DE MINAS GERAIS;9450565;17;2;Completa;Serviço;Despesa orçamentária;2026-07-06;2026-08-03;2026-08-03;13300,0;Não
2010 - INST.DE PREVIDENCIA DOS SERVIDORES DO EST.M.GERAIS;Nota fiscal;61.418.042/0001-31;CIRURGICA FERNANDES - COMERCIO DE MATERIAIS CIRURGICOS E HOSPITALARES - SOCIEDADE LIMITADA;2026247;4;1;Completa - Recebimento definitivo;Consumo;Despesa orçamentária;2026-07-29;2026-07-31;2026-08-03;2722,5;Não
1510 - POLICIA CIVIL DO ESTADO DE MINAS GERAIS;Outros;***.839.406-**;PAULO FERREIRA MARES;92026;;1;Completa;Serviço;Despesa orçamentária;2026-08-03;2026-08-03;2026-08-03;7888,04;Não
1400 - CORPO DE BOMBEIROS MILITAR DE MINAS GERAIS;Nota fiscal;62.330.385/0001-02;REDE MC SERVICOS LTDA;12;1;1;Completa;Serviço;Despesa orçamentária;2026-07-29;2026-07-29;2026-08-03;791,75;Não
2310 - UNIVERSIDADE ESTADUAL DE MONTES CLAROS;Outros;33.224.254/0001-42;MGS MINAS GERAIS ADMINISTRACAO E SERVICOS S/A;699172;;1;Completa;Serviço;Despesa orçamentária;2026-07-29;2026-08-03;2026-08-03;426,22;Não
2350 - UNIVERSIDADE DO ESTADO DE MINAS GERAIS;Nota fiscal;05.342.580/0001-19;UNIVERSIDADE PATATIVA DO ASSARE;2026;695;1;Completa;Serviço;Despesa orçamentária;2026-07-23;2026-07-28;2026-08-03;4514,16;Não
2090 - FUNDACAO ESTADUAL DO MEIO AMBIENTE;Outros;16.636.540/0001-04;COMPANHIA DE TECNOLOGIA DA INFORMACAO DO ESTADO DE MINAS GERAIS-PRODEMGE;5907;A;1;Completa;Serviço;Despesa orçamentária;2026-07-16;2026-07-24;2026-08-03;495,6;Não
1450 - SECRETARIA DE ESTADO DE JUSTICA E SEGURANCA PUBLIC;Nota fiscal;08.624.977/0001-91;TERRAVIVA AMBIENTAL LTDA;7482;;1;Completa;Serviço;Despesa orçamentária;2026-06-09;2026-06-09;2026-08-03;713,43;Não
2070 - FUND. DE AMPARO A PESQ. DO ESTADO DE MINAS GERAIS;Nota fiscal;19.877.300/0001-81;LANLINK SERVICOS DE INFORMATICA SA;8098;;1;Completa;Serviço;Despesa orçamentária;2026-07-24;2026-07-30;2026-08-03;2066,83;Não
1510 - POLICIA CIVIL DO ESTADO DE MINAS GERAIS;Nota fiscal;05.872.814/0007-25;VOGEL SOLUCOES EM TELECOMUNICACOES E INFORMATICA S.A.;54901;;1;Incompleta;Serviço;Despesa orçamentária;2026-05-25;2026-07-09;2026-08-03;25859,54;Não
1260 - SECRETARIA DE ESTADO DE EDUCACAO;Outros;***.172.296-**;GABRIELA ALVES DE LIMA;72026;;1;Completa;Serviço;Despesa orçamentária;2026-08-03;2026-08-03;2026-08-03;6311,07;Não
2300 - DEPARTAMENTO DE ESTRADAS DE RODAGEM;Nota fiscal;33.224.254/0001-42;MGS MINAS GERAIS ADMINISTRACAO E SERVICOS S/A;25166;DPS;1;Completa;Serviço;Despesa orçamentária;2026-07-16;2026-07-20;2026-08-03;33664,71;Não
2010 - INST.DE PREVIDENCIA DOS SERVIDORES DO EST.M.GERAIS;Nota fiscal;31.495.759/0001-16;SIRIO PHARMA LTDA;22561;1;1;Completa - Recebimento definitivo;Consumo;Despesa orçamentária;2026-07-29;2026-07-31;2026-08-03;150,0;Não
2310 - UNIVERSIDADE ESTADUAL DE MONTES CLAROS;Nota fiscal;09.400.443/0001-44;OFICIAL PAPER INDUSTRIA E COMERCIO LTDA;13754;1;1;Completa - Recebimento definitivo;Consumo;Despesa orçamentária;2026-07-10;2026-07-17;2026-08-03;53006,0;Não
2270 - FUNDACAO HOSPITALAR DO ESTADO DE MINAS GERAIS;Nota fiscal;11.206.099/0001-07;SUPERMED COMERCIO E IMPORTACAO DE PRODUTOS MEDICOS E HOSPITALARES LTDA;908544;;1;Completa - Recebimento definitivo;Consumo;Despesa orçamentária;2026-07-27;2026-07-29;2026-08-03;261,36;Não
1320 - SECRETARIA DE ESTADO DA SAUDE;Nota fiscal;07.432.517/0001-07;SIMPRESS COMERCIO LOCACAO E SERVICOS LTDA;336060;;1;Completa;Serviço;Despesa extra orçamentária;2026-01-14;2026-08-03;2026-08-03;118,07;Não
1440 - DEFENSORIA PUBLICA DO ESTADO DE MINAS GERAIS;Nota fiscal;06.880.466/0001-05;RICCI DIARIOS, PUBLICACOES E AGENCIAMENTO LTDA - EPP;2434;;1;Completa;Serviço;Despesa orçamentária;2026-07-14;2026-07-31;2026-08-03;229,77;Não
2270 - FUNDACAO HOSPITALAR DO ESTADO DE MINAS GERAIS;Nota fiscal;09.524.545/0001-71;WF TECNOLOGIA CIENTIFICA LTDA;4781;;1;Completa;Serviço;Despesa orçamentária;2026-06-30;2026-08-03;2026-08-03;3622,35;Não
2270 - FUNDACAO HOSPITALAR DO ESTADO DE MINAS GERAIS;Nota fiscal;04.889.013/0001-14;DISTRILAF DISTRIBUIDORA DE MEDICAMENTOS LTDA;151996;;1;Completa - Recebimento definitivo;Consumo;Despesa orçamentária;2026-07-27;2026-07-27;2026-08-03;8775,0;Não
2010 - INST.DE PREVIDENCIA DOS SERVIDORES DO EST.M.GERAIS;Nota fiscal;12.889.035/0002-93;INOVAMED HOSPITALAR LTDA;75362;1;1;Completa - Recebimento definitivo;Consumo;Despesa orçamentária;2026-07-29;2026-07-31;2026-08-03;384,72;Não
1440 - DEFENSORIA PUBLICA DO ESTADO DE MINAS GERAIS;Nota fiscal;06.880.466/0001-05;RICCI DIARIOS, PUBLICACOES E AGENCIAMENTO LTDA - EPP;2461;;1;Completa;Serviço;Despesa orçamentária;2026-07-15;2026-07-31;2026-08-03;229,77;Não
2270 - FUNDACAO HOSPITALAR DO ESTADO DE MINAS GERAIS;Nota fiscal;39.935.073/0001-00;MG2 NUTRICAO LTDA;16369;1;1;Completa - Recebimento definitivo;Consumo;Despesa orçamentária;2026-08-03;2026-08-03;2026-08-03;883,6;Não
1440 - DEFENSORIA PUBLICA DO ESTADO DE MINAS GERAIS;Nota fiscal;06.880.466/0001-05;RICCI DIARIOS, PUBLICACOES E AGENCIAMENTO LTDA - EPP;2462;;1;Completa;Serviço;Despesa orçamentária;2026-07-15;2026-07-31;2026-08-03;229,77;Não
2010 - INST.DE PREVIDENCIA DOS SERVIDORES DO EST.M.GERAIS;Nota fiscal;07.295.190/0001-60;DBI COMERCIO E IMPORTACAO LTDA;73917;1;1;Completa - Recebimento definitivo;Consumo;Despesa orçamentária;2026-07-29;2026-07-31;2026-08-03;17584,0;Não
2480 - DETRAN / MG;Nota fiscal;33.113.309/0067-73;VALID SOLUCOES S A;24;A1;1;Completa;Serviço;Despesa orçamentária;2026-07-31;2026-07-31;2026-08-03;2127935,5;Não
2270 - FUNDACAO HOSPITALAR DO ESTADO DE MINAS GERAIS;Nota fiscal;00.201.182/0001-69;DISTRIBUIDORA DE AGUAS MINERAIS BH LTDA -EPP;35119;;1;Incompleta;Consumo;Despesa orçamentária;2026-08-03;2026-08-03;2026-08-03;2772,0;Não
2270 - FUNDACAO HOSPITALAR DO ESTADO DE MINAS GERAIS;Nota fiscal;05.194.502/0001-14;ALFALAGOS LTDA ;431810;1;1;Completa - Recebimento definitivo;Consumo;Despesa orçamentária;2026-07-27;2026-07-28;2026-08-03;138,0;Não
2260 - FUNDACAO EZEQUIEL DIAS;Outros;49.704.986/0001-70;EQUILAB FL CORP;831;;2;Completa - Recebimento definitivo;Permanente;Despesa orçamentária;2025-10-24;2026-08-03;2026-08-03;530610,39;Não
1320 - SECRETARIA DE ESTADO DA SAUDE;Nota fiscal;25.031.668/0001-27;SAMEH SOLUCOES HOSPITALARES LTDA;140273;1;1;Completa - Recebimento definitivo;Consumo;Despesa orçamentária;2026-07-30;2026-08-03;2026-08-03;3514,08;Não
2270 - FUNDACAO HOSPITALAR DO ESTADO DE MINAS GERAIS;Nota fiscal;09.524.545/0001-71;WF TECNOLOGIA CIENTIFICA LTDA;4782;;1;Completa;Serviço;Despesa orçamentária;2026-06-30;2026-08-03;2026-08-03;3622,35;Não
1510 - POLICIA CIVIL DO ESTADO DE MINAS GERAIS;Outros;52.988.306/0001-00;CB3D NEGOCIOS IMOBILIARIOS LTDA;102026;;1;Completa;Serviço;Despesa orçamentária;2026-08-03;2026-08-03;2026-08-03;8922,36;Não
1320 - SECRETARIA DE ESTADO DA SAUDE;Outros;33.224.254/0001-42;MGS MINAS GERAIS ADMINISTRACAO E SERVICOS S/A;698263;1;1;Completa;Serviço;Despesa orçamentária;2026-07-24;2026-08-03;2026-08-03;8876,84;Não
2180 - FUNDACAO CLOVIS SALGADO;Nota fiscal;64.144.241/0001-97;M. CLARA MARCO FERNANDEZ REGENTE DE ORQUESTRA E CORO LTDA;7;;1;Completa;Serviço;Despesa orçamentária;2026-07-31;2026-08-03;2026-08-03;15000,0;Não
1250 - POLICIA MILITAR DE MINAS GERAIS;Nota fiscal;07.820.223/0001-44;MARCELO LUIZ CLEMENTE BRANDAO -ME;15;;2;Completa;Serviço;Despesa orçamentária;2026-07-31;2026-08-03;2026-08-03;7344,62;Não
1450 - SECRETARIA DE ESTADO DE JUSTICA E SEGURANCA PUBLIC;Nota fiscal;08.624.977/0001-91;TERRAVIVA AMBIENTAL LTDA;8867;;1;Completa;Serviço;Despesa orçamentária;2026-07-10;2026-07-10;2026-08-03;564,63;Não
2010 - INST.DE PREVIDENCIA DOS SERVIDORES DO EST.M.GERAIS;Nota fiscal;13.008.903/0001-60;MILLENIUM COMERCIO SERVICO LTDA - EPP;6955;1;1;Completa - Recebimento definitivo;Consumo;Despesa orçamentária;2026-07-30;2026-07-31;2026-08-03;4386,55;Não
1320 - SECRETARIA DE ESTADO DA SAUDE;Nota fiscal;10.312.101/0001-51;RA TELECOM LTDA;1868;;1;Incompleta;Serviço;Despesa orçamentária;2026-08-03;2026-08-03;2026-08-03;6724,81;Não
1440 - DEFENSORIA PUBLICA DO ESTADO DE MINAS GERAIS;Nota fiscal;06.880.466/0001-05;RICCI DIARIOS, PUBLICACOES E AGENCIAMENTO LTDA - EPP;2558;;1;Completa;Serviço;Despesa orçamentária;2026-07-24;2026-07-31;2026-08-03;229,77;Não
1260 - SECRETARIA DE ESTADO DE EDUCACAO;Outros;***.369.406-**;JOSE BORGES DA CUNHA;72026;;1;Completa;Serviço;Despesa orçamentária;2026-08-03;2026-08-03;2026-08-03;700,0;Não
1510 - POLICIA CIVIL DO ESTADO DE MINAS GERAIS;Outros;19.519.883/0001-79;ADSECUR CONSULTORIA IMOBILIARIA LTDA;82026;;1;Completa;Serviço;Despesa orçamentária;2026-08-03;2026-08-03;2026-08-03;20354,49;Não
2150 - FUNDACAO HELENA ANTIPOFF;Nota fiscal;33.869.831/0001-53;GEBERTE FREIRE SILVA LTDA;1079;1;1;Completa - Recebimento definitivo;Consumo;Despesa orçamentária;2026-07-31;2026-07-31;2026-08-03;2791,88;Não
2300 - DEPARTAMENTO DE ESTRADAS DE RODAGEM;Nota fiscal;33.224.254/0001-42;MGS MINAS GERAIS ADMINISTRACAO E SERVICOS S/A;696997;;1;Completa;Serviço;Despesa orçamentária;2026-07-16;2026-07-20;2026-08-03;2981,75;Não
2270 - FUNDACAO HOSPITALAR DO ESTADO DE MINAS GERAIS;Nota fiscal;05.194.502/0001-14;ALFALAGOS LTDA ;431818;1;1;Completa - Recebimento definitivo;Consumo;Despesa orçamentária;2026-07-27;2026-07-28;2026-08-03;36,0;Não
2350 - UNIVERSIDADE DO ESTADO DE MINAS GERAIS;Nota fiscal;05.342.580/0001-19;UNIVERSIDADE PATATIVA DO ASSARE;2026;147;1;Completa;Serviço;Despesa orçamentária;2026-07-22;2026-07-28;2026-08-03;3385,62;Não
1090 - PROCURADORIA GERAL DE JUSTICA;Nota fiscal;00.482.840/0001-38;LIDERANCA LIMPEZA E CONSERVACAO LTDA;2026179952;;1;Completa;Serviço;Despesa orçamentária;2026-07-30;2026-07-31;2026-08-03;16905,63;Não
2300 - DEPARTAMENTO DE ESTRADAS DE RODAGEM;Nota fiscal;33.224.254/0001-42;MGS MINAS GERAIS ADMINISTRACAO E SERVICOS S/A;696998;;1;Completa;Serviço;Despesa orçamentária;2026-07-16;2026-07-20;2026-08-03;1127,28;Não
1010 - ASSEMBLEIA LEGISLATIVA DO ESTADO DE MINAS GERAIS;Nota fiscal;14.417.648/0001-72;ROCHA CONTROLS MONTAGEM E SERVICOS ESPECIALIZADOS EM SISTEMAS DE SEGURANCA LTDA;35322026;;1;Completa;Serviço;Despesa orçamentária;2026-07-30;2026-07-30;2026-08-03;5078,83;Não
2270 - FUNDACAO HOSPITALAR DO ESTADO DE MINAS GERAIS;Nota fiscal;07.005.650/0001-79;AMBIENTTAL PROTECAO RADIOLOGICA LTDA;790;;1;Completa;Serviço;Despesa orçamentária;2026-08-03;2026-08-03;2026-08-03;2899,9;Não
2010 - INST.DE PREVIDENCIA DOS SERVIDORES DO EST.M.GERAIS;Nota fiscal;33.224.254/0001-42;MGS MINAS GERAIS ADMINISTRACAO E SERVICOS S/A;26726;1A;1;Completa;Serviço;Despesa orçamentária;2026-07-29;2026-07-29;2026-08-03;954826,32;Não
1450 - SECRETARIA DE ESTADO DE JUSTICA E SEGURANCA PUBLIC;Nota fiscal;08.624.977/0001-91;TERRAVIVA AMBIENTAL LTDA;7445;1;1;Completa;Serviço;Despesa orçamentária;2026-06-09;2026-06-09;2026-08-03;326,8;Não
2270 - FUNDACAO HOSPITALAR DO ESTADO DE MINAS GERAIS;Nota fiscal;39.935.073/0001-00;MG2 NUTRICAO LTDA;16201;1;1;Completa - Recebimento definitivo;Consumo;Despesa orçamentária;2026-07-23;2026-07-27;2026-08-03;1188,0;Não
1090 - PROCURADORIA GERAL DE JUSTICA;Nota fiscal;00.482.840/0001-38;LIDERANCA LIMPEZA E CONSERVACAO LTDA;2026179953;;1;Completa;Serviço;Despesa orçamentária;2026-07-30;2026-07-31;2026-08-03;7593,73;Não
2270 - FUNDACAO HOSPITALAR DO ESTADO DE MINAS GERAIS;Nota fiscal;21.921.393/0003-08;ORTHO CLINICAL DIAGNOSTICS DO BRASIL PRODUTOS PARA SAUDE LTDA.;281493;;1;Completa - Recebimento definitivo;Consumo;Despesa orçamentária;2026-07-28;2026-07-31;2026-08-03;10338,0;Não
1030 - TRIBUNAL DE JUSTICA DO ESTADO DE MINAS GERAIS;Nota fiscal;18.270.503/0001-42;JS EMPREENDIMENTOS E CONSTRUCOES LTDA;202686;;1;Completa;Serviço;Despesa orçamentária;2026-08-03;2026-08-03;2026-08-03;644589,52;Não
1450 - SECRETARIA DE ESTADO DE JUSTICA E SEGURANCA PUBLIC;Nota fiscal;08.624.977/0001-91;TERRAVIVA AMBIENTAL LTDA;7513;;1;Completa;Serviço;Despesa orçamentária;2026-06-09;2026-06-09;2026-08-03;834,75;Não
2270 - FUNDACAO HOSPITALAR DO ESTADO DE MINAS GERAIS;Nota fiscal;58.295.213/0023-83;PHILIPS MEDICAL SYSTEMS LTDA;19842;;1;Completa;Serviço;Despesa orçamentária;2026-08-03;2026-08-03;2026-08-03;4605,17;Não
1090 - PROCURADORIA GERAL DE JUSTICA;Nota fiscal;00.482.840/0001-38;LIDERANCA LIMPEZA E CONSERVACAO LTDA;2026179954;;1;Completa;Serviço;Despesa orçamentária;2026-07-30;2026-07-31;2026-08-03;6376,63;Não
1260 - SECRETARIA DE ESTADO DE EDUCACAO;Outros;07.473.849/0001-21;COOPERATIVA DE EDUCACAO E CULTURA DE MACHADO LTDA - COOPECMA;9497680;4;1;Completa;Serviço;Despesa orçamentária;2026-08-03;2026-08-03;2026-08-03;13340,0;Não
1320 - SECRETARIA DE ESTADO DA SAUDE;Outros;33.224.254/0001-42;MGS MINAS GERAIS ADMINISTRACAO E SERVICOS S/A;698262;1;1;Completa;Serviço;Despesa orçamentária;2026-07-24;2026-08-03;2026-08-03;2403,63;Não
2270 - FUNDACAO HOSPITALAR DO ESTADO DE MINAS GERAIS;Nota fiscal;05.194.502/0001-14;ALFALAGOS LTDA ;431826;1;1;Completa - Recebimento definitivo;Consumo;Despesa orçamentária;2026-07-27;2026-07-28;2026-08-03;302,9;Não
1260 - SECRETARIA DE ESTADO DE EDUCACAO;Outros;17.511.866/0001-60;INSTITUTO SOCIAL FREI GABRIEL;9293135;54;1;Completa;Serviço;Despesa orçamentária;2026-07-31;2026-07-31;2026-08-03;29890,86;Não
2120 - INST.PREV.DOS SERV.MILITARES DO ESTADO M.GERAIS;Nota fiscal;23.936.211/0001-36;MG CONTROLE DE ACESSO LTDA;4920;1;1;Completa;Serviço;Despesa orçamentária;2026-07-08;2026-08-03;2026-08-03;196,0;Não
2270 - FUNDACAO HOSPITALAR DO ESTADO DE MINAS GERAIS;Nota fiscal;28.900.846/0001-05;AVF COMERCIO E IMPORTACAO EXPORTACAO LTDA;1381;;1;Completa - Recebimento definitivo;Consumo;Despesa orçamentária;2026-07-21;2026-07-30;2026-08-03;1500,0;Não
1500 - SECRETARIA DE ESTADO DE PLANEJAMENTO E GESTAO;Nota fiscal;33.224.254/0001-42;MGS MINAS GERAIS ADMINISTRACAO E SERVICOS S/A;26539;1;1;Completa;Serviço;Despesa orçamentária;2026-07-29;2026-07-30;2026-08-03;2253,64;Não
1480 - SECRETARIA DE ESTADO DE DESENVOLVIMENTO SOCIAL;Nota fiscal;15.242.539/0001-24;COMERCIAL MUZAMINAS LTDA;117;;1;Completa;Serviço;Despesa orçamentária;2026-07-30;2026-07-30;2026-08-03;2460,0;Não
1400 - CORPO DE BOMBEIROS MILITAR DE MINAS GERAIS;Nota fiscal;62.330.385/0001-02;REDE MC SERVICOS LTDA;14;;1;Completa;Serviço;Despesa orçamentária;2026-07-29;2026-07-29;2026-08-03;2897,54;Não
1260 - SECRETARIA DE ESTADO DE EDUCACAO;Outros;16.948.366/0001-27;LOJA MACONICA MESTRES DO VALE N. 1065;9179797;80;1;Completa;Serviço;Despesa orçamentária;2026-07-31;2026-07-31;2026-08-03;4729,23;Não
2350 - UNIVERSIDADE DO ESTADO DE MINAS GERAIS;Nota fiscal;05.342.580/0001-19;UNIVERSIDADE PATATIVA DO ASSARE;2026;415;1;Completa;Serviço;Despesa orçamentária;2026-07-22;2026-07-28;2026-08-03;14265,14;Não
1400 - CORPO DE BOMBEIROS MILITAR DE MINAS GERAIS;Nota fiscal;62.330.385/0001-02;REDE MC SERVICOS LTDA;15;;1;Completa;Serviço;Despesa orçamentária;2026-07-29;2026-07-29;2026-08-03;369,72;Não
2300 - DEPARTAMENTO DE ESTRADAS DE RODAGEM;Nota fiscal;01.466.431/0001-00;GCT - GERENCIAMENTO E CONTROLE DE TRANSITO S/A;20261451;;1;Completa;Serviço;Despesa orçamentária;2026-07-17;2026-07-21;2026-08-03;2176,11;Não
1500 - SECRETARIA DE ESTADO DE PLANEJAMENTO E GESTAO;Nota fiscal;16.636.540/0001-04;COMPANHIA DE TECNOLOGIA DA INFORMACAO DO ESTADO DE MINAS GERAIS-PRODEMGE;20266340;;1;Completa;Serviço;Despesa orçamentária;2026-07-28;2026-07-28;2026-08-03;29058,0;Não
1260 - SECRETARIA DE ESTADO DE EDUCACAO;Outros;33.224.254/0001-42;MGS MINAS GERAIS ADMINISTRACAO E SERVICOS S/A;697844;REC;1;Completa;Serviço;Despesa orçamentária;2026-07-22;2026-08-03;2026-08-03;4647,71;Não
2120 - INST.PREV.DOS SERV.MILITARES DO ESTADO M.GERAIS;Nota fiscal;00.201.182/0001-69;DISTRIBUIDORA DE AGUAS MINERAIS BH LTDA -EPP;35097;1;1;Completa - Recebimento definitivo;Consumo;Despesa orçamentária;2026-07-15;2026-08-03;2026-08-03;1000,0;Não
1260 - SECRETARIA DE ESTADO DE EDUCACAO;Outros;20.624.433/0001-25;ASSOCIACAO DE PROTECAO A MATERNIDADE E A INFANCIA DE GOVERNADOR VALADARES;9149589;178;1;Completa;Serviço;Despesa orçamentária;2026-07-31;2026-07-31;2026-08-03;10193,13;Não
1050 - TRIBUNAL DE JUSTICA MILITAR DO ESTADO DE M.G.;Nota fiscal;21.641.059/0001-39;DISTRIBUIDORA PERES & ARAUJO LTDA - ME;3016;1;1;Completa - Recebimento provisório;Permanente;Despesa orçamentária;2026-08-01;2026-08-03;2026-08-03;2727,96;Não
1020 - TRIBUNAL DE CONTAS DO ESTADO DE MINAS GERAIS;Nota fiscal;23.248.665/0001-14;HOMEMURBANO EIRELI;557;;1;Completa;Serviço;Despesa orçamentária;2026-08-01;2026-08-01;2026-08-03;511,91;Não
2270 - FUNDACAO HOSPITALAR DO ESTADO DE MINAS GERAIS;Nota fiscal;06.003.551/0001-95;QUALIVIDROS DISTRIBUIDORA LTDA;35695;;1;Completa - Recebimento definitivo;Consumo;Despesa orçamentária;2026-07-20;2026-08-03;2026-08-03;284,0;Não
1250 - POLICIA MILITAR DE MINAS GERAIS;Nota fiscal;34.274.233/0025-71;VIBRA ENERGIA S.A;4953789;;1;Completa - Recebimento definitivo;Consumo;Despesa orçamentária;2026-08-03;2026-08-03;2026-08-03;21981,0;Não
1080 - ADVOCACIA-GERAL DO ESTADO DE MINAS GERAIS;Outros;17.676.836/0001-03;DCJ SERVICOS LTDA;202607;;1;Completa;Serviço;Despesa orçamentária;2026-07-20;2026-07-20;2026-08-03;5261,88;Não
1450 - SECRETARIA DE ESTADO DE JUSTICA E SEGURANCA PUBLIC;Nota fiscal;08.624.977/0001-91;TERRAVIVA AMBIENTAL LTDA;8857;;1;Completa;Serviço;Despesa orçamentária;2026-07-10;2026-07-10;2026-08-03;887,4;Não
1260 - SECRETARIA DE ESTADO DE EDUCACAO;Outros;20.624.433/0001-25;ASSOCIACAO DE PROTECAO A MATERNIDADE E A INFANCIA DE GOVERNADOR VALADARES;9149587;170;1;Completa;Serviço;Despesa orçamentária;2026-07-31;2026-07-31;2026-08-03;9662,27;Não
1050 - TRIBUNAL DE JUSTICA MILITAR DO ESTADO DE M.G.;Outros;39.565.567/0001-40;BTT TELECOMUNICACOES S.A.;17216357;;1;Incompleta;Serviço;Despesa orçamentária;2026-02-26;2026-08-03;2026-08-03;616,67;Não
1320 - SECRETARIA DE ESTADO DA SAUDE;Nota fiscal;33.224.254/0001-42;MGS MINAS GERAIS ADMINISTRACAO E SERVICOS S/A;259342026;;1;Completa;Serviço;Despesa orçamentária;2026-07-24;2026-08-03;2026-08-03;13195,78;Não
1260 - SECRETARIA DE ESTADO DE EDUCACAO;Outros;33.224.254/0001-42;MGS MINAS GERAIS ADMINISTRACAO E SERVICOS S/A;697846;;1;Completa;Serviço;Despesa orçamentária;2026-07-22;2026-08-03;2026-08-03;545,46;Não
2270 - FUNDACAO HOSPITALAR DO ESTADO DE MINAS GERAIS;Nota fiscal;54.516.661/0080-05;JOHNSON & JOHNSON DO BRASIL INDUSTRIA E COMERCIO DE PRODUTOS PARA SAUDE LTDA.;2153661;;1;Completa - Recebimento definitivo;Consumo;Despesa orçamentária;2026-07-28;2026-07-30;2026-08-03;215,04;Não
2270 - FUNDACAO HOSPITALAR DO ESTADO DE MINAS GERAIS;Nota fiscal;60.665.981/0009-75;UNIAO QUIMICA FARMACEUTICA NACIONAL S A;1104298;;1;Completa - Recebimento definitivo;Consumo;Despesa orçamentária;2026-07-28;2026-07-30;2026-08-03;284,09;Não
1220 - SECRETARIA DE DESENVOLVIMENTO ECONOMICO;Nota fiscal;19.296.342/0001-29;MGI MINAS GERAIS PARTICIPACOES S.A;202630;;1;Completa;Serviço;Despesa orçamentária;2026-07-07;2026-07-30;2026-08-03;46322,66;Não
2270 - FUNDACAO HOSPITALAR DO ESTADO DE MINAS GERAIS;Nota fiscal;02.662.841/0001-90;MASTERMED COMERCIAL LTDA -EPP;13984;;1;Completa - Recebimento definitivo;Consumo;Despesa orçamentária;2026-07-28;2026-07-29;2026-08-03;4347,0;Não
1260 - SECRETARIA DE ESTADO DE EDUCACAO;Outros;20.624.433/0001-25;ASSOCIACAO DE PROTECAO A MATERNIDADE E A INFANCIA DE GOVERNADOR VALADARES;9149588;101;1;Incompleta;Serviço;Despesa orçamentária;2026-07-31;2026-07-31;2026-08-03;8882,91;Não
1400 - CORPO DE BOMBEIROS MILITAR DE MINAS GERAIS;Nota fiscal;62.330.385/0001-02;REDE MC SERVICOS LTDA;13;1;1;Completa;Serviço;Despesa orçamentária;2026-07-29;2026-07-29;2026-08-03;165,66;Não
2300 - DEPARTAMENTO DE ESTRADAS DE RODAGEM;Nota fiscal;01.466.431/0001-00;GCT - GERENCIAMENTO E CONTROLE DE TRANSITO S/A;20261452;;1;Completa;Serviço;Despesa orçamentária;2026-07-17;2026-07-21;2026-08-03;2252,94;Não
1020 - TRIBUNAL DE CONTAS DO ESTADO DE MINAS GERAIS;Nota fiscal;36.996.487/0001-51;LOBO SOLUCOES EM LICITACOES E COMERCIO LTDA;371;0;1;Completa - Recebimento definitivo;Consumo;Despesa orçamentária;2026-07-22;2026-08-03;2026-08-03;1366,7;Não
1250 - POLICIA MILITAR DE MINAS GERAIS;Nota fiscal;34.274.233/0025-71;VIBRA ENERGIA S.A;4953788;;1;Completa - Recebimento definitivo;Consumo;Despesa orçamentária;2026-08-03;2026-08-03;2026-08-03;14666,88;Não
2010 - INST.DE PREVIDENCIA DOS SERVIDORES DO EST.M.GERAIS;Nota fiscal;33.224.254/0001-42;MGS MINAS GERAIS ADMINISTRACAO E SERVICOS S/A;26724;1A;1;Completa;Serviço;Despesa orçamentária;2026-07-29;2026-07-29;2026-08-03;76189,71;Não
1500 - SECRETARIA DE ESTADO DE PLANEJAMENTO E GESTAO;Nota fiscal;33.224.254/0001-42;MGS MINAS GERAIS ADMINISTRACAO E SERVICOS S/A;26838;5;1;Completa;Serviço;Despesa orçamentária;2026-07-29;2026-07-29;2026-08-03;100760,75;Não
1260 - SECRETARIA DE ESTADO DE EDUCACAO;Outros;***.529.636-**;WILSON VAZ;9244315;76;1;Completa;Serviço;Despesa orçamentária;2026-07-31;2026-07-31;2026-08-03;43933,57;Não
2350 - UNIVERSIDADE DO ESTADO DE MINAS GERAIS;Nota fiscal;05.342.580/0001-19;UNIVERSIDADE PATATIVA DO ASSARE;2026;458;1;Completa;Serviço;Despesa orçamentária;2026-07-28;2026-07-28;2026-08-03;18443,12;Não
1500 - SECRETARIA DE ESTADO DE PLANEJAMENTO E GESTAO;Nota fiscal;33.224.254/0001-42;MGS MINAS GERAIS ADMINISTRACAO E SERVICOS S/A;26839;5;1;Completa;Serviço;Despesa orçamentária;2026-07-29;2026-07-29;2026-08-03;4895,21;Não
2010 - INST.DE PREVIDENCIA DOS SERVIDORES DO EST.M.GERAIS;Nota fiscal;33.224.254/0001-42;MGS MINAS GERAIS ADMINISTRACAO E SERVICOS S/A;26893;1;1;Completa;Serviço;Despesa orçamentária;2026-07-29;2026-07-30;2026-08-03;7961,98;Não
1260 - SECRETARIA DE ESTADO DE EDUCACAO;Nota fiscal;33.224.254/0001-42;MGS MINAS GERAIS ADMINISTRACAO E SERVICOS S/A;202625618;;1;Completa;Serviço;Despesa orçamentária;2026-07-22;2026-08-03;2026-08-03;1686,15;Não
2300 - DEPARTAMENTO DE ESTRADAS DE RODAGEM;Nota fiscal;01.466.431/0001-00;GCT - GERENCIAMENTO E CONTROLE DE TRANSITO S/A;20261453;;1;Completa;Serviço;Despesa orçamentária;2026-07-17;2026-07-21;2026-08-03;4915,5;Não
1500 - SECRETARIA DE ESTADO DE PLANEJAMENTO E GESTAO;Nota fiscal;33.224.254/0001-42;MGS MINAS GERAIS ADMINISTRACAO E SERVICOS S/A;26841;5;1;Completa;Serviço;Despesa orçamentária;2026-07-29;2026-07-29;2026-08-03;9465,43;Não
1260 - SECRETARIA DE ESTADO DE EDUCACAO;Outros;***.259.626-**;NILTON FARIA;9468682;12;1;Completa;Serviço;Despesa orçamentária;2026-07-31;2026-07-31;2026-08-03;10000,0;Não
2420 - INSTITUTO DE DESENVOLVIMENTO NORTE E NORDESTE MG;Nota fiscal;50.073.117/0001-73;ASSOCIACAO DOS PRODUTORES RURAIS DE MANGA E ADJACENCIAS - APRUMA;523;1;2;Completa - Recebimento definitivo;Consumo;Despesa extra orçamentária;2026-07-14;2026-07-17;2026-08-03;44289,0;Não
2260 - FUNDACAO EZEQUIEL DIAS;Nota fiscal;01.299.509/0001-40;BIOMEDICA EQUIPAMENTOS E SUPRIMENTOS HOSPITALARES LTDA;12582;1;1;Completa - Recebimento definitivo;Permanente;Despesa orçamentária;2026-07-20;2026-08-03;2026-08-03;35000,0;Não
2270 - FUNDACAO HOSPITALAR DO ESTADO DE MINAS GERAIS;Nota fiscal;00.583.890/0001-01;FAMAP NUTRICAO PARENTERAL LTDA;479621;;2;Completa - Recebimento definitivo;Consumo;Despesa orçamentária;2026-01-14;2026-08-03;2026-08-03;127,4;Não
1500 - SECRETARIA DE ESTADO DE PLANEJAMENTO E GESTAO;Nota fiscal;33.224.254/0001-42;MGS MINAS GERAIS ADMINISTRACAO E SERVICOS S/A;26850;5;1;Completa;Serviço;Despesa orçamentária;2026-07-29;2026-07-29;2026-08-03;6998,06;Não
2270 - FUNDACAO HOSPITALAR DO ESTADO DE MINAS GERAIS;Nota fiscal;21.681.325/0001-57;MULTIFARMA COMERCIO E REPRESENTACOES LTDA.;294694;1;1;Completa - Recebimento definitivo;Consumo;Despesa orçamentária;2026-06-25;2026-07-21;2026-08-03;141,78;Não
1510 - POLICIA CIVIL DO ESTADO DE MINAS GERAIS;Nota fiscal;07.756.651/0074-00;BRASIL TECPAR SERVICOS DE TELECOMUNICACOES S.A;32;;1;Completa;Serviço;Despesa orçamentária;2026-06-09;2026-07-15;2026-08-03;481,0;Não
2270 - FUNDACAO HOSPITALAR DO ESTADO DE MINAS GERAIS;Nota fiscal;10.446.719/0001-04;BIOTEC BIOLOGICA INDUSTRIA FARMACEUTICA LTDA;2618;;1;Completa - Recebimento definitivo;Consumo;Despesa orçamentária;2026-07-10;2026-07-26;2026-08-03;1816,0;Não
1500 - SECRETARIA DE ESTADO DE PLANEJAMENTO E GESTAO;Nota fiscal;33.224.254/0001-42;MGS MINAS GERAIS ADMINISTRACAO E SERVICOS S/A;26851;5;1;Completa;Serviço;Despesa orçamentária;2026-07-29;2026-07-29;2026-08-03;646,31;Não
1250 - POLICIA MILITAR DE MINAS GERAIS;Nota fiscal;11.065.582/0001-00;B&C PRODUTOS DE LIMPEZA E EMBALAGENS LTDA -ME;147857;;1;Completa - Recebimento definitivo;Consumo;Despesa orçamentária;2026-07-23;2026-08-03;2026-08-03;84,0;Não
2010 - INST.DE PREVIDENCIA DOS SERVIDORES DO EST.M.GERAIS;Outros;33.224.254/0001-42;MGS MINAS GERAIS ADMINISTRACAO E SERVICOS S/A;699220;1;1;Completa;Serviço;Despesa orçamentária;2026-07-29;2026-07-30;2026-08-03;771,1;Não
1260 - SECRETARIA DE ESTADO DE EDUCACAO;Outros;20.624.433/0001-25;ASSOCIACAO DE PROTECAO A MATERNIDADE E A INFANCIA DE GOVERNADOR VALADARES;9372871;122;1;Completa;Serviço;Despesa orçamentária;2026-07-31;2026-07-31;2026-08-03;6207,04;Não
1260 - SECRETARIA DE ESTADO DE EDUCACAO;Nota fiscal;10.739.240/0012-19;UNICA EDUCACIONAL LTDA;202661;NFS;1;Completa;Serviço;Despesa orçamentária;2026-07-01;2026-07-09;2026-08-03;249220,9;Não
1320 - SECRETARIA DE ESTADO DA SAUDE;Nota fiscal;33.224.254/0001-42;MGS MINAS GERAIS ADMINISTRACAO E SERVICOS S/A;259332026;;1;Completa;Serviço;Despesa orçamentária;2026-07-24;2026-08-03;2026-08-03;125888,56;Não
2010 - INST.DE PREVIDENCIA DOS SERVIDORES DO EST.M.GERAIS;Nota fiscal;33.224.254/0001-42;MGS MINAS GERAIS ADMINISTRACAO E SERVICOS S/A;26725;1A;1;Completa;Serviço;Despesa orçamentária;2026-07-29;2026-07-29;2026-08-03;21847,04;Não
1500 - SECRETARIA DE ESTADO DE PLANEJAMENTO E GESTAO;Nota fiscal;33.224.254/0001-42;MGS MINAS GERAIS ADMINISTRACAO E SERVICOS S/A;26853;5;1;Completa;Serviço;Despesa orçamentária;2026-07-29;2026-07-29;2026-08-03;132402,47;Não
1500 - SECRETARIA DE ESTADO DE PLANEJAMENTO E GESTAO;Nota fiscal;33.224.254/0001-42;MGS MINAS GERAIS ADMINISTRACAO E SERVICOS S/A;26873;5;1;Completa;Serviço;Despesa orçamentária;2026-07-29;2026-07-29;2026-08-03;8361,53;Não
2010 - INST.DE PREVIDENCIA DOS SERVIDORES DO EST.M.GERAIS;Outros;33.224.254/0001-42;MGS MINAS GERAIS ADMINISTRACAO E SERVICOS S/A;699221;;1;Completa;Serviço;Despesa orçamentária;2026-07-29;2026-07-30;2026-08-03;363,64;Não
1260 - SECRETARIA DE ESTADO DE EDUCACAO;Nota fiscal;13.025.124/0001-73;IRMEP - INSTITUTO REGINA MATER DE EDUCACAO PROFISSIONAL LTDA ;202600000031982;;1;Completa;Serviço;Despesa orçamentária;2026-07-31;2026-08-03;2026-08-03;44231,05;Não
1400 - CORPO DE BOMBEIROS MILITAR DE MINAS GERAIS;Nota fiscal;62.330.385/0001-02;REDE MC SERVICOS LTDA;11;1;1;Completa;Serviço;Despesa orçamentária;2026-07-29;2026-07-29;2026-08-03;2045,35;Não
2270 - FUNDACAO HOSPITALAR DO ESTADO DE MINAS GERAIS;Nota fiscal;00.029.372/0003-02;GE HEALTHCARE DO BRASIL COMERCIO E SERVICOS PARA EQUIPAMENTOS MEDICO-HOSPITALARES LTDA;426595;;1;Completa;Serviço;Despesa orçamentária;2026-07-31;2026-08-03;2026-08-03;1250,0;Não
2300 - DEPARTAMENTO DE ESTRADAS DE RODAGEM;Nota fiscal;01.466.431/0001-00;GCT - GERENCIAMENTO E CONTROLE DE TRANSITO S/A;20261454;;1;Completa;Serviço;Despesa orçamentária;2026-07-17;2026-07-21;2026-08-03;2811,52;Não
1500 - SECRETARIA DE ESTADO DE PLANEJAMENTO E GESTAO;Nota fiscal;33.224.254/0001-42;MGS MINAS GERAIS ADMINISTRACAO E SERVICOS S/A;26874;5;1;Completa;Serviço;Despesa orçamentária;2026-07-29;2026-07-29;2026-08-03;775,44;Não
1260 - SECRETARIA DE ESTADO DE EDUCACAO;Outros;18.034.025/0001-71;INDUMENTARIA INDUSTRIA E COMERCIO LTDA - ME;9054099;164;1;Completa;Serviço;Despesa orçamentária;2026-07-31;2026-07-31;2026-08-03;39639,17;Não
2010 - INST.DE PREVIDENCIA DOS SERVIDORES DO EST.M.GERAIS;Nota fiscal;33.224.254/0001-42;MGS MINAS GERAIS ADMINISTRACAO E SERVICOS S/A;26727;1A;1;Completa;Serviço;Despesa orçamentária;2026-07-29;2026-07-29;2026-08-03;609,81;Não
1500 - SECRETARIA DE ESTADO DE PLANEJAMENTO E GESTAO;Nota fiscal;33.224.254/0001-42;MGS MINAS GERAIS ADMINISTRACAO E SERVICOS S/A;26540;10;1;Completa;Serviço;Despesa orçamentária;2026-07-29;2026-07-30;2026-08-03;74902,0;Não
1500 - SECRETARIA DE ESTADO DE PLANEJAMENTO E GESTAO;Nota fiscal;33.224.254/0001-42;MGS MINAS GERAIS ADMINISTRACAO E SERVICOS S/A;26875;5;1;Completa;Serviço;Despesa orçamentária;2026-07-29;2026-07-29;2026-08-03;136596,03;Não
2010 - INST.DE PREVIDENCIA DOS SERVIDORES DO EST.M.GERAIS;Nota fiscal;05.814.441/0001-40;PREMIER SEGURANCA ELETRONICA LTDA;987;1;1;Completa;Serviço;Despesa orçamentária;2026-08-03;2026-08-03;2026-08-03;48276,65;Não
2270 - FUNDACAO HOSPITALAR DO ESTADO DE MINAS GERAIS;Nota fiscal;23.864.942/0001-13;UNIQUE DISTRIBUIDORA DE MEDICAMENTOS LTDA;27896;;1;Completa - Recebimento definitivo;Consumo;Despesa orçamentária;2026-07-22;2026-07-27;2026-08-03;958,06;Não
1500 - SECRETARIA DE ESTADO DE PLANEJAMENTO E GESTAO;Nota fiscal;33.224.254/0001-42;MGS MINAS GERAIS ADMINISTRACAO E SERVICOS S/A;26876;5;1;Completa;Serviço;Despesa orçamentária;2026-07-29;2026-07-29;2026-08-03;12972,33;Não
1260 - SECRETARIA DE ESTADO DE EDUCACAO;Outros;***.070.758-**;JOSE LAZARO NEGRAO;72026;;1;Completa;Serviço;Despesa orçamentária;2026-08-03;2026-08-03;2026-08-03;1182,79;Não
1260 - SECRETARIA DE ESTADO DE EDUCACAO;Outros;***.419.006-**;SEBASTIAO GOMES DA SILVA;9240596;55;1;Completa;Serviço;Despesa orçamentária;2026-07-31;2026-07-31;2026-08-03;1134,0;Não
2010 - INST.DE PREVIDENCIA DOS SERVIDORES DO EST.M.GERAIS;Nota fiscal;05.814.441/0001-40;PREMIER SEGURANCA ELETRONICA LTDA;987;2;1;Completa;Serviço;Despesa orçamentária;2026-08-03;2026-08-03;2026-08-03;8890,64;Não
2300 - DEPARTAMENTO DE ESTRADAS DE RODAGEM;Nota fiscal;01.466.431/0001-00;GCT - GERENCIAMENTO E CONTROLE DE TRANSITO S/A;20261455;;1;Completa;Serviço;Despesa orçamentária;2026-07-17;2026-07-21;2026-08-03;9322,52;Não
2010 - INST.DE PREVIDENCIA DOS SERVIDORES DO EST.M.GERAIS;Nota fiscal;05.814.441/0001-40;PREMIER SEGURANCA ELETRONICA LTDA;987;3;1;Completa;Serviço;Despesa orçamentária;2026-08-03;2026-08-03;2026-08-03;10920,9;Não
1260 - SECRETARIA DE ESTADO DE EDUCACAO;Nota fiscal;33.224.254/0001-42;MGS MINAS GERAIS ADMINISTRACAO E SERVICOS S/A;25613;;1;Completa;Serviço;Despesa orçamentária;2026-07-22;2026-08-03;2026-08-03;84378,59;Não
2010 - INST.DE PREVIDENCIA DOS SERVIDORES DO EST.M.GERAIS;Nota fiscal;09.426.307/0001-23;GOLD CARE EQUIPAMENTOS HOSPITALARES LTDA;492;;1;Completa;Serviço;Despesa orçamentária;2026-07-17;2026-08-03;2026-08-03;6096,57;Não
2350 - UNIVERSIDADE DO ESTADO DE MINAS GERAIS;Nota fiscal;05.342.580/0001-19;UNIVERSIDADE PATATIVA DO ASSARE;2026;459;1;Completa;Serviço;Despesa orçamentária;2026-07-28;2026-07-28;2026-08-03;20626,8;Não
2150 - FUNDACAO HELENA ANTIPOFF;Nota fiscal;71.139.240/0001-10;CONSULTE INFORMATICA LTDA;452;;1;Completa;Serviço;Despesa orçamentária;2026-07-17;2026-07-20;2026-08-03;14520,0;Não
2270 - FUNDACAO HOSPITALAR DO ESTADO DE MINAS GERAIS;Nota fiscal;41.719.535/0001-02;ORTO MUNK LTDA -ME;2134;1;1;Completa;Serviço;Despesa orçamentária;2026-07-22;2026-07-22;2026-08-03;1972,0;Não
1450 - SECRETARIA DE ESTADO DE JUSTICA E SEGURANCA PUBLIC;Nota fiscal;08.624.977/0001-91;TERRAVIVA AMBIENTAL LTDA;8806;;1;Completa;Serviço;Despesa orçamentária;2026-07-10;2026-07-10;2026-08-03;708,9;Não
2270 - FUNDACAO HOSPITALAR DO ESTADO DE MINAS GERAIS;Nota fiscal;18.459.628/0097-67;BAYER S.A.;328031;;1;Completa - Recebimento definitivo;Consumo;Despesa orçamentária;2026-07-20;2026-07-31;2026-08-03;67650,0;Não
1400 - CORPO DE BOMBEIROS MILITAR DE MINAS GERAIS;Nota fiscal;04.087.116/0001-60;AGRA MOTORS COMERCIO DE VEICULOS LTDA;1761;;1;Completa;Serviço;Despesa orçamentária;2026-07-28;2026-07-28;2026-08-03;2609,72;Não
2270 - FUNDACAO HOSPITALAR DO ESTADO DE MINAS GERAIS;Nota fiscal;67.729.178/0002-20;COMERCIAL CIRURGICA RIOCLARENSE LTDA;936120;1;1;Completa - Recebimento definitivo;Consumo;Despesa orçamentária;2026-07-23;2026-07-27;2026-08-03;2675,4;Não
2270 - FUNDACAO HOSPITALAR DO ESTADO DE MINAS GERAIS;Nota fiscal;22.426.666/0001-49;BE CARE SOLUCOES E TECNOLOGIA LTDA;957;1;1;Completa;Serviço;Despesa orçamentária;2026-07-29;2026-07-29;2026-08-03;1725,0;Não
2180 - FUNDACAO CLOVIS SALGADO;Outros;45.781.373/0001-85;BRTEL LOCACOES E SERVICOS LTDA;933;;1;Completa;Serviço;Despesa orçamentária;2026-08-01;2026-08-03;2026-08-03;4949,67;Não
2070 - FUND. DE AMPARO A PESQ. DO ESTADO DE MINAS GERAIS;Nota fiscal;19.877.300/0001-81;LANLINK SERVICOS DE INFORMATICA SA;8100;;1;Completa;Serviço;Despesa orçamentária;2026-07-28;2026-07-30;2026-08-03;44914,46;Não
2270 - FUNDACAO HOSPITALAR DO ESTADO DE MINAS GERAIS;Nota fiscal;44.734.671/0022-86;CRISTALIA PRODUTOS QUIMICOS FARMACEUTICOS LTDA;1060697;;1;Completa - Recebimento definitivo;Consumo;Despesa orçamentária;2026-07-29;2026-07-31;2026-08-03;980,0;Não
1250 - POLICIA MILITAR DE MINAS GERAIS;Nota fiscal;22.355.622/0001-75;BIOMIG MATERIAIS MEDICO-HOSPITALARES LTDA;147196;;1;Completa - Recebimento definitivo;Consumo;Despesa orçamentária;2026-07-30;2026-08-03;2026-08-03;710,0;Não
1510 - POLICIA CIVIL DO ESTADO DE MINAS GERAIS;Outros;***.415.456-**;NILCE MARIA GONCALVES ALVES;72026;;1;Completa;Serviço;Despesa orçamentária;2026-08-03;2026-08-03;2026-08-03;3156,02;Não
1260 - SECRETARIA DE ESTADO DE EDUCACAO;Outros;13.251.548/0001-56;IMOBILIARIA SOLAR LTDA.;9440634;AGO;1;Completa;Serviço;Despesa orçamentária;2026-01-05;2026-08-03;2026-08-03;8410,4;Não
1320 - SECRETARIA DE ESTADO DA SAUDE;Nota fiscal;05.216.859/0001-56;BIOBASE INDUSTRIA E COMERCIO LTDA ;88791;1;1;Completa - Recebimento definitivo;Consumo;Despesa orçamentária;2026-07-24;2026-08-03;2026-08-03;15000,0;Não
1510 - POLICIA CIVIL DO ESTADO DE MINAS GERAIS;Nota fiscal;***.433.746-**;MARIZA GASPAR FONSECA;72026;;1;Completa;Serviço;Despesa orçamentária;2026-08-03;2026-08-03;2026-08-03;2614,71;Não
2270 - FUNDACAO HOSPITALAR DO ESTADO DE MINAS GERAIS;Nota fiscal;44.734.671/0022-86;CRISTALIA PRODUTOS QUIMICOS FARMACEUTICOS LTDA;1057163;;1;Completa - Recebimento definitivo;Consumo;Despesa orçamentária;2026-07-24;2026-07-31;2026-08-03;941,0;Não
1260 - SECRETARIA DE ESTADO DE EDUCACAO;Outros;***.378.046-**;LUIZ CARLOS DA CUNHA;72026;;1;Completa;Serviço;Despesa orçamentária;2026-08-03;2026-08-03;2026-08-03;994,08;Não
1400 - CORPO DE BOMBEIROS MILITAR DE MINAS GERAIS;Nota fiscal;04.087.116/0001-60;AGRA MOTORS COMERCIO DE VEICULOS LTDA;195430;;1;Completa;Serviço;Despesa orçamentária;2026-07-28;2026-07-28;2026-08-03;608,92;Não
1320 - SECRETARIA DE ESTADO DA SAUDE;Nota fiscal;07.432.517/0001-07;SIMPRESS COMERCIO LOCACAO E SERVICOS LTDA;429105;;1;Completa;Serviço;Despesa orçamentária;2026-07-13;2026-07-16;2026-08-03;743,35;Não
2370 - INSTITUTO MINEIRO DE AGROPECUARIA;Nota fiscal;28.429.720/0001-96;GLOBAL DISTRIBUICAO E SERVICOS LTDA;4390;803;1;Completa - Recebimento definitivo;Consumo;Despesa orçamentária;2026-07-29;2026-07-30;2026-08-03;3828,0;Não
1260 - SECRETARIA DE ESTADO DE EDUCACAO;Nota fiscal;33.224.254/0001-42;MGS MINAS GERAIS ADMINISTRACAO E SERVICOS S/A;25852;JUL;1;Completa;Serviço;Despesa orçamentária;2026-07-23;2026-08-03;2026-08-03;131799,66;Não
1250 - POLICIA MILITAR DE MINAS GERAIS;Nota fiscal;07.500.596/0001-38;AIDC TECNOLOGIA LTDA;199312;;1;Completa - Recebimento definitivo;Permanente;Despesa orçamentária;2026-07-29;2026-07-29;2026-08-03;280,0;Não
2310 - UNIVERSIDADE ESTADUAL DE MONTES CLAROS;Nota fiscal;33.224.254/0001-42;MGS MINAS GERAIS ADMINISTRACAO E SERVICOS S/A;202600000026685;;1;Completa;Serviço;Despesa orçamentária;2026-07-29;2026-08-03;2026-08-03;12281,69;Não
1450 - SECRETARIA DE ESTADO DE JUSTICA E SEGURANCA PUBLIC;Nota fiscal;08.624.977/0001-91;TERRAVIVA AMBIENTAL LTDA;8863;;1;Completa;Serviço;Despesa orçamentária;2026-07-10;2026-07-10;2026-08-03;730,75;Não
1080 - ADVOCACIA-GERAL DO ESTADO DE MINAS GERAIS;Nota fiscal;33.224.254/0001-42;MGS MINAS GERAIS ADMINISTRACAO E SERVICOS S/A;27083;1;1;Completa;Serviço;Despesa orçamentária;2026-07-30;2026-08-03;2026-08-03;11266,51;Não
1320 - SECRETARIA DE ESTADO DA SAUDE;Nota fiscal;01.107.391/0012-63;SUPPORT PRODUTOS NUTRICIONAIS LTDA;29090;1;1;Completa - Recebimento definitivo;Consumo;Despesa orçamentária;2026-07-24;2026-08-03;2026-08-03;65000,0;Não
1050 - TRIBUNAL DE JUSTICA MILITAR DO ESTADO DE M.G.;Nota fiscal;16.636.540/0001-04;COMPANHIA DE TECNOLOGIA DA INFORMACAO DO ESTADO DE MINAS GERAIS-PRODEMGE;6309;;1;Completa;Serviço;Despesa orçamentária;2026-07-28;2026-07-30;2026-08-03;47917,31;Não
1320 - SECRETARIA DE ESTADO DA SAUDE;Nota fiscal;23.387.194/0001-25;IMOBILIARIA RIBEIRO LTDA;187;;1;Completa;Serviço;Despesa orçamentária;2026-08-03;2026-08-03;2026-08-03;10355,38;Não
1250 - POLICIA MILITAR DE MINAS GERAIS;Nota fiscal;11.065.582/0001-00;B&C PRODUTOS DE LIMPEZA E EMBALAGENS LTDA -ME;147858;;2;Completa - Recebimento definitivo;Consumo;Despesa orçamentária;2026-07-23;2026-08-03;2026-08-03;49,0;Não
2270 - FUNDACAO HOSPITALAR DO ESTADO DE MINAS GERAIS;Nota fiscal;58.430.828/0001-60;BLAU FARMACEUTICA S.A.;318675;;1;Completa - Recebimento definitivo;Consumo;Despesa orçamentária;2026-07-20;2026-07-31;2026-08-03;51646,0;Não
1500 - SECRETARIA DE ESTADO DE PLANEJAMENTO E GESTAO;Nota fiscal;33.224.254/0001-42;MGS MINAS GERAIS ADMINISTRACAO E SERVICOS S/A;26538;1;1;Completa;Serviço;Despesa orçamentária;2026-07-29;2026-07-30;2026-08-03;503,99;Não
2310 - UNIVERSIDADE ESTADUAL DE MONTES CLAROS;Nota fiscal;33.224.254/0001-42;MGS MINAS GERAIS ADMINISTRACAO E SERVICOS S/A;202600000026683;;1;Completa;Serviço;Despesa orçamentária;2026-07-29;2026-08-03;2026-08-03;1085,16;Não
1320 - SECRETARIA DE ESTADO DA SAUDE;Nota fiscal;07.432.517/0001-07;SIMPRESS COMERCIO LOCACAO E SERVICOS LTDA;429122;;1;Completa;Serviço;Despesa orçamentária;2026-07-13;2026-07-16;2026-08-03;389,94;Não
2350 - UNIVERSIDADE DO ESTADO DE MINAS GERAIS;Nota fiscal;05.342.580/0001-19;UNIVERSIDADE PATATIVA DO ASSARE;2026;369;1;Completa;Serviço;Despesa orçamentária;2026-07-22;2026-07-28;2026-08-03;1259,04;Não
2270 - FUNDACAO HOSPITALAR DO ESTADO DE MINAS GERAIS;Nota fiscal;18.269.125/0001-87;BIOHOSP PRODUTOS HOSPITALARES SA;788906;;1;Completa - Recebimento definitivo;Consumo;Despesa orçamentária;2026-07-31;2026-08-03;2026-08-03;2280,0;Não
2270 - FUNDACAO HOSPITALAR DO ESTADO DE MINAS GERAIS;Nota fiscal;00.874.929/0001-40;MED CENTER COMERCIAL LTDA;711138;1;1;Completa - Recebimento definitivo;Consumo;Despesa orçamentária;2026-07-07;2026-07-16;2026-08-03;173,34;Não
2310 - UNIVERSIDADE ESTADUAL DE MONTES CLAROS;Nota fiscal;33.224.254/0001-42;MGS MINAS GERAIS ADMINISTRACAO E SERVICOS S/A;202600000026684;;1;Completa;Serviço;Despesa orçamentária;2026-07-29;2026-08-03;2026-08-03;191,39;Não
1510 - POLICIA CIVIL DO ESTADO DE MINAS GERAIS;Outros;12.086.330/0001-20;MEGA SOLUCOES CIENTIFICAS E LOCACAO LTDA;510;1;1;Incompleta;Serviço;Despesa orçamentária;2026-07-27;2026-08-03;2026-08-03;10942,4;Não
1080 - ADVOCACIA-GERAL DO ESTADO DE MINAS GERAIS;Outros;33.224.254/0001-42;MGS MINAS GERAIS ADMINISTRACAO E SERVICOS S/A;699115;;1;Completa;Serviço;Despesa orçamentária;2026-07-29;2026-08-03;2026-08-03;200,0;Não
1320 - SECRETARIA DE ESTADO DA SAUDE;Nota fiscal;01.107.391/0012-63;SUPPORT PRODUTOS NUTRICIONAIS LTDA;29057;1;1;Completa - Recebimento definitivo;Consumo;Despesa orçamentária;2026-07-21;2026-08-03;2026-08-03;22830,0;Não
1090 - PROCURADORIA GERAL DE JUSTICA;Nota fiscal;16.894.119/0001-95;RENATA ROVINA;190;E;1;Completa;Serviço;Despesa orçamentária;2026-08-03;2026-08-03;2026-08-03;447,26;Não
1030 - TRIBUNAL DE JUSTICA DO ESTADO DE MINAS GERAIS;Nota fiscal;10.629.755/0001-03;C R MOREIRA SANTOS LTDA;1255;;1;Completa;Serviço;Despesa orçamentária;2026-08-03;2026-08-03;2026-08-03;68496,14;Não
1080 - ADVOCACIA-GERAL DO ESTADO DE MINAS GERAIS;Outros;33.224.254/0001-42;MGS MINAS GERAIS ADMINISTRACAO E SERVICOS S/A;699116;;1;Completa;Serviço;Despesa orçamentária;2026-07-29;2026-08-03;2026-08-03;1155,5;Não
1260 - SECRETARIA DE ESTADO DE EDUCACAO;Outros;16.745.168/0001-66;SINDICATO DOS TRABALHADORES RURAIS DE RIO VERMELHO;9393296;AGO;1;Completa;Serviço;Despesa orçamentária;2026-01-05;2026-08-03;2026-08-03;5261,5;Não
1260 - SECRETARIA DE ESTADO DE EDUCACAO;Outros;28.869.994/0001-04;INSTITUTO AXIOMA LTDA;9449214;7A;1;Completa;Serviço;Despesa orçamentária;2026-08-03;2026-08-03;2026-08-03;520,0;Não
1250 - POLICIA MILITAR DE MINAS GERAIS;Nota fiscal;00.912.099/0001-06;OSVALDO MELO DE ARAUJO - CPF 48330248615 -ME;7030;;1;Completa;Serviço;Despesa orçamentária;2026-07-30;2026-08-03;2026-08-03;5340,9;Não
1400 - CORPO DE BOMBEIROS MILITAR DE MINAS GERAIS;Nota fiscal;43.029.546/0001-88;INB COMERCIO LTDA;2462;1;1;Completa - Recebimento definitivo;Consumo;Despesa orçamentária;2026-06-26;2026-08-03;2026-08-03;6853,33;Não
1250 - POLICIA MILITAR DE MINAS GERAIS;Nota fiscal;00.912.099/0001-06;OSVALDO MELO DE ARAUJO - CPF 48330248615 -ME;1358;;1;Completa;Serviço;Despesa orçamentária;2026-07-30;2026-08-03;2026-08-03;1000,0;Não
1260 - SECRETARIA DE ESTADO DE EDUCACAO;Nota fiscal;73.471.963/0113-43;SENAT SERVICO NACIONAL DE APRENDIZAGEM DO TRANSPORTE;5154;;1;Completa;Serviço;Despesa orçamentária;2026-07-16;2026-08-03;2026-08-03;57639,39;Não
1260 - SECRETARIA DE ESTADO DE EDUCACAO;Outros;28.869.994/0001-04;INSTITUTO AXIOMA LTDA;9449214;7B;1;Completa;Serviço;Despesa orçamentária;2026-08-03;2026-08-03;2026-08-03;2200,0;Não
1260 - SECRETARIA DE ESTADO DE EDUCACAO;Nota fiscal;08.362.963/0001-47;POIANI SERVICOS EDUCAMED LTDA ME;245;;1;Completa;Serviço;Despesa orçamentária;2026-07-13;2026-07-13;2026-08-03;14704,55;Não
1260 - SECRETARIA DE ESTADO DE EDUCACAO;Outros;28.869.994/0001-04;INSTITUTO AXIOMA LTDA;9449214;7C;1;Completa;Serviço;Despesa orçamentária;2026-08-03;2026-08-03;2026-08-03;600,0;Não
1510 - POLICIA CIVIL DO ESTADO DE MINAS GERAIS;Nota fiscal;34.274.233/0025-71;VIBRA ENERGIA S.A;4951930;0;1;Completa - Recebimento definitivo;Consumo;Despesa orçamentária;2026-07-31;2026-07-31;2026-08-03;14666,88;Não
1450 - SECRETARIA DE ESTADO DE JUSTICA E SEGURANCA PUBLIC;Nota fiscal;08.624.977/0001-91;TERRAVIVA AMBIENTAL LTDA;8217;;1;Completa;Serviço;Despesa orçamentária;2026-07-06;2026-07-06;2026-08-03;578,7;Não
1220 - SECRETARIA DE DESENVOLVIMENTO ECONOMICO;Nota fiscal;11.383.230/0001-01;AMAZONAS COMERCIO DE ADESIVOS E BRINDES LTDA;2026493;;1;Completa;Serviço;Despesa orçamentária;2026-07-30;2026-07-31;2026-08-03;1732,0;Não
1260 - SECRETARIA DE ESTADO DE EDUCACAO;Outros;20.211.728/0001-70;ASSOCIACAO CULTURAL E COMUNITARIA DE MILHO VERDE;9395054;AGO;1;Completa;Serviço;Despesa orçamentária;2026-01-05;2026-08-03;2026-08-03;3153,9;Não
1320 - SECRETARIA DE ESTADO DA SAUDE;Nota fiscal;33.224.254/0001-42;MGS MINAS GERAIS ADMINISTRACAO E SERVICOS S/A;202627101;;1;Completa;Serviço;Despesa orçamentária;2026-07-30;2026-07-30;2026-08-03;169654,42;Não
2010 - INST.DE PREVIDENCIA DOS SERVIDORES DO EST.M.GERAIS;Nota fiscal;33.224.254/0001-42;MGS MINAS GERAIS ADMINISTRACAO E SERVICOS S/A;26903;1A;1;Completa;Serviço;Despesa orçamentária;2026-07-29;2026-07-30;2026-08-03;40221,91;Não
1010 - ASSEMBLEIA LEGISLATIVA DO ESTADO DE MINAS GERAIS;Nota fiscal;19.201.128/0001-41;ASSOCIACAO PROFISSIONALIZANTE DO MENOR DE BELO HORIZONTE -ASSPROM;23002026;;1;Completa;Serviço;Despesa orçamentária;2026-07-22;2026-07-30;2026-08-03;869022,07;Não
1500 - SECRETARIA DE ESTADO DE PLANEJAMENTO E GESTAO;Nota fiscal;33.224.254/0001-42;MGS MINAS GERAIS ADMINISTRACAO E SERVICOS S/A;26470;1;2;Completa;Serviço;Despesa orçamentária;2026-07-28;2026-07-30;2026-08-03;54191,45;Não
2270 - FUNDACAO HOSPITALAR DO ESTADO DE MINAS GERAIS;Nota fiscal;35.820.448/0030-70;WHITE MARTINS GASES INDUSTRIAIS LTDA;6181;633;1;Completa - Recebimento definitivo;Consumo;Despesa orçamentária;2026-07-24;2026-07-24;2026-08-03;53,56;Não
1510 - POLICIA CIVIL DO ESTADO DE MINAS GERAIS;Nota fiscal;34.274.233/0025-71;VIBRA ENERGIA S.A;4953615;0;1;Completa - Recebimento definitivo;Consumo;Despesa orçamentária;2026-08-03;2026-08-03;2026-08-03;14666,88;Não
1250 - POLICIA MILITAR DE MINAS GERAIS;Nota fiscal;55.103.526/0001-99;MAIS COMERCIO E ASSESSORIA LTDA;628;1;1;Incompleta;Consumo;Despesa orçamentária;2026-07-22;2026-08-03;2026-08-03;682,53;Não
1500 - SECRETARIA DE ESTADO DE PLANEJAMENTO E GESTAO;Nota fiscal;33.224.254/0001-42;MGS MINAS GERAIS ADMINISTRACAO E SERVICOS S/A;26889;5;1;Completa;Serviço;Despesa orçamentária;2026-07-29;2026-07-29;2026-08-03;813,77;Não
1500 - SECRETARIA DE ESTADO DE PLANEJAMENTO E GESTAO;Nota fiscal;33.224.254/0001-42;MGS MINAS GERAIS ADMINISTRACAO E SERVICOS S/A;26890;5;1;Completa;Serviço;Despesa orçamentária;2026-07-29;2026-07-29;2026-08-03;8794,25;Não
1500 - SECRETARIA DE ESTADO DE PLANEJAMENTO E GESTAO;Nota fiscal;33.224.254/0001-42;MGS MINAS GERAIS ADMINISTRACAO E SERVICOS S/A;27151;5;1;Completa;Serviço;Despesa orçamentária;2026-07-31;2026-07-31;2026-08-03;14226,33;Não
1500 - SECRETARIA DE ESTADO DE PLANEJAMENTO E GESTAO;Nota fiscal;33.224.254/0001-42;MGS MINAS GERAIS ADMINISTRACAO E SERVICOS S/A;27152;5;1;Completa;Serviço;Despesa orçamentária;2026-07-31;2026-07-31;2026-08-03;152032,3;Não
1500 - SECRETARIA DE ESTADO DE PLANEJAMENTO E GESTAO;Nota fiscal;33.224.254/0001-42;MGS MINAS GERAIS ADMINISTRACAO E SERVICOS S/A;26879;5;1;Completa;Serviço;Despesa orçamentária;2026-07-29;2026-07-29;2026-08-03;6294,24;Não
1500 - SECRETARIA DE ESTADO DE PLANEJAMENTO E GESTAO;Nota fiscal;33.224.254/0001-42;MGS MINAS GERAIS ADMINISTRACAO E SERVICOS S/A;26880;5;1;Completa;Serviço;Despesa orçamentária;2026-07-29;2026-07-29;2026-08-03;62433,13;Não
1500 - SECRETARIA DE ESTADO DE PLANEJAMENTO E GESTAO;Nota fiscal;33.224.254/0001-42;MGS MINAS GERAIS ADMINISTRACAO E SERVICOS S/A;26894;5;1;Completa;Serviço;Despesa orçamentária;2026-07-29;2026-07-29;2026-08-03;1279,23;Não
2010 - INST.DE PREVIDENCIA DOS SERVIDORES DO EST.M.GERAIS;Outros;33.224.254/0001-42;MGS MINAS GERAIS ADMINISTRACAO E SERVICOS S/A;699223;;1;Completa;Serviço;Despesa orçamentária;2026-07-29;2026-07-30;2026-08-03;3854,77;Não
1450 - SECRETARIA DE ESTADO DE JUSTICA E SEGURANCA PUBLIC;Nota fiscal;08.624.977/0001-91;TERRAVIVA AMBIENTAL LTDA;7448;1;1;Completa;Serviço;Despesa orçamentária;2026-06-09;2026-06-09;2026-08-03;162,27;Não
1500 - SECRETARIA DE ESTADO DE PLANEJAMENTO E GESTAO;Nota fiscal;33.224.254/0001-42;MGS MINAS GERAIS ADMINISTRACAO E SERVICOS S/A;26895;5;1;Completa;Serviço;Despesa orçamentária;2026-07-29;2026-07-29;2026-08-03;13828,73;Não
2260 - FUNDACAO EZEQUIEL DIAS;Nota fiscal;13.430.441/0001-75;GERAES DIAGNOSTICA LTDA;8194;1;1;Completa - Recebimento definitivo;Consumo;Despesa orçamentária;2026-07-30;2026-07-31;2026-08-03;7369,65;Não
1500 - SECRETARIA DE ESTADO DE PLANEJAMENTO E GESTAO;Nota fiscal;33.224.254/0001-42;MGS MINAS GERAIS ADMINISTRACAO E SERVICOS S/A;26896;5;1;Completa;Serviço;Despesa orçamentária;2026-07-29;2026-07-29;2026-08-03;215667,3;Não
1500 - SECRETARIA DE ESTADO DE PLANEJAMENTO E GESTAO;Nota fiscal;33.224.254/0001-42;MGS MINAS GERAIS ADMINISTRACAO E SERVICOS S/A;26897;5;1;Completa;Serviço;Despesa orçamentária;2026-07-29;2026-07-29;2026-08-03;21158,82;Não
2270 - FUNDACAO HOSPITALAR DO ESTADO DE MINAS GERAIS;Nota fiscal;23.864.942/0001-13;UNIQUE DISTRIBUIDORA DE MEDICAMENTOS LTDA;27936;1;1;Completa - Recebimento definitivo;Consumo;Despesa orçamentária;2026-07-23;2026-07-30;2026-08-03;1000,51;Não
1500 - SECRETARIA DE ESTADO DE PLANEJAMENTO E GESTAO;Nota fiscal;33.224.254/0001-42;MGS MINAS GERAIS ADMINISTRACAO E SERVICOS S/A;26946;5;1;Completa;Serviço;Despesa orçamentária;2026-07-29;2026-07-29;2026-08-03;152588,28;Não
1500 - SECRETARIA DE ESTADO DE PLANEJAMENTO E GESTAO;Nota fiscal;33.224.254/0001-42;MGS MINAS GERAIS ADMINISTRACAO E SERVICOS S/A;26947;5;1;Completa;Serviço;Despesa orçamentária;2026-07-29;2026-07-29;2026-08-03;1063,39;Não
1500 - SECRETARIA DE ESTADO DE PLANEJAMENTO E GESTAO;Nota fiscal;33.224.254/0001-42;MGS MINAS GERAIS ADMINISTRACAO E SERVICOS S/A;26949;5;1;Completa;Serviço;Despesa orçamentária;2026-07-29;2026-07-29;2026-08-03;11533,51;Não
1500 - SECRETARIA DE ESTADO DE PLANEJAMENTO E GESTAO;Nota fiscal;33.224.254/0001-42;MGS MINAS GERAIS ADMINISTRACAO E SERVICOS S/A;26950;5;1;Completa;Serviço;Despesa orçamentária;2026-07-29;2026-07-29;2026-08-03;14299,92;Não
2270 - FUNDACAO HOSPITALAR DO ESTADO DE MINAS GERAIS;Nota fiscal;35.820.448/0030-70;WHITE MARTINS GASES INDUSTRIAIS LTDA;6196;;1;Completa - Recebimento definitivo;Consumo;Despesa orçamentária;2026-07-27;2026-07-27;2026-08-03;53,56;Não
1500 - SECRETARIA DE ESTADO DE PLANEJAMENTO E GESTAO;Nota fiscal;33.224.254/0001-42;MGS MINAS GERAIS ADMINISTRACAO E SERVICOS S/A;26954;5;1;Completa;Serviço;Despesa orçamentária;2026-07-29;2026-07-29;2026-08-03;6387,29;Não
1500 - SECRETARIA DE ESTADO DE PLANEJAMENTO E GESTAO;Nota fiscal;33.224.254/0001-42;MGS MINAS GERAIS ADMINISTRACAO E SERVICOS S/A;26955;5;1;Completa;Serviço;Despesa orçamentária;2026-07-29;2026-07-29;2026-08-03;592,36;Não
1500 - SECRETARIA DE ESTADO DE PLANEJAMENTO E GESTAO;Nota fiscal;33.224.254/0001-42;MGS MINAS GERAIS ADMINISTRACAO E SERVICOS S/A;26956;5;1;Completa;Serviço;Despesa orçamentária;2026-07-29;2026-07-29;2026-08-03;13956,59;Não
2010 - INST.DE PREVIDENCIA DOS SERVIDORES DO EST.M.GERAIS;Outros;33.224.254/0001-42;MGS MINAS GERAIS ADMINISTRACAO E SERVICOS S/A;699222;;1;Completa;Serviço;Despesa orçamentária;2026-07-29;2026-07-30;2026-08-03;1103,02;Não
1500 - SECRETARIA DE ESTADO DE PLANEJAMENTO E GESTAO;Nota fiscal;33.224.254/0001-42;MGS MINAS GERAIS ADMINISTRACAO E SERVICOS S/A;26957;5;1;Completa;Serviço;Despesa orçamentária;2026-07-29;2026-07-29;2026-08-03;151646,43;Não
1500 - SECRETARIA DE ESTADO DE PLANEJAMENTO E GESTAO;Nota fiscal;33.224.254/0001-42;MGS MINAS GERAIS ADMINISTRACAO E SERVICOS S/A;26961;5;1;Completa;Serviço;Despesa orçamentária;2026-07-29;2026-07-29;2026-08-03;5423,19;Não
1500 - SECRETARIA DE ESTADO DE PLANEJAMENTO E GESTAO;Nota fiscal;33.224.254/0001-42;MGS MINAS GERAIS ADMINISTRACAO E SERVICOS S/A;26963;5;1;Completa;Serviço;Despesa orçamentária;2026-07-29;2026-07-29;2026-08-03;500,58;Não
1500 - SECRETARIA DE ESTADO DE PLANEJAMENTO E GESTAO;Nota fiscal;33.224.254/0001-42;MGS MINAS GERAIS ADMINISTRACAO E SERVICOS S/A;26803;5;1;Completa;Serviço;Despesa orçamentária;2026-07-29;2026-07-29;2026-08-03;679,6;Não
1370 - SECRETARIA ESTADO DE MEIO AMB.DESENV SUSTENTAVEL;Outros;33.224.254/0001-42;MGS MINAS GERAIS ADMINISTRACAO E SERVICOS S/A;202600000026898;;1;Completa;Serviço;Despesa orçamentária;2026-07-29;2026-07-29;2026-08-03;18720,72;Não
1500 - SECRETARIA DE ESTADO DE PLANEJAMENTO E GESTAO;Nota fiscal;33.224.254/0001-42;MGS MINAS GERAIS ADMINISTRACAO E SERVICOS S/A;26804;5;1;Completa;Serviço;Despesa orçamentária;2026-07-29;2026-07-29;2026-08-03;7354,47;Não
1500 - SECRETARIA DE ESTADO DE PLANEJAMENTO E GESTAO;Nota fiscal;33.224.254/0001-42;MGS MINAS GERAIS ADMINISTRACAO E SERVICOS S/A;27148;5;1;Completa;Serviço;Despesa orçamentária;2026-07-30;2026-07-30;2026-08-03;135850,07;Não
1500 - SECRETARIA DE ESTADO DE PLANEJAMENTO E GESTAO;Nota fiscal;33.224.254/0001-42;MGS MINAS GERAIS ADMINISTRACAO E SERVICOS S/A;27149;5;1;Completa;Serviço;Despesa orçamentária;2026-07-30;2026-07-30;2026-08-03;12659,93;Não
1500 - SECRETARIA DE ESTADO DE PLANEJAMENTO E GESTAO;Nota fiscal;33.224.254/0001-42;MGS MINAS GERAIS ADMINISTRACAO E SERVICOS S/A;26810;5;1;Completa;Serviço;Despesa orçamentária;2026-07-29;2026-07-29;2026-08-03;13814,49;Não
1500 - SECRETARIA DE ESTADO DE PLANEJAMENTO E GESTAO;Nota fiscal;33.224.254/0001-42;MGS MINAS GERAIS ADMINISTRACAO E SERVICOS S/A;26811;5;1;Completa;Serviço;Despesa orçamentária;2026-07-29;2026-07-29;2026-08-03;840,02;Não
1260 - SECRETARIA DE ESTADO DE EDUCACAO;Outros;33.224.254/0001-42;MGS MINAS GERAIS ADMINISTRACAO E SERVICOS S/A;697840;;1;Completa;Serviço;Despesa orçamentária;2026-07-22;2026-08-03;2026-08-03;5548,88;Não
1500 - SECRETARIA DE ESTADO DE PLANEJAMENTO E GESTAO;Nota fiscal;33.224.254/0001-42;MGS MINAS GERAIS ADMINISTRACAO E SERVICOS S/A;26812;5;1;Completa;Serviço;Despesa orçamentária;2026-07-29;2026-07-29;2026-08-03;9080,86;Não
1500 - SECRETARIA DE ESTADO DE PLANEJAMENTO E GESTAO;Nota fiscal;33.224.254/0001-42;MGS MINAS GERAIS ADMINISTRACAO E SERVICOS S/A;26813;5;1;Completa;Serviço;Despesa orçamentária;2026-07-29;2026-07-29;2026-08-03;146798,75;Não
1260 - SECRETARIA DE ESTADO DE EDUCACAO;Outros;***.583.167-**;PAULO GUIMARAES CANUTO;9054569;AGO;1;Completa;Serviço;Despesa orçamentária;2026-05-01;2026-08-03;2026-08-03;2102,6;Não
1500 - SECRETARIA DE ESTADO DE PLANEJAMENTO E GESTAO;Nota fiscal;33.224.254/0001-42;MGS MINAS GERAIS ADMINISTRACAO E SERVICOS S/A;27137;5;1;Completa;Serviço;Despesa orçamentária;2026-07-30;2026-07-30;2026-08-03;13237,45;Não
1500 - SECRETARIA DE ESTADO DE PLANEJAMENTO E GESTAO;Nota fiscal;33.224.254/0001-42;MGS MINAS GERAIS ADMINISTRACAO E SERVICOS S/A;27138;5;1;Completa;Serviço;Despesa orçamentária;2026-07-30;2026-07-30;2026-08-03;4895,21;Não
1500 - SECRETARIA DE ESTADO DE PLANEJAMENTO E GESTAO;Nota fiscal;33.224.254/0001-42;MGS MINAS GERAIS ADMINISTRACAO E SERVICOS S/A;27139;5;1;Completa;Serviço;Despesa orçamentária;2026-07-30;2026-07-30;2026-08-03;141851,76;Não
1710 - SECRETARIA DE ESTADO DE COMUNICACAO SOCIAL;Nota fiscal;19.140.342/0001-35;PERFIL 252 COMUNICACAO COMPLETA LTDA.;1199;;2;Completa;Serviço;Despesa extra orçamentária;2026-07-17;2026-08-03;2026-08-03;784,76;Não
1250 - POLICIA MILITAR DE MINAS GERAIS;Nota fiscal;26.759.927/0001-01;AC CLEAN COMERCIO DE LIMPEZA LTDA;23741;;2;Completa - Recebimento definitivo;Consumo;Despesa orçamentária;2026-07-07;2026-08-03;2026-08-03;54,0;Não
1500 - SECRETARIA DE ESTADO DE PLANEJAMENTO E GESTAO;Nota fiscal;33.224.254/0001-42;MGS MINAS GERAIS ADMINISTRACAO E SERVICOS S/A;27140;5;1;Completa;Serviço;Despesa orçamentária;2026-07-30;2026-07-30;2026-08-03;452,34;Não
1500 - SECRETARIA DE ESTADO DE PLANEJAMENTO E GESTAO;Nota fiscal;33.224.254/0001-42;MGS MINAS GERAIS ADMINISTRACAO E SERVICOS S/A;26520;5;1;Completa;Serviço;Despesa orçamentária;2026-07-29;2026-07-29;2026-08-03;445609,3;Não
1500 - SECRETARIA DE ESTADO DE PLANEJAMENTO E GESTAO;Nota fiscal;33.224.254/0001-42;MGS MINAS GERAIS ADMINISTRACAO E SERVICOS S/A;26524;5;1;Completa;Serviço;Despesa orçamentária;2026-07-29;2026-07-29;2026-08-03;17305,46;Não
1500 - SECRETARIA DE ESTADO DE PLANEJAMENTO E GESTAO;Nota fiscal;33.224.254/0001-42;MGS MINAS GERAIS ADMINISTRACAO E SERVICOS S/A;26519;5;1;Completa;Serviço;Despesa orçamentária;2026-07-29;2026-07-29;2026-08-03;7287,99;Não
1500 - SECRETARIA DE ESTADO DE PLANEJAMENTO E GESTAO;Nota fiscal;33.224.254/0001-42;MGS MINAS GERAIS ADMINISTRACAO E SERVICOS S/A;26522;5;1;Completa;Serviço;Despesa orçamentária;2026-07-29;2026-07-29;2026-08-03;105602,65;Não
1500 - SECRETARIA DE ESTADO DE PLANEJAMENTO E GESTAO;Nota fiscal;33.224.254/0001-42;MGS MINAS GERAIS ADMINISTRACAO E SERVICOS S/A;26521;5;1;Completa;Serviço;Despesa orçamentária;2026-07-29;2026-07-29;2026-08-03;50048,98;Não
1370 - SECRETARIA ESTADO DE MEIO AMB.DESENV SUSTENTAVEL;Outros;33.224.254/0001-42;MGS MINAS GERAIS ADMINISTRACAO E SERVICOS S/A;699017;;1;Completa;Serviço;Despesa orçamentária;2026-07-29;2026-07-29;2026-08-03;1719,6;Não
2270 - FUNDACAO HOSPITALAR DO ESTADO DE MINAS GERAIS;Nota fiscal;35.820.448/0030-70;WHITE MARTINS GASES INDUSTRIAIS LTDA;6211;633;1;Completa - Recebimento definitivo;Consumo;Despesa orçamentária;2026-07-29;2026-07-29;2026-08-03;26,78;Não
1500 - SECRETARIA DE ESTADO DE PLANEJAMENTO E GESTAO;Nota fiscal;33.224.254/0001-42;MGS MINAS GERAIS ADMINISTRACAO E SERVICOS S/A;26523;5;1;Completa;Serviço;Despesa orçamentária;2026-07-29;2026-07-29;2026-08-03;5296,89;Não
2270 - FUNDACAO HOSPITALAR DO ESTADO DE MINAS GERAIS;Nota fiscal;20.764.981/0001-50;PAPYRUS MATERIAIS PARA ESCRITORIO LTDA -ME;1914;1;1;Completa - Recebimento definitivo;Consumo;Despesa orçamentária;2026-08-03;2026-08-03;2026-08-03;5240,0;Não
1370 - SECRETARIA ESTADO DE MEIO AMB.DESENV SUSTENTAVEL;Outros;33.224.254/0001-42;MGS MINAS GERAIS ADMINISTRACAO E SERVICOS S/A;699016;;1;Completa;Serviço;Despesa orçamentária;2026-07-29;2026-07-29;2026-08-03;563,64;Não
1080 - ADVOCACIA-GERAL DO ESTADO DE MINAS GERAIS;Nota fiscal;33.224.254/0001-42;MGS MINAS GERAIS ADMINISTRACAO E SERVICOS S/A;26792;1;1;Completa;Serviço;Despesa orçamentária;2026-07-29;2026-08-03;2026-08-03;50667,57;Não
1250 - POLICIA MILITAR DE MINAS GERAIS;Nota fiscal;11.065.582/0001-00;B&C PRODUTOS DE LIMPEZA E EMBALAGENS LTDA -ME;147859;;1;Completa - Recebimento definitivo;Consumo;Despesa orçamentária;2026-07-23;2026-07-31;2026-08-03;206,94;Não
1320 - SECRETARIA DE ESTADO DA SAUDE;Nota fiscal;33.224.254/0001-42;MGS MINAS GERAIS ADMINISTRACAO E SERVICOS S/A;202627102;;1;Completa;Serviço;Despesa orçamentária;2026-07-30;2026-07-30;2026-08-03;1891,62;Não
1400 - CORPO DE BOMBEIROS MILITAR DE MINAS GERAIS;Nota fiscal;57.585.471/0001-26;GOC DE MINAS LTDA;18;E;1;Completa;Serviço;Despesa orçamentária;2026-08-03;2026-08-03;2026-08-03;11480,0;Não
1320 - SECRETARIA DE ESTADO DA SAUDE;Nota fiscal;33.224.254/0001-42;MGS MINAS GERAIS ADMINISTRACAO E SERVICOS S/A;202625922;;1;Completa;Serviço;Despesa orçamentária;2026-07-24;2026-07-29;2026-08-03;55070,12;Não
1480 - SECRETARIA DE ESTADO DE DESENVOLVIMENTO SOCIAL;Nota fiscal;33.224.254/0001-42;MGS MINAS GERAIS ADMINISTRACAO E SERVICOS S/A;698994;;1;Completa;Serviço;Despesa orçamentária;2026-07-29;2026-08-03;2026-08-03;969,76;Não
1500 - SECRETARIA DE ESTADO DE PLANEJAMENTO E GESTAO;Nota fiscal;16.636.540/0001-04;COMPANHIA DE TECNOLOGIA DA INFORMACAO DO ESTADO DE MINAS GERAIS-PRODEMGE;20266338;;1;Incompleta;Serviço;Despesa orçamentária;2026-07-28;2026-07-28;2026-08-03;139779,0;Não
1080 - ADVOCACIA-GERAL DO ESTADO DE MINAS GERAIS;Nota fiscal;33.224.254/0001-42;MGS MINAS GERAIS ADMINISTRACAO E SERVICOS S/A;26799;1;1;Completa;Serviço;Despesa orçamentária;2026-07-29;2026-08-03;2026-08-03;220,22;Não
1450 - SECRETARIA DE ESTADO DE JUSTICA E SEGURANCA PUBLIC;Nota fiscal;08.624.977/0001-91;TERRAVIVA AMBIENTAL LTDA;8811;;1;Completa;Serviço;Despesa orçamentária;2026-07-10;2026-07-10;2026-08-03;1658,94;Não
1260 - SECRETARIA DE ESTADO DE EDUCACAO;Nota fiscal;33.224.254/0001-42;MGS MINAS GERAIS ADMINISTRACAO E SERVICOS S/A;26958;;1;Completa;Serviço;Despesa orçamentária;2026-07-29;2026-08-03;2026-08-03;725,97;Não
1080 - ADVOCACIA-GERAL DO ESTADO DE MINAS GERAIS;Outros;33.224.254/0001-42;MGS MINAS GERAIS ADMINISTRACAO E SERVICOS S/A;699107;;1;Completa;Serviço;Despesa orçamentária;2026-07-29;2026-08-03;2026-08-03;4241,68;Não
2010 - INST.DE PREVIDENCIA DOS SERVIDORES DO EST.M.GERAIS;Nota fiscal;33.224.254/0001-42;MGS MINAS GERAIS ADMINISTRACAO E SERVICOS S/A;26743;1A;1;Completa;Serviço;Despesa orçamentária;2026-07-29;2026-07-29;2026-08-03;339954,65;Não
1080 - ADVOCACIA-GERAL DO ESTADO DE MINAS GERAIS;Outros;33.224.254/0001-42;MGS MINAS GERAIS ADMINISTRACAO E SERVICOS S/A;699108;;1;Completa;Serviço;Despesa orçamentária;2026-07-29;2026-08-03;2026-08-03;1000,0;Não
1480 - SECRETARIA DE ESTADO DE DESENVOLVIMENTO SOCIAL;Nota fiscal;33.224.254/0001-42;MGS MINAS GERAIS ADMINISTRACAO E SERVICOS S/A;698993;;1;Completa;Serviço;Despesa orçamentária;2026-07-29;2026-08-03;2026-08-03;33,33;Não
2350 - UNIVERSIDADE DO ESTADO DE MINAS GERAIS;Nota fiscal;05.342.580/0001-19;UNIVERSIDADE PATATIVA DO ASSARE;2026;526;1;Completa;Serviço;Despesa orçamentária;2026-07-22;2026-07-28;2026-08-03;8606,3;Não
1250 - POLICIA MILITAR DE MINAS GERAIS;Outros;04.135.243/0001-98;COMERCIAL ITABIRANA DE PNEUS LTDA;1428;;1;Completa;Serviço;Despesa orçamentária;2026-07-02;2026-07-03;2026-08-03;158,01;Não
2260 - FUNDACAO EZEQUIEL DIAS;Nota fiscal;13.430.441/0001-75;GERAES DIAGNOSTICA LTDA;8195;1;1;Completa - Recebimento definitivo;Consumo;Despesa orçamentária;2026-07-30;2026-08-03;2026-08-03;9595,15;Não
2270 - FUNDACAO HOSPITALAR DO ESTADO DE MINAS GERAIS;Nota fiscal;00.874.929/0001-40;MED CENTER COMERCIAL LTDA;718150;1;1;Completa - Recebimento definitivo;Consumo;Despesa orçamentária;2026-07-29;2026-07-31;2026-08-03;28,72;Não
1480 - SECRETARIA DE ESTADO DE DESENVOLVIMENTO SOCIAL;Nota fiscal;33.224.254/0001-42;MGS MINAS GERAIS ADMINISTRACAO E SERVICOS S/A;268022026;;1;Completa;Serviço;Despesa orçamentária;2026-07-29;2026-08-03;2026-08-03;10937,76;Não
1260 - SECRETARIA DE ESTADO DE EDUCACAO;Nota fiscal;07.320.383/0001-24;INSTITUTO TECNICO EDUCACIONAL POLIVALENTE LTDA - ME;192;626;1;Completa;Serviço;Despesa orçamentária;2026-08-03;2026-08-03;2026-08-03;63586,84;Não
1250 - POLICIA MILITAR DE MINAS GERAIS;Nota fiscal;04.135.243/0001-98;COMERCIAL ITABIRANA DE PNEUS LTDA;16606;1;1;Completa;Serviço;Despesa orçamentária;2026-07-02;2026-07-03;2026-08-03;45,07;Não
2270 - FUNDACAO HOSPITALAR DO ESTADO DE MINAS GERAIS;Nota fiscal;81.706.251/0001-98;PROMEFARMA MEDICAMENTOS E PRODUTOS HOSPITALARES LTDA;178233;;1;Completa - Recebimento definitivo;Consumo;Despesa orçamentária;2026-07-15;2026-07-22;2026-08-03;146,4;Não
1320 - SECRETARIA DE ESTADO DA SAUDE;Nota fiscal;33.224.254/0001-42;MGS MINAS GERAIS ADMINISTRACAO E SERVICOS S/A;699054;;1;Completa;Serviço;Despesa orçamentária;2026-07-29;2026-07-29;2026-08-03;14217,65;Não
1070 - GABINETE MILITAR DO GOVERNADOR DO ESTADO DE MG;Nota fiscal;02.913.444/0012-04;REDE SOL FUEL DISTRIBUIDORA S/A;113962;;1;Completa - Recebimento definitivo;Consumo;Despesa orçamentária;2026-07-22;2026-07-22;2026-08-03;109994,94;Não
1080 - ADVOCACIA-GERAL DO ESTADO DE MINAS GERAIS;Nota fiscal;33.224.254/0001-42;MGS MINAS GERAIS ADMINISTRACAO E SERVICOS S/A;268352026;;1;Completa;Serviço;Despesa orçamentária;2026-07-29;2026-08-03;2026-08-03;30161,53;Não
1260 - SECRETARIA DE ESTADO DE EDUCACAO;Nota fiscal;07.320.383/0001-24;INSTITUTO TECNICO EDUCACIONAL POLIVALENTE LTDA - ME;152;626;1;Completa;Serviço;Despesa orçamentária;2026-08-03;2026-08-03;2026-08-03;102847,7;Não
1500 - SECRETARIA DE ESTADO DE PLANEJAMENTO E GESTAO;Nota fiscal;16.636.540/0001-04;COMPANHIA DE TECNOLOGIA DA INFORMACAO DO ESTADO DE MINAS GERAIS-PRODEMGE;20266336;;1;Completa;Serviço;Despesa orçamentária;2026-07-28;2026-07-28;2026-08-03;12024,0;Não
1080 - ADVOCACIA-GERAL DO ESTADO DE MINAS GERAIS;Nota fiscal;33.224.254/0001-42;MGS MINAS GERAIS ADMINISTRACAO E SERVICOS S/A;268322026;;1;Completa;Serviço;Despesa orçamentária;2026-07-29;2026-08-03;2026-08-03;2866,44;Não
2270 - FUNDACAO HOSPITALAR DO ESTADO DE MINAS GERAIS;Nota fiscal;21.681.325/0001-57;MULTIFARMA COMERCIO E REPRESENTACOES LTDA.;297470;1;1;Completa - Recebimento definitivo;Consumo;Despesa orçamentária;2026-07-30;2026-07-31;2026-08-03;11554,95;Não
2270 - FUNDACAO HOSPITALAR DO ESTADO DE MINAS GERAIS;Nota fiscal;81.706.251/0001-98;PROMEFARMA MEDICAMENTOS E PRODUTOS HOSPITALARES LTDA;178232;;1;Completa - Recebimento definitivo;Consumo;Despesa orçamentária;2026-07-15;2026-07-22;2026-08-03;300,0;Não
2300 - DEPARTAMENTO DE ESTRADAS DE RODAGEM;Nota fiscal;01.466.431/0001-00;GCT - GERENCIAMENTO E CONTROLE DE TRANSITO S/A;20261456;;1;Completa;Serviço;Despesa orçamentária;2026-07-17;2026-07-21;2026-08-03;48965,77;Não
1250 - POLICIA MILITAR DE MINAS GERAIS;Outros;04.135.243/0001-98;COMERCIAL ITABIRANA DE PNEUS LTDA;1449;;1;Completa;Serviço;Despesa orçamentária;2026-07-02;2026-07-03;2026-08-03;432,0;Não
1080 - ADVOCACIA-GERAL DO ESTADO DE MINAS GERAIS;Outros;33.224.254/0001-42;MGS MINAS GERAIS ADMINISTRACAO E SERVICOS S/A;699126;;1;Completa;Serviço;Despesa orçamentária;2026-07-29;2026-08-03;2026-08-03;1012,13;Não
2370 - INSTITUTO MINEIRO DE AGROPECUARIA;Nota fiscal;33.224.254/0001-42;MGS MINAS GERAIS ADMINISTRACAO E SERVICOS S/A;26916;0;1;Completa;Serviço;Despesa orçamentária;2026-07-29;2026-08-03;2026-08-03;3587,26;Não
1710 - SECRETARIA DE ESTADO DE COMUNICACAO SOCIAL;Nota fiscal;24.172.716/0001-34;FLD S.A.;3627;;1;Completa;Serviço;Despesa extra orçamentária;2026-07-24;2026-08-03;2026-08-03;46241,25;Não
2270 - FUNDACAO HOSPITALAR DO ESTADO DE MINAS GERAIS;Nota fiscal;60.665.981/0009-75;UNIAO QUIMICA FARMACEUTICA NACIONAL S A;1102285;;1;Completa - Recebimento definitivo;Consumo;Despesa orçamentária;2026-07-24;2026-07-30;2026-08-03;19680,0;Não
1250 - POLICIA MILITAR DE MINAS GERAIS;Nota fiscal;04.135.243/0001-98;COMERCIAL ITABIRANA DE PNEUS LTDA;16609;1;1;Completa;Serviço;Despesa orçamentária;2026-07-02;2026-07-03;2026-08-03;273,27;Não
1320 - SECRETARIA DE ESTADO DA SAUDE;Nota fiscal;33.224.254/0001-42;MGS MINAS GERAIS ADMINISTRACAO E SERVICOS S/A;699055;;1;Completa;Serviço;Despesa orçamentária;2026-07-29;2026-07-29;2026-08-03;3714,56;Não
2300 - DEPARTAMENTO DE ESTRADAS DE RODAGEM;Nota fiscal;01.466.431/0001-00;GCT - GERENCIAMENTO E CONTROLE DE TRANSITO S/A;20261457;;1;Completa;Serviço;Despesa orçamentária;2026-07-17;2026-07-21;2026-08-03;23259,81;Não
1250 - POLICIA MILITAR DE MINAS GERAIS;Nota fiscal;26.759.927/0001-01;AC CLEAN COMERCIO DE LIMPEZA LTDA;23740;;1;Completa - Recebimento definitivo;Consumo;Despesa orçamentária;2026-07-07;2026-08-03;2026-08-03;1726,0;Não
2370 - INSTITUTO MINEIRO DE AGROPECUARIA;Outros;33.224.254/0001-42;MGS MINAS GERAIS ADMINISTRACAO E SERVICOS S/A;699063;;1;Completa;Serviço;Despesa orçamentária;2026-07-29;2026-08-03;2026-08-03;547,04;Não
1320 - SECRETARIA DE ESTADO DA SAUDE;Nota fiscal;33.224.254/0001-42;MGS MINAS GERAIS ADMINISTRACAO E SERVICOS S/A;698278;;1;Completa;Serviço;Despesa orçamentária;2026-07-24;2026-07-29;2026-08-03;4787,9;Não
2270 - FUNDACAO HOSPITALAR DO ESTADO DE MINAS GERAIS;Nota fiscal;61.418.042/0001-31;CIRURGICA FERNANDES - COMERCIO DE MATERIAIS CIRURGICOS E HOSPITALARES - SOCIEDADE LIMITADA;2020703;4;1;Completa - Recebimento definitivo;Consumo;Despesa orçamentária;2026-07-16;2026-07-24;2026-08-03;435,0;Não
2300 - DEPARTAMENTO DE ESTRADAS DE RODAGEM;Nota fiscal;01.466.431/0001-00;GCT - GERENCIAMENTO E CONTROLE DE TRANSITO S/A;20261458;;1;Completa;Serviço;Despesa orçamentária;2026-07-17;2026-07-21;2026-08-03;3086,45;Não
1320 - SECRETARIA DE ESTADO DA SAUDE;Nota fiscal;33.224.254/0001-42;MGS MINAS GERAIS ADMINISTRACAO E SERVICOS S/A;698279;;1;Completa;Serviço;Despesa orçamentária;2026-07-24;2026-07-29;2026-08-03;1213,32;Não
2300 - DEPARTAMENTO DE ESTRADAS DE RODAGEM;Nota fiscal;01.466.431/0001-00;GCT - GERENCIAMENTO E CONTROLE DE TRANSITO S/A;20261459;;1;Completa;Serviço;Despesa orçamentária;2026-07-17;2026-07-21;2026-08-03;13465,35;Não
2300 - DEPARTAMENTO DE ESTRADAS DE RODAGEM;Nota fiscal;01.466.431/0001-00;GCT - GERENCIAMENTO E CONTROLE DE TRANSITO S/A;20261460;;1;Completa;Serviço;Despesa orçamentária;2026-07-17;2026-07-21;2026-08-03;3086,45;Não
1260 - SECRETARIA DE ESTADO DE EDUCACAO;Nota fiscal;33.224.254/0001-42;MGS MINAS GERAIS ADMINISTRACAO E SERVICOS S/A;25663;;1;Completa;Serviço;Despesa orçamentária;2026-07-22;2026-08-03;2026-08-03;104738,55;Não
2010 - INST.DE PREVIDENCIA DOS SERVIDORES DO EST.M.GERAIS;Nota fiscal;33.224.254/0001-42;MGS MINAS GERAIS ADMINISTRACAO E SERVICOS S/A;26746;1A;1;Completa;Serviço;Despesa orçamentária;2026-07-29;2026-07-29;2026-08-03;21579,64;Não
2300 - DEPARTAMENTO DE ESTRADAS DE RODAGEM;Nota fiscal;01.466.431/0001-00;GCT - GERENCIAMENTO E CONTROLE DE TRANSITO S/A;20261461;;1;Completa;Serviço;Despesa orçamentária;2026-07-17;2026-07-21;2026-08-03;11391,27;Não
2010 - INST.DE PREVIDENCIA DOS SERVIDORES DO EST.M.GERAIS;Nota fiscal;33.224.254/0001-42;MGS MINAS GERAIS ADMINISTRACAO E SERVICOS S/A;26744;1A;1;Completa;Serviço;Despesa orçamentária;2026-07-29;2026-07-29;2026-08-03;6182,37;Não
2270 - FUNDACAO HOSPITALAR DO ESTADO DE MINAS GERAIS;Nota fiscal;00.874.929/0001-40;MED CENTER COMERCIAL LTDA;718165;;1;Completa - Recebimento definitivo;Consumo;Despesa orçamentária;2026-07-29;2026-07-31;2026-08-03;10,8;Não
2010 - INST.DE PREVIDENCIA DOS SERVIDORES DO EST.M.GERAIS;Nota fiscal;33.224.254/0001-42;MGS MINAS GERAIS ADMINISTRACAO E SERVICOS S/A;26745;1A;1;Completa;Serviço;Despesa orçamentária;2026-07-29;2026-07-29;2026-08-03;609,81;Não
1080 - ADVOCACIA-GERAL DO ESTADO DE MINAS GERAIS;Outros;33.224.254/0001-42;MGS MINAS GERAIS ADMINISTRACAO E SERVICOS S/A;699125;;2;Completa;Serviço;Despesa orçamentária;2026-07-29;2026-08-03;2026-08-03;2873,41;Não
1090 - PROCURADORIA GERAL DE JUSTICA;Outros;***.110.456-**;RICARDO BEVILAQUA CAMPOS;202607;1;1;Completa;Serviço;Despesa orçamentária;2026-08-03;2026-08-03;2026-08-03;750,0;Não
2300 - DEPARTAMENTO DE ESTRADAS DE RODAGEM;Nota fiscal;01.466.431/0001-00;GCT - GERENCIAMENTO E CONTROLE DE TRANSITO S/A;20261462;;1;Completa;Serviço;Despesa orçamentária;2026-07-17;2026-07-21;2026-08-03;2146,04;Não
1090 - PROCURADORIA GERAL DE JUSTICA;Outros;***.359.676-**;MARCELA RAMOS LIMA;202607;;1;Completa;Serviço;Despesa orçamentária;2026-08-03;2026-08-03;2026-08-03;750,0;Não
2260 - FUNDACAO EZEQUIEL DIAS;Nota fiscal;73.264.251/0001-57;HEXAGONO QUIMICA E EQUIPAMENTOS PARA LABORATORIOS LTDA;23575;;1;Completa - Recebimento definitivo;Consumo;Despesa extra orçamentária;2026-07-20;2026-07-29;2026-08-03;1123,0;Não
1260 - SECRETARIA DE ESTADO DE EDUCACAO;Outros;33.224.254/0001-42;MGS MINAS GERAIS ADMINISTRACAO E SERVICOS S/A;697902;;1;Completa;Serviço;Despesa orçamentária;2026-07-22;2026-08-03;2026-08-03;975,77;Não
1450 - SECRETARIA DE ESTADO DE JUSTICA E SEGURANCA PUBLIC;Nota fiscal;08.624.977/0001-91;TERRAVIVA AMBIENTAL LTDA;7507;;1;Completa;Serviço;Despesa orçamentária;2026-06-09;2026-06-09;2026-08-03;768,1;Não
1500 - SECRETARIA DE ESTADO DE PLANEJAMENTO E GESTAO;Nota fiscal;33.224.254/0001-42;MGS MINAS GERAIS ADMINISTRACAO E SERVICOS S/A;26840;10;1;Completa;Serviço;Despesa orçamentária;2026-07-29;2026-07-29;2026-08-03;452,34;Não
1260 - SECRETARIA DE ESTADO DE EDUCACAO;Outros;33.224.254/0001-42;MGS MINAS GERAIS ADMINISTRACAO E SERVICOS S/A;697900;;1;Completa;Serviço;Despesa orçamentária;2026-07-22;2026-08-03;2026-08-03;5601,23;Não
1500 - SECRETARIA DE ESTADO DE PLANEJAMENTO E GESTAO;Nota fiscal;33.224.254/0001-42;MGS MINAS GERAIS ADMINISTRACAO E SERVICOS S/A;26852;10;1;Completa;Serviço;Despesa orçamentária;2026-07-29;2026-07-29;2026-08-03;12507,85;Não
1050 - TRIBUNAL DE JUSTICA MILITAR DO ESTADO DE M.G.;Nota fiscal;03.368.287/0001-03;CTY INFORMATICA LTDA;542;;1;Completa;Serviço;Despesa orçamentária;2026-08-01;2026-08-03;2026-08-03;658,77;Não
2300 - DEPARTAMENTO DE ESTRADAS DE RODAGEM;Nota fiscal;01.466.431/0001-00;GCT - GERENCIAMENTO E CONTROLE DE TRANSITO S/A;20261463;;1;Completa;Serviço;Despesa orçamentária;2026-07-17;2026-07-21;2026-08-03;5238,59;Não
1030 - TRIBUNAL DE JUSTICA DO ESTADO DE MINAS GERAIS;Nota fiscal;25.166.870/0001-66;MINAS COMERCIO E SERVICOS LTDA;12;;1;Completa;Serviço;Despesa orçamentária;2026-08-03;2026-08-03;2026-08-03;3868,0;Não
2270 - FUNDACAO HOSPITALAR DO ESTADO DE MINAS GERAIS;Nota fiscal;33.224.254/0001-42;MGS MINAS GERAIS ADMINISTRACAO E SERVICOS S/A;26705;1;1;Completa;Serviço;Despesa orçamentária;2026-07-29;2026-08-03;2026-08-03;55237,39;Não
1030 - TRIBUNAL DE JUSTICA DO ESTADO DE MINAS GERAIS;Nota fiscal;25.166.870/0001-66;MINAS COMERCIO E SERVICOS LTDA;13;;1;Completa;Serviço;Despesa orçamentária;2026-08-03;2026-08-03;2026-08-03;61525,97;Não
2300 - DEPARTAMENTO DE ESTRADAS DE RODAGEM;Nota fiscal;01.466.431/0001-00;GCT - GERENCIAMENTO E CONTROLE DE TRANSITO S/A;20261464;;1;Completa;Serviço;Despesa orçamentária;2026-07-17;2026-07-21;2026-08-03;2303,61;Não
1090 - PROCURADORIA GERAL DE JUSTICA;Nota fiscal;33.683.111/0001-07;SERVICO FEDERAL DE PROCESSAMENTO DE DADOS (SERPRO);1058722;;1;Completa;Serviço;Despesa orçamentária;2026-08-03;2026-08-03;2026-08-03;3283,12;Não
1090 - PROCURADORIA GERAL DE JUSTICA;Outros;12.107.757/0001-68;ERICA MARIA CAMPOMIZZI MACHADO & CIA LTDA ;202606;;1;Completa;Serviço;Despesa orçamentária;2026-08-03;2026-08-03;2026-08-03;5012,92;Não
2310 - UNIVERSIDADE ESTADUAL DE MONTES CLAROS;Nota fiscal;33.224.254/0001-42;MGS MINAS GERAIS ADMINISTRACAO E SERVICOS S/A;202600000023104;;1;Completa;Serviço;Despesa orçamentária;2026-06-30;2026-08-03;2026-08-03;8384,69;Não
2270 - FUNDACAO HOSPITALAR DO ESTADO DE MINAS GERAIS;Nota fiscal;03.945.035/0001-91;ACACIA COMERCIO DE MEDICAMENTOS LTDA;349944;1;1;Completa - Recebimento definitivo;Consumo;Despesa orçamentária;2026-07-21;2026-07-30;2026-08-03;287,0;Não
1250 - POLICIA MILITAR DE MINAS GERAIS;Outros;04.135.243/0001-98;COMERCIAL ITABIRANA DE PNEUS LTDA;1430;;1;Completa;Serviço;Despesa orçamentária;2026-07-02;2026-07-03;2026-08-03;252,78;Não
2270 - FUNDACAO HOSPITALAR DO ESTADO DE MINAS GERAIS;Nota fiscal;44.639.493/0001-80;EUGIA PHARMA INDUSTRIA FARMACEUTICA LIMITADA;22495;;1;Incompleta;Consumo;Despesa orçamentária;2026-07-27;2026-07-31;2026-08-03;4606,5;Não
2300 - DEPARTAMENTO DE ESTRADAS DE RODAGEM;Nota fiscal;01.466.431/0001-00;GCT - GERENCIAMENTO E CONTROLE DE TRANSITO S/A;20261465;;1;Completa;Serviço;Despesa orçamentária;2026-07-17;2026-07-21;2026-08-03;8304,82;Não
1320 - SECRETARIA DE ESTADO DA SAUDE;Nota fiscal;04.086.552/0001-15;BIOPLASMA PRODUTOS PARA LABORATORIOS E CORRELATOS LTDA;77802;1;1;Completa - Recebimento definitivo;Consumo;Despesa orçamentária;2026-07-21;2026-07-29;2026-08-03;2750,0;Não
2270 - FUNDACAO HOSPITALAR DO ESTADO DE MINAS GERAIS;Nota fiscal;33.224.254/0001-42;MGS MINAS GERAIS ADMINISTRACAO E SERVICOS S/A;26704;1.;1;Completa;Serviço;Despesa orçamentária;2026-07-29;2026-08-03;2026-08-03;15670,41;Não
1250 - POLICIA MILITAR DE MINAS GERAIS;Nota fiscal;59.650.151/0001-38;ZS INNOVA TECNOLOGIA LTDA;40;;1;Completa - Recebimento definitivo;Consumo;Despesa orçamentária;2026-07-30;2026-08-03;2026-08-03;25578,99;Não
1250 - POLICIA MILITAR DE MINAS GERAIS;Outros;04.135.243/0001-98;COMERCIAL ITABIRANA DE PNEUS LTDA;1431;;1;Completa;Serviço;Despesa orçamentária;2026-07-02;2026-07-03;2026-08-03;15,31;Não
1260 - SECRETARIA DE ESTADO DE EDUCACAO;Outros;28.869.994/0001-04;INSTITUTO AXIOMA LTDA;9449214;7D;1;Completa;Serviço;Despesa orçamentária;2026-08-03;2026-08-03;2026-08-03;1660,0;Não
2270 - FUNDACAO HOSPITALAR DO ESTADO DE MINAS GERAIS;Nota fiscal;33.224.254/0001-42;MGS MINAS GERAIS ADMINISTRACAO E SERVICOS S/A;26706;1;1;Completa;Serviço;Despesa orçamentária;2026-07-29;2026-08-03;2026-08-03;580949,94;Não
1090 - PROCURADORIA GERAL DE JUSTICA;Nota fiscal;61.160.768/0001-17;LEX EDITORA S A;123;9;1;Completa;Serviço;Despesa orçamentária;2026-07-31;2026-08-03;2026-08-03;1260,0;Não
2010 - INST.DE PREVIDENCIA DOS SERVIDORES DO EST.M.GERAIS;Nota fiscal;00.886.257/0006-05;ATMOSFERA GESTAO E HIGIENIZACAO DE TEXTEIS S.A.;15115;;1;Completa;Serviço;Despesa orçamentária;2026-07-22;2026-08-03;2026-08-03;702925,11;Não
1450 - SECRETARIA DE ESTADO DE JUSTICA E SEGURANCA PUBLIC;Nota fiscal;08.624.977/0001-91;TERRAVIVA AMBIENTAL LTDA;8835;;1;Completa;Serviço;Despesa orçamentária;2026-07-10;2026-07-10;2026-08-03;952,85;Não
2310 - UNIVERSIDADE ESTADUAL DE MONTES CLAROS;Nota fiscal;07.817.955/0001-85;X-SERVICE MANUTENCAO E COMERCIO DE EQUIPAMENTOS MEDICOS LTDA;202600000000294;;1;Completa;Serviço;Despesa extra orçamentária;2026-07-28;2026-07-31;2026-08-03;7670,3;Não
1260 - SECRETARIA DE ESTADO DE EDUCACAO;Outros;***.845.796-**;ARLETE MARIA DE AVILA PIMENTA;9221490;AGO;1;Completa;Serviço;Despesa orçamentária;2026-01-05;2026-08-03;2026-08-03;4060,71;Não
1500 - SECRETARIA DE ESTADO DE PLANEJAMENTO E GESTAO;Nota fiscal;33.224.254/0001-42;MGS MINAS GERAIS ADMINISTRACAO E SERVICOS S/A;202626472;;1;Completa;Serviço;Despesa orçamentária;2026-07-28;2026-07-30;2026-08-03;65581,17;Não
2370 - INSTITUTO MINEIRO DE AGROPECUARIA;Nota fiscal;33.224.254/0001-42;MGS MINAS GERAIS ADMINISTRACAO E SERVICOS S/A;25094;2;1;Completa;Serviço;Despesa orçamentária;2026-07-16;2026-08-03;2026-08-03;4691,29;Não
1250 - POLICIA MILITAR DE MINAS GERAIS;Nota fiscal;41.658.519/0001-49;CENTRAL SUPRIMENTOS LTDA -ME;15402;;1;Completa - Recebimento definitivo;Consumo;Despesa orçamentária;2026-07-13;2026-07-30;2026-08-03;54,69;Não
2370 - INSTITUTO MINEIRO DE AGROPECUARIA;Outros;33.224.254/0001-42;MGS MINAS GERAIS ADMINISTRACAO E SERVICOS S/A;696980;;1;Completa;Serviço;Despesa orçamentária;2026-07-16;2026-08-03;2026-08-03;571,91;Não
2370 - INSTITUTO MINEIRO DE AGROPECUARIA;Outros;33.224.254/0001-42;MGS MINAS GERAIS ADMINISTRACAO E SERVICOS S/A;696981;;1;Completa;Serviço;Despesa orçamentária;2026-07-16;2026-08-03;2026-08-03;136,36;Não
1250 - POLICIA MILITAR DE MINAS GERAIS;Nota fiscal;13.545.473/0001-16;LUKAUTO - COMERCIO DE PNEUMATICOS E PECAS LTDA;6977;;1;Completa - Recebimento definitivo;Consumo;Despesa orçamentária;2026-07-01;2026-08-03;2026-08-03;18966,0;Não
1400 - CORPO DE BOMBEIROS MILITAR DE MINAS GERAIS;Nota fiscal;25.361.124/0001-23;AACP SERVICO AMBIENTAL LTDA;848;;1;Completa;Serviço;Despesa orçamentária;2026-07-31;2026-08-03;2026-08-03;3496,75;Não
1320 - SECRETARIA DE ESTADO DA SAUDE;Nota fiscal;20.367.629/0001-81;HELICOPTEROS DO BRASIL S/A HELIBRAS;118028;;1;Completa - Recebimento definitivo;Consumo;Despesa orçamentária;2026-07-23;2026-08-03;2026-08-03;1027,58;Não
1260 - SECRETARIA DE ESTADO DE EDUCACAO;Nota fiscal;07.432.517/0001-07;SIMPRESS COMERCIO LOCACAO E SERVICOS LTDA;426143;;1;Completa;Serviço;Despesa orçamentária;2026-07-07;2026-08-03;2026-08-03;271,07;Não
1250 - POLICIA MILITAR DE MINAS GERAIS;Nota fiscal;13.545.473/0001-16;LUKAUTO - COMERCIO DE PNEUMATICOS E PECAS LTDA;6978;;1;Completa - Recebimento definitivo;Consumo;Despesa orçamentária;2026-07-01;2026-08-03;2026-08-03;3618,0;Não
2270 - FUNDACAO HOSPITALAR DO ESTADO DE MINAS GERAIS;Nota fiscal;00.201.182/0001-69;DISTRIBUIDORA DE AGUAS MINERAIS BH LTDA -EPP;35126;;1;Completa - Recebimento definitivo;Consumo;Despesa orçamentária;2026-08-03;2026-08-03;2026-08-03;1402,5;Não
2300 - DEPARTAMENTO DE ESTRADAS DE RODAGEM;Nota fiscal;06.981.180/0001-16;CEMIG DISTRIBUICAO S.A.;414867531;0;1;Completa;Serviço;Despesa orçamentária;2026-07-29;2026-07-31;2026-08-03;1458,4;Não
1400 - CORPO DE BOMBEIROS MILITAR DE MINAS GERAIS;Outros;33.224.254/0001-42;MGS MINAS GERAIS ADMINISTRACAO E SERVICOS S/A;699312;;2;Completa;Serviço;Despesa orçamentária;2026-07-29;2026-07-30;2026-08-03;363,64;Não
1500 - SECRETARIA DE ESTADO DE PLANEJAMENTO E GESTAO;Nota fiscal;33.224.254/0001-42;MGS MINAS GERAIS ADMINISTRACAO E SERVICOS S/A;202626473;;1;Completa;Serviço;Despesa orçamentária;2026-07-28;2026-07-30;2026-08-03;12178,68;Não
1250 - POLICIA MILITAR DE MINAS GERAIS;Outros;04.135.243/0001-98;COMERCIAL ITABIRANA DE PNEUS LTDA;1432;;1;Completa;Serviço;Despesa orçamentária;2026-07-02;2026-07-03;2026-08-03;1087,09;Não
2320 - FUNDACAO CENTRO DE HEMATOLOGIA E HEMOTERAPIA DE MG;Nota fiscal;25.361.124/0001-23;AACP SERVICO AMBIENTAL LTDA;774;;1;Completa;Serviço;Despesa orçamentária;2026-07-13;2026-08-03;2026-08-03;728,0;Não
1260 - SECRETARIA DE ESTADO DE EDUCACAO;Outros;***.990.166-**;JOSE VICENTE VIEIRA;9051434;AGO;1;Completa;Serviço;Despesa orçamentária;2026-05-01;2026-08-03;2026-08-03;11850,77;Não
2310 - UNIVERSIDADE ESTADUAL DE MONTES CLAROS;Nota fiscal;33.224.254/0001-42;MGS MINAS GERAIS ADMINISTRACAO E SERVICOS S/A;202600000026930;;1;Completa;Serviço;Despesa orçamentária;2026-07-29;2026-08-03;2026-08-03;51319,61;Não
1260 - SECRETARIA DE ESTADO DE EDUCACAO;Outros;***.684.536-**;MARIA JOSE COLOZIO BORGES;72026;;1;Completa;Serviço;Despesa orçamentária;2026-08-03;2026-08-03;2026-08-03;692,71;Não
2180 - FUNDACAO CLOVIS SALGADO;Nota fiscal;00.822.938/0001-97;ELEVADORES MODULO LTDA -ME;340;;1;Completa;Serviço;Despesa orçamentária;2026-08-03;2026-08-03;2026-08-03;1500,0;Não
2010 - INST.DE PREVIDENCIA DOS SERVIDORES DO EST.M.GERAIS;Outros;***.822.406-**;MARIA ELMA DE MATOS;72026;;1;Completa;Serviço;Despesa orçamentária;2026-08-03;2026-08-03;2026-08-03;1185,0;Não
2270 - FUNDACAO HOSPITALAR DO ESTADO DE MINAS GERAIS;Nota fiscal;02.662.841/0001-90;MASTERMED COMERCIAL LTDA -EPP;13985;;1;Completa - Recebimento definitivo;Consumo;Despesa orçamentária;2026-07-28;2026-07-29;2026-08-03;1634,5;Não
1260 - SECRETARIA DE ESTADO DE EDUCACAO;Nota fiscal;08.273.364/0001-57;TICKET GESTAO EM MANUTENCAO EZC S.A;48645655;;1;Completa;Serviço;Despesa orçamentária;2026-07-16;2026-08-03;2026-08-03;4182,73;Não
1070 - GABINETE MILITAR DO GOVERNADOR DO ESTADO DE MG;Nota fiscal;14.560.935/0001-37;PULSAR BRASIL TELECOMUNICACOES S.A.;514;1;1;Completa;Serviço;Despesa orçamentária;2026-07-17;2026-07-23;2026-08-03;4005,45;Não
2090 - FUNDACAO ESTADUAL DO MEIO AMBIENTE;Nota fiscal;33.224.254/0001-42;MGS MINAS GERAIS ADMINISTRACAO E SERVICOS S/A;26791;;1;Completa;Serviço;Despesa orçamentária;2026-07-29;2026-08-03;2026-08-03;40308,5;Não
2270 - FUNDACAO HOSPITALAR DO ESTADO DE MINAS GERAIS;Nota fiscal;60.665.981/0009-75;UNIAO QUIMICA FARMACEUTICA NACIONAL S A;1100595;;1;Completa - Recebimento definitivo;Consumo;Despesa orçamentária;2026-07-20;2026-07-23;2026-08-03;719,6;Não
1320 - SECRETARIA DE ESTADO DA SAUDE;Nota fiscal;20.367.629/0009-39;HELICOPTEROS DO BRASIL S/A HELIBRAS;77346;;1;Completa - Recebimento definitivo;Consumo;Despesa orçamentária;2026-07-27;2026-08-03;2026-08-03;3530,76;Não
1480 - SECRETARIA DE ESTADO DE DESENVOLVIMENTO SOCIAL;Nota fiscal;17.952.607/0001-74;INDUSTRIA DE BOLAS TITA LTDA - EPP;2548;2;1;Incompleta;Serviço;Despesa orçamentária;2026-07-24;2026-07-24;2026-08-03;83497,1;Não
1080 - ADVOCACIA-GERAL DO ESTADO DE MINAS GERAIS;Nota fiscal;33.224.254/0001-42;MGS MINAS GERAIS ADMINISTRACAO E SERVICOS S/A;202626959;;1;Completa;Serviço;Despesa orçamentária;2026-07-29;2026-08-03;2026-08-03;10924,53;Não
2310 - UNIVERSIDADE ESTADUAL DE MONTES CLAROS;Outros;33.224.254/0001-42;MGS MINAS GERAIS ADMINISTRACAO E SERVICOS S/A;699162;;1;Completa;Serviço;Despesa orçamentária;2026-07-29;2026-08-03;2026-08-03;4865,66;Não
1320 - SECRETARIA DE ESTADO DA SAUDE;Nota fiscal;60.665.981/0005-41;UNIAO QUIMICA FARMACEUTICA NACIONAL S A;153211;1;1;Completa - Recebimento definitivo;Consumo;Despesa orçamentária;2026-07-22;2026-08-03;2026-08-03;34128,0;Não
1450 - SECRETARIA DE ESTADO DE JUSTICA E SEGURANCA PUBLIC;Nota fiscal;08.624.977/0001-91;TERRAVIVA AMBIENTAL LTDA;8880;;1;Completa;Serviço;Despesa orçamentária;2026-07-10;2026-07-10;2026-08-03;760,0;Não
2310 - UNIVERSIDADE ESTADUAL DE MONTES CLAROS;Outros;33.224.254/0001-42;MGS MINAS GERAIS ADMINISTRACAO E SERVICOS S/A;699163;;1;Completa;Serviço;Despesa orçamentária;2026-07-29;2026-08-03;2026-08-03;1193,94;Não
1510 - POLICIA CIVIL DO ESTADO DE MINAS GERAIS;Nota fiscal;34.274.233/0025-71;VIBRA ENERGIA S.A;4953787;0;1;Completa - Recebimento definitivo;Consumo;Despesa orçamentária;2026-08-03;2026-08-03;2026-08-03;14666,88;Não
1080 - ADVOCACIA-GERAL DO ESTADO DE MINAS GERAIS;Outros;33.224.254/0001-42;MGS MINAS GERAIS ADMINISTRACAO E SERVICOS S/A;699109;;1;Completa;Serviço;Despesa orçamentária;2026-07-29;2026-08-03;2026-08-03;1144,58;Não
1250 - POLICIA MILITAR DE MINAS GERAIS;Nota fiscal;34.274.233/0025-71;VIBRA ENERGIA S.A;4953689;;1;Completa - Recebimento definitivo;Consumo;Despesa orçamentária;2026-08-03;2026-08-03;2026-08-03;14666,88;Não
1260 - SECRETARIA DE ESTADO DE EDUCACAO;Nota fiscal;33.224.254/0001-42;MGS MINAS GERAIS ADMINISTRACAO E SERVICOS S/A;27074;A;1;Completa;Serviço;Despesa orçamentária;2026-07-30;2026-07-30;2026-08-03;159208,64;Não
1510 - POLICIA CIVIL DO ESTADO DE MINAS GERAIS;Nota fiscal;34.274.233/0025-71;VIBRA ENERGIA S.A;4951922;0;1;Completa - Recebimento definitivo;Consumo;Despesa orçamentária;2026-07-31;2026-07-31;2026-08-03;21981,0;Não
1320 - SECRETARIA DE ESTADO DA SAUDE;Nota fiscal;20.367.629/0009-39;HELICOPTEROS DO BRASIL S/A HELIBRAS;77178;;1;Completa - Recebimento definitivo;Consumo;Despesa orçamentária;2026-07-23;2026-08-03;2026-08-03;35043,32;Não
1080 - ADVOCACIA-GERAL DO ESTADO DE MINAS GERAIS;Outros;33.224.254/0001-42;MGS MINAS GERAIS ADMINISTRACAO E SERVICOS S/A;699110;;1;Completa;Serviço;Despesa orçamentária;2026-07-29;2026-08-03;2026-08-03;381,82;Não
2270 - FUNDACAO HOSPITALAR DO ESTADO DE MINAS GERAIS;Nota fiscal;02.794.555/0004-20;COLOPLAST DO BRASIL LTDA;15224;;1;Completa - Recebimento definitivo;Consumo;Despesa orçamentária;2026-07-03;2026-07-06;2026-08-03;171,57;Não
1260 - SECRETARIA DE ESTADO DE EDUCACAO;Nota fiscal;08.273.364/0001-57;TICKET GESTAO EM MANUTENCAO EZC S.A;48647148;;1;Completa;Serviço;Despesa orçamentária;2026-07-16;2026-08-03;2026-08-03;1756,13;Não
1510 - POLICIA CIVIL DO ESTADO DE MINAS GERAIS;Nota fiscal;34.274.233/0025-71;VIBRA ENERGIA S.A;4951977;0;1;Completa - Recebimento definitivo;Consumo;Despesa orçamentária;2026-07-31;2026-07-31;2026-08-03;14666,88;Não
1250 - POLICIA MILITAR DE MINAS GERAIS;Nota fiscal;34.274.233/0025-71;VIBRA ENERGIA S.A;4953895;;1;Completa - Recebimento definitivo;Consumo;Despesa orçamentária;2026-08-03;2026-08-03;2026-08-03;14666,88;Não
1070 - GABINETE MILITAR DO GOVERNADOR DO ESTADO DE MG;Nota fiscal;66.336.322/0001-14;SACOLAO CENTER SETELAGOANO LTDA -EPP;14205;;1;Completa - Recebimento definitivo;Consumo;Despesa orçamentária;2026-07-31;2026-07-31;2026-08-03;1825,46;Não
1480 - SECRETARIA DE ESTADO DE DESENVOLVIMENTO SOCIAL;Nota fiscal;17.952.607/0001-74;INDUSTRIA DE BOLAS TITA LTDA - EPP;2548;2;1;Completa - Recebimento provisório;Consumo;Despesa orçamentária;2026-07-24;2026-07-24;2026-08-03;83497,1;Não
1250 - POLICIA MILITAR DE MINAS GERAIS;Nota fiscal;04.353.937/0001-00;CASA DAS PECAS SERVICOS LTDA;9159;1;1;Completa;Serviço;Despesa orçamentária;2026-07-29;2026-08-03;2026-08-03;968,8;Não
2090 - FUNDACAO ESTADUAL DO MEIO AMBIENTE;Nota fiscal;33.224.254/0001-42;MGS MINAS GERAIS ADMINISTRACAO E SERVICOS S/A;699089;;1;Completa;Serviço;Despesa orçamentária;2026-07-29;2026-08-03;2026-08-03;3280,21;Não
1250 - POLICIA MILITAR DE MINAS GERAIS;Nota fiscal;04.353.937/0001-00;CASA DAS PECAS SERVICOS LTDA;9153;1;2;Completa;Serviço;Despesa orçamentária;2026-07-29;2026-08-03;2026-08-03;2087,58;Não
2180 - FUNDACAO CLOVIS SALGADO;Nota fiscal;34.454.477/0001-69;PLANEAR ENGENHARIA DE AR CONDICIONADO LTDA;391;;1;Completa;Serviço;Despesa orçamentária;2026-08-03;2026-08-03;2026-08-03;22825,83;Não
1250 - POLICIA MILITAR DE MINAS GERAIS;Nota fiscal;34.274.233/0025-71;VIBRA ENERGIA S.A;4953897;;1;Completa - Recebimento definitivo;Consumo;Despesa orçamentária;2026-08-03;2026-08-03;2026-08-03;14666,88;Não
1480 - SECRETARIA DE ESTADO DE DESENVOLVIMENTO SOCIAL;Nota fiscal;17.652.759/0001-51;TOSS EVENTOS ESPORTIVOS LTDA;175;;1;Completa;Serviço;Despesa orçamentária;2026-07-31;2026-07-31;2026-08-03;258120,0;Não
2090 - FUNDACAO ESTADUAL DO MEIO AMBIENTE;Nota fiscal;33.224.254/0001-42;MGS MINAS GERAIS ADMINISTRACAO E SERVICOS S/A;699088;;1;Completa;Serviço;Despesa orçamentária;2026-07-29;2026-08-03;2026-08-03;1170,3;Não
1250 - POLICIA MILITAR DE MINAS GERAIS;Nota fiscal;04.353.937/0001-00;CASA DAS PECAS SERVICOS LTDA;312;;1;Completa;Serviço;Despesa orçamentária;2026-07-29;2026-08-03;2026-08-03;336,3;Não
1500 - SECRETARIA DE ESTADO DE PLANEJAMENTO E GESTAO;Nota fiscal;16.636.540/0001-04;COMPANHIA DE TECNOLOGIA DA INFORMACAO DO ESTADO DE MINAS GERAIS-PRODEMGE;20266337;;1;Completa;Serviço;Despesa orçamentária;2026-07-28;2026-07-28;2026-08-03;668,0;Não
1260 - SECRETARIA DE ESTADO DE EDUCACAO;Outros;***.706.466-**;MARIA AUGUSTA BERGAMO GONCALVES;72026;;1;Completa;Serviço;Despesa orçamentária;2026-08-03;2026-08-03;2026-08-03;615,98;Não
2270 - FUNDACAO HOSPITALAR DO ESTADO DE MINAS GERAIS;Nota fiscal;22.426.666/0001-49;BE CARE SOLUCOES E TECNOLOGIA LTDA;956;;3;Completa;Serviço;Despesa orçamentária;2026-07-29;2026-07-29;2026-08-03;6430,4;Não
2370 - INSTITUTO MINEIRO DE AGROPECUARIA;Nota fiscal;40.456.487/0001-36;BDT ENGENHARIA LTDA;385;;1;Completa;Serviço;Despesa orçamentária;2026-07-30;2026-07-31;2026-08-03;2709,01;Não
2270 - FUNDACAO HOSPITALAR DO ESTADO DE MINAS GERAIS;Nota fiscal;02.662.841/0001-90;MASTERMED COMERCIAL LTDA -EPP;13967;;1;Completa - Recebimento definitivo;Consumo;Despesa orçamentária;2026-07-24;2026-07-29;2026-08-03;538,94;Não
2010 - INST.DE PREVIDENCIA DOS SERVIDORES DO EST.M.GERAIS;Outros;27.343.319/0001-76;B3M CONSTRUTORA LTDA;1000657;;1;Completa;Serviço;Despesa orçamentária;2026-07-31;2026-07-31;2026-08-03;22474,81;Não
1260 - SECRETARIA DE ESTADO DE EDUCACAO;Outros;73.471.963/0113-43;SENAT SERVICO NACIONAL DE APRENDIZAGEM DO TRANSPORTE;9498822;4;1;Completa;Serviço;Despesa orçamentária;2026-08-03;2026-08-03;2026-08-03;22000,0;Não
1250 - POLICIA MILITAR DE MINAS GERAIS;Nota fiscal;04.353.937/0001-00;CASA DAS PECAS SERVICOS LTDA;9157;1;1;Completa;Serviço;Despesa orçamentária;2026-07-29;2026-08-03;2026-08-03;540,0;Não
1250 - POLICIA MILITAR DE MINAS GERAIS;Nota fiscal;04.353.937/0001-00;CASA DAS PECAS SERVICOS LTDA;308;1;2;Completa;Serviço;Despesa orçamentária;2026-07-29;2026-08-03;2026-08-03;836,76;Não
1250 - POLICIA MILITAR DE MINAS GERAIS;Nota fiscal;04.353.937/0001-00;CASA DAS PECAS SERVICOS LTDA;9158;1;1;Completa;Serviço;Despesa orçamentária;2026-07-29;2026-08-03;2026-08-03;756,06;Não
1190 - SECRETARIA DE ESTADO DE FAZENDA DE MINAS GERAIS;Nota fiscal;33.224.254/0001-42;MGS MINAS GERAIS ADMINISTRACAO E SERVICOS S/A;202626882;;1;Completa;Serviço;Despesa orçamentária;2026-07-29;2026-08-03;2026-08-03;6481,05;Não
1260 - SECRETARIA DE ESTADO DE EDUCACAO;Nota fiscal;03.773.700/0001-07;SERVICO NACIONAL DE APRENDIZAGEM INDUSTRIAL - DEPARTAMENTO REGIONAL DE MINAS GERAIS;2026909;;1;Completa;Serviço;Despesa orçamentária;2026-06-29;2026-08-03;2026-08-03;15178,77;Não
1250 - POLICIA MILITAR DE MINAS GERAIS;Nota fiscal;04.353.937/0001-00;CASA DAS PECAS SERVICOS LTDA;9156;1;1;Completa;Serviço;Despesa orçamentária;2026-07-29;2026-08-03;2026-08-03;880,8;Não
1250 - POLICIA MILITAR DE MINAS GERAIS;Nota fiscal;04.353.937/0001-00;CASA DAS PECAS SERVICOS LTDA;309;1;1;Completa;Serviço;Despesa orçamentária;2026-07-29;2026-08-03;2026-08-03;220,02;Não
1250 - POLICIA MILITAR DE MINAS GERAIS;Nota fiscal;04.353.937/0001-00;CASA DAS PECAS SERVICOS LTDA;9154;1;1;Completa;Serviço;Despesa orçamentária;2026-07-29;2026-08-03;2026-08-03;249,55;Não
2330 - INSTITUTO DE METROLOGIA E QUALIDADE DE MG;Nota fiscal;33.224.254/0001-42;MGS MINAS GERAIS ADMINISTRACAO E SERVICOS S/A;140;E;1;Completa;Serviço;Despesa orçamentária;2026-07-30;2026-08-03;2026-08-03;10786,68;Não
1510 - POLICIA CIVIL DO ESTADO DE MINAS GERAIS;Nota fiscal;34.274.233/0025-71;VIBRA ENERGIA S.A;4949554;0;1;Completa - Recebimento definitivo;Consumo;Despesa orçamentária;2026-07-28;2026-07-28;2026-08-03;14666,88;Não
1260 - SECRETARIA DE ESTADO DE EDUCACAO;Outros;***.412.276-**;GUILHERME DE FARIA NOGUEIRA BORGES;72026;;1;Completa;Serviço;Despesa orçamentária;2026-08-03;2026-08-03;2026-08-03;692,71;Não
1250 - POLICIA MILITAR DE MINAS GERAIS;Nota fiscal;04.353.937/0001-00;CASA DAS PECAS SERVICOS LTDA;311;;1;Completa;Serviço;Despesa orçamentária;2026-07-29;2026-08-03;2026-08-03;142,5;Não
1510 - POLICIA CIVIL DO ESTADO DE MINAS GERAIS;Nota fiscal;34.274.233/0294-29;VIBRA ENERGIA S.A;332417;0;1;Completa - Recebimento definitivo;Consumo;Despesa orçamentária;2026-07-29;2026-07-29;2026-08-03;14666,88;Não
2010 - INST.DE PREVIDENCIA DOS SERVIDORES DO EST.M.GERAIS;Nota fiscal;33.224.254/0001-42;MGS MINAS GERAIS ADMINISTRACAO E SERVICOS S/A;26926;1;1;Completa;Serviço;Despesa orçamentária;2026-07-29;2026-07-30;2026-08-03;8170,04;Não
2300 - DEPARTAMENTO DE ESTRADAS DE RODAGEM;Outros;25.433.004/0001-94;CIA DE AGUAS DE UBERABA CODAU;33371959;;1;Completa;Serviço;Despesa orçamentária;2026-07-30;2026-08-03;2026-08-03;480,71;Não
1260 - SECRETARIA DE ESTADO DE EDUCACAO;Nota fiscal;28.869.994/0001-04;INSTITUTO AXIOMA LTDA;77;;1;Completa;Serviço;Despesa orçamentária;2026-08-03;2026-08-03;2026-08-03;5904,27;Não
1250 - POLICIA MILITAR DE MINAS GERAIS;Nota fiscal;04.353.937/0001-00;CASA DAS PECAS SERVICOS LTDA;9155;1;1;Completa;Serviço;Despesa orçamentária;2026-07-29;2026-08-03;2026-08-03;2393,1;Não
1510 - POLICIA CIVIL DO ESTADO DE MINAS GERAIS;Nota fiscal;34.274.233/0025-71;VIBRA ENERGIA S.A;4951924;0;1;Completa - Recebimento definitivo;Consumo;Despesa orçamentária;2026-07-31;2026-07-31;2026-08-03;14666,88;Não
1260 - SECRETARIA DE ESTADO DE EDUCACAO;Outros;12.626.653/0001-60;GRANATO ADMINISTRACAO DE BENS LTDA - EPP;72026;;1;Completa;Serviço;Despesa orçamentária;2026-08-03;2026-08-03;2026-08-03;83943,66;Não
1250 - POLICIA MILITAR DE MINAS GERAIS;Nota fiscal;04.353.937/0001-00;CASA DAS PECAS SERVICOS LTDA;314;;1;Completa;Serviço;Despesa orçamentária;2026-07-31;2026-08-03;2026-08-03;630,42;Não
1190 - SECRETARIA DE ESTADO DE FAZENDA DE MINAS GERAIS;Nota fiscal;33.224.254/0001-42;MGS MINAS GERAIS ADMINISTRACAO E SERVICOS S/A;699053;;1;Completa;Serviço;Despesa orçamentária;2026-07-29;2026-08-03;2026-08-03;583,59;Não
1260 - SECRETARIA DE ESTADO DE EDUCACAO;Nota fiscal;33.224.254/0001-42;MGS MINAS GERAIS ADMINISTRACAO E SERVICOS S/A;27074;B;1;Completa;Serviço;Despesa orçamentária;2026-07-30;2026-07-30;2026-08-03;33316,19;Não
1450 - SECRETARIA DE ESTADO DE JUSTICA E SEGURANCA PUBLIC;Nota fiscal;08.624.977/0001-91;TERRAVIVA AMBIENTAL LTDA;8825;;1;Completa;Serviço;Despesa orçamentária;2026-07-10;2026-07-10;2026-08-03;777,4;Não
1260 - SECRETARIA DE ESTADO DE EDUCACAO;Outros;33.224.254/0001-42;MGS MINAS GERAIS ADMINISTRACAO E SERVICOS S/A;698168;;1;Completa;Serviço;Despesa orçamentária;2026-07-23;2026-08-03;2026-08-03;5820,37;Não
1030 - TRIBUNAL DE JUSTICA DO ESTADO DE MINAS GERAIS;Nota fiscal;52.161.765/0001-07;FELLICITA EVENTOS LTDA;3;;1;Completa;Serviço;Despesa orçamentária;2026-07-31;2026-07-31;2026-08-03;5600,0;Não
2270 - FUNDACAO HOSPITALAR DO ESTADO DE MINAS GERAIS;Nota fiscal;82.641.325/0021-61;CREMER S.A.;513943;;1;Completa - Recebimento definitivo;Consumo;Despesa orçamentária;2026-07-22;2026-07-29;2026-08-03;764,0;Não
1500 - SECRETARIA DE ESTADO DE PLANEJAMENTO E GESTAO;Nota fiscal;33.224.254/0001-42;MGS MINAS GERAIS ADMINISTRACAO E SERVICOS S/A;202626471;;1;Completa;Serviço;Despesa orçamentária;2026-07-28;2026-07-30;2026-08-03;72536,95;Não
1080 - ADVOCACIA-GERAL DO ESTADO DE MINAS GERAIS;Nota fiscal;33.224.254/0001-42;MGS MINAS GERAIS ADMINISTRACAO E SERVICOS S/A;202627127;;1;Completa;Serviço;Despesa orçamentária;2026-07-30;2026-08-03;2026-08-03;714,81;Não
2200 - INST. EST. DO PATRIMONIO HIST. E ARTISTICO DE MG;Nota fiscal;11.369.367/0001-01;COMMANDO SEGURANCA ELETRONICA LTDA;302;;1;Completa;Serviço;Despesa orçamentária;2026-07-31;2026-08-03;2026-08-03;1500,0;Não
1260 - SECRETARIA DE ESTADO DE EDUCACAO;Outros;33.224.254/0001-42;MGS MINAS GERAIS ADMINISTRACAO E SERVICOS S/A;697841;;1;Completa;Serviço;Despesa orçamentária;2026-07-22;2026-08-03;2026-08-03;1030,31;Não
2270 - FUNDACAO HOSPITALAR DO ESTADO DE MINAS GERAIS;Nota fiscal;33.224.254/0001-42;MGS MINAS GERAIS ADMINISTRACAO E SERVICOS S/A;26864;J;1;Completa;Serviço;Despesa orçamentária;2026-07-29;2026-08-03;2026-08-03;277034,21;Não
1080 - ADVOCACIA-GERAL DO ESTADO DE MINAS GERAIS;Nota fiscal;33.224.254/0001-42;MGS MINAS GERAIS ADMINISTRACAO E SERVICOS S/A;202627123;;1;Completa;Serviço;Despesa orçamentária;2026-07-30;2026-08-03;2026-08-03;73693,36;Não
2010 - INST.DE PREVIDENCIA DOS SERVIDORES DO EST.M.GERAIS;Outros;33.224.254/0001-42;MGS MINAS GERAIS ADMINISTRACAO E SERVICOS S/A;699232;;1;Completa;Serviço;Despesa orçamentária;2026-07-29;2026-07-30;2026-08-03;796,46;Não
1510 - POLICIA CIVIL DO ESTADO DE MINAS GERAIS;Nota fiscal;34.274.233/0025-71;VIBRA ENERGIA S.A;4951923;0;1;Completa - Recebimento definitivo;Consumo;Despesa orçamentária;2026-07-31;2026-07-31;2026-08-03;21981,0;Não
2010 - INST.DE PREVIDENCIA DOS SERVIDORES DO EST.M.GERAIS;Outros;33.224.254/0001-42;MGS MINAS GERAIS ADMINISTRACAO E SERVICOS S/A;699233;;1;Completa;Serviço;Despesa orçamentária;2026-07-29;2026-07-30;2026-08-03;363,64;Não
1320 - SECRETARIA DE ESTADO DA SAUDE;Nota fiscal;07.432.517/0001-07;SIMPRESS COMERCIO LOCACAO E SERVICOS LTDA;429090;1;1;Completa;Serviço;Despesa orçamentária;2026-07-13;2026-07-17;2026-08-03;204,94;Não
1090 - PROCURADORIA GERAL DE JUSTICA;Outros;08.760.011/0001-81;DIGITEC - COPIADORA E INFORMATICA LTDA - ME;202607;;1;Completa;Serviço;Despesa orçamentária;2026-08-03;2026-08-03;2026-08-03;7135,38;Não
2270 - FUNDACAO HOSPITALAR DO ESTADO DE MINAS GERAIS;Nota fiscal;49.324.221/0001-04;FRESENIUS KABI BRASIL LTDA.;1938247;;1;Completa - Recebimento definitivo;Consumo;Despesa orçamentária;2026-07-23;2026-07-31;2026-08-03;8782,0;Não
1480 - SECRETARIA DE ESTADO DE DESENVOLVIMENTO SOCIAL;Nota fiscal;17.952.607/0001-74;INDUSTRIA DE BOLAS TITA LTDA - EPP;2549;2;1;Completa - Recebimento provisório;Consumo;Despesa orçamentária;2026-07-24;2026-07-24;2026-08-03;272,0;Não
1400 - CORPO DE BOMBEIROS MILITAR DE MINAS GERAIS;Nota fiscal;18.152.404/0001-66;MAQNETE COMERCIO E SERVICOS LTDA -ME;5881;1;1;Completa - Recebimento definitivo;Consumo;Despesa orçamentária;2026-07-27;2026-08-03;2026-08-03;122,9;Não
2350 - UNIVERSIDADE DO ESTADO DE MINAS GERAIS;Outros;33.224.254/0001-42;MGS MINAS GERAIS ADMINISTRACAO E SERVICOS S/A;2026697128;;1;Completa;Serviço;Despesa orçamentária;2026-07-16;2026-07-16;2026-08-03;4966,05;Não
1080 - ADVOCACIA-GERAL DO ESTADO DE MINAS GERAIS;Outros;33.224.254/0001-42;MGS MINAS GERAIS ADMINISTRACAO E SERVICOS S/A;699123;;1;Completa;Serviço;Despesa orçamentária;2026-07-29;2026-08-03;2026-08-03;1809,1;Não
1450 - SECRETARIA DE ESTADO DE JUSTICA E SEGURANCA PUBLIC;Nota fiscal;08.624.977/0001-91;TERRAVIVA AMBIENTAL LTDA;8805;;1;Completa;Serviço;Despesa orçamentária;2026-07-10;2026-07-10;2026-08-03;1991,0;Não
2270 - FUNDACAO HOSPITALAR DO ESTADO DE MINAS GERAIS;Nota fiscal;33.169.991/0001-90;D C R SANTOS LTDA;2330;5;1;Completa - Recebimento definitivo;Consumo;Despesa orçamentária;2026-07-21;2026-07-24;2026-08-03;184,8;Não
1510 - POLICIA CIVIL DO ESTADO DE MINAS GERAIS;Nota fiscal;34.274.233/0025-71;VIBRA ENERGIA S.A;4951976;0;1;Completa - Recebimento definitivo;Consumo;Despesa orçamentária;2026-07-31;2026-07-31;2026-08-03;14666,88;Não
1090 - PROCURADORIA GERAL DE JUSTICA;Nota fiscal;20.982.406/0001-24;BRAVO AR SERVICE COMERCIO MAQUINAS E EQUIPAMENTOS LTDA;2026230;;1;Completa;Serviço;Despesa orçamentária;2026-08-03;2026-08-03;2026-08-03;22612,19;Não
2270 - FUNDACAO HOSPITALAR DO ESTADO DE MINAS GERAIS;Nota fiscal;00.583.890/0001-01;FAMAP NUTRICAO PARENTERAL LTDA;402703;;2;Completa - Recebimento definitivo;Consumo;Despesa extra orçamentária;2024-02-17;2024-02-17;2026-08-03;1936,53;Não
2270 - FUNDACAO HOSPITALAR DO ESTADO DE MINAS GERAIS;Nota fiscal;11.002.975/0001-75;TECVIDA COMERCIO E DISTRIBUICAO LTDA;35293;;1;Completa - Recebimento definitivo;Consumo;Despesa orçamentária;2026-07-17;2026-07-21;2026-08-03;14858,14;Não
1080 - ADVOCACIA-GERAL DO ESTADO DE MINAS GERAIS;Outros;33.224.254/0001-42;MGS MINAS GERAIS ADMINISTRACAO E SERVICOS S/A;699124;;1;Completa;Serviço;Despesa orçamentária;2026-07-29;2026-08-03;2026-08-03;6308,77;Não
2310 - UNIVERSIDADE ESTADUAL DE MONTES CLAROS;Outros;33.224.254/0001-42;MGS MINAS GERAIS ADMINISTRACAO E SERVICOS S/A;694585;;1;Completa;Serviço;Despesa orçamentária;2026-06-30;2026-08-03;2026-08-03;501,43;Não
1090 - PROCURADORIA GERAL DE JUSTICA;Outros;12.107.757/0001-68;ERICA MARIA CAMPOMIZZI MACHADO & CIA LTDA ;202607;;1;Completa;Serviço;Despesa orçamentária;2026-08-03;2026-08-03;2026-08-03;5012,92;Não
1190 - SECRETARIA DE ESTADO DE FAZENDA DE MINAS GERAIS;Nota fiscal;01.548.339/0001-90;SERTA SERVICOS TECNICOS E ADMINISTRATIVOS LTDA - EM RECUPERACAO JUDICIAL;68616857;;1;Completa;Serviço;Despesa orçamentária;2026-07-20;2026-07-20;2026-08-03;119,54;Não
1260 - SECRETARIA DE ESTADO DE EDUCACAO;Nota fiscal;33.224.254/0001-42;MGS MINAS GERAIS ADMINISTRACAO E SERVICOS S/A;25853;JUL;1;Completa;Serviço;Despesa orçamentária;2026-07-23;2026-08-03;2026-08-03;1921,51;Não
1090 - PROCURADORIA GERAL DE JUSTICA;Outros;***.087.636-**;JOAO REIS RODRIGUES;101;;1;Completa;Serviço;Despesa orçamentária;2026-07-21;2026-07-21;2026-08-03;283,79;Não
2430 - AGENCIA DE DESENVOLVIMENTO DA RMBH;Nota fiscal;33.224.254/0001-42;MGS MINAS GERAIS ADMINISTRACAO E SERVICOS S/A;202626621;;1;Completa;Serviço;Despesa orçamentária;2026-08-03;2026-08-03;2026-08-03;173562,59;Não
2320 - FUNDACAO CENTRO DE HEMATOLOGIA E HEMOTERAPIA DE MG;Nota fiscal;29.366.523/0001-38;SOFIS INFORMATICA LTDA;802;;1;Completa;Serviço;Despesa orçamentária;2026-07-27;2026-08-03;2026-08-03;39998,71;Não
2270 - FUNDACAO HOSPITALAR DO ESTADO DE MINAS GERAIS;Nota fiscal;00.583.890/0001-01;FAMAP NUTRICAO PARENTERAL LTDA;402793;;3;Completa - Recebimento definitivo;Consumo;Despesa extra orçamentária;2026-02-18;2026-02-18;2026-08-03;2028,71;Não
1260 - SECRETARIA DE ESTADO DE EDUCACAO;Nota fiscal;19.561.435/0001-33;AGENES S.DA SILVA SUPRIMENTOS DE INFORMATICA LTDA;3389;803;1;Completa - Recebimento definitivo;Consumo;Despesa orçamentária;2026-08-02;2026-08-03;2026-08-03;2333,15;Não
1260 - SECRETARIA DE ESTADO DE EDUCACAO;Outros;***.420.536-**;AUREA VIEIRA SANTOS CARVALHO;72026;3;1;Completa;Serviço;Despesa orçamentária;2026-08-03;2026-08-03;2026-08-03;499,8;Não
1510 - POLICIA CIVIL DO ESTADO DE MINAS GERAIS;Nota fiscal;34.274.233/0025-71;VIBRA ENERGIA S.A;4951975;0;1;Completa - Recebimento definitivo;Consumo;Despesa orçamentária;2026-07-31;2026-07-31;2026-08-03;21981,0;Não
2010 - INST.DE PREVIDENCIA DOS SERVIDORES DO EST.M.GERAIS;Nota fiscal;33.224.254/0001-42;MGS MINAS GERAIS ADMINISTRACAO E SERVICOS S/A;26747;1A;1;Completa;Serviço;Despesa orçamentária;2026-07-29;2026-07-29;2026-08-03;1690565,07;Não
2260 - FUNDACAO EZEQUIEL DIAS;Nota fiscal;13.430.441/0001-75;GERAES DIAGNOSTICA LTDA;8189;1;2;Completa - Recebimento definitivo;Consumo;Despesa orçamentária;2026-07-30;2026-08-03;2026-08-03;34714,5;Não
1190 - SECRETARIA DE ESTADO DE FAZENDA DE MINAS GERAIS;Nota fiscal;33.683.111/0002-80;SERVICO FEDERAL DE PROCESSAMENTO DE DADOS (SERPRO);1057391;;1;Completa;Serviço;Despesa orçamentária;2026-07-28;2026-08-03;2026-08-03;702,58;Não
2300 - DEPARTAMENTO DE ESTRADAS DE RODAGEM;Nota fiscal;02.351.006/0006-43;GRECA DISTRIBUIDORA DE ASFALTOS LTDA.;27017;;1;Completa - Recebimento definitivo;Consumo;Despesa orçamentária;2026-07-02;2026-08-03;2026-08-03;208478,86;Não
1260 - SECRETARIA DE ESTADO DE EDUCACAO;Nota fiscal;10.426.962/0001-60;DW REFRIGERACAO LTDA;2026124;;1;Completa;Serviço;Despesa orçamentária;2026-08-03;2026-08-03;2026-08-03;4125,0;Não
1250 - POLICIA MILITAR DE MINAS GERAIS;Nota fiscal;00.874.929/0001-40;MED CENTER COMERCIAL LTDA;717232;1;1;Completa - Recebimento definitivo;Consumo;Despesa orçamentária;2026-07-28;2026-07-30;2026-08-03;3340,0;Não
2430 - AGENCIA DE DESENVOLVIMENTO DA RMBH;Nota fiscal;33.224.254/0001-42;MGS MINAS GERAIS ADMINISTRACAO E SERVICOS S/A;202626618;;1;Completa;Serviço;Despesa orçamentária;2026-08-03;2026-08-03;2026-08-03;1802,84;Não
2270 - FUNDACAO HOSPITALAR DO ESTADO DE MINAS GERAIS;Nota fiscal;17.331.294/0001-37;W M PORTAS EMPREENDIMENTOS EM MOVEIS PLANEJADOS LTDA - EPP;1278;2;2;Completa - Recebimento definitivo;Permanente;Despesa extra orçamentária;2026-07-30;2026-07-31;2026-08-03;59400,0;Não
1260 - SECRETARIA DE ESTADO DE EDUCACAO;Outros;***.475.436-**;HAMILTON CARVALHO DOS SANTOS;72026;4;1;Completa;Serviço;Despesa orçamentária;2026-08-03;2026-08-03;2026-08-03;2000,4;Não
2300 - DEPARTAMENTO DE ESTRADAS DE RODAGEM;Nota fiscal;02.351.006/0006-43;GRECA DISTRIBUIDORA DE ASFALTOS LTDA.;27063;;1;Completa - Recebimento definitivo;Consumo;Despesa orçamentária;2026-07-04;2026-08-03;2026-08-03;154973,5;Não
2310 - UNIVERSIDADE ESTADUAL DE MONTES CLAROS;Nota fiscal;33.224.254/0001-42;MGS MINAS GERAIS ADMINISTRACAO E SERVICOS S/A;202600000027132;;1;Completa;Serviço;Despesa orçamentária;2026-07-30;2026-08-03;2026-08-03;24049,81;Não
2430 - AGENCIA DE DESENVOLVIMENTO DA RMBH;Nota fiscal;33.224.254/0001-42;MGS MINAS GERAIS ADMINISTRACAO E SERVICOS S/A;202626619;;1;Completa;Serviço;Despesa orçamentária;2026-08-03;2026-08-03;2026-08-03;9655,39;Não
1450 - SECRETARIA DE ESTADO DE JUSTICA E SEGURANCA PUBLIC;Outros;08.624.977/0001-91;TERRAVIVA AMBIENTAL LTDA;20223067;;2;Completa;Serviço;Despesa extra orçamentária;2022-04-08;2022-04-08;2026-08-03;6258,28;Não
2300 - DEPARTAMENTO DE ESTRADAS DE RODAGEM;Nota fiscal;02.351.006/0006-43;GRECA DISTRIBUIDORA DE ASFALTOS LTDA.;27065;;1;Completa - Recebimento definitivo;Consumo;Despesa orçamentária;2026-07-04;2026-08-03;2026-08-03;208533,74;Não
1260 - SECRETARIA DE ESTADO DE EDUCACAO;Outros;***.148.516-**;LUIZ GUSTAVO VIEIRA SANTOS;72026;5;1;Completa;Serviço;Despesa orçamentária;2026-08-03;2026-08-03;2026-08-03;499,8;Não
1020 - TRIBUNAL DE CONTAS DO ESTADO DE MINAS GERAIS;Nota fiscal;22.522.475/0001-80;THIAGO AROUCA ARAUJO 06100142694 - ME;2744;;1;Completa;Serviço;Despesa orçamentária;2026-08-03;2026-08-03;2026-08-03;4546,38;Não
2270 - FUNDACAO HOSPITALAR DO ESTADO DE MINAS GERAIS;Nota fiscal;52.103.510/0001-98;TERABAYTE COMERCIO E SERVICOS LTDA;771;1;1;Completa - Recebimento definitivo;Consumo;Despesa orçamentária;2026-07-15;2026-07-30;2026-08-03;1289,7;Não
1260 - SECRETARIA DE ESTADO DE EDUCACAO;Outros;***.684.536-**;MARIA JOSE COLOZIO BORGES;72026102;;1;Completa;Serviço;Despesa orçamentária;2026-08-03;2026-08-03;2026-08-03;692,71;Não
1260 - SECRETARIA DE ESTADO DE EDUCACAO;Nota fiscal;28.869.994/0001-04;INSTITUTO AXIOMA LTDA;79;;1;Completa;Serviço;Despesa orçamentária;2026-08-03;2026-08-03;2026-08-03;24929,14;Não
1250 - POLICIA MILITAR DE MINAS GERAIS;Nota fiscal;04.889.013/0001-14;DISTRILAF DISTRIBUIDORA DE MEDICAMENTOS LTDA;151890;1;1;Completa - Recebimento definitivo;Consumo;Despesa orçamentária;2026-07-23;2026-07-28;2026-08-03;38870,0;Não
1260 - SECRETARIA DE ESTADO DE EDUCACAO;Outros;***.823.976-**;MARINA VIEIRA SANTOS;72026;6;1;Completa;Serviço;Despesa orçamentária;2026-08-03;2026-08-03;2026-08-03;499,8;Não
1260 - SECRETARIA DE ESTADO DE EDUCACAO;Nota fiscal;28.869.994/0001-04;INSTITUTO AXIOMA LTDA;78;;1;Completa;Serviço;Despesa orçamentária;2026-08-03;2026-08-03;2026-08-03;6560,3;Não
1260 - SECRETARIA DE ESTADO DE EDUCACAO;Outros;33.224.254/0001-42;MGS MINAS GERAIS ADMINISTRACAO E SERVICOS S/A;698166;;1;Completa;Serviço;Despesa orçamentária;2026-07-23;2026-08-03;2026-08-03;1454,56;Não
1450 - SECRETARIA DE ESTADO DE JUSTICA E SEGURANCA PUBLIC;Nota fiscal;08.624.977/0001-91;TERRAVIVA AMBIENTAL LTDA;20223757;;2;Completa;Serviço;Despesa orçamentária;2022-05-07;2022-05-07;2026-08-03;1366,2;Não
1260 - SECRETARIA DE ESTADO DE EDUCACAO;Nota fiscal;18.545.272/0001-32;INSTITUTO DE DESENVOLVIMENTO HUMANO QUALIFICAR - IDHUQ;22;;1;Completa;Serviço;Despesa orçamentária;2026-07-15;2026-07-15;2026-08-03;8750,43;Não
1260 - SECRETARIA DE ESTADO DE EDUCACAO;Nota fiscal;28.869.994/0001-04;INSTITUTO AXIOMA LTDA;80;;1;Completa;Serviço;Despesa orçamentária;2026-08-03;2026-08-03;2026-08-03;14615,13;Não
1500 - SECRETARIA DE ESTADO DE PLANEJAMENTO E GESTAO;Nota fiscal;33.224.254/0001-42;MGS MINAS GERAIS ADMINISTRACAO E SERVICOS S/A;202626471;1;1;Completa;Serviço;Despesa orçamentária;2026-07-28;2026-07-30;2026-08-03;980633,06;Não
2310 - UNIVERSIDADE ESTADUAL DE MONTES CLAROS;Outros;33.224.254/0001-42;MGS MINAS GERAIS ADMINISTRACAO E SERVICOS S/A;699169;;1;Completa;Serviço;Despesa orçamentária;2026-07-29;2026-08-03;2026-08-03;1958,58;Não
1510 - POLICIA CIVIL DO ESTADO DE MINAS GERAIS;Nota fiscal;10.776.130/0001-74;GERAIS IMOBILIARIA LOCACAO E VENDA LTDA -ME;202607;;1;Completa;Serviço;Despesa orçamentária;2026-08-03;2026-08-03;2026-08-03;33598,68;Não
1500 - SECRETARIA DE ESTADO DE PLANEJAMENTO E GESTAO;Nota fiscal;33.224.254/0001-42;MGS MINAS GERAIS ADMINISTRACAO E SERVICOS S/A;26541;1;1;Completa;Serviço;Despesa orçamentária;2026-07-29;2026-07-30;2026-08-03;2428,0;Não
1480 - SECRETARIA DE ESTADO DE DESENVOLVIMENTO SOCIAL;Nota fiscal;33.224.254/0001-42;MGS MINAS GERAIS ADMINISTRACAO E SERVICOS S/A;699005;;1;Completa;Serviço;Despesa orçamentária;2026-07-29;2026-08-03;2026-08-03;181,82;Não
1490 - SECRETARIA DE ESTADO DE GOVERNO;Outros;02.882.153/0001-35;COPY 1000 COMERCIO E IMPORTACAO LTDA - EPP;960;;1;Completa;Serviço;Despesa orçamentária;2026-08-03;2026-08-03;2026-08-03;3800,0;Não
2310 - UNIVERSIDADE ESTADUAL DE MONTES CLAROS;Outros;33.224.254/0001-42;MGS MINAS GERAIS ADMINISTRACAO E SERVICOS S/A;699168;;1;Completa;Serviço;Despesa orçamentária;2026-07-29;2026-08-03;2026-08-03;806,66;Não
2270 - FUNDACAO HOSPITALAR DO ESTADO DE MINAS GERAIS;Nota fiscal;03.188.198/0006-81;BIO - RAD LABORATORIOS BRASIL LTDA;33874;;1;Completa - Recebimento definitivo;Consumo;Despesa orçamentária;2026-07-21;2026-07-29;2026-08-03;1290,0;Não
2270 - FUNDACAO HOSPITALAR DO ESTADO DE MINAS GERAIS;Nota fiscal;68.532.076/0002-82;HPF SURGICAL LTDA;370138;;1;Completa - Recebimento definitivo;Consumo;Despesa orçamentária;2026-07-22;2026-07-23;2026-08-03;8857,1;Não
1320 - SECRETARIA DE ESTADO DA SAUDE;Nota fiscal;03.216.069/0001-45;LEONARDO DO BRASIL LTDA.;96925;;1;Completa - Recebimento definitivo;Consumo;Despesa orçamentária;2026-07-23;2026-07-25;2026-08-03;5310,47;Não
1450 - SECRETARIA DE ESTADO DE JUSTICA E SEGURANCA PUBLIC;Outros;08.624.977/0001-91;TERRAVIVA AMBIENTAL LTDA;20223753;;2;Completa;Serviço;Despesa extra orçamentária;2022-05-07;2022-05-07;2026-08-03;691,25;Não
1510 - POLICIA CIVIL DO ESTADO DE MINAS GERAIS;Outros;***.023.996-**;OTAVIO AMABILE MARTELETTO;202607;;1;Completa;Serviço;Despesa orçamentária;2026-08-03;2026-08-03;2026-08-03;2717,26;Não
2270 - FUNDACAO HOSPITALAR DO ESTADO DE MINAS GERAIS;Nota fiscal;67.729.178/0002-20;COMERCIAL CIRURGICA RIOCLARENSE LTDA;937462;1;1;Completa - Recebimento definitivo;Consumo;Despesa orçamentária;2026-07-30;2026-07-31;2026-08-03;1109,85;Não
2010 - INST.DE PREVIDENCIA DOS SERVIDORES DO EST.M.GERAIS;Nota fiscal;33.224.254/0001-42;MGS MINAS GERAIS ADMINISTRACAO E SERVICOS S/A;26785;1;1;Completa;Serviço;Despesa orçamentária;2026-07-29;2026-07-30;2026-08-03;11704,75;Não
1260 - SECRETARIA DE ESTADO DE EDUCACAO;Nota fiscal;33.224.254/0001-42;MGS MINAS GERAIS ADMINISTRACAO E SERVICOS S/A;256532026;1;1;Completa;Serviço;Despesa orçamentária;2026-07-22;2026-08-03;2026-08-03;1779,93;Não
2200 - INST. EST. DO PATRIMONIO HIST. E ARTISTICO DE MG;Nota fiscal;05.340.639/0001-30;PRIME CONSULTORIA E ASSESSORIA EMPRESARIAL LTDA;350617;;1;Completa;Serviço;Despesa orçamentária;2026-07-16;2026-07-24;2026-08-03;1474,42;Não
1090 - PROCURADORIA GERAL DE JUSTICA;Outros;***.087.636-**;JOAO REIS RODRIGUES;102;;1;Incompleta;Serviço;Despesa orçamentária;2026-07-31;2026-07-31;2026-08-03;49,6;Não
2010 - INST.DE PREVIDENCIA DOS SERVIDORES DO EST.M.GERAIS;Outros;33.224.254/0001-42;MGS MINAS GERAIS ADMINISTRACAO E SERVICOS S/A;699235;;1;Completa;Serviço;Despesa orçamentária;2026-07-29;2026-07-30;2026-08-03;1119,68;Não
2300 - DEPARTAMENTO DE ESTRADAS DE RODAGEM;Nota fiscal;08.273.364/0001-57;TICKET GESTAO EM MANUTENCAO EZC S.A;48643145;;1;Completa;Serviço;Despesa orçamentária;2026-07-16;2026-08-03;2026-08-03;670,3;Não
1070 - GABINETE MILITAR DO GOVERNADOR DO ESTADO DE MG;Nota fiscal;34.454.477/0001-69;PLANEAR ENGENHARIA DE AR CONDICIONADO LTDA;388;900;1;Incompleta;Serviço;Despesa orçamentária;2026-08-03;2026-08-03;2026-08-03;1185,84;Não
2270 - FUNDACAO HOSPITALAR DO ESTADO DE MINAS GERAIS;Nota fiscal;00.583.890/0001-01;FAMAP NUTRICAO PARENTERAL LTDA;402993;;2;Completa - Recebimento definitivo;Consumo;Despesa extra orçamentária;2024-02-20;2024-02-20;2026-08-03;2352,09;Não
2320 - FUNDACAO CENTRO DE HEMATOLOGIA E HEMOTERAPIA DE MG;Nota fiscal;41.727.359/0001-42;ALTAMIR RODRIGUES CONSTRUTORA LTDA;255;;1;Completa;Serviço;Despesa orçamentária;2026-07-30;2026-08-03;2026-08-03;67389,28;Não
1260 - SECRETARIA DE ESTADO DE EDUCACAO;Outros;***.055.856-**;ADEMAR RIBEIRO;72026;;1;Completa;Serviço;Despesa orçamentária;2026-08-03;2026-08-03;2026-08-03;750,0;Não
1510 - POLICIA CIVIL DO ESTADO DE MINAS GERAIS;Outros;***.253.376-**;VANESSA FONSECA PERES;202607;;1;Completa;Serviço;Despesa orçamentária;2026-08-03;2026-08-03;2026-08-03;8921,65;Não
1500 - SECRETARIA DE ESTADO DE PLANEJAMENTO E GESTAO;Outros;16.636.540/0001-04;COMPANHIA DE TECNOLOGIA DA INFORMACAO DO ESTADO DE MINAS GERAIS-PRODEMGE;20266339;1;1;Incompleta;Serviço;Despesa orçamentária;2026-07-28;2026-08-03;2026-08-03;51436,0;Não
2010 - INST.DE PREVIDENCIA DOS SERVIDORES DO EST.M.GERAIS;Outros;33.224.254/0001-42;MGS MINAS GERAIS ADMINISTRACAO E SERVICOS S/A;699234;;1;Completa;Serviço;Despesa orçamentária;2026-07-29;2026-07-30;2026-08-03;181,82;Não
1480 - SECRETARIA DE ESTADO DE DESENVOLVIMENTO SOCIAL;Nota fiscal;33.224.254/0001-42;MGS MINAS GERAIS ADMINISTRACAO E SERVICOS S/A;699006;;1;Completa;Serviço;Despesa orçamentária;2026-07-29;2026-08-03;2026-08-03;447,59;Não
2310 - UNIVERSIDADE ESTADUAL DE MONTES CLAROS;Nota fiscal;23.055.018/0001-96;AUGUSTUS TERCEIRIZACAO LTDA;202600000000435;;2;Completa;Serviço;Despesa orçamentária;2026-07-29;2026-07-30;2026-08-03;70224,73;Não
1070 - GABINETE MILITAR DO GOVERNADOR DO ESTADO DE MG;Nota fiscal;34.454.477/0001-69;PLANEAR ENGENHARIA DE AR CONDICIONADO LTDA;394;900;1;Completa;Serviço;Despesa orçamentária;2026-08-03;2026-08-03;2026-08-03;1135,6;Não
1260 - SECRETARIA DE ESTADO DE EDUCACAO;Outros;***.587.236-**;SOLANGE GARCIA SANTOS RIBEIRO;762026;8;1;Completa;Serviço;Despesa orçamentária;2026-08-03;2026-08-03;2026-08-03;2000,4;Não
1710 - SECRETARIA DE ESTADO DE COMUNICACAO SOCIAL;Nota fiscal;24.172.716/0001-34;FLD S.A.;3622;;1;Completa;Serviço;Despesa extra orçamentária;2026-07-23;2026-08-03;2026-08-03;1596,0;Não
1260 - SECRETARIA DE ESTADO DE EDUCACAO;Nota fiscal;33.224.254/0001-42;MGS MINAS GERAIS ADMINISTRACAO E SERVICOS S/A;256522026;;1;Completa;Serviço;Despesa orçamentária;2026-07-22;2026-08-03;2026-08-03;24816,97;Não
2160 - FUNDACAO EDUCACIONAL CAIO MARTINS;Nota fiscal;00.487.928/0001-42;COPYCENTRO LTDA - EPP;2651;;1;Incompleta;Serviço;Despesa orçamentária;2026-07-01;2026-07-31;2026-08-03;225,85;Não
2270 - FUNDACAO HOSPITALAR DO ESTADO DE MINAS GERAIS;Nota fiscal;00.583.890/0001-01;FAMAP NUTRICAO PARENTERAL LTDA;405074;;2;Completa - Recebimento definitivo;Consumo;Despesa extra orçamentária;2024-03-10;2024-03-10;2026-08-03;2536,17;Não
1450 - SECRETARIA DE ESTADO DE JUSTICA E SEGURANCA PUBLIC;Nota fiscal;08.624.977/0001-91;TERRAVIVA AMBIENTAL LTDA;20224079;;1;Completa;Serviço;Despesa orçamentária;2022-05-11;2022-05-11;2026-08-03;5649,8;Não
1260 - SECRETARIA DE ESTADO DE EDUCACAO;Nota fiscal;64.272.491/0001-02;64.272.491 ROBERTO SANTOS DE OLIVEIRA ALMEIDA;9;1;1;Completa - Recebimento definitivo;Consumo;Despesa orçamentária;2026-07-21;2026-08-03;2026-08-03;2800,0;Não
1190 - SECRETARIA DE ESTADO DE FAZENDA DE MINAS GERAIS;Nota fiscal;79.283.065/0001-41;ORBENK ADMINISTRACAO E SERVICOS LTDA.;3952026;;1;Completa;Serviço;Despesa orçamentária;2026-07-23;2026-08-03;2026-08-03;30734,37;Não
2010 - INST.DE PREVIDENCIA DOS SERVIDORES DO EST.M.GERAIS;Outros;***.579.166-**;ANGELA DEANGELES ALAMY;72026;;1;Completa;Serviço;Despesa orçamentária;2026-07-31;2026-08-03;2026-08-03;2060,0;Não
1710 - SECRETARIA DE ESTADO DE COMUNICACAO SOCIAL;Nota fiscal;24.172.716/0001-34;FLD S.A.;3623;;1;Completa;Serviço;Despesa extra orçamentária;2026-07-23;2026-08-03;2026-08-03;20037,87;Não
1510 - POLICIA CIVIL DO ESTADO DE MINAS GERAIS;Nota fiscal;***.031.216-**;CARLOS AUGUSTO ARTHUSO;7;26;1;Completa;Serviço;Despesa orçamentária;2026-08-03;2026-08-03;2026-08-03;8321,2;Não
2270 - FUNDACAO HOSPITALAR DO ESTADO DE MINAS GERAIS;Nota fiscal;14.205.535/0001-03;RBV ENGENHARIA LTDA;6602026;;1;Completa;Serviço;Despesa orçamentária;2026-07-31;2026-08-03;2026-08-03;69394,47;Não
1260 - SECRETARIA DE ESTADO DE EDUCACAO;Outros;17.192.721/0001-43;PARANOA HOLDING LTDA;72026;;1;Incompleta;Serviço;Despesa orçamentária;2026-08-03;2026-08-03;2026-08-03;28739,06;Não
1260 - SECRETARIA DE ESTADO DE EDUCACAO;Nota fiscal;33.224.254/0001-42;MGS MINAS GERAIS ADMINISTRACAO E SERVICOS S/A;266172026;1;1;Completa;Serviço;Despesa orçamentária;2026-07-22;2026-08-03;2026-08-03;9887,36;Não
1260 - SECRETARIA DE ESTADO DE EDUCACAO;Nota fiscal;07.912.053/0001-28;NATALIA BANHOS - ME;120;1;1;Completa;Serviço;Despesa orçamentária;2026-07-22;2026-07-24;2026-08-03;1300,0;Não
1260 - SECRETARIA DE ESTADO DE EDUCACAO;Outros;12.626.653/0001-60;GRANATO ADMINISTRACAO DE BENS LTDA - EPP;72026;1;1;Completa;Serviço;Despesa orçamentária;2026-08-03;2026-08-03;2026-08-03;10891,52;Não
1070 - GABINETE MILITAR DO GOVERNADOR DO ESTADO DE MG;Nota fiscal;34.454.477/0001-69;PLANEAR ENGENHARIA DE AR CONDICIONADO LTDA;389;900;1;Completa;Serviço;Despesa orçamentária;2026-08-03;2026-08-03;2026-08-03;1087,02;Não
2350 - UNIVERSIDADE DO ESTADO DE MINAS GERAIS;Nota fiscal;13.251.548/0001-56;IMOBILIARIA SOLAR LTDA.;2026;;1;Completa;Serviço;Despesa orçamentária;2026-08-01;2026-08-03;2026-08-03;8000,0;Não
1450 - SECRETARIA DE ESTADO DE JUSTICA E SEGURANCA PUBLIC;Nota fiscal;08.624.977/0001-91;TERRAVIVA AMBIENTAL LTDA;20223743;;2;Completa;Serviço;Despesa orçamentária;2022-05-07;2022-05-07;2026-08-03;11165,0;Não
1710 - SECRETARIA DE ESTADO DE COMUNICACAO SOCIAL;Nota fiscal;24.172.716/0001-34;FLD S.A.;3626;;1;Completa;Serviço;Despesa extra orçamentária;2026-07-24;2026-08-03;2026-08-03;24518,86;Não
2270 - FUNDACAO HOSPITALAR DO ESTADO DE MINAS GERAIS;Nota fiscal;33.224.254/0001-42;MGS MINAS GERAIS ADMINISTRACAO E SERVICOS S/A;267172026;;1;Completa;Serviço;Despesa orçamentária;2026-07-29;2026-08-03;2026-08-03;77722,6;Não
1260 - SECRETARIA DE ESTADO DE EDUCACAO;Outros;***.899.276-**;SALMA MAMUD AMADO INCROCCI;72026;2;1;Completa;Serviço;Despesa orçamentária;2026-08-03;2026-08-03;2026-08-03;10891,51;Não
1320 - SECRETARIA DE ESTADO DA SAUDE;Nota fiscal;03.216.069/0001-45;LEONARDO DO BRASIL LTDA.;96866;;1;Completa - Recebimento definitivo;Consumo;Despesa orçamentária;2026-07-21;2026-07-25;2026-08-03;4083,28;Não
1250 - POLICIA MILITAR DE MINAS GERAIS;Nota fiscal;12.927.876/0001-67;SOMA/MG PRODUTOS HOSPITALARES LTDA;382651;1;1;Completa - Recebimento definitivo;Consumo;Despesa orçamentária;2026-07-28;2026-08-03;2026-08-03;340,0;Não
2270 - FUNDACAO HOSPITALAR DO ESTADO DE MINAS GERAIS;Nota fiscal;24.638.170/0001-64;DISTRIBUIDORA MENDONCA E MIRANDA LTDA;2374;;1;Completa - Recebimento definitivo;Consumo;Despesa orçamentária;2026-07-22;2026-07-23;2026-08-03;4169,2;Não
2300 - DEPARTAMENTO DE ESTRADAS DE RODAGEM;Nota fiscal;19.758.779/0001-37;ETHOS ENGENHARIA DE INFRAESTRUTURA S/A;20261501;;1;Completa;Serviço;Despesa orçamentária;2026-07-22;2026-07-22;2026-08-03;12777,93;Não
1260 - SECRETARIA DE ESTADO DE EDUCACAO;Outros;10.218.371/0001-06;MARISTELA NEGOCIOS IMOBILIARIOS SS LTDA;72026;;1;Completa;Serviço;Despesa orçamentária;2026-08-03;2026-08-03;2026-08-03;1400,0;Não
2300 - DEPARTAMENTO DE ESTRADAS DE RODAGEM;Nota fiscal;19.758.779/0001-37;ETHOS ENGENHARIA DE INFRAESTRUTURA S/A;20261502;;1;Completa;Serviço;Despesa orçamentária;2026-07-22;2026-07-22;2026-08-03;20475,73;Não
2300 - DEPARTAMENTO DE ESTRADAS DE RODAGEM;Nota fiscal;19.758.779/0001-37;ETHOS ENGENHARIA DE INFRAESTRUTURA S/A;20261503;;1;Completa;Serviço;Despesa orçamentária;2026-07-22;2026-07-22;2026-08-03;39658,43;Não
2100 - INSTITUTO ESTADUAL DE FLORESTAS-IEF;Nota fiscal;07.432.517/0001-07;SIMPRESS COMERCIO LOCACAO E SERVICOS LTDA;423650;;1;Completa;Serviço;Despesa orçamentária;2026-07-03;2026-07-06;2026-08-03;826,49;Não
2300 - DEPARTAMENTO DE ESTRADAS DE RODAGEM;Nota fiscal;19.758.779/0001-37;ETHOS ENGENHARIA DE INFRAESTRUTURA S/A;20261504;;1;Completa;Serviço;Despesa orçamentária;2026-07-22;2026-07-22;2026-08-03;8875,0;Não
1400 - CORPO DE BOMBEIROS MILITAR DE MINAS GERAIS;Nota fiscal;04.602.789/0001-01;DATEN TECNOLOGIA LTDA;104522;;1;Completa - Recebimento definitivo;Permanente;Despesa orçamentária;2026-07-23;2026-07-31;2026-08-03;60110,8;Não
2010 - INST.DE PREVIDENCIA DOS SERVIDORES DO EST.M.GERAIS;Nota fiscal;33.224.254/0001-42;MGS MINAS GERAIS ADMINISTRACAO E SERVICOS S/A;26748;1A;1;Completa;Serviço;Despesa orçamentária;2026-07-29;2026-07-29;2026-08-03;154499,64;Não
2300 - DEPARTAMENTO DE ESTRADAS DE RODAGEM;Nota fiscal;19.758.779/0001-37;ETHOS ENGENHARIA DE INFRAESTRUTURA S/A;20261505;;1;Completa;Serviço;Despesa orçamentária;2026-07-22;2026-07-22;2026-08-03;280702,87;Não
2300 - DEPARTAMENTO DE ESTRADAS DE RODAGEM;Nota fiscal;19.758.779/0001-37;ETHOS ENGENHARIA DE INFRAESTRUTURA S/A;20261506;;1;Completa;Serviço;Despesa orçamentária;2026-07-22;2026-07-22;2026-08-03;351270,2;Não
1260 - SECRETARIA DE ESTADO DE EDUCACAO;Nota fiscal;24.825.276/0001-77;JMBM ENGENHARIA ELETRICAS & CLIMATIZACAO LTDA;73;;1;Completa;Serviço;Despesa orçamentária;2026-07-30;2026-08-03;2026-08-03;1262,72;Não
2300 - DEPARTAMENTO DE ESTRADAS DE RODAGEM;Nota fiscal;19.758.779/0001-37;ETHOS ENGENHARIA DE INFRAESTRUTURA S/A;20261507;;1;Completa;Serviço;Despesa orçamentária;2026-07-22;2026-07-22;2026-08-03;209483,34;Não
2270 - FUNDACAO HOSPITALAR DO ESTADO DE MINAS GERAIS;Nota fiscal;33.224.254/0001-42;MGS MINAS GERAIS ADMINISTRACAO E SERVICOS S/A;267162026;;1;Completa;Serviço;Despesa orçamentária;2026-07-29;2026-08-03;2026-08-03;21927,97;Não
1320 - SECRETARIA DE ESTADO DA SAUDE;Nota fiscal;24.638.170/0001-64;DISTRIBUIDORA MENDONCA E MIRANDA LTDA;2356;0;1;Completa - Recebimento definitivo;Consumo;Despesa orçamentária;2026-07-09;2026-08-03;2026-08-03;1924,0;Não
2300 - DEPARTAMENTO DE ESTRADAS DE RODAGEM;Nota fiscal;19.758.779/0001-37;ETHOS ENGENHARIA DE INFRAESTRUTURA S/A;20261508;;1;Completa;Serviço;Despesa orçamentária;2026-07-22;2026-07-22;2026-08-03;105914,17;Não
2300 - DEPARTAMENTO DE ESTRADAS DE RODAGEM;Nota fiscal;19.758.779/0001-37;ETHOS ENGENHARIA DE INFRAESTRUTURA S/A;20261509;;1;Completa;Serviço;Despesa orçamentária;2026-07-22;2026-07-22;2026-08-03;90434,51;Não
2270 - FUNDACAO HOSPITALAR DO ESTADO DE MINAS GERAIS;Outros;33.224.254/0001-42;MGS MINAS GERAIS ADMINISTRACAO E SERVICOS S/A;699192;;1;Completa;Serviço;Despesa orçamentária;2026-07-29;2026-08-03;2026-08-03;181,82;Não
2270 - FUNDACAO HOSPITALAR DO ESTADO DE MINAS GERAIS;Nota fiscal;33.224.254/0001-42;MGS MINAS GERAIS ADMINISTRACAO E SERVICOS S/A;26864;L;3;Completa;Serviço;Despesa orçamentária;2026-07-29;2026-08-03;2026-08-03;113861,37;Não
2300 - DEPARTAMENTO DE ESTRADAS DE RODAGEM;Nota fiscal;19.758.779/0001-37;ETHOS ENGENHARIA DE INFRAESTRUTURA S/A;20261510;;1;Completa;Serviço;Despesa orçamentária;2026-07-22;2026-07-22;2026-08-03;14503,62;Não
2300 - DEPARTAMENTO DE ESTRADAS DE RODAGEM;Nota fiscal;19.758.779/0001-37;ETHOS ENGENHARIA DE INFRAESTRUTURA S/A;20261587;;1;Completa;Serviço;Despesa orçamentária;2026-07-31;2026-07-31;2026-08-03;4615,44;Não
1090 - PROCURADORIA GERAL DE JUSTICA;Nota fiscal;***.466.226-**;DANIEL RIBEIRO DOS SANTOS;5;B;1;Completa;Serviço;Despesa orçamentária;2026-07-30;2026-08-03;2026-08-03;621,73;Não
2300 - DEPARTAMENTO DE ESTRADAS DE RODAGEM;Nota fiscal;19.758.779/0001-37;ETHOS ENGENHARIA DE INFRAESTRUTURA S/A;20261511;;1;Completa;Serviço;Despesa orçamentária;2026-07-22;2026-07-22;2026-08-03;42708,75;Não
2270 - FUNDACAO HOSPITALAR DO ESTADO DE MINAS GERAIS;Nota fiscal;73.302.879/0001-08;PROGRAMA NACIONAL DE CONTROLE DE QUALIDADE LTDA;44304;;1;Completa;Serviço;Despesa orçamentária;2026-07-08;2026-07-08;2026-08-03;1461,41;Não
2300 - DEPARTAMENTO DE ESTRADAS DE RODAGEM;Nota fiscal;19.758.779/0001-37;ETHOS ENGENHARIA DE INFRAESTRUTURA S/A;20261512;;1;Completa;Serviço;Despesa orçamentária;2026-07-22;2026-07-22;2026-08-03;13613,07;Não
2260 - FUNDACAO EZEQUIEL DIAS;Nota fiscal;25.932.088/0001-00;ANALITICA LTDA;63250;1;1;Completa - Recebimento definitivo;Consumo;Despesa orçamentária;2026-07-27;2026-07-30;2026-08-03;4497,84;Não
1710 - SECRETARIA DE ESTADO DE COMUNICACAO SOCIAL;Nota fiscal;24.172.716/0001-34;FLD S.A.;3630;;1;Completa;Serviço;Despesa extra orçamentária;2026-07-24;2026-08-03;2026-08-03;570,0;Não
2300 - DEPARTAMENTO DE ESTRADAS DE RODAGEM;Nota fiscal;19.758.779/0001-37;ETHOS ENGENHARIA DE INFRAESTRUTURA S/A;20261513;;1;Completa;Serviço;Despesa orçamentária;2026-07-22;2026-07-22;2026-08-03;11842,5;Não
2300 - DEPARTAMENTO DE ESTRADAS DE RODAGEM;Nota fiscal;19.758.779/0001-37;ETHOS ENGENHARIA DE INFRAESTRUTURA S/A;20261514;;1;Completa;Serviço;Despesa orçamentária;2026-07-22;2026-07-22;2026-08-03;61427,24;Não
1250 - POLICIA MILITAR DE MINAS GERAIS;Nota fiscal;19.834.932/0001-68;BIOLABBRASIL - EQUIPAMENTOS PARA LABORATORIOS LTDA;8554;;1;Completa - Recebimento definitivo;Permanente;Despesa orçamentária;2026-07-28;2026-08-03;2026-08-03;11093,0;Não
1250 - POLICIA MILITAR DE MINAS GERAIS;Nota fiscal;58.950.775/0001-08;COTACAO COM REPRESENTACAO IMPORTACAO E EXPORTACAO LTDA;42737;1;1;Completa - Recebimento definitivo;Consumo;Despesa orçamentária;2026-07-23;2026-07-31;2026-08-03;20784,0;Não
2300 - DEPARTAMENTO DE ESTRADAS DE RODAGEM;Nota fiscal;19.758.779/0001-37;ETHOS ENGENHARIA DE INFRAESTRUTURA S/A;20261515;;1;Completa;Serviço;Despesa orçamentária;2026-07-22;2026-07-22;2026-08-03;210252,95;Não
2300 - DEPARTAMENTO DE ESTRADAS DE RODAGEM;Nota fiscal;19.758.779/0001-37;ETHOS ENGENHARIA DE INFRAESTRUTURA S/A;20261516;;1;Completa;Serviço;Despesa orçamentária;2026-07-22;2026-07-22;2026-08-03;41312,39;Não
2100 - INSTITUTO ESTADUAL DE FLORESTAS-IEF;Nota fiscal;07.432.517/0001-07;SIMPRESS COMERCIO LOCACAO E SERVICOS LTDA;423651;;1;Completa;Serviço;Despesa orçamentária;2026-07-03;2026-07-06;2026-08-03;38,18;Não
2100 - INSTITUTO ESTADUAL DE FLORESTAS-IEF;Outros;***.319.946-**;ANDRE BRANDAO GUATIMOSIM;72026;;1;Completa;Serviço;Despesa orçamentária;2026-07-20;2026-07-28;2026-08-03;1520,0;Não
2270 - FUNDACAO HOSPITALAR DO ESTADO DE MINAS GERAIS;Nota fiscal;33.224.254/0001-42;MGS MINAS GERAIS ADMINISTRACAO E SERVICOS S/A;267182026;;1;Completa;Serviço;Despesa orçamentária;2026-07-29;2026-08-03;2026-08-03;893902,72;Não
1450 - SECRETARIA DE ESTADO DE JUSTICA E SEGURANCA PUBLIC;Nota fiscal;08.624.977/0001-91;TERRAVIVA AMBIENTAL LTDA;20223756;;1;Completa;Serviço;Despesa orçamentária;2022-05-07;2022-05-07;2026-08-03;640,0;Não
1710 - SECRETARIA DE ESTADO DE COMUNICACAO SOCIAL;Nota fiscal;24.172.716/0001-34;FLD S.A.;3632;;1;Completa;Serviço;Despesa extra orçamentária;2026-07-24;2026-08-03;2026-08-03;36724,39;Não
2270 - FUNDACAO HOSPITALAR DO ESTADO DE MINAS GERAIS;Outros;17.983.226/0001-52;4TECH MANUTENCAO LABORATORIAL, REFRIGERACAO E HOSPITALAR LTDA;598;1;1;Completa;Serviço;Despesa orçamentária;2026-08-03;2026-08-03;2026-08-03;775,0;Não
2350 - UNIVERSIDADE DO ESTADO DE MINAS GERAIS;Nota fiscal;33.224.254/0001-42;MGS MINAS GERAIS ADMINISTRACAO E SERVICOS S/A;202625532;;1;Completa;Serviço;Despesa orçamentária;2026-07-21;2026-07-21;2026-08-03;272163,14;Não
2270 - FUNDACAO HOSPITALAR DO ESTADO DE MINAS GERAIS;Nota fiscal;12.420.164/0005-80;CM HOSPITALAR S.A.;630501;1;1;Completa - Recebimento definitivo;Consumo;Despesa orçamentária;2026-07-30;2026-07-31;2026-08-03;2779,7;Não
2270 - FUNDACAO HOSPITALAR DO ESTADO DE MINAS GERAIS;Outros;33.224.254/0001-42;MGS MINAS GERAIS ADMINISTRACAO E SERVICOS S/A;699193;;1;Completa;Serviço;Despesa orçamentária;2026-07-29;2026-08-03;2026-08-03;62461,93;Não
2270 - FUNDACAO HOSPITALAR DO ESTADO DE MINAS GERAIS;Nota fiscal;28.383.198/0001-59;CENTRO DE BIOLOGIA EXPERIMENTAL OCEANUS LTDA;7632;;1;Completa;Serviço;Despesa orçamentária;2026-07-01;2026-07-01;2026-08-03;3190,48;Não
1480 - SECRETARIA DE ESTADO DE DESENVOLVIMENTO SOCIAL;Nota fiscal;33.224.254/0001-42;MGS MINAS GERAIS ADMINISTRACAO E SERVICOS S/A;267862026;;1;Completa;Serviço;Despesa orçamentária;2026-07-29;2026-08-03;2026-08-03;3192,75;Não
2180 - FUNDACAO CLOVIS SALGADO;Nota fiscal;00.822.938/0001-97;ELEVADORES MODULO LTDA -ME;341;;1;Completa;Serviço;Despesa orçamentária;2026-08-03;2026-08-03;2026-08-03;5300,0;Não
2350 - UNIVERSIDADE DO ESTADO DE MINAS GERAIS;Nota fiscal;03.773.834/0001-28;SERVICO SOCIAL DA INDUSTRIA, DEPARTAMENTO REGIONAL DE MINAS GERAIS (SESI / DRMG);2026;;1;Completa;Serviço;Despesa orçamentária;2026-07-22;2026-08-03;2026-08-03;3153,8;Não
2310 - UNIVERSIDADE ESTADUAL DE MONTES CLAROS;Nota fiscal;33.224.254/0001-42;MGS MINAS GERAIS ADMINISTRACAO E SERVICOS S/A;202600000026772;;1;Completa;Serviço;Despesa orçamentária;2026-07-29;2026-08-03;2026-08-03;1337,58;Não
1710 - SECRETARIA DE ESTADO DE COMUNICACAO SOCIAL;Nota fiscal;05.893.556/0001-78;CLX COMUNICACAO E PUBLICIDADE LTDA;562;;1;Completa;Serviço;Despesa orçamentária;2026-07-01;2026-08-03;2026-08-03;3203,0;Não
1080 - ADVOCACIA-GERAL DO ESTADO DE MINAS GERAIS;Nota fiscal;33.224.254/0001-42;MGS MINAS GERAIS ADMINISTRACAO E SERVICOS S/A;202626870;;1;Completa;Serviço;Despesa orçamentária;2026-07-29;2026-08-03;2026-08-03;7122,74;Não
1030 - TRIBUNAL DE JUSTICA DO ESTADO DE MINAS GERAIS;Nota fiscal;25.099.482/0001-00;SOM E CIA INSTRUMENTOS MUSICAIS LTDA;1267;1;2;Completa - Recebimento definitivo;Permanente;Despesa orçamentária;2026-07-27;2026-08-03;2026-08-03;22820,0;Não
2180 - FUNDACAO CLOVIS SALGADO;Nota fiscal;19.994.997/0001-70;CRIATIVA SOLUCOES PARA CONSTRUCAO LTDA;2438;;1;Completa - Recebimento definitivo;Consumo;Despesa orçamentária;2026-07-31;2026-08-03;2026-08-03;4809,34;Não
2270 - FUNDACAO HOSPITALAR DO ESTADO DE MINAS GERAIS;Nota fiscal;41.719.535/0001-02;ORTO MUNK LTDA -ME;2136;1;1;Completa;Serviço;Despesa orçamentária;2026-07-29;2026-07-29;2026-08-03;2739,0;Não
1250 - POLICIA MILITAR DE MINAS GERAIS;Nota fiscal;03.098.864/0001-86;MARCELLI MOVEIS PARA ESCRITORIO E INFORMATICA LTDA -EPP;4273;;2;Completa - Recebimento definitivo;Permanente;Despesa orçamentária;2026-07-13;2026-08-03;2026-08-03;3240,0;Não
1450 - SECRETARIA DE ESTADO DE JUSTICA E SEGURANCA PUBLIC;Nota fiscal;08.624.977/0001-91;TERRAVIVA AMBIENTAL LTDA;8878;;1;Completa;Serviço;Despesa orçamentária;2026-07-10;2026-07-10;2026-08-03;1262,7;Não
2270 - FUNDACAO HOSPITALAR DO ESTADO DE MINAS GERAIS;Nota fiscal;12.927.876/0001-67;SOMA/MG PRODUTOS HOSPITALARES LTDA;382336;;1;Completa - Recebimento definitivo;Consumo;Despesa orçamentária;2026-07-27;2026-07-28;2026-08-03;921,0;Não
1260 - SECRETARIA DE ESTADO DE EDUCACAO;Outros;***.369.266-**;THALLES GUILHERME PAULA;72026;;1;Completa;Serviço;Despesa orçamentária;2026-08-03;2026-08-03;2026-08-03;2221,9;Não
1080 - ADVOCACIA-GERAL DO ESTADO DE MINAS GERAIS;Outros;33.224.254/0001-42;MGS MINAS GERAIS ADMINISTRACAO E SERVICOS S/A;699127;;1;Completa;Serviço;Despesa orçamentária;2026-07-29;2026-08-03;2026-08-03;621,64;Não
1250 - POLICIA MILITAR DE MINAS GERAIS;Nota fiscal;12.927.876/0001-67;SOMA/MG PRODUTOS HOSPITALARES LTDA;382729;1;1;Completa - Recebimento definitivo;Consumo;Despesa orçamentária;2026-07-29;2026-08-03;2026-08-03;57,45;Não
2370 - INSTITUTO MINEIRO DE AGROPECUARIA;Outros;40.432.544/0112-62;CLARO S.A.;20002217;;1;Completa;Serviço;Despesa orçamentária;2026-08-03;2026-08-03;2026-08-03;124,52;Não
1030 - TRIBUNAL DE JUSTICA DO ESTADO DE MINAS GERAIS;Nota fiscal;50.577.869/0001-71;JOSE ITALO EXCELENCIA COMERCIO E SERVICOS LTDA;80;;1;Completa;Serviço;Despesa orçamentária;2026-07-30;2026-07-30;2026-08-03;612,0;Não
2310 - UNIVERSIDADE ESTADUAL DE MONTES CLAROS;Outros;33.224.254/0001-42;MGS MINAS GERAIS ADMINISTRACAO E SERVICOS S/A;699158;;1;Completa;Serviço;Despesa orçamentária;2026-07-29;2026-08-03;2026-08-03;124,33;Não
1400 - CORPO DE BOMBEIROS MILITAR DE MINAS GERAIS;Nota fiscal;18.152.404/0001-66;MAQNETE COMERCIO E SERVICOS LTDA -ME;58822026;1;1;Completa - Recebimento definitivo;Consumo;Despesa orçamentária;2026-07-27;2026-08-03;2026-08-03;159,5;Não
2310 - UNIVERSIDADE ESTADUAL DE MONTES CLAROS;Nota fiscal;28.964.042/0001-61;ZAP MUSIC E DEDETIZADORA LTDA;202600000000315;;1;Completa;Serviço;Despesa orçamentária;2026-07-28;2026-07-30;2026-08-03;1316,66;Não
2270 - FUNDACAO HOSPITALAR DO ESTADO DE MINAS GERAIS;Nota fiscal;53.568.001/0001-01;EVEN COMERCIAL LTDA;4099;1;1;Completa - Recebimento definitivo;Permanente;Despesa orçamentária;2026-07-28;2026-07-31;2026-08-03;1300,0;Não
1710 - SECRETARIA DE ESTADO DE COMUNICACAO SOCIAL;Nota fiscal;05.893.556/0001-78;CLX COMUNICACAO E PUBLICIDADE LTDA;622;;1;Completa;Serviço;Despesa orçamentária;2026-07-16;2026-08-03;2026-08-03;476,8;Não
1230 - SECRET. DE ESTADO DE AGRICULTURA, PECUARIA E ABAST;Nota fiscal;07.633.363/0001-03;FREDERICO MELO LACERDA;18;;1;Incompleta;Serviço;Despesa extra orçamentária;2026-07-24;2026-08-03;2026-08-03;35714,68;Não
2310 - UNIVERSIDADE ESTADUAL DE MONTES CLAROS;Outros;33.224.254/0001-42;MGS MINAS GERAIS ADMINISTRACAO E SERVICOS S/A;699159;;1;Completa;Serviço;Despesa orçamentária;2026-07-29;2026-08-03;2026-08-03;181,82;Não
2270 - FUNDACAO HOSPITALAR DO ESTADO DE MINAS GERAIS;Nota fiscal;07.779.305/0001-92;VERSATECH COMERCIO E MANUTENCAO DE EQUIPAMENTOS LTDA -ME;114;;1;Completa;Serviço;Despesa orçamentária;2026-08-03;2026-08-03;2026-08-03;27548,0;Não
2270 - FUNDACAO HOSPITALAR DO ESTADO DE MINAS GERAIS;Nota fiscal;12.420.164/0005-80;CM HOSPITALAR S.A.;629623;1;1;Completa - Recebimento definitivo;Consumo;Despesa orçamentária;2026-07-29;2026-07-30;2026-08-03;199,8;Não
1320 - SECRETARIA DE ESTADO DA SAUDE;Outros;33.224.254/0001-42;MGS MINAS GERAIS ADMINISTRACAO E SERVICOS S/A;139;-;1;Completa;Serviço;Despesa orçamentária;2026-07-30;2026-08-03;2026-08-03;77736,52;Não
1250 - POLICIA MILITAR DE MINAS GERAIS;Nota fiscal;12.927.876/0001-67;SOMA/MG PRODUTOS HOSPITALARES LTDA;382730;1;1;Completa - Recebimento definitivo;Consumo;Despesa orçamentária;2026-07-29;2026-08-03;2026-08-03;26,4;Não
2270 - FUNDACAO HOSPITALAR DO ESTADO DE MINAS GERAIS;Nota fiscal;41.719.535/0001-02;ORTO MUNK LTDA -ME;2137;1;1;Completa;Serviço;Despesa orçamentária;2026-08-03;2026-08-03;2026-08-03;1972,0;Não
2330 - INSTITUTO DE METROLOGIA E QUALIDADE DE MG;Nota fiscal;22.689.491/0001-62;SERVE BEM PRESTADORA DE SERVICOS LTDA -EPP;295;E;1;Completa;Serviço;Despesa orçamentária;2026-07-03;2026-08-03;2026-08-03;1450,8;Não
2270 - FUNDACAO HOSPITALAR DO ESTADO DE MINAS GERAIS;Nota fiscal;33.224.254/0001-42;MGS MINAS GERAIS ADMINISTRACAO E SERVICOS S/A;26942;2;1;Completa;Serviço;Despesa orçamentária;2026-07-29;2026-08-03;2026-08-03;5078,87;Não
1010 - ASSEMBLEIA LEGISLATIVA DO ESTADO DE MINAS GERAIS;Nota fiscal;55.887.588/0001-39;BARCELOS COMERCIO E REPRESENTACOES LTDA;4682026;0;1;Completa - Recebimento definitivo;Consumo;Despesa orçamentária;2026-08-02;2026-08-03;2026-08-03;4497,25;Não
2300 - DEPARTAMENTO DE ESTRADAS DE RODAGEM;Nota fiscal;01.466.431/0001-00;GCT - GERENCIAMENTO E CONTROLE DE TRANSITO S/A;20261466;;1;Completa;Serviço;Despesa orçamentária;2026-07-17;2026-07-21;2026-08-03;3086,45;Não
1450 - SECRETARIA DE ESTADO DE JUSTICA E SEGURANCA PUBLIC;Nota fiscal;02.997.091/0001-07;BRASCOEMP BRASIL CONSTRUCOES E EMPREENDIMENTOS LTDA ;96;1;1;Completa;Serviço;Despesa extra orçamentária;2026-05-13;2026-05-13;2026-08-03;4285,61;Não
2270 - FUNDACAO HOSPITALAR DO ESTADO DE MINAS GERAIS;Nota fiscal;00.583.890/0001-01;FAMAP NUTRICAO PARENTERAL LTDA;402854;;2;Completa - Recebimento definitivo;Consumo;Despesa extra orçamentária;2024-02-18;2024-02-18;2026-08-03;103,82;Não
1710 - SECRETARIA DE ESTADO DE COMUNICACAO SOCIAL;Nota fiscal;05.893.556/0001-78;CLX COMUNICACAO E PUBLICIDADE LTDA;623;;1;Completa;Serviço;Despesa orçamentária;2026-07-16;2026-08-03;2026-08-03;632,0;Não
2270 - FUNDACAO HOSPITALAR DO ESTADO DE MINAS GERAIS;Nota fiscal;17.085.673/0001-94;NEXOMED HOSPITALAR LTDA;40411;1;1;Completa;Serviço;Despesa orçamentária;2026-07-30;2026-07-30;2026-08-03;8814,58;Não
2300 - DEPARTAMENTO DE ESTRADAS DE RODAGEM;Nota fiscal;01.466.431/0001-00;GCT - GERENCIAMENTO E CONTROLE DE TRANSITO S/A;20261467;;1;Completa;Serviço;Despesa orçamentária;2026-07-17;2026-07-21;2026-08-03;2609,18;Não
1320 - SECRETARIA DE ESTADO DA SAUDE;Outros;44.842.188/0001-90;LOPES E VALERIO HOLDING LTDA;38;;1;Completa;Serviço;Despesa orçamentária;2026-08-03;2026-08-03;2026-08-03;14485,48;Não
1500 - SECRETARIA DE ESTADO DE PLANEJAMENTO E GESTAO;Nota fiscal;33.224.254/0001-42;MGS MINAS GERAIS ADMINISTRACAO E SERVICOS S/A;26543;1;1;Completa;Serviço;Despesa orçamentária;2026-07-29;2026-07-30;2026-08-03;765,56;Não
1030 - TRIBUNAL DE JUSTICA DO ESTADO DE MINAS GERAIS;Nota fiscal;02.789.552/0002-37;LIDER VEICULOS S. A.;20266833;2;1;Completa;Serviço;Despesa orçamentária;2026-07-30;2026-07-31;2026-08-03;600,0;Não
2010 - INST.DE PREVIDENCIA DOS SERVIDORES DO EST.M.GERAIS;Nota fiscal;33.224.254/0001-42;MGS MINAS GERAIS ADMINISTRACAO E SERVICOS S/A;26749;1A;1;Completa;Serviço;Despesa orçamentária;2026-07-29;2026-07-29;2026-08-03;38721,18;Não
2300 - DEPARTAMENTO DE ESTRADAS DE RODAGEM;Nota fiscal;01.466.431/0001-00;GCT - GERENCIAMENTO E CONTROLE DE TRANSITO S/A;20261468;;1;Completa;Serviço;Despesa orçamentária;2026-07-17;2026-07-21;2026-08-03;3086,45;Não
2350 - UNIVERSIDADE DO ESTADO DE MINAS GERAIS;Nota fiscal;03.773.834/0001-28;SERVICO SOCIAL DA INDUSTRIA, DEPARTAMENTO REGIONAL DE MINAS GERAIS (SESI / DRMG);2026;748;1;Completa;Serviço;Despesa orçamentária;2026-06-11;2026-08-03;2026-08-03;3153,8;Não
1190 - SECRETARIA DE ESTADO DE FAZENDA DE MINAS GERAIS;Nota fiscal;59.456.277/0006-80;ORACLE DO BRASIL SISTEMAS LTDA;4865;;1;Completa;Serviço;Despesa orçamentária;2026-07-27;2026-08-03;2026-08-03;6714,27;Não
1400 - CORPO DE BOMBEIROS MILITAR DE MINAS GERAIS;Nota fiscal;52.891.153/0001-70;FALEIRO ARQUITETURA E ENGENHARIA LTDA;70;;1;Completa;Serviço;Despesa extra orçamentária;2026-08-03;2026-08-03;2026-08-03;5450,0;Não
1260 - SECRETARIA DE ESTADO DE EDUCACAO;Outros;12.440.436/0001-80;ARAUJO PENNA EMPREENDIMENTOS LTDA;72026;;1;Completa;Serviço;Despesa orçamentária;2026-08-03;2026-08-03;2026-08-03;15623,15;Não
2300 - DEPARTAMENTO DE ESTRADAS DE RODAGEM;Nota fiscal;01.466.431/0001-00;GCT - GERENCIAMENTO E CONTROLE DE TRANSITO S/A;20261469;;1;Completa;Serviço;Despesa orçamentária;2026-07-17;2026-07-21;2026-08-03;3086,45;Não
1030 - TRIBUNAL DE JUSTICA DO ESTADO DE MINAS GERAIS;Nota fiscal;02.789.552/0002-37;LIDER VEICULOS S. A.;101464;2;1;Completa;Serviço;Despesa orçamentária;2026-07-30;2026-07-31;2026-08-03;384,39;Não
1260 - SECRETARIA DE ESTADO DE EDUCACAO;Outros;03.773.700/0001-07;SERVICO NACIONAL DE APRENDIZAGEM INDUSTRIAL - DEPARTAMENTO REGIONAL DE MINAS GERAIS;9447657;P;1;Completa;Serviço;Despesa orçamentária;2026-08-03;2026-08-03;2026-08-03;22640,0;Não
1090 - PROCURADORIA GERAL DE JUSTICA;Nota fiscal;17.263.096/0001-83;MERCEARIA INDIANOPOLIS LTDA;14412;1;1;Completa - Recebimento definitivo;Consumo;Despesa orçamentária;2026-07-29;2026-08-03;2026-08-03;23553,0;Não
1710 - SECRETARIA DE ESTADO DE COMUNICACAO SOCIAL;Nota fiscal;05.893.556/0001-78;CLX COMUNICACAO E PUBLICIDADE LTDA;638;;1;Completa;Serviço;Despesa orçamentária;2026-07-20;2026-08-03;2026-08-03;741,15;Não
2010 - INST.DE PREVIDENCIA DOS SERVIDORES DO EST.M.GERAIS;Nota fiscal;33.224.254/0001-42;MGS MINAS GERAIS ADMINISTRACAO E SERVICOS S/A;26948;1;1;Completa;Serviço;Despesa orçamentária;2026-07-29;2026-07-30;2026-08-03;6545,04;Não
1500 - SECRETARIA DE ESTADO DE PLANEJAMENTO E GESTAO;Nota fiscal;33.224.254/0001-42;MGS MINAS GERAIS ADMINISTRACAO E SERVICOS S/A;26962;10;1;Completa;Serviço;Despesa orçamentária;2026-07-29;2026-07-29;2026-08-03;11893,27;Não
2260 - FUNDACAO EZEQUIEL DIAS;Nota fiscal;68.337.658/0001-27;SIGMA-ALDRICH BRASIL LTDA;536960;3;1;Completa - Recebimento definitivo;Consumo;Despesa orçamentária;2026-07-20;2026-07-31;2026-08-03;2000,0;Não
2300 - DEPARTAMENTO DE ESTRADAS DE RODAGEM;Nota fiscal;01.466.431/0001-00;GCT - GERENCIAMENTO E CONTROLE DE TRANSITO S/A;20261555;;1;Completa;Serviço;Despesa orçamentária;2026-07-22;2026-07-22;2026-08-03;119618,57;Não
2010 - INST.DE PREVIDENCIA DOS SERVIDORES DO EST.M.GERAIS;Outros;33.224.254/0001-42;MGS MINAS GERAIS ADMINISTRACAO E SERVICOS S/A;699241;;1;Completa;Serviço;Despesa orçamentária;2026-07-29;2026-07-30;2026-08-03;572,67;Não
2300 - DEPARTAMENTO DE ESTRADAS DE RODAGEM;Nota fiscal;01.466.431/0001-00;GCT - GERENCIAMENTO E CONTROLE DE TRANSITO S/A;20261470;;1;Completa;Serviço;Despesa orçamentária;2026-07-17;2026-07-21;2026-08-03;22459,1;Não
1070 - GABINETE MILITAR DO GOVERNADOR DO ESTADO DE MG;Nota fiscal;66.336.322/0001-14;SACOLAO CENTER SETELAGOANO LTDA -EPP;14201;;2;Completa - Recebimento definitivo;Consumo;Despesa orçamentária;2026-07-31;2026-07-31;2026-08-03;962,39;Não
2320 - FUNDACAO CENTRO DE HEMATOLOGIA E HEMOTERAPIA DE MG;Outros;07.559.474/0001-17;OTIMISA MARKETING E EVENTOS LTDA - EPP;348;;1;Completa;Serviço;Despesa orçamentária;2026-08-01;2026-08-03;2026-08-03;5904,84;Não
1500 - SECRETARIA DE ESTADO DE PLANEJAMENTO E GESTAO;Nota fiscal;33.224.254/0001-42;MGS MINAS GERAIS ADMINISTRACAO E SERVICOS S/A;26964;10;1;Completa;Serviço;Despesa orçamentária;2026-07-29;2026-07-29;2026-08-03;127623,55;Não
1510 - POLICIA CIVIL DO ESTADO DE MINAS GERAIS;Nota fiscal;20.367.629/0009-39;HELICOPTEROS DO BRASIL S/A HELIBRAS;202677391;;1;Completa - Recebimento definitivo;Consumo;Despesa orçamentária;2026-07-28;2026-08-03;2026-08-03;22722,15;Não
2010 - INST.DE PREVIDENCIA DOS SERVIDORES DO EST.M.GERAIS;Outros;33.224.254/0001-42;MGS MINAS GERAIS ADMINISTRACAO E SERVICOS S/A;699242;;1;Completa;Serviço;Despesa orçamentária;2026-07-29;2026-07-30;2026-08-03;181,82;Não
2150 - FUNDACAO HELENA ANTIPOFF;Nota fiscal;43.465.628/0001-75;NUVEM DISTRIBUIDORA LTDA;31256;1;1;Completa - Recebimento definitivo;Consumo;Despesa extra orçamentária;2026-07-03;2026-07-07;2026-08-03;17905,32;Não
1710 - SECRETARIA DE ESTADO DE COMUNICACAO SOCIAL;Nota fiscal;05.893.556/0001-78;CLX COMUNICACAO E PUBLICIDADE LTDA;639;;1;Completa;Serviço;Despesa orçamentária;2026-07-20;2026-08-03;2026-08-03;535,27;Não
2270 - FUNDACAO HOSPITALAR DO ESTADO DE MINAS GERAIS;Nota fiscal;02.936.819/0001-90;APICE HEALTHCARE EQUIPAMENTOS MEDICOS HOSPITALARES LTDA;32625;;1;Completa - Recebimento definitivo;Consumo;Despesa orçamentária;2026-07-23;2026-07-24;2026-08-03;130,0;Não
1320 - SECRETARIA DE ESTADO DA SAUDE;Nota fiscal;33.224.254/0001-42;MGS MINAS GERAIS ADMINISTRACAO E SERVICOS S/A;25928;1;1;Completa;Serviço;Despesa orçamentária;2026-07-24;2026-08-03;2026-08-03;127837,45;Não
2300 - DEPARTAMENTO DE ESTRADAS DE RODAGEM;Nota fiscal;01.466.431/0001-00;GCT - GERENCIAMENTO E CONTROLE DE TRANSITO S/A;20261471;;1;Completa;Serviço;Despesa orçamentária;2026-07-17;2026-07-21;2026-08-03;8488,54;Não
1500 - SECRETARIA DE ESTADO DE PLANEJAMENTO E GESTAO;Nota fiscal;16.636.540/0001-04;COMPANHIA DE TECNOLOGIA DA INFORMACAO DO ESTADO DE MINAS GERAIS-PRODEMGE;20266334;;1;Completa;Serviço;Despesa orçamentária;2026-07-28;2026-07-28;2026-08-03;11690,0;Não
2270 - FUNDACAO HOSPITALAR DO ESTADO DE MINAS GERAIS;Nota fiscal;44.734.671/0022-86;CRISTALIA PRODUTOS QUIMICOS FARMACEUTICOS LTDA;1062031;10;1;Completa - Recebimento definitivo;Consumo;Despesa orçamentária;2026-07-30;2026-07-31;2026-08-03;150,0;Não
2310 - UNIVERSIDADE ESTADUAL DE MONTES CLAROS;Nota fiscal;33.224.254/0001-42;MGS MINAS GERAIS ADMINISTRACAO E SERVICOS S/A;202600000026929;;1;Completa;Serviço;Despesa orçamentária;2026-07-29;2026-08-03;2026-08-03;155544,49;Não
1260 - SECRETARIA DE ESTADO DE EDUCACAO;Nota fiscal;06.823.244/0001-50;CENTRO DE EDUCACAO PROFISSIONAL ALPHA LTDA - EPP;35;;1;Completa;Serviço;Despesa orçamentária;2026-07-31;2026-08-03;2026-08-03;34125,0;Não
2260 - FUNDACAO EZEQUIEL DIAS;Nota fiscal;02.678.215/0001-91;SUL DE MINAS INGREDIENTES LTDA;6009;;1;Completa - Recebimento definitivo;Consumo;Despesa orçamentária;2026-07-29;2026-08-03;2026-08-03;26000,0;Não
2260 - FUNDACAO EZEQUIEL DIAS;Nota fiscal;31.837.899/0001-25;ALFA TECNOLOGIA EM ENGENHARIA E INFRAESTRUTURA DE REDES LTDA;373;;1;Completa;Serviço;Despesa orçamentária;2026-07-31;2026-07-31;2026-08-03;18270,98;Não
1510 - POLICIA CIVIL DO ESTADO DE MINAS GERAIS;Nota fiscal;20.367.629/0009-39;HELICOPTEROS DO BRASIL S/A HELIBRAS;202677480;;1;Completa - Recebimento definitivo;Consumo;Despesa orçamentária;2026-07-29;2026-08-03;2026-08-03;23921,26;Não
1190 - SECRETARIA DE ESTADO DE FAZENDA DE MINAS GERAIS;Nota fiscal;59.456.277/0006-80;ORACLE DO BRASIL SISTEMAS LTDA;4870;;1;Completa;Serviço;Despesa orçamentária;2026-07-27;2026-08-03;2026-08-03;232288,7;Não
1030 - TRIBUNAL DE JUSTICA DO ESTADO DE MINAS GERAIS;Nota fiscal;39.565.567/0001-40;BTT TELECOMUNICACOES S.A.;17345381;;1;Incompleta;Serviço;Despesa orçamentária;2026-08-03;2026-08-03;2026-08-03;19671,9;Não
2320 - FUNDACAO CENTRO DE HEMATOLOGIA E HEMOTERAPIA DE MG;Nota fiscal;26.295.145/0001-50;D.I.COMERCIO DE PECAS E SERVICOS PARA GERADORES LTDA - ME;1544;;1;Completa;Serviço;Despesa orçamentária;2026-07-22;2026-08-03;2026-08-03;784,56;Não
2320 - FUNDACAO CENTRO DE HEMATOLOGIA E HEMOTERAPIA DE MG;Nota fiscal;26.295.145/0001-50;D.I.COMERCIO DE PECAS E SERVICOS PARA GERADORES LTDA - ME;1545;;1;Completa;Serviço;Despesa orçamentária;2026-07-22;2026-08-03;2026-08-03;230,12;Não
1450 - SECRETARIA DE ESTADO DE JUSTICA E SEGURANCA PUBLIC;Nota fiscal;02.997.091/0001-07;BRASCOEMP BRASIL CONSTRUCOES E EMPREENDIMENTOS LTDA ;107;1;1;Completa;Serviço;Despesa extra orçamentária;2026-06-09;2026-06-09;2026-08-03;114474,01;Não
2350 - UNIVERSIDADE DO ESTADO DE MINAS GERAIS;Outros;33.224.254/0001-42;MGS MINAS GERAIS ADMINISTRACAO E SERVICOS S/A;2026697126;;1;Completa;Serviço;Despesa orçamentária;2026-07-16;2026-07-16;2026-08-03;1395,14;Não
2260 - FUNDACAO EZEQUIEL DIAS;Nota fiscal;05.094.718/0001-08;LOCCUS DO BRASIL LTDA;22041;1;1;Completa - Recebimento definitivo;Permanente;Despesa orçamentária;2026-07-28;2026-08-03;2026-08-03;1400,0;Não
1500 - SECRETARIA DE ESTADO DE PLANEJAMENTO E GESTAO;Nota fiscal;33.224.254/0001-42;MGS MINAS GERAIS ADMINISTRACAO E SERVICOS S/A;26542;10;1;Completa;Serviço;Despesa orçamentária;2026-07-29;2026-07-30;2026-08-03;61384,48;Não
2270 - FUNDACAO HOSPITALAR DO ESTADO DE MINAS GERAIS;Nota fiscal;21.581.995/0001-00;SUPLEN MEDICAL LTDA;498798;1;1;Completa - Recebimento definitivo;Consumo;Despesa orçamentária;2026-07-30;2026-07-30;2026-08-03;82,01;Não
1190 - SECRETARIA DE ESTADO DE FAZENDA DE MINAS GERAIS;Outros;40.432.544/0112-62;CLARO S.A.;2607200027482;;2;Completa;Serviço;Despesa orçamentária;2026-07-04;2026-08-03;2026-08-03;124,52;Não
2270 - FUNDACAO HOSPITALAR DO ESTADO DE MINAS GERAIS;Nota fiscal;35.820.448/0030-70;WHITE MARTINS GASES INDUSTRIAIS LTDA;15044;636;1;Completa - Recebimento definitivo;Consumo;Despesa orçamentária;2026-06-29;2026-08-03;2026-08-03;80,34;Não
2470 - AGENCIA REGULADORA DE TRANSPORTES;Nota fiscal;03.616.409/0001-25;NORDEN ENGENHARIA LTDA;202677;0;2;Completa;Serviço;Despesa orçamentária;2026-07-09;2026-08-03;2026-08-03;65506,2;Não
2260 - FUNDACAO EZEQUIEL DIAS;Nota fiscal;68.337.658/0001-27;SIGMA-ALDRICH BRASIL LTDA;531909;3;1;Completa - Recebimento definitivo;Consumo;Despesa orçamentária;2026-07-01;2026-07-31;2026-08-03;1717,6;Não
1260 - SECRETARIA DE ESTADO DE EDUCACAO;Outros;***.666.596-**;CELIO FAUSTINO ASSUNPCAO;72026;;1;Completa;Serviço;Despesa orçamentária;2026-08-03;2026-08-03;2026-08-03;4443,8;Não
1190 - SECRETARIA DE ESTADO DE FAZENDA DE MINAS GERAIS;Nota fiscal;59.456.277/0006-80;ORACLE DO BRASIL SISTEMAS LTDA;4872;;1;Completa;Serviço;Despesa orçamentária;2026-07-27;2026-08-03;2026-08-03;382559,87;Não
2300 - DEPARTAMENTO DE ESTRADAS DE RODAGEM;Nota fiscal;01.466.431/0001-00;GCT - GERENCIAMENTO E CONTROLE DE TRANSITO S/A;20261556;;1;Completa;Serviço;Despesa orçamentária;2026-07-22;2026-07-22;2026-08-03;119409,13;Não
2350 - UNIVERSIDADE DO ESTADO DE MINAS GERAIS;Nota fiscal;33.224.254/0001-42;MGS MINAS GERAIS ADMINISTRACAO E SERVICOS S/A;2026697723;;1;Completa;Serviço;Despesa orçamentária;2026-07-21;2026-07-21;2026-08-03;22879,98;Não
1080 - ADVOCACIA-GERAL DO ESTADO DE MINAS GERAIS;Nota fiscal;33.224.254/0001-42;MGS MINAS GERAIS ADMINISTRACAO E SERVICOS S/A;26937;;1;Completa;Serviço;Despesa orçamentária;2026-07-29;2026-08-03;2026-08-03;205,27;Não
2470 - AGENCIA REGULADORA DE TRANSPORTES;Nota fiscal;07.262.587/0001-56;HUMBERTO SANTANA ENGENHEIROS CONSULTORES LTDA;2026126;0;1;Completa;Serviço;Despesa orçamentária;2026-07-09;2026-08-03;2026-08-03;65506,2;Não
2270 - FUNDACAO HOSPITALAR DO ESTADO DE MINAS GERAIS;Nota fiscal;33.224.254/0001-42;MGS MINAS GERAIS ADMINISTRACAO E SERVICOS S/A;699185;;1;Completa;Serviço;Despesa orçamentária;2026-07-29;2026-08-03;2026-08-03;31838,66;Não
2270 - FUNDACAO HOSPITALAR DO ESTADO DE MINAS GERAIS;Nota fiscal;35.820.448/0030-70;WHITE MARTINS GASES INDUSTRIAIS LTDA;15081;636;1;Completa - Recebimento definitivo;Consumo;Despesa orçamentária;2026-07-02;2026-08-03;2026-08-03;176,31;Não
1710 - SECRETARIA DE ESTADO DE COMUNICACAO SOCIAL;Nota fiscal;05.893.556/0001-78;CLX COMUNICACAO E PUBLICIDADE LTDA;641;;2;Completa;Serviço;Despesa orçamentária;2026-07-20;2026-08-03;2026-08-03;494,09;Não
2270 - FUNDACAO HOSPITALAR DO ESTADO DE MINAS GERAIS;Outros;04.398.505/0001-07;CONSORCIO OPERACIONAL DO TRANS. COLETIVO DE PASSAG. POR ONIBUS DO MUNICIP. DE BH;6574039;;1;Completa;Serviço;Despesa orçamentária;2026-08-03;2026-08-03;2026-08-03;15,0;Não
2170 - FUNDACAO DE ARTE DE OURO PRETO-FAOP;Outros;05.340.639/0001-30;PRIME CONSULTORIA E ASSESSORIA EMPRESARIAL LTDA;376206;E;1;Completa;Serviço;Despesa orçamentária;2026-08-01;2026-08-01;2026-08-03;2654,87;Não
1320 - SECRETARIA DE ESTADO DA SAUDE;Nota fiscal;04.307.650/0025-02;ONCO PROD DISTRIBUIDORA DE PRODUTOS HOSPITALARES E ONCOLOGICOS LTDA.;2099492;26;1;Completa - Recebimento definitivo;Consumo;Despesa orçamentária;2026-07-28;2026-08-03;2026-08-03;5454,0;Não
2270 - FUNDACAO HOSPITALAR DO ESTADO DE MINAS GERAIS;Nota fiscal;35.820.448/0030-70;WHITE MARTINS GASES INDUSTRIAIS LTDA;15080;636;1;Completa - Recebimento definitivo;Consumo;Despesa orçamentária;2026-07-02;2026-08-03;2026-08-03;80,34;Não
1080 - ADVOCACIA-GERAL DO ESTADO DE MINAS GERAIS;Nota fiscal;33.224.254/0001-42;MGS MINAS GERAIS ADMINISTRACAO E SERVICOS S/A;202626936;;1;Completa;Serviço;Despesa orçamentária;2026-07-29;2026-08-03;2026-08-03;29823,17;Não
2270 - FUNDACAO HOSPITALAR DO ESTADO DE MINAS GERAIS;Nota fiscal;05.818.423/0001-37;AMCOR FLEXIBLES BRASIL LTDA;281844;1;1;Completa - Recebimento definitivo;Consumo;Despesa orçamentária;2026-07-29;2026-08-03;2026-08-03;805,1;Não
2310 - UNIVERSIDADE ESTADUAL DE MONTES CLAROS;Outros;33.224.254/0001-42;MGS MINAS GERAIS ADMINISTRACAO E SERVICOS S/A;699160;;1;Completa;Serviço;Despesa orçamentária;2026-07-29;2026-08-03;2026-08-03;15137,08;Não
1190 - SECRETARIA DE ESTADO DE FAZENDA DE MINAS GERAIS;Nota fiscal;59.456.277/0006-80;ORACLE DO BRASIL SISTEMAS LTDA;4873;;1;Completa;Serviço;Despesa orçamentária;2026-07-27;2026-08-03;2026-08-03;11054,88;Não
2270 - FUNDACAO HOSPITALAR DO ESTADO DE MINAS GERAIS;Nota fiscal;33.169.991/0001-90;D C R SANTOS LTDA;2339;;1;Completa - Recebimento definitivo;Consumo;Despesa orçamentária;2026-07-29;2026-07-30;2026-08-03;9348,44;Não
2270 - FUNDACAO HOSPITALAR DO ESTADO DE MINAS GERAIS;Nota fiscal;33.224.254/0001-42;MGS MINAS GERAIS ADMINISTRACAO E SERVICOS S/A;699186;;1;Completa;Serviço;Despesa orçamentária;2026-07-29;2026-08-03;2026-08-03;9632,08;Não
2350 - UNIVERSIDADE DO ESTADO DE MINAS GERAIS;Nota fiscal;33.224.254/0001-42;MGS MINAS GERAIS ADMINISTRACAO E SERVICOS S/A;202625533;;1;Completa;Serviço;Despesa orçamentária;2026-07-21;2026-07-21;2026-08-03;1493,78;Não
2260 - FUNDACAO EZEQUIEL DIAS;Nota fiscal;25.932.088/0001-00;ANALITICA LTDA;63251;1;1;Completa - Recebimento definitivo;Consumo;Despesa orçamentária;2026-07-27;2026-07-31;2026-08-03;1499,28;Não
2270 - FUNDACAO HOSPITALAR DO ESTADO DE MINAS GERAIS;Nota fiscal;35.820.448/0030-70;WHITE MARTINS GASES INDUSTRIAIS LTDA;15130;636;1;Completa - Recebimento definitivo;Consumo;Despesa orçamentária;2026-07-09;2026-08-03;2026-08-03;80,34;Não
2270 - FUNDACAO HOSPITALAR DO ESTADO DE MINAS GERAIS;Nota fiscal;05.194.502/0001-14;ALFALAGOS LTDA ;431702;1;1;Completa - Recebimento definitivo;Consumo;Despesa orçamentária;2026-07-24;2026-08-03;2026-08-03;640,0;Não
2310 - UNIVERSIDADE ESTADUAL DE MONTES CLAROS;Nota fiscal;33.224.254/0001-42;MGS MINAS GERAIS ADMINISTRACAO E SERVICOS S/A;202600000026928;;1;Completa;Serviço;Despesa orçamentária;2026-07-29;2026-08-03;2026-08-03;1886,53;Não
2300 - DEPARTAMENTO DE ESTRADAS DE RODAGEM;Nota fiscal;01.466.431/0001-00;GCT - GERENCIAMENTO E CONTROLE DE TRANSITO S/A;20261557;;1;Completa;Serviço;Despesa orçamentária;2026-07-22;2026-07-22;2026-08-03;65848,81;Não
2260 - FUNDACAO EZEQUIEL DIAS;Nota fiscal;31.837.899/0001-25;ALFA TECNOLOGIA EM ENGENHARIA E INFRAESTRUTURA DE REDES LTDA;374;;1;Completa;Serviço;Despesa orçamentária;2026-07-31;2026-07-31;2026-08-03;90189,74;Não
1080 - ADVOCACIA-GERAL DO ESTADO DE MINAS GERAIS;Outros;33.224.254/0001-42;MGS MINAS GERAIS ADMINISTRACAO E SERVICOS S/A;699106;;1;Completa;Serviço;Despesa orçamentária;2026-07-29;2026-08-03;2026-08-03;2460,95;Não
1320 - SECRETARIA DE ESTADO DA SAUDE;Nota fiscal;33.224.254/0001-42;MGS MINAS GERAIS ADMINISTRACAO E SERVICOS S/A;25927;1;1;Completa;Serviço;Despesa orçamentária;2026-07-24;2026-08-03;2026-08-03;110,11;Não
2270 - FUNDACAO HOSPITALAR DO ESTADO DE MINAS GERAIS;Nota fiscal;35.820.448/0030-70;WHITE MARTINS GASES INDUSTRIAIS LTDA;15131;636;1;Completa - Recebimento definitivo;Consumo;Despesa orçamentária;2026-07-09;2026-08-03;2026-08-03;57,49;Não
1500 - SECRETARIA DE ESTADO DE PLANEJAMENTO E GESTAO;Outros;33.224.254/0001-42;MGS MINAS GERAIS ADMINISTRACAO E SERVICOS S/A;698968;10;1;Completa;Serviço;Despesa orçamentária;2026-07-28;2026-07-28;2026-08-03;533,33;Não
1250 - POLICIA MILITAR DE MINAS GERAIS;Nota fiscal;47.050.417/0001-22;PORTO SERVICOS LTDA;82;NFS;1;Completa;Serviço;Despesa orçamentária;2026-07-24;2026-07-24;2026-08-03;17907,14;Não
2270 - FUNDACAO HOSPITALAR DO ESTADO DE MINAS GERAIS;Outros;10.426.715/0001-64;CONSORCIO OTIMO DE BILHETAGEM ELETRONICA;788949;;1;Completa;Serviço;Despesa orçamentária;2026-08-03;2026-08-03;2026-08-03;17,35;Não
2310 - UNIVERSIDADE ESTADUAL DE MONTES CLAROS;Outros;33.224.254/0001-42;MGS MINAS GERAIS ADMINISTRACAO E SERVICOS S/A;699161;;1;Completa;Serviço;Despesa orçamentária;2026-07-29;2026-08-03;2026-08-03;3957,58;Não
1260 - SECRETARIA DE ESTADO DE EDUCACAO;Outros;***.982.836-**;THASSIA GEOVANA PAULA OZELIM;72026;;1;Completa;Serviço;Despesa orçamentária;2026-08-03;2026-08-03;2026-08-03;2221,9;Não
1320 - SECRETARIA DE ESTADO DA SAUDE;Outros;33.224.254/0001-42;MGS MINAS GERAIS ADMINISTRACAO E SERVICOS S/A;698252;;1;Completa;Serviço;Despesa orçamentária;2026-07-24;2026-08-03;2026-08-03;9853,65;Não
2270 - FUNDACAO HOSPITALAR DO ESTADO DE MINAS GERAIS;Nota fiscal;35.820.448/0030-70;WHITE MARTINS GASES INDUSTRIAIS LTDA;15153;636;1;Completa - Recebimento definitivo;Consumo;Despesa orçamentária;2026-07-13;2026-08-03;2026-08-03;133,9;Não
2350 - UNIVERSIDADE DO ESTADO DE MINAS GERAIS;Nota fiscal;33.224.254/0001-42;MGS MINAS GERAIS ADMINISTRACAO E SERVICOS S/A;2026697724;;1;Completa;Serviço;Despesa orçamentária;2026-07-21;2026-07-21;2026-08-03;7373,91;Não
2300 - DEPARTAMENTO DE ESTRADAS DE RODAGEM;Nota fiscal;01.466.431/0001-00;GCT - GERENCIAMENTO E CONTROLE DE TRANSITO S/A;20261558;;1;Completa;Serviço;Despesa orçamentária;2026-07-22;2026-07-22;2026-08-03;109606,8;Não
1260 - SECRETARIA DE ESTADO DE EDUCACAO;Outros;44.842.188/0001-90;LOPES E VALERIO HOLDING LTDA;72026;;1;Completa;Serviço;Despesa orçamentária;2026-08-03;2026-08-03;2026-08-03;22091,32;Não
1710 - SECRETARIA DE ESTADO DE COMUNICACAO SOCIAL;Nota fiscal;18.351.226/0001-00;ORO COMUNICACAO LTDA.;1247;;1;Completa;Serviço;Despesa orçamentária;2026-07-16;2026-08-03;2026-08-03;8026,11;Não
2270 - FUNDACAO HOSPITALAR DO ESTADO DE MINAS GERAIS;Nota fiscal;33.224.254/0001-42;MGS MINAS GERAIS ADMINISTRACAO E SERVICOS S/A;26864;M;1;Completa;Serviço;Despesa orçamentária;2026-07-29;2026-08-03;2026-08-03;48450,44;Não
1510 - POLICIA CIVIL DO ESTADO DE MINAS GERAIS;Nota fiscal;08.458.633/0001-50;ESMARTY ESPECIALISTA EM MANUTENCAO DE ELEVADORES LTDA;7199;;1;Completa;Serviço;Despesa orçamentária;2026-07-02;2026-07-27;2026-08-03;871,02;Não
2300 - DEPARTAMENTO DE ESTRADAS DE RODAGEM;Nota fiscal;01.466.431/0001-00;GCT - GERENCIAMENTO E CONTROLE DE TRANSITO S/A;20261559;;1;Completa;Serviço;Despesa orçamentária;2026-07-22;2026-07-22;2026-08-03;268899,43;Não
2260 - FUNDACAO EZEQUIEL DIAS;Nota fiscal;13.430.441/0001-75;GERAES DIAGNOSTICA LTDA;8197;1;1;Completa - Recebimento definitivo;Consumo;Despesa orçamentária;2026-07-30;2026-08-03;2026-08-03;2191,75;Não
2270 - FUNDACAO HOSPITALAR DO ESTADO DE MINAS GERAIS;Nota fiscal;35.820.448/0030-70;WHITE MARTINS GASES INDUSTRIAIS LTDA;171;660;1;Completa - Recebimento definitivo;Consumo;Despesa orçamentária;2026-07-16;2026-08-03;2026-08-03;2628,36;Não
2300 - DEPARTAMENTO DE ESTRADAS DE RODAGEM;Nota fiscal;01.466.431/0001-00;GCT - GERENCIAMENTO E CONTROLE DE TRANSITO S/A;20261560;;1;Completa;Serviço;Despesa orçamentária;2026-07-22;2026-07-22;2026-08-03;214853,75;Não
1710 - SECRETARIA DE ESTADO DE COMUNICACAO SOCIAL;Nota fiscal;18.351.226/0001-00;ORO COMUNICACAO LTDA.;1230;;1;Completa;Serviço;Despesa orçamentária;2026-07-16;2026-08-03;2026-08-03;25807,58;Não
2270 - FUNDACAO HOSPITALAR DO ESTADO DE MINAS GERAIS;Nota fiscal;02.472.743/0001-90;DIMALAB ELETRONICS DO BRASIL LTDA - EPP;8250;;1;Completa - Recebimento definitivo;Consumo;Despesa orçamentária;2026-07-31;2026-07-31;2026-08-03;1335,6;Não
2300 - DEPARTAMENTO DE ESTRADAS DE RODAGEM;Nota fiscal;01.466.431/0001-00;GCT - GERENCIAMENTO E CONTROLE DE TRANSITO S/A;20261561;;1;Completa;Serviço;Despesa orçamentária;2026-07-22;2026-07-22;2026-08-03;118153,65;Não
1500 - SECRETARIA DE ESTADO DE PLANEJAMENTO E GESTAO;Nota fiscal;16.636.540/0001-04;COMPANHIA DE TECNOLOGIA DA INFORMACAO DO ESTADO DE MINAS GERAIS-PRODEMGE;20266333;;1;Completa;Serviço;Despesa orçamentária;2026-07-28;2026-07-28;2026-08-03;14696,0;Não
2260 - FUNDACAO EZEQUIEL DIAS;Nota fiscal;31.837.899/0001-25;ALFA TECNOLOGIA EM ENGENHARIA E INFRAESTRUTURA DE REDES LTDA;375;;1;Completa;Serviço;Despesa orçamentária;2026-07-31;2026-07-31;2026-08-03;10646,97;Não
2270 - FUNDACAO HOSPITALAR DO ESTADO DE MINAS GERAIS;Nota fiscal;35.820.448/0030-70;WHITE MARTINS GASES INDUSTRIAIS LTDA;15188;636;1;Completa - Recebimento definitivo;Consumo;Despesa orçamentária;2026-07-16;2026-08-03;2026-08-03;53,56;Não
1260 - SECRETARIA DE ESTADO DE EDUCACAO;Nota fiscal;33.224.254/0001-42;MGS MINAS GERAIS ADMINISTRACAO E SERVICOS S/A;25661;;2;Completa;Serviço;Despesa orçamentária;2026-07-22;2026-08-03;2026-08-03;73098,94;Não
2270 - FUNDACAO HOSPITALAR DO ESTADO DE MINAS GERAIS;Nota fiscal;35.820.448/0030-70;WHITE MARTINS GASES INDUSTRIAIS LTDA;504;716;1;Completa - Recebimento definitivo;Consumo;Despesa orçamentária;2026-07-18;2026-08-03;2026-08-03;160,68;Não
2260 - FUNDACAO EZEQUIEL DIAS;Nota fiscal;42.518.766/0001-02;CHRISTIAN SENA GOUVEIA 12015917675;7;1;1;Completa - Recebimento definitivo;Consumo;Despesa orçamentária;2026-07-30;2026-07-31;2026-08-03;103953,6;Não
2270 - FUNDACAO HOSPITALAR DO ESTADO DE MINAS GERAIS;Nota fiscal;28.345.933/0001-30;PURAH MEDICAL & CO LTDA;27118;1;1;Completa - Recebimento definitivo;Consumo;Despesa orçamentária;2026-07-21;2026-08-03;2026-08-03;21460,0;Não
2270 - FUNDACAO HOSPITALAR DO ESTADO DE MINAS GERAIS;Nota fiscal;44.734.671/0022-86;CRISTALIA PRODUTOS QUIMICOS FARMACEUTICOS LTDA;1057253;10;1;Completa - Recebimento definitivo;Consumo;Despesa orçamentária;2026-07-30;2026-07-31;2026-08-03;376,0;Não
2090 - FUNDACAO ESTADUAL DO MEIO AMBIENTE;Nota fiscal;58.881.585/0001-86;58.881.585 ORLANDO GONCALVES CAIXETA;52647988;;1;Completa - Recebimento definitivo;Consumo;Despesa orçamentária;2026-07-30;2026-08-03;2026-08-03;893,0;Não
1260 - SECRETARIA DE ESTADO DE EDUCACAO;Nota fiscal;33.224.254/0001-42;MGS MINAS GERAIS ADMINISTRACAO E SERVICOS S/A;25718;1;1;Incompleta;Serviço;Despesa orçamentária;2026-07-22;2026-08-03;2026-08-03;72877,71;Não
2270 - FUNDACAO HOSPITALAR DO ESTADO DE MINAS GERAIS;Nota fiscal;24.638.170/0001-64;DISTRIBUIDORA MENDONCA E MIRANDA LTDA;2375;;1;Completa - Recebimento definitivo;Consumo;Despesa orçamentária;2026-07-22;2026-07-23;2026-08-03;2479,5;Não
2350 - UNIVERSIDADE DO ESTADO DE MINAS GERAIS;Nota fiscal;33.224.254/0001-42;MGS MINAS GERAIS ADMINISTRACAO E SERVICOS S/A;202625523;;1;Completa;Serviço;Despesa orçamentária;2026-07-21;2026-07-21;2026-08-03;144972,89;Não
1370 - SECRETARIA ESTADO DE MEIO AMB.DESENV SUSTENTAVEL;Nota fiscal;33.224.254/0001-42;MGS MINAS GERAIS ADMINISTRACAO E SERVICOS S/A;202600000027120;1;1;Completa;Serviço;Despesa orçamentária;2026-07-30;2026-07-31;2026-08-03;19431,31;Não
2270 - FUNDACAO HOSPITALAR DO ESTADO DE MINAS GERAIS;Nota fiscal;82.641.325/0043-77;CREMER S.A.;896368;1;1;Completa - Recebimento definitivo;Consumo;Despesa orçamentária;2026-07-21;2026-08-03;2026-08-03;11422,8;Não
2260 - FUNDACAO EZEQUIEL DIAS;Nota fiscal;13.545.241/0001-68;SINTESE BIOTECNOLOGIA LTDA;53349;1;1;Completa - Recebimento definitivo;Consumo;Despesa orçamentária;2026-07-24;2026-08-03;2026-08-03;1846,48;Não
1080 - ADVOCACIA-GERAL DO ESTADO DE MINAS GERAIS;Nota fiscal;33.224.254/0001-42;MGS MINAS GERAIS ADMINISTRACAO E SERVICOS S/A;268062026;;1;Completa;Serviço;Despesa orçamentária;2026-07-29;2026-08-03;2026-08-03;1317,01;Não
2150 - FUNDACAO HELENA ANTIPOFF;Nota fiscal;43.465.628/0001-75;NUVEM DISTRIBUIDORA LTDA;31257;1;1;Completa - Recebimento definitivo;Consumo;Despesa extra orçamentária;2026-07-03;2026-07-07;2026-08-03;943,01;Não
2270 - FUNDACAO HOSPITALAR DO ESTADO DE MINAS GERAIS;Nota fiscal;67.729.178/0002-20;COMERCIAL CIRURGICA RIOCLARENSE LTDA;936844;1;1;Completa - Recebimento definitivo;Consumo;Despesa orçamentária;2026-07-28;2026-08-03;2026-08-03;2196,48;Não
1080 - ADVOCACIA-GERAL DO ESTADO DE MINAS GERAIS;Outros;33.224.254/0001-42;MGS MINAS GERAIS ADMINISTRACAO E SERVICOS S/A;699111;;1;Completa;Serviço;Despesa orçamentária;2026-07-29;2026-08-03;2026-08-03;99,98;Não
1370 - SECRETARIA ESTADO DE MEIO AMB.DESENV SUSTENTAVEL;Outros;33.224.254/0001-42;MGS MINAS GERAIS ADMINISTRACAO E SERVICOS S/A;699025;E;1;Completa;Serviço;Despesa orçamentária;2026-07-29;2026-07-31;2026-08-03;1719,6;Não
1320 - SECRETARIA DE ESTADO DA SAUDE;Nota fiscal;05.194.502/0001-14;ALFALAGOS LTDA ;432043;1;1;Completa - Recebimento definitivo;Consumo;Despesa orçamentária;2026-07-28;2026-08-03;2026-08-03;116,17;Não
1500 - SECRETARIA DE ESTADO DE PLANEJAMENTO E GESTAO;Nota fiscal;16.636.540/0001-04;COMPANHIA DE TECNOLOGIA DA INFORMACAO DO ESTADO DE MINAS GERAIS-PRODEMGE;20266332;;1;Completa;Serviço;Despesa orçamentária;2026-07-28;2026-07-28;2026-08-03;11690,0;Não
1080 - ADVOCACIA-GERAL DO ESTADO DE MINAS GERAIS;Outros;33.224.254/0001-42;MGS MINAS GERAIS ADMINISTRACAO E SERVICOS S/A;699112;;1;Completa;Serviço;Despesa orçamentária;2026-07-29;2026-08-03;2026-08-03;200,0;Não
2270 - FUNDACAO HOSPITALAR DO ESTADO DE MINAS GERAIS;Nota fiscal;44.734.671/0022-86;CRISTALIA PRODUTOS QUIMICOS FARMACEUTICOS LTDA;1062142;10;1;Completa - Recebimento definitivo;Consumo;Despesa orçamentária;2026-07-30;2026-07-31;2026-08-03;95,6;Não
2370 - INSTITUTO MINEIRO DE AGROPECUARIA;Nota fiscal;14.811.390/0001-94;MM SEGURANCA COMPUTADORIZADA LTDA -ME;1853;;1;Completa;Serviço;Despesa orçamentária;2026-08-03;2026-08-03;2026-08-03;375,0;Não
2270 - FUNDACAO HOSPITALAR DO ESTADO DE MINAS GERAIS;Nota fiscal;67.729.178/0002-20;COMERCIAL CIRURGICA RIOCLARENSE LTDA;936713;1;1;Completa - Recebimento definitivo;Consumo;Despesa orçamentária;2026-07-27;2026-08-03;2026-08-03;4255,68;Não
1320 - SECRETARIA DE ESTADO DA SAUDE;Nota fiscal;03.945.035/0001-91;ACACIA COMERCIO DE MEDICAMENTOS LTDA;350558;1;1;Completa - Recebimento definitivo;Consumo;Despesa orçamentária;2026-07-28;2026-08-03;2026-08-03;223,8;Não
2270 - FUNDACAO HOSPITALAR DO ESTADO DE MINAS GERAIS;Nota fiscal;19.557.487/0001-36;CENTRO BARBACENENSE DE ASSISTENCIA MEDICA E SOCIAL;2045;;1;Completa;Serviço;Despesa orçamentária;2026-08-03;2026-08-03;2026-08-03;3920,86;Não
1250 - POLICIA MILITAR DE MINAS GERAIS;Nota fiscal;18.152.404/0001-66;MAQNETE COMERCIO E SERVICOS LTDA -ME;5872;1;1;Completa - Recebimento definitivo;Consumo;Despesa orçamentária;2026-07-17;2026-08-03;2026-08-03;9890,0;Não
1710 - SECRETARIA DE ESTADO DE COMUNICACAO SOCIAL;Nota fiscal;24.172.716/0001-34;FLD S.A.;3587;;1;Completa;Serviço;Despesa orçamentária;2026-07-22;2026-08-03;2026-08-03;133000,0;Não
2270 - FUNDACAO HOSPITALAR DO ESTADO DE MINAS GERAIS;Nota fiscal;44.734.671/0022-86;CRISTALIA PRODUTOS QUIMICOS FARMACEUTICOS LTDA;1060707;10;1;Completa - Recebimento definitivo;Consumo;Despesa orçamentária;2026-07-29;2026-07-31;2026-08-03;1470,0;Não
1500 - SECRETARIA DE ESTADO DE PLANEJAMENTO E GESTAO;Nota fiscal;33.224.254/0001-42;MGS MINAS GERAIS ADMINISTRACAO E SERVICOS S/A;26537;10;1;Completa;Serviço;Despesa orçamentária;2026-07-29;2026-07-30;2026-08-03;284269,36;Não
2160 - FUNDACAO EDUCACIONAL CAIO MARTINS;Nota fiscal;33.224.254/0001-42;MGS MINAS GERAIS ADMINISTRACAO E SERVICOS S/A;202618275;1;3;Completa;Serviço;Despesa orçamentária;2026-05-25;2026-08-03;2026-08-03;3771,05;Não
2270 - FUNDACAO HOSPITALAR DO ESTADO DE MINAS GERAIS;Nota fiscal;19.557.487/0001-36;CENTRO BARBACENENSE DE ASSISTENCIA MEDICA E SOCIAL;2046;;1;Completa;Serviço;Despesa orçamentária;2026-08-03;2026-08-03;2026-08-03;3920,86;Não
1260 - SECRETARIA DE ESTADO DE EDUCACAO;Outros;33.224.254/0001-42;MGS MINAS GERAIS ADMINISTRACAO E SERVICOS S/A;697928;;1;Completa;Serviço;Despesa orçamentária;2026-07-22;2026-08-03;2026-08-03;4325,33;Não
1320 - SECRETARIA DE ESTADO DA SAUDE;Nota fiscal;03.945.035/0001-91;ACACIA COMERCIO DE MEDICAMENTOS LTDA;350571;1;1;Completa - Recebimento definitivo;Consumo;Despesa orçamentária;2026-07-28;2026-08-03;2026-08-03;2686,8;Não
1450 - SECRETARIA DE ESTADO DE JUSTICA E SEGURANCA PUBLIC;Nota fiscal;03.790.761/0001-82;CLEAR INDUSTRIA DE PAPEIS LTDA;138210;2;1;Completa - Recebimento definitivo;Consumo;Despesa extra orçamentária;2026-07-22;2026-08-03;2026-08-03;25625,6;Não
2010 - INST.DE PREVIDENCIA DOS SERVIDORES DO EST.M.GERAIS;Nota fiscal;32.677.058/0001-60;DENTAL FREE MATERIAIS E SOLUCOES ODONTOLOGICAS LTDA;214209;1;1;Completa - Recebimento definitivo;Consumo;Despesa orçamentária;2026-07-30;2026-07-30;2026-08-03;325,2;Não
2270 - FUNDACAO HOSPITALAR DO ESTADO DE MINAS GERAIS;Nota fiscal;60.665.981/0009-75;UNIAO QUIMICA FARMACEUTICA NACIONAL S A;1104210;;1;Completa - Recebimento definitivo;Consumo;Despesa orçamentária;2026-07-28;2026-08-03;2026-08-03;255,36;Não
1260 - SECRETARIA DE ESTADO DE EDUCACAO;Outros;33.224.254/0001-42;MGS MINAS GERAIS ADMINISTRACAO E SERVICOS S/A;697927;;1;Completa;Serviço;Despesa orçamentária;2026-07-22;2026-08-03;2026-08-03;1012,13;Não
1190 - SECRETARIA DE ESTADO DE FAZENDA DE MINAS GERAIS;Outros;***.529.636-**;WILSON VAZ;72026;;1;Completa;Serviço;Despesa orçamentária;2026-07-31;2026-07-31;2026-08-03;21247,38;Não
1260 - SECRETARIA DE ESTADO DE EDUCACAO;Outros;05.598.350/0001-15;INSTITUTO EDUCACIONAL ALFAUNIPAC S.A.;944761516;;2;Completa;Serviço;Despesa orçamentária;2026-07-10;2026-07-10;2026-08-03;18160,0;Não
1260 - SECRETARIA DE ESTADO DE EDUCACAO;Outros;86.428.133/0001-89;VIEIRA & RIBEIRO SERVICOS LTDA - ME;7;26;1;Completa;Serviço;Despesa orçamentária;2026-07-31;2026-08-03;2026-08-03;32597,35;Não
2300 - DEPARTAMENTO DE ESTRADAS DE RODAGEM;Nota fiscal;01.466.431/0001-00;GCT - GERENCIAMENTO E CONTROLE DE TRANSITO S/A;20261472;;1;Completa;Serviço;Despesa orçamentária;2026-07-17;2026-07-21;2026-08-03;37089,27;Não
2270 - FUNDACAO HOSPITALAR DO ESTADO DE MINAS GERAIS;Nota fiscal;35.820.448/0030-70;WHITE MARTINS GASES INDUSTRIAIS LTDA;152545;400;1;Completa - Recebimento definitivo;Consumo;Despesa orçamentária;2026-07-16;2026-08-03;2026-08-03;133,9;Não
1710 - SECRETARIA DE ESTADO DE COMUNICACAO SOCIAL;Nota fiscal;24.172.716/0001-34;FLD S.A.;3619;;1;Completa;Serviço;Despesa orçamentária;2026-07-23;2026-08-03;2026-08-03;1519,67;Não
1500 - SECRETARIA DE ESTADO DE PLANEJAMENTO E GESTAO;Nota fiscal;16.636.540/0001-04;COMPANHIA DE TECNOLOGIA DA INFORMACAO DO ESTADO DE MINAS GERAIS-PRODEMGE;20266331;;1;Completa;Serviço;Despesa orçamentária;2026-07-28;2026-07-28;2026-08-03;10020,0;Não
1320 - SECRETARIA DE ESTADO DA SAUDE;Nota fiscal;05.194.502/0001-14;ALFALAGOS LTDA ;432177;1;1;Completa - Recebimento definitivo;Consumo;Despesa orçamentária;2026-07-29;2026-08-03;2026-08-03;7064,0;Não
1400 - CORPO DE BOMBEIROS MILITAR DE MINAS GERAIS;Nota fiscal;46.714.443/0001-45;PONTO CERTO ALINHAMENTO E BALANCEAMENTO LTDA;197;;1;Completa;Serviço;Despesa orçamentária;2026-03-11;2026-03-11;2026-08-03;660,0;Não
1260 - SECRETARIA DE ESTADO DE EDUCACAO;Outros;46.858.428/0001-70;LEAO & PERES ASSESSORIA IMOBILIARIA LTDA;11;;1;Completa;Serviço;Despesa orçamentária;2026-07-10;2026-08-03;2026-08-03;6000,0;Não
1260 - SECRETARIA DE ESTADO DE EDUCACAO;Outros;33.224.254/0001-42;MGS MINAS GERAIS ADMINISTRACAO E SERVICOS S/A;6979312026;;1;Completa;Serviço;Despesa orçamentária;2026-07-22;2026-08-03;2026-08-03;727,28;Não
1260 - SECRETARIA DE ESTADO DE EDUCACAO;Outros;20.023.481/0001-68;REZENDE IMOBILIARIA E CORRETORA DE IMOVEIS LTDA - ME;9323350;16;1;Completa;Serviço;Despesa orçamentária;2026-08-03;2026-08-03;2026-08-03;1586,55;Não
2270 - FUNDACAO HOSPITALAR DO ESTADO DE MINAS GERAIS;Nota fiscal;35.820.448/0030-70;WHITE MARTINS GASES INDUSTRIAIS LTDA;15270;636;1;Completa - Recebimento definitivo;Consumo;Despesa orçamentária;2026-07-22;2026-08-03;2026-08-03;107,12;Não
1710 - SECRETARIA DE ESTADO DE COMUNICACAO SOCIAL;Nota fiscal;24.172.716/0001-34;FLD S.A.;3634;;1;Completa;Serviço;Despesa orçamentária;2026-07-24;2026-08-03;2026-08-03;7664,08;Não
1400 - CORPO DE BOMBEIROS MILITAR DE MINAS GERAIS;Nota fiscal;46.714.443/0001-45;PONTO CERTO ALINHAMENTO E BALANCEAMENTO LTDA;3118;;1;Completa;Serviço;Despesa orçamentária;2026-03-11;2026-03-11;2026-08-03;4260,0;Não
2100 - INSTITUTO ESTADUAL DE FLORESTAS-IEF;Nota fiscal;65.313.538/0001-00;PRESTOBAT LTDA -EPP;8660;;3;Completa - Disponível para recebimento definitivo;Permanente;Despesa orçamentária;2026-07-30;2026-08-03;2026-08-03;24861,1;Não
1400 - CORPO DE BOMBEIROS MILITAR DE MINAS GERAIS;Nota fiscal;38.519.484/0001-52;PD CASE INFORMATICA LTDA;199;;1;Completa;Serviço;Despesa extra orçamentária;2026-08-03;2026-08-03;2026-08-03;8549,23;Não
2350 - UNIVERSIDADE DO ESTADO DE MINAS GERAIS;Outros;33.224.254/0001-42;MGS MINAS GERAIS ADMINISTRACAO E SERVICOS S/A;202625843;;1;Completa;Serviço;Despesa orçamentária;2026-07-23;2026-07-23;2026-08-03;13540,34;Não
1260 - SECRETARIA DE ESTADO DE EDUCACAO;Outros;20.023.481/0001-68;REZENDE IMOBILIARIA E CORRETORA DE IMOVEIS LTDA - ME;9323969;17;1;Completa;Serviço;Despesa orçamentária;2026-08-03;2026-08-03;2026-08-03;2115,4;Não
1400 - CORPO DE BOMBEIROS MILITAR DE MINAS GERAIS;Nota fiscal;22.056.515/0001-46;INFORGRAF LTDA - ME;189;;1;Completa;Serviço;Despesa orçamentária;2026-08-03;2026-08-03;2026-08-03;2086,0;Não
1400 - CORPO DE BOMBEIROS MILITAR DE MINAS GERAIS;Nota fiscal;38.519.484/0001-52;PD CASE INFORMATICA LTDA;200;;1;Completa;Serviço;Despesa orçamentária;2026-08-03;2026-08-03;2026-08-03;4765,13;Não
2300 - DEPARTAMENTO DE ESTRADAS DE RODAGEM;Nota fiscal;01.466.431/0001-00;GCT - GERENCIAMENTO E CONTROLE DE TRANSITO S/A;20261473;;1;Completa;Serviço;Despesa orçamentária;2026-07-17;2026-07-21;2026-08-03;31396,2;Não
1400 - CORPO DE BOMBEIROS MILITAR DE MINAS GERAIS;Nota fiscal;38.519.484/0001-52;PD CASE INFORMATICA LTDA;203;;1;Completa;Serviço;Despesa orçamentária;2026-08-03;2026-08-03;2026-08-03;15922,83;Não
1400 - CORPO DE BOMBEIROS MILITAR DE MINAS GERAIS;Nota fiscal;22.056.515/0001-46;INFORGRAF LTDA - ME;190;;1;Completa;Serviço;Despesa orçamentária;2026-08-03;2026-08-03;2026-08-03;2086,0;Não
2270 - FUNDACAO HOSPITALAR DO ESTADO DE MINAS GERAIS;Nota fiscal;35.820.448/0030-70;WHITE MARTINS GASES INDUSTRIAIS LTDA;15308;636;1;Completa - Recebimento definitivo;Consumo;Despesa orçamentária;2026-07-30;2026-08-03;2026-08-03;26,78;Não
2270 - FUNDACAO HOSPITALAR DO ESTADO DE MINAS GERAIS;Nota fiscal;19.400.787/0001-07;QUIBASA QUIMICA BASICA LTDA ;183330;1;1;Completa - Recebimento definitivo;Consumo;Despesa orçamentária;2026-07-31;2026-07-31;2026-08-03;178,15;Não
1710 - SECRETARIA DE ESTADO DE COMUNICACAO SOCIAL;Nota fiscal;05.893.556/0001-78;CLX COMUNICACAO E PUBLICIDADE LTDA;642;;1;Completa;Serviço;Despesa orçamentária;2026-07-21;2026-08-03;2026-08-03;21295,96;Não
2200 - INST. EST. DO PATRIMONIO HIST. E ARTISTICO DE MG;Nota fiscal;08.273.364/0001-57;TICKET GESTAO EM MANUTENCAO EZC S.A;48656280;;1;Completa;Serviço;Despesa orçamentária;2026-07-23;2026-08-03;2026-08-03;2936,74;Não
2270 - FUNDACAO HOSPITALAR DO ESTADO DE MINAS GERAIS;Nota fiscal;12.889.035/0002-93;INOVAMED HOSPITALAR LTDA;75383;1;1;Completa - Recebimento definitivo;Consumo;Despesa orçamentária;2026-07-29;2026-07-31;2026-08-03;272,89;Não
1370 - SECRETARIA ESTADO DE MEIO AMB.DESENV SUSTENTAVEL;Outros;33.224.254/0001-42;MGS MINAS GERAIS ADMINISTRACAO E SERVICOS S/A;699026;E;1;Completa;Serviço;Despesa orçamentária;2026-07-29;2026-07-31;2026-08-03;563,64;Não
2270 - FUNDACAO HOSPITALAR DO ESTADO DE MINAS GERAIS;Nota fiscal;60.665.981/0009-75;UNIAO QUIMICA FARMACEUTICA NACIONAL S A;1104211;;1;Completa - Recebimento definitivo;Consumo;Despesa orçamentária;2026-07-28;2026-08-03;2026-08-03;54,26;Não
2180 - FUNDACAO CLOVIS SALGADO;Nota fiscal;01.406.617/0001-74;AGENCIA DE INTEGRACAO EMPRESA ESCOLA LTDA;35859;;1;Completa;Serviço;Despesa orçamentária;2026-08-03;2026-08-03;2026-08-03;32234,68;Não
2260 - FUNDACAO EZEQUIEL DIAS;Nota fiscal;24.638.170/0001-64;DISTRIBUIDORA MENDONCA E MIRANDA LTDA;2402;0;2;Completa - Recebimento definitivo;Consumo;Despesa orçamentária;2026-07-28;2026-07-29;2026-08-03;555,0;Não
2320 - FUNDACAO CENTRO DE HEMATOLOGIA E HEMOTERAPIA DE MG;Nota fiscal;59.456.277/0006-80;ORACLE DO BRASIL SISTEMAS LTDA;4221;;1;Completa;Serviço;Despesa orçamentária;2026-06-23;2026-08-03;2026-08-03;4685,96;Não
1320 - SECRETARIA DE ESTADO DA SAUDE;Outros;33.224.254/0001-42;MGS MINAS GERAIS ADMINISTRACAO E SERVICOS S/A;698249;;1;Completa;Serviço;Despesa orçamentária;2026-07-24;2026-08-03;2026-08-03;2406,67;Não
1710 - SECRETARIA DE ESTADO DE COMUNICACAO SOCIAL;Nota fiscal;05.893.556/0001-78;CLX COMUNICACAO E PUBLICIDADE LTDA;647;;1;Completa;Serviço;Despesa orçamentária;2026-07-21;2026-08-03;2026-08-03;11301,96;Não
2270 - FUNDACAO HOSPITALAR DO ESTADO DE MINAS GERAIS;Nota fiscal;35.820.448/0030-70;WHITE MARTINS GASES INDUSTRIAIS LTDA;22553;635;1;Completa - Recebimento definitivo;Consumo;Despesa orçamentária;2026-07-25;2026-08-03;2026-08-03;160,68;Não
1250 - POLICIA MILITAR DE MINAS GERAIS;Nota fiscal;05.147.907/0001-00;OFICINA MECANICA DINAMICA LTDA - ME;1694;;1;Completa;Serviço;Despesa orçamentária;2026-07-21;2026-08-03;2026-08-03;80,0;Não
2320 - FUNDACAO CENTRO DE HEMATOLOGIA E HEMOTERAPIA DE MG;Nota fiscal;59.456.277/0006-80;ORACLE DO BRASIL SISTEMAS LTDA;4220;;1;Completa;Serviço;Despesa orçamentária;2026-06-23;2026-08-03;2026-08-03;2073,57;Não
1500 - SECRETARIA DE ESTADO DE PLANEJAMENTO E GESTAO;Nota fiscal;16.636.540/0001-04;COMPANHIA DE TECNOLOGIA DA INFORMACAO DO ESTADO DE MINAS GERAIS-PRODEMGE;20266335;;1;Completa;Serviço;Despesa orçamentária;2026-07-28;2026-07-28;2026-08-03;10020,0;Não
1260 - SECRETARIA DE ESTADO DE EDUCACAO;Outros;***.551.176-**;MARIA ENIR DE BRITO NEGRAO;2026170104;;1;Completa;Serviço;Despesa orçamentária;2026-08-03;2026-08-03;2026-08-03;32782,44;Não
2270 - FUNDACAO HOSPITALAR DO ESTADO DE MINAS GERAIS;Nota fiscal;19.400.787/0001-07;QUIBASA QUIMICA BASICA LTDA ;183529;1;1;Completa - Recebimento definitivo;Consumo;Despesa orçamentária;2026-07-31;2026-07-31;2026-08-03;187,2;Não
1090 - PROCURADORIA GERAL DE JUSTICA;Nota fiscal;13.240.986/0001-19;AVP AUDIO & VIDEO PROJETOS E COMERCIO LTDA - ME;352026;900;1;Completa;Serviço;Despesa orçamentária;2026-08-03;2026-08-03;2026-08-03;75000,0;Não
2300 - DEPARTAMENTO DE ESTRADAS DE RODAGEM;Nota fiscal;01.466.431/0001-00;GCT - GERENCIAMENTO E CONTROLE DE TRANSITO S/A;20261474;;1;Completa;Serviço;Despesa orçamentária;2026-07-17;2026-07-21;2026-08-03;2609,18;Não
2270 - FUNDACAO HOSPITALAR DO ESTADO DE MINAS GERAIS;Nota fiscal;05.194.502/0001-14;ALFALAGOS LTDA ;432167;1;1;Completa - Recebimento definitivo;Consumo;Despesa orçamentária;2026-07-29;2026-07-30;2026-08-03;657,46;Não
2270 - FUNDACAO HOSPITALAR DO ESTADO DE MINAS GERAIS;Nota fiscal;35.820.448/0030-70;WHITE MARTINS GASES INDUSTRIAIS LTDA;271;630;1;Completa - Recebimento definitivo;Consumo;Despesa orçamentária;2026-07-27;2026-08-03;2026-08-03;2048,76;Não
1250 - POLICIA MILITAR DE MINAS GERAIS;Outros;07.346.326/0001-14;REPROS SOLUCOES EM TECNOLOGIA LTDA;29002;;1;Completa;Serviço;Despesa orçamentária;2026-03-03;2026-03-03;2026-08-03;1978,7;Não
1710 - SECRETARIA DE ESTADO DE COMUNICACAO SOCIAL;Nota fiscal;05.893.556/0001-78;CLX COMUNICACAO E PUBLICIDADE LTDA;649;;1;Completa;Serviço;Despesa orçamentária;2026-05-19;2026-08-03;2026-08-03;15834,6;Não
1260 - SECRETARIA DE ESTADO DE EDUCACAO;Outros;01.029.518/0001-10;SOCIEDADE ALEM PARAIBANA DE EDUCACAO;52026;;1;Completa;Serviço;Despesa orçamentária;2026-08-03;2026-08-03;2026-08-03;5560,0;Não
2270 - FUNDACAO HOSPITALAR DO ESTADO DE MINAS GERAIS;Nota fiscal;60.665.981/0009-75;UNIAO QUIMICA FARMACEUTICA NACIONAL S A;1104296;;1;Completa - Recebimento definitivo;Consumo;Despesa orçamentária;2026-07-28;2026-08-03;2026-08-03;57,36;Não
1260 - SECRETARIA DE ESTADO DE EDUCACAO;Nota fiscal;33.224.254/0001-42;MGS MINAS GERAIS ADMINISTRACAO E SERVICOS S/A;25664;1;1;Completa;Serviço;Despesa orçamentária;2026-07-22;2026-07-29;2026-08-03;72372,78;Não
1250 - POLICIA MILITAR DE MINAS GERAIS;Outros;07.346.326/0001-14;REPROS SOLUCOES EM TECNOLOGIA LTDA;274;;1;Completa;Serviço;Despesa orçamentária;2026-08-03;2026-08-03;2026-08-03;460,24;Não
2270 - FUNDACAO HOSPITALAR DO ESTADO DE MINAS GERAIS;Nota fiscal;35.820.448/0030-70;WHITE MARTINS GASES INDUSTRIAIS LTDA;15295;636;1;Completa - Recebimento definitivo;Consumo;Despesa orçamentária;2026-07-29;2026-08-03;2026-08-03;220,16;Não
1320 - SECRETARIA DE ESTADO DA SAUDE;Nota fiscal;33.224.254/0001-42;MGS MINAS GERAIS ADMINISTRACAO E SERVICOS S/A;27124;1;1;Completa;Serviço;Despesa orçamentária;2026-07-30;2026-08-03;2026-08-03;19917,2;Não
1080 - ADVOCACIA-GERAL DO ESTADO DE MINAS GERAIS;Nota fiscal;07.432.517/0001-07;SIMPRESS COMERCIO LOCACAO E SERVICOS LTDA;425545;;1;Completa;Serviço;Despesa orçamentária;2026-07-06;2026-08-03;2026-08-03;17615,84;Não
1710 - SECRETARIA DE ESTADO DE COMUNICACAO SOCIAL;Nota fiscal;05.893.556/0001-78;CLX COMUNICACAO E PUBLICIDADE LTDA;650;;1;Completa;Serviço;Despesa orçamentária;2026-07-23;2026-08-03;2026-08-03;13030,2;Não
2270 - FUNDACAO HOSPITALAR DO ESTADO DE MINAS GERAIS;Nota fiscal;21.681.325/0001-57;MULTIFARMA COMERCIO E REPRESENTACOES LTDA.;297276;1;1;Completa - Recebimento definitivo;Consumo;Despesa orçamentária;2026-07-28;2026-07-30;2026-08-03;1220,3;Não
1320 - SECRETARIA DE ESTADO DA SAUDE;Nota fiscal;33.224.254/0001-42;MGS MINAS GERAIS ADMINISTRACAO E SERVICOS S/A;699202;1;1;Completa;Serviço;Despesa orçamentária;2026-07-29;2026-08-03;2026-08-03;1157,72;Não
1710 - SECRETARIA DE ESTADO DE COMUNICACAO SOCIAL;Nota fiscal;18.351.226/0001-00;ORO COMUNICACAO LTDA.;1212;;1;Completa;Serviço;Despesa orçamentária;2026-07-15;2026-08-03;2026-08-03;2180,6;Não
1020 - TRIBUNAL DE CONTAS DO ESTADO DE MINAS GERAIS;Nota fiscal;07.343.712/0001-52;MOBILE COMERCIO E SERVICOS EM TELECOMUNICACOES LTDA;736;;1;Completa;Serviço;Despesa orçamentária;2026-08-01;2026-08-03;2026-08-03;4902,73;Não
2270 - FUNDACAO HOSPITALAR DO ESTADO DE MINAS GERAIS;Nota fiscal;35.820.448/0030-70;WHITE MARTINS GASES INDUSTRIAIS LTDA;273;630;1;Completa - Recebimento definitivo;Consumo;Despesa orçamentária;2026-07-29;2026-08-03;2026-08-03;2449,44;Não
1320 - SECRETARIA DE ESTADO DA SAUDE;Nota fiscal;44.734.671/0022-86;CRISTALIA PRODUTOS QUIMICOS FARMACEUTICOS LTDA;1059637;10;1;Completa - Recebimento definitivo;Consumo;Despesa orçamentária;2026-07-28;2026-08-03;2026-08-03;1447,2;Não
1500 - SECRETARIA DE ESTADO DE PLANEJAMENTO E GESTAO;Nota fiscal;33.224.254/0001-42;MGS MINAS GERAIS ADMINISTRACAO E SERVICOS S/A;26485;10;2;Completa;Serviço;Despesa orçamentária;2026-07-28;2026-07-28;2026-08-03;12365,08;Não
2010 - INST.DE PREVIDENCIA DOS SERVIDORES DO EST.M.GERAIS;Outros;00.627.410/0001-67;SENTINELA IMOVEIS S/C LTDA;72026;;1;Incompleta;Serviço;Despesa orçamentária;2026-08-03;2026-08-03;2026-08-03;2783,0;Não
1710 - SECRETARIA DE ESTADO DE COMUNICACAO SOCIAL;Nota fiscal;18.351.226/0001-00;ORO COMUNICACAO LTDA.;1339;;1;Completa;Serviço;Despesa extra orçamentária;2026-07-28;2026-08-03;2026-08-03;877,8;Não
1080 - ADVOCACIA-GERAL DO ESTADO DE MINAS GERAIS;Nota fiscal;07.432.517/0001-07;SIMPRESS COMERCIO LOCACAO E SERVICOS LTDA;425549;;1;Completa;Serviço;Despesa orçamentária;2026-07-06;2026-08-03;2026-08-03;1429,3;Não
2270 - FUNDACAO HOSPITALAR DO ESTADO DE MINAS GERAIS;Nota fiscal;35.820.448/0030-70;WHITE MARTINS GASES INDUSTRIAIS LTDA;15296;636;1;Completa - Recebimento definitivo;Consumo;Despesa orçamentária;2026-07-29;2026-08-03;2026-08-03;114,97;Não
2270 - FUNDACAO HOSPITALAR DO ESTADO DE MINAS GERAIS;Nota fiscal;12.889.035/0002-93;INOVAMED HOSPITALAR LTDA;75382;1;1;Completa - Recebimento definitivo;Consumo;Despesa orçamentária;2026-07-29;2026-07-31;2026-08-03;4724,8;Não
2270 - FUNDACAO HOSPITALAR DO ESTADO DE MINAS GERAIS;Nota fiscal;60.665.981/0009-75;UNIAO QUIMICA FARMACEUTICA NACIONAL S A;1104330;;1;Completa - Recebimento definitivo;Consumo;Despesa orçamentária;2026-07-29;2026-08-03;2026-08-03;169,18;Não
1050 - TRIBUNAL DE JUSTICA MILITAR DO ESTADO DE M.G.;Nota fiscal;60.310.783/0001-31;INOVE EVENTOS E TREINAMENTOS LTDA;215;1;2;Completa;Serviço;Despesa orçamentária;2026-07-29;2026-07-30;2026-08-03;13226,0;Não
2270 - FUNDACAO HOSPITALAR DO ESTADO DE MINAS GERAIS;Nota fiscal;35.820.448/0030-70;WHITE MARTINS GASES INDUSTRIAIS LTDA;15213;636;1;Completa - Recebimento definitivo;Consumo;Despesa orçamentária;2026-07-20;2026-08-03;2026-08-03;26,78;Não
1710 - SECRETARIA DE ESTADO DE COMUNICACAO SOCIAL;Nota fiscal;19.140.342/0001-35;PERFIL 252 COMUNICACAO COMPLETA LTDA.;1207;;1;Completa;Serviço;Despesa extra orçamentária;2026-07-27;2026-08-03;2026-08-03;14900,0;Não
1260 - SECRETARIA DE ESTADO DE EDUCACAO;Outros;***.461.806-**;LUIZ ANTONIO MANICA;222072026;;2;Completa;Serviço;Despesa orçamentária;2026-08-03;2026-08-03;2026-08-03;23656,42;Não
2310 - UNIVERSIDADE ESTADUAL DE MONTES CLAROS;Nota fiscal;33.224.254/0001-42;MGS MINAS GERAIS ADMINISTRACAO E SERVICOS S/A;202600000027080;;1;Completa;Serviço;Despesa orçamentária;2026-07-30;2026-08-03;2026-08-03;38824,77;Não
1710 - SECRETARIA DE ESTADO DE COMUNICACAO SOCIAL;Nota fiscal;24.172.716/0001-34;FLD S.A.;3625;;1;Completa;Serviço;Despesa extra orçamentária;2026-07-24;2026-08-03;2026-08-03;210,65;Não
2270 - FUNDACAO HOSPITALAR DO ESTADO DE MINAS GERAIS;Nota fiscal;60.665.981/0009-75;UNIAO QUIMICA FARMACEUTICA NACIONAL S A;1104207;;1;Completa - Recebimento definitivo;Consumo;Despesa orçamentária;2026-07-28;2026-08-03;2026-08-03;899,5;Não
2310 - UNIVERSIDADE ESTADUAL DE MONTES CLAROS;Outros;33.224.254/0001-42;MGS MINAS GERAIS ADMINISTRACAO E SERVICOS S/A;699171;;1;Completa;Serviço;Despesa orçamentária;2026-07-29;2026-08-03;2026-08-03;3350,1;Não
2270 - FUNDACAO HOSPITALAR DO ESTADO DE MINAS GERAIS;Nota fiscal;60.665.981/0009-75;UNIAO QUIMICA FARMACEUTICA NACIONAL S A;1104331;;1;Completa - Recebimento definitivo;Consumo;Despesa orçamentária;2026-07-29;2026-08-03;2026-08-03;54,26;Não
2310 - UNIVERSIDADE ESTADUAL DE MONTES CLAROS;Outros;33.224.254/0001-42;MGS MINAS GERAIS ADMINISTRACAO E SERVICOS S/A;699170;;1;Completa;Serviço;Despesa orçamentária;2026-07-29;2026-08-03;2026-08-03;1169,69;Não
1710 - SECRETARIA DE ESTADO DE COMUNICACAO SOCIAL;Nota fiscal;24.172.716/0001-34;FLD S.A.;3641;;1;Completa;Serviço;Despesa extra orçamentária;2026-07-27;2026-08-03;2026-08-03;52115,81;Não
1030 - TRIBUNAL DE JUSTICA DO ESTADO DE MINAS GERAIS;Nota fiscal;03.143.181/0011-75;CAST INFORMATICA S/A;66;;1;Completa;Serviço;Despesa orçamentária;2026-07-31;2026-07-31;2026-08-03;989767,36;Não
2270 - FUNDACAO HOSPITALAR DO ESTADO DE MINAS GERAIS;Nota fiscal;60.665.981/0009-75;UNIAO QUIMICA FARMACEUTICA NACIONAL S A;1104684;;1;Completa - Recebimento definitivo;Consumo;Despesa orçamentária;2026-07-29;2026-08-03;2026-08-03;152,5;Não
1710 - SECRETARIA DE ESTADO DE COMUNICACAO SOCIAL;Nota fiscal;18.351.226/0001-00;ORO COMUNICACAO LTDA.;1331;;1;Completa;Serviço;Despesa orçamentária;2026-07-27;2026-08-03;2026-08-03;171891,28;Não
2270 - FUNDACAO HOSPITALAR DO ESTADO DE MINAS GERAIS;Nota fiscal;60.665.981/0009-75;UNIAO QUIMICA FARMACEUTICA NACIONAL S A;1104322;1;1;Completa - Recebimento definitivo;Consumo;Despesa orçamentária;2026-07-29;2026-08-03;2026-08-03;204,28;Não
1260 - SECRETARIA DE ESTADO DE EDUCACAO;Nota fiscal;33.224.254/0001-42;MGS MINAS GERAIS ADMINISTRACAO E SERVICOS S/A;25665;1;1;Completa;Serviço;Despesa orçamentária;2026-07-22;2026-07-29;2026-08-03;720,41;Não
1260 - SECRETARIA DE ESTADO DE EDUCACAO;Outros;33.224.254/0001-42;MGS MINAS GERAIS ADMINISTRACAO E SERVICOS S/A;697905;;1;Completa;Serviço;Despesa orçamentária;2026-07-22;2026-07-29;2026-08-03;4654,24;Não
1710 - SECRETARIA DE ESTADO DE COMUNICACAO SOCIAL;Nota fiscal;18.351.226/0001-00;ORO COMUNICACAO LTDA.;1336;;1;Completa;Serviço;Despesa orçamentária;2026-07-28;2026-08-03;2026-08-03;854,69;Não
2320 - FUNDACAO CENTRO DE HEMATOLOGIA E HEMOTERAPIA DE MG;Nota fiscal;09.524.545/0001-71;WF TECNOLOGIA CIENTIFICA LTDA;4884;;1;Completa;Serviço;Despesa orçamentária;2026-07-30;2026-08-03;2026-08-03;4140,0;Não
2270 - FUNDACAO HOSPITALAR DO ESTADO DE MINAS GERAIS;Nota fiscal;60.665.981/0009-75;UNIAO QUIMICA FARMACEUTICA NACIONAL S A;1104321;1;1;Completa - Recebimento definitivo;Consumo;Despesa orçamentária;2026-07-29;2026-08-03;2026-08-03;226,63;Não
2270 - FUNDACAO HOSPITALAR DO ESTADO DE MINAS GERAIS;Outros;05.263.842/0001-50;IGC EMPREENDIMENTOS IMOBILIARIOS LTDA;3095;;2;Incompleta;Serviço;Despesa orçamentária;2026-08-03;2026-08-03;2026-08-03;3446,59;Não
2270 - FUNDACAO HOSPITALAR DO ESTADO DE MINAS GERAIS;Nota fiscal;31.495.759/0001-16;SIRIO PHARMA LTDA;22588;;1;Completa - Recebimento definitivo;Consumo;Despesa orçamentária;2026-07-30;2026-08-03;2026-08-03;74,25;Não
1260 - SECRETARIA DE ESTADO DE EDUCACAO;Outros;33.224.254/0001-42;MGS MINAS GERAIS ADMINISTRACAO E SERVICOS S/A;697904;;1;Completa;Serviço;Despesa orçamentária;2026-07-22;2026-07-29;2026-08-03;1090,92;Não
1710 - SECRETARIA DE ESTADO DE COMUNICACAO SOCIAL;Nota fiscal;18.351.226/0001-00;ORO COMUNICACAO LTDA.;1176;;1;Completa;Serviço;Despesa orçamentária;2026-07-13;2026-08-03;2026-08-03;2144,34;Não
1260 - SECRETARIA DE ESTADO DE EDUCACAO;Outros;17.253.253/0001-70;FUNDACAO MINEIRA DE EDUCACAO E CULTURA;81;;1;Completa;Serviço;Despesa orçamentária;2026-07-29;2026-08-03;2026-08-03;113457,32;Não
1710 - SECRETARIA DE ESTADO DE COMUNICACAO SOCIAL;Nota fiscal;24.172.716/0001-34;FLD S.A.;3621;;1;Completa;Serviço;Despesa orçamentária;2026-07-23;2026-08-03;2026-08-03;40576,5;Não
2270 - FUNDACAO HOSPITALAR DO ESTADO DE MINAS GERAIS;Nota fiscal;32.227.070/0001-73;CETUS CONSTRUTORA LTDA;4249;;1;Completa;Serviço;Despesa orçamentária;2026-08-03;2026-08-03;2026-08-03;111439,6;Não
2320 - FUNDACAO CENTRO DE HEMATOLOGIA E HEMOTERAPIA DE MG;Nota fiscal;09.524.545/0001-71;WF TECNOLOGIA CIENTIFICA LTDA;4882;;1;Completa;Serviço;Despesa orçamentária;2026-07-30;2026-08-03;2026-08-03;53820,0;Não
1710 - SECRETARIA DE ESTADO DE COMUNICACAO SOCIAL;Nota fiscal;24.172.716/0001-34;FLD S.A.;3645;;1;Completa;Serviço;Despesa orçamentária;2026-07-27;2026-08-03;2026-08-03;176,2;Não
2270 - FUNDACAO HOSPITALAR DO ESTADO DE MINAS GERAIS;Nota fiscal;11.620.701/0001-40;FILIPE PLOTTER LTDA -ME;433;;1;Completa;Serviço;Despesa orçamentária;2026-08-03;2026-08-03;2026-08-03;25000,0;Não
2270 - FUNDACAO HOSPITALAR DO ESTADO DE MINAS GERAIS;Nota fiscal;32.227.070/0001-73;CETUS CONSTRUTORA LTDA;4249;3;1;Incompleta;Serviço;Despesa orçamentária;2026-08-03;2026-08-03;2026-08-03;11439,6;Não
1710 - SECRETARIA DE ESTADO DE COMUNICACAO SOCIAL;Nota fiscal;24.172.716/0001-34;FLD S.A.;3649;;1;Completa;Serviço;Despesa orçamentária;2026-07-28;2026-08-03;2026-08-03;10824,17;Não
1010 - ASSEMBLEIA LEGISLATIVA DO ESTADO DE MINAS GERAIS;Nota fiscal;01.342.660/0001-13;LIMA DIAS ROUPAS E ACESSORIOS LTDA;2308;1;1;Completa - Recebimento definitivo;Consumo;Despesa orçamentária;2026-07-27;2026-07-31;2026-08-03;10314,4;Não
1710 - SECRETARIA DE ESTADO DE COMUNICACAO SOCIAL;Nota fiscal;24.172.716/0001-34;FLD S.A.;3653;;1;Completa;Serviço;Despesa orçamentária;2026-07-28;2026-08-03;2026-08-03;1196,05;Não
2320 - FUNDACAO CENTRO DE HEMATOLOGIA E HEMOTERAPIA DE MG;Nota fiscal;25.354.812/0001-66;SPECTROLAB TECNOLOGIA CIENTIFICA LTDA;2975;;1;Completa;Serviço;Despesa orçamentária;2026-06-18;2026-08-03;2026-08-03;5865,82;Não
1710 - SECRETARIA DE ESTADO DE COMUNICACAO SOCIAL;Nota fiscal;24.172.716/0001-34;FLD S.A.;3655;;1;Completa;Serviço;Despesa orçamentária;2026-07-28;2026-08-03;2026-08-03;43263,76;Não
1710 - SECRETARIA DE ESTADO DE COMUNICACAO SOCIAL;Nota fiscal;24.172.716/0001-34;FLD S.A.;3661;;1;Completa;Serviço;Despesa orçamentária;2026-07-28;2026-08-03;2026-08-03;155169,2;Não
1710 - SECRETARIA DE ESTADO DE COMUNICACAO SOCIAL;Nota fiscal;18.351.226/0001-00;ORO COMUNICACAO LTDA.;1181;;1;Completa;Serviço;Despesa orçamentária;2026-07-13;2026-08-03;2026-08-03;27354,17;Não
1710 - SECRETARIA DE ESTADO DE COMUNICACAO SOCIAL;Nota fiscal;05.893.556/0001-78;CLX COMUNICACAO E PUBLICIDADE LTDA;652;;1;Completa;Serviço;Despesa orçamentária;2026-07-23;2026-08-03;2026-08-03;11406,08;Não
1710 - SECRETARIA DE ESTADO DE COMUNICACAO SOCIAL;Nota fiscal;05.893.556/0001-78;CLX COMUNICACAO E PUBLICIDADE LTDA;653;;1;Completa;Serviço;Despesa orçamentária;2026-07-23;2026-08-03;2026-08-03;10318,52;Não
1260 - SECRETARIA DE ESTADO DE EDUCACAO;Outros;00.981.069/0001-43;ASSOCIACAO DE PROMOCAO HUMANA DIVINA PROVIDENCIA;944761216;;2;Completa;Serviço;Despesa orçamentária;2026-07-10;2026-07-10;2026-08-03;8860,0;Não
1370 - SECRETARIA ESTADO DE MEIO AMB.DESENV SUSTENTAVEL;Nota fiscal;33.224.254/0001-42;MGS MINAS GERAIS ADMINISTRACAO E SERVICOS S/A;26770;1;1;Completa;Serviço;Despesa orçamentária;2026-07-29;2026-07-31;2026-08-03;436,34;Não
2270 - FUNDACAO HOSPITALAR DO ESTADO DE MINAS GERAIS;Nota fiscal;35.820.448/0030-70;WHITE MARTINS GASES INDUSTRIAIS LTDA;15099;636;2;Completa - Recebimento definitivo;Consumo;Despesa orçamentária;2026-07-06;2026-08-03;2026-08-03;107,12;Não
1540 - ESCOLA DE SAUDE PUBLICA DE MINAS GERAIS;Nota fiscal;24.172.716/0001-34;FLD S.A.;3665;;1;Completa;Serviço;Despesa extra orçamentária;2026-07-28;2026-08-03;2026-08-03;4545,8;Não
1370 - SECRETARIA ESTADO DE MEIO AMB.DESENV SUSTENTAVEL;Nota fiscal;33.224.254/0001-42;MGS MINAS GERAIS ADMINISTRACAO E SERVICOS S/A;26844;2;1;Completa;Serviço;Despesa orçamentária;2026-07-29;2026-07-31;2026-08-03;6395,86;Não
1370 - SECRETARIA ESTADO DE MEIO AMB.DESENV SUSTENTAVEL;Nota fiscal;33.224.254/0001-42;MGS MINAS GERAIS ADMINISTRACAO E SERVICOS S/A;26952;;1;Completa;Serviço;Despesa orçamentária;2026-07-29;2026-07-31;2026-08-03;1279,17;Não
1370 - SECRETARIA ESTADO DE MEIO AMB.DESENV SUSTENTAVEL;Nota fiscal;33.224.254/0001-42;MGS MINAS GERAIS ADMINISTRACAO E SERVICOS S/A;26824;1;1;Completa;Serviço;Despesa orçamentária;2026-07-29;2026-07-31;2026-08-03;6323,8;Não
1370 - SECRETARIA ESTADO DE MEIO AMB.DESENV SUSTENTAVEL;Outros;33.224.254/0001-42;MGS MINAS GERAIS ADMINISTRACAO E SERVICOS S/A;699020;;1;Completa;Serviço;Despesa orçamentária;2026-07-29;2026-07-31;2026-08-03;24,91;Não
2320 - FUNDACAO CENTRO DE HEMATOLOGIA E HEMOTERAPIA DE MG;Nota fiscal;25.354.812/0001-66;SPECTROLAB TECNOLOGIA CIENTIFICA LTDA;2976;;1;Completa;Serviço;Despesa extra orçamentária;2026-06-18;2026-08-03;2026-08-03;376,29;Não
1370 - SECRETARIA ESTADO DE MEIO AMB.DESENV SUSTENTAVEL;Outros;33.224.254/0001-42;MGS MINAS GERAIS ADMINISTRACAO E SERVICOS S/A;699018;;1;Completa;Serviço;Despesa orçamentária;2026-07-29;2026-07-31;2026-08-03;572,67;Não
1370 - SECRETARIA ESTADO DE MEIO AMB.DESENV SUSTENTAVEL;Outros;33.224.254/0001-42;MGS MINAS GERAIS ADMINISTRACAO E SERVICOS S/A;699021;;1;Completa;Serviço;Despesa orçamentária;2026-07-29;2026-07-31;2026-08-03;124,5;Não
1370 - SECRETARIA ESTADO DE MEIO AMB.DESENV SUSTENTAVEL;Outros;33.224.254/0001-42;MGS MINAS GERAIS ADMINISTRACAO E SERVICOS S/A;699012;;1;Completa;Serviço;Despesa orçamentária;2026-07-29;2026-07-31;2026-08-03;572,67;Não
2320 - FUNDACAO CENTRO DE HEMATOLOGIA E HEMOTERAPIA DE MG;Nota fiscal;25.354.812/0001-66;SPECTROLAB TECNOLOGIA CIENTIFICA LTDA;2972;;1;Completa;Serviço;Despesa extra orçamentária;2026-06-18;2026-08-03;2026-08-03;4927,91;Não
1370 - SECRETARIA ESTADO DE MEIO AMB.DESENV SUSTENTAVEL;Outros;33.224.254/0001-42;MGS MINAS GERAIS ADMINISTRACAO E SERVICOS S/A;699019;;1;Completa;Serviço;Despesa orçamentária;2026-07-29;2026-07-31;2026-08-03;181,82;Não
1370 - SECRETARIA ESTADO DE MEIO AMB.DESENV SUSTENTAVEL;Outros;33.224.254/0001-42;MGS MINAS GERAIS ADMINISTRACAO E SERVICOS S/A;699022;;1;Completa;Serviço;Despesa orçamentária;2026-07-29;2026-07-31;2026-08-03;181,82;Não
1370 - SECRETARIA ESTADO DE MEIO AMB.DESENV SUSTENTAVEL;Outros;33.224.254/0001-42;MGS MINAS GERAIS ADMINISTRACAO E SERVICOS S/A;699013;;1;Completa;Serviço;Despesa orçamentária;2026-07-29;2026-07-31;2026-08-03;181,82;Não
1400 - CORPO DE BOMBEIROS MILITAR DE MINAS GERAIS;Nota fiscal;18.152.404/0001-66;MAQNETE COMERCIO E SERVICOS LTDA -ME;5883;1;1;Completa - Recebimento definitivo;Consumo;Despesa orçamentária;2026-07-27;2026-08-03;2026-08-04;1197,0;Não
2270 - FUNDACAO HOSPITALAR DO ESTADO DE MINAS GERAIS;Nota fiscal;44.734.671/0022-86;CRISTALIA PRODUTOS QUIMICOS FARMACEUTICOS LTDA;1049968;;1;Completa - Recebimento definitivo;Consumo;Despesa orçamentária;2026-07-18;2026-07-30;2026-08-04;366,0;Não
2010 - INST.DE PREVIDENCIA DOS SERVIDORES DO EST.M.GERAIS;Outros;***.917.816-**;MARIA DA GLORIA VIEIRA DOS SANTOS;72026;;1;Completa;Serviço;Despesa orçamentária;2026-07-31;2026-08-03;2026-08-04;1730,0;Não
2270 - FUNDACAO HOSPITALAR DO ESTADO DE MINAS GERAIS;Nota fiscal;44.734.671/0022-86;CRISTALIA PRODUTOS QUIMICOS FARMACEUTICOS LTDA;1053278;;1;Completa - Recebimento definitivo;Consumo;Despesa orçamentária;2026-07-22;2026-07-28;2026-08-04;2160,0;Não
2270 - FUNDACAO HOSPITALAR DO ESTADO DE MINAS GERAIS;Nota fiscal;35.820.448/0030-70;WHITE MARTINS GASES INDUSTRIAIS LTDA;2888;688;1;Completa - Recebimento definitivo;Consumo;Despesa orçamentária;2026-07-28;2026-08-03;2026-08-04;1663,04;Não
2350 - UNIVERSIDADE DO ESTADO DE MINAS GERAIS;Outros;33.224.254/0001-42;MGS MINAS GERAIS ADMINISTRACAO E SERVICOS S/A;202625845;;1;Completa;Serviço;Despesa orçamentária;2026-07-23;2026-07-23;2026-08-04;2343,8;Não
2270 - FUNDACAO HOSPITALAR DO ESTADO DE MINAS GERAIS;Nota fiscal;33.224.254/0001-42;MGS MINAS GERAIS ADMINISTRACAO E SERVICOS S/A;26693;1;1;Completa;Serviço;Despesa orçamentária;2026-07-29;2026-08-04;2026-08-04;26987,32;Não
2270 - FUNDACAO HOSPITALAR DO ESTADO DE MINAS GERAIS;Nota fiscal;44.734.671/0022-86;CRISTALIA PRODUTOS QUIMICOS FARMACEUTICOS LTDA;1049966;;1;Completa - Recebimento definitivo;Consumo;Despesa orçamentária;2026-07-18;2026-07-21;2026-08-04;2363,4;Não
2270 - FUNDACAO HOSPITALAR DO ESTADO DE MINAS GERAIS;Nota fiscal;35.820.448/0030-70;WHITE MARTINS GASES INDUSTRIAIS LTDA;4809;686;1;Completa - Recebimento definitivo;Consumo;Despesa orçamentária;2026-07-24;2026-08-04;2026-08-04;1552,96;Não
2270 - FUNDACAO HOSPITALAR DO ESTADO DE MINAS GERAIS;Nota fiscal;12.927.876/0001-67;SOMA/MG PRODUTOS HOSPITALARES LTDA;381916;1;1;Completa - Recebimento definitivo;Consumo;Despesa orçamentária;2026-07-23;2026-07-28;2026-08-04;320,0;Não
2270 - FUNDACAO HOSPITALAR DO ESTADO DE MINAS GERAIS;Nota fiscal;33.224.254/0001-42;MGS MINAS GERAIS ADMINISTRACAO E SERVICOS S/A;26693;2;1;Completa;Serviço;Despesa orçamentária;2026-07-29;2026-08-04;2026-08-04;4143,04;Não
2270 - FUNDACAO HOSPITALAR DO ESTADO DE MINAS GERAIS;Nota fiscal;44.734.671/0022-86;CRISTALIA PRODUTOS QUIMICOS FARMACEUTICOS LTDA;1059359;1;1;Completa - Recebimento definitivo;Consumo;Despesa orçamentária;2026-07-28;2026-08-03;2026-08-04;91,2;Não
1540 - ESCOLA DE SAUDE PUBLICA DE MINAS GERAIS;Outros;***.638.986-**;MARCELA MANSUR GOMIDES LIMA;9496711;7;1;Completa;Serviço;Despesa orçamentária;2026-07-09;2026-07-09;2026-08-04;3200,0;Não
2270 - FUNDACAO HOSPITALAR DO ESTADO DE MINAS GERAIS;Nota fiscal;44.734.671/0022-86;CRISTALIA PRODUTOS QUIMICOS FARMACEUTICOS LTDA;1050640;;1;Completa - Recebimento definitivo;Consumo;Despesa orçamentária;2026-07-18;2026-07-28;2026-08-04;3420,0;Não
2270 - FUNDACAO HOSPITALAR DO ESTADO DE MINAS GERAIS;Nota fiscal;33.224.254/0001-42;MGS MINAS GERAIS ADMINISTRACAO E SERVICOS S/A;26696;3;1;Completa;Serviço;Despesa orçamentária;2026-07-29;2026-08-04;2026-08-04;20563,7;Não
2270 - FUNDACAO HOSPITALAR DO ESTADO DE MINAS GERAIS;Nota fiscal;33.224.254/0001-42;MGS MINAS GERAIS ADMINISTRACAO E SERVICOS S/A;26694;4;1;Completa;Serviço;Despesa orçamentária;2026-07-29;2026-08-04;2026-08-04;4903,29;Não
2350 - UNIVERSIDADE DO ESTADO DE MINAS GERAIS;Outros;33.224.254/0001-42;MGS MINAS GERAIS ADMINISTRACAO E SERVICOS S/A;202625182;;1;Completa;Serviço;Despesa orçamentária;2026-07-16;2026-07-16;2026-08-04;4808,15;Não
2270 - FUNDACAO HOSPITALAR DO ESTADO DE MINAS GERAIS;Nota fiscal;44.734.671/0022-86;CRISTALIA PRODUTOS QUIMICOS FARMACEUTICOS LTDA;1049970;;1;Completa - Recebimento definitivo;Consumo;Despesa orçamentária;2026-07-18;2026-07-21;2026-08-04;1537,55;Não
2270 - FUNDACAO HOSPITALAR DO ESTADO DE MINAS GERAIS;Nota fiscal;33.224.254/0001-42;MGS MINAS GERAIS ADMINISTRACAO E SERVICOS S/A;26693;5;1;Completa;Serviço;Despesa orçamentária;2026-07-29;2026-08-04;2026-08-04;59352,01;Não
2270 - FUNDACAO HOSPITALAR DO ESTADO DE MINAS GERAIS;Nota fiscal;00.583.890/0001-01;FAMAP NUTRICAO PARENTERAL LTDA;412969;;1;Completa - Recebimento definitivo;Consumo;Despesa extra orçamentária;2024-05-18;2024-05-18;2026-08-04;1492,94;Não
2270 - FUNDACAO HOSPITALAR DO ESTADO DE MINAS GERAIS;Nota fiscal;33.224.254/0001-42;MGS MINAS GERAIS ADMINISTRACAO E SERVICOS S/A;699179;26;1;Completa;Serviço;Despesa orçamentária;2026-07-29;2026-08-04;2026-08-04;21041,07;Não
2270 - FUNDACAO HOSPITALAR DO ESTADO DE MINAS GERAIS;Nota fiscal;44.734.671/0022-86;CRISTALIA PRODUTOS QUIMICOS FARMACEUTICOS LTDA;1049969;;1;Completa - Recebimento definitivo;Consumo;Despesa orçamentária;2026-07-18;2026-07-30;2026-08-04;2040,0;Não
2270 - FUNDACAO HOSPITALAR DO ESTADO DE MINAS GERAIS;Nota fiscal;44.734.671/0022-86;CRISTALIA PRODUTOS QUIMICOS FARMACEUTICOS LTDA;1062133;1;1;Completa - Recebimento definitivo;Consumo;Despesa orçamentária;2026-07-30;2026-08-03;2026-08-04;150,0;Não
2270 - FUNDACAO HOSPITALAR DO ESTADO DE MINAS GERAIS;Nota fiscal;33.224.254/0001-42;MGS MINAS GERAIS ADMINISTRACAO E SERVICOS S/A;699180;26;1;Completa;Serviço;Despesa orçamentária;2026-07-29;2026-08-04;2026-08-04;5648,45;Não
1400 - CORPO DE BOMBEIROS MILITAR DE MINAS GERAIS;Nota fiscal;03.438.229/0001-09;FUNDACAO EUCLIDES DA CUNHA DE APOIO INSTITUCIONAL A UFF;539;E;1;Completa;Serviço;Despesa orçamentária;2026-08-03;2026-08-03;2026-08-04;12726,0;Não
2270 - FUNDACAO HOSPITALAR DO ESTADO DE MINAS GERAIS;Nota fiscal;00.583.890/0001-01;FAMAP NUTRICAO PARENTERAL LTDA;414401;;1;Completa - Recebimento definitivo;Consumo;Despesa extra orçamentária;2024-05-30;2024-05-30;2026-08-04;1110,47;Não
2270 - FUNDACAO HOSPITALAR DO ESTADO DE MINAS GERAIS;Nota fiscal;33.224.254/0001-42;MGS MINAS GERAIS ADMINISTRACAO E SERVICOS S/A;26848;26;1;Completa;Serviço;Despesa orçamentária;2026-07-29;2026-08-04;2026-08-04;1631,52;Não
2300 - DEPARTAMENTO DE ESTRADAS DE RODAGEM;Nota fiscal;19.758.842/0001-35;LCM CONSTRUCAO E COMERCIO S.A;20266274;;1;Completa;Serviço;Despesa orçamentária;2026-08-04;2026-08-04;2026-08-04;925124,0;Não
2270 - FUNDACAO HOSPITALAR DO ESTADO DE MINAS GERAIS;Nota fiscal;33.224.254/0001-42;MGS MINAS GERAIS ADMINISTRACAO E SERVICOS S/A;26849;26;1;Completa;Serviço;Despesa orçamentária;2026-07-29;2026-08-04;2026-08-04;244219,65;Não
2270 - FUNDACAO HOSPITALAR DO ESTADO DE MINAS GERAIS;Nota fiscal;33.224.254/0001-42;MGS MINAS GERAIS ADMINISTRACAO E SERVICOS S/A;26693;6;1;Completa;Serviço;Despesa orçamentária;2026-07-29;2026-08-04;2026-08-04;4558,1;Não
2270 - FUNDACAO HOSPITALAR DO ESTADO DE MINAS GERAIS;Nota fiscal;00.583.890/0001-01;FAMAP NUTRICAO PARENTERAL LTDA;415033;;1;Completa - Recebimento definitivo;Consumo;Despesa extra orçamentária;2024-06-05;2024-06-05;2026-08-04;906,72;Não
1190 - SECRETARIA DE ESTADO DE FAZENDA DE MINAS GERAIS;Nota fiscal;01.548.339/0001-90;SERTA SERVICOS TECNICOS E ADMINISTRATIVOS LTDA - EM RECUPERACAO JUDICIAL;6967;;1;Completa;Serviço;Despesa orçamentária;2026-08-03;2026-08-04;2026-08-04;315,69;Não
1190 - SECRETARIA DE ESTADO DE FAZENDA DE MINAS GERAIS;Nota fiscal;01.548.339/0001-90;SERTA SERVICOS TECNICOS E ADMINISTRATIVOS LTDA - EM RECUPERACAO JUDICIAL;6968;;1;Completa;Serviço;Despesa orçamentária;2026-08-03;2026-08-04;2026-08-04;3994,28;Não
1500 - SECRETARIA DE ESTADO DE PLANEJAMENTO E GESTAO;Nota fiscal;33.224.254/0001-42;MGS MINAS GERAIS ADMINISTRACAO E SERVICOS S/A;202626315;1;2;Completa;Serviço;Despesa orçamentária;2026-07-26;2026-07-30;2026-08-04;5906,7;Não
2270 - FUNDACAO HOSPITALAR DO ESTADO DE MINAS GERAIS;Nota fiscal;33.224.254/0001-42;MGS MINAS GERAIS ADMINISTRACAO E SERVICOS S/A;26693;7;1;Completa;Serviço;Despesa orçamentária;2026-07-29;2026-08-04;2026-08-04;166069,4;Não
2270 - FUNDACAO HOSPITALAR DO ESTADO DE MINAS GERAIS;Nota fiscal;33.224.254/0001-42;MGS MINAS GERAIS ADMINISTRACAO E SERVICOS S/A;26939;;1;Completa;Serviço;Despesa orçamentária;2026-07-29;2026-08-03;2026-08-04;767885,11;Não
1190 - SECRETARIA DE ESTADO DE FAZENDA DE MINAS GERAIS;Nota fiscal;01.548.339/0001-90;SERTA SERVICOS TECNICOS E ADMINISTRATIVOS LTDA - EM RECUPERACAO JUDICIAL;6964;;1;Completa;Serviço;Despesa orçamentária;2026-08-03;2026-08-04;2026-08-04;628,96;Não
1190 - SECRETARIA DE ESTADO DE FAZENDA DE MINAS GERAIS;Nota fiscal;01.548.339/0001-90;SERTA SERVICOS TECNICOS E ADMINISTRATIVOS LTDA - EM RECUPERACAO JUDICIAL;6965;;1;Completa;Serviço;Despesa orçamentária;2026-08-03;2026-08-04;2026-08-04;1131,25;Não
2270 - FUNDACAO HOSPITALAR DO ESTADO DE MINAS GERAIS;Nota fiscal;65.333.577/0001-60;MINAS MEDICAL LTDA;298908;1;1;Completa - Recebimento definitivo;Consumo;Despesa orçamentária;2026-07-29;2026-08-03;2026-08-04;5420,0;Não
1190 - SECRETARIA DE ESTADO DE FAZENDA DE MINAS GERAIS;Nota fiscal;01.548.339/0001-90;SERTA SERVICOS TECNICOS E ADMINISTRATIVOS LTDA - EM RECUPERACAO JUDICIAL;6966;;1;Completa;Serviço;Despesa orçamentária;2026-08-03;2026-08-04;2026-08-04;368,21;Não
1490 - SECRETARIA DE ESTADO DE GOVERNO;Nota fiscal;12.685.506/0001-60;PRONTO EVENTOS TECNOLOGIA E INTEGRACAO LTDA;3342;1;1;Completa;Serviço;Despesa orçamentária;2026-07-08;2026-07-08;2026-08-04;11695,71;Não
2270 - FUNDACAO HOSPITALAR DO ESTADO DE MINAS GERAIS;Nota fiscal;12.889.035/0002-93;INOVAMED HOSPITALAR LTDA;75347;1;1;Completa - Recebimento definitivo;Consumo;Despesa orçamentária;2026-07-29;2026-08-03;2026-08-04;192,36;Não
2010 - INST.DE PREVIDENCIA DOS SERVIDORES DO EST.M.GERAIS;Nota fiscal;10.884.060/0001-78;AOX COMERCIO DE IMPLANTES CIRURGICOS LTDA;8187;1;1;Completa - Recebimento definitivo;Consumo;Despesa orçamentária;2026-07-31;2026-08-03;2026-08-04;91,76;Não
2120 - INST.PREV.DOS SERV.MILITARES DO ESTADO M.GERAIS;Nota fiscal;06.122.184/0001-49;ATEST CONSULTORIA ATUARIAL LTDA;133;;1;Completa;Serviço;Despesa orçamentária;2026-08-03;2026-08-03;2026-08-04;1121,83;Não
1490 - SECRETARIA DE ESTADO DE GOVERNO;Nota fiscal;12.685.506/0001-60;PRONTO EVENTOS TECNOLOGIA E INTEGRACAO LTDA;3343;1;1;Completa;Serviço;Despesa orçamentária;2026-07-08;2026-07-08;2026-08-04;145412,64;Não
1190 - SECRETARIA DE ESTADO DE FAZENDA DE MINAS GERAIS;Nota fiscal;01.548.339/0001-90;SERTA SERVICOS TECNICOS E ADMINISTRATIVOS LTDA - EM RECUPERACAO JUDICIAL;6969;;1;Completa;Serviço;Despesa orçamentária;2026-08-03;2026-08-04;2026-08-04;54747,89;Não
2010 - INST.DE PREVIDENCIA DOS SERVIDORES DO EST.M.GERAIS;Nota fiscal;10.884.060/0001-78;AOX COMERCIO DE IMPLANTES CIRURGICOS LTDA;8189;1;1;Completa - Recebimento definitivo;Consumo;Despesa orçamentária;2026-07-31;2026-08-03;2026-08-04;385,46;Não
2270 - FUNDACAO HOSPITALAR DO ESTADO DE MINAS GERAIS;Nota fiscal;21.681.325/0001-57;MULTIFARMA COMERCIO E REPRESENTACOES LTDA.;297036;;1;Completa - Recebimento definitivo;Consumo;Despesa orçamentária;2026-07-25;2026-07-29;2026-08-04;161,0;Não
1540 - ESCOLA DE SAUDE PUBLICA DE MINAS GERAIS;Outros;***.927.497-**;LETICIA DE ALMEIDA SILVA;9497610;7;1;Completa;Serviço;Despesa orçamentária;2026-07-09;2026-07-09;2026-08-04;1280,0;Não
1490 - SECRETARIA DE ESTADO DE GOVERNO;Nota fiscal;12.685.506/0001-60;PRONTO EVENTOS TECNOLOGIA E INTEGRACAO LTDA;3344;1;1;Completa;Serviço;Despesa orçamentária;2026-07-08;2026-07-08;2026-08-04;3712,88;Não
2300 - DEPARTAMENTO DE ESTRADAS DE RODAGEM;Nota fiscal;06.981.180/0001-16;CEMIG DISTRIBUICAO S.A.;415623768;;1;Completa;Serviço;Despesa orçamentária;2026-07-31;2026-08-03;2026-08-04;1070,75;Não
2010 - INST.DE PREVIDENCIA DOS SERVIDORES DO EST.M.GERAIS;Nota fiscal;10.884.060/0001-78;AOX COMERCIO DE IMPLANTES CIRURGICOS LTDA;8185;1;1;Completa - Recebimento definitivo;Consumo;Despesa orçamentária;2026-07-31;2026-08-03;2026-08-04;22,94;Não
1190 - SECRETARIA DE ESTADO DE FAZENDA DE MINAS GERAIS;Nota fiscal;01.548.339/0001-90;SERTA SERVICOS TECNICOS E ADMINISTRATIVOS LTDA - EM RECUPERACAO JUDICIAL;6974;;1;Completa;Serviço;Despesa orçamentária;2026-08-03;2026-08-04;2026-08-04;4321,26;Não
2010 - INST.DE PREVIDENCIA DOS SERVIDORES DO EST.M.GERAIS;Nota fiscal;10.884.060/0001-78;AOX COMERCIO DE IMPLANTES CIRURGICOS LTDA;8191;1;1;Completa - Recebimento definitivo;Consumo;Despesa orçamentária;2026-07-31;2026-08-03;2026-08-04;209,92;Não
2440 - AG. REG. DE SANEAMENTO E ENERGIA DO ESTADO DE MG.;Nota fiscal;33.224.254/0001-42;MGS MINAS GERAIS ADMINISTRACAO E SERVICOS S/A;202626624;;1;Completa;Serviço;Despesa orçamentária;2026-08-04;2026-08-04;2026-08-04;1814,92;Não
1260 - SECRETARIA DE ESTADO DE EDUCACAO;Nota fiscal;05.340.639/0001-30;PRIME CONSULTORIA E ASSESSORIA EMPRESARIAL LTDA;376208;;1;Completa;Serviço;Despesa orçamentária;2026-08-01;2026-08-03;2026-08-04;54855,38;Não
2270 - FUNDACAO HOSPITALAR DO ESTADO DE MINAS GERAIS;Nota fiscal;21.681.325/0001-57;MULTIFARMA COMERCIO E REPRESENTACOES LTDA.;297034;;1;Completa - Recebimento definitivo;Consumo;Despesa orçamentária;2026-07-25;2026-07-29;2026-08-04;480,1;Não
1190 - SECRETARIA DE ESTADO DE FAZENDA DE MINAS GERAIS;Nota fiscal;01.548.339/0001-90;SERTA SERVICOS TECNICOS E ADMINISTRATIVOS LTDA - EM RECUPERACAO JUDICIAL;6972;;1;Completa;Serviço;Despesa orçamentária;2026-08-03;2026-08-04;2026-08-04;1983,65;Não
1260 - SECRETARIA DE ESTADO DE EDUCACAO;Outros;23.156.201/0001-88;IMOBILIARIA LIDERANCA LTDA;72026;;1;Completa;Serviço;Despesa orçamentária;2026-07-21;2026-07-21;2026-08-04;8738,75;Não
2270 - FUNDACAO HOSPITALAR DO ESTADO DE MINAS GERAIS;Nota fiscal;00.583.890/0001-01;FAMAP NUTRICAO PARENTERAL LTDA;406113;;2;Completa - Recebimento definitivo;Consumo;Despesa extra orçamentária;2024-03-19;2024-03-19;2026-08-04;3822,91;Não
1190 - SECRETARIA DE ESTADO DE FAZENDA DE MINAS GERAIS;Nota fiscal;01.548.339/0001-90;SERTA SERVICOS TECNICOS E ADMINISTRATIVOS LTDA - EM RECUPERACAO JUDICIAL;6975;;1;Completa;Serviço;Despesa orçamentária;2026-08-03;2026-08-04;2026-08-04;155,28;Não
2010 - INST.DE PREVIDENCIA DOS SERVIDORES DO EST.M.GERAIS;Nota fiscal;10.884.060/0001-78;AOX COMERCIO DE IMPLANTES CIRURGICOS LTDA;8193;1;1;Completa - Recebimento definitivo;Consumo;Despesa orçamentária;2026-07-31;2026-08-03;2026-08-04;91,76;Não
2270 - FUNDACAO HOSPITALAR DO ESTADO DE MINAS GERAIS;Nota fiscal;33.224.254/0001-42;MGS MINAS GERAIS ADMINISTRACAO E SERVICOS S/A;26693;A;1;Completa;Serviço;Despesa orçamentária;2026-07-29;2026-08-04;2026-08-04;14068,26;Não
2440 - AG. REG. DE SANEAMENTO E ENERGIA DO ESTADO DE MG.;Nota fiscal;33.224.254/0001-42;MGS MINAS GERAIS ADMINISTRACAO E SERVICOS S/A;202626624;1;1;Completa;Serviço;Despesa orçamentária;2026-08-04;2026-08-04;2026-08-04;20281,15;Não
1190 - SECRETARIA DE ESTADO DE FAZENDA DE MINAS GERAIS;Nota fiscal;01.548.339/0001-90;SERTA SERVICOS TECNICOS E ADMINISTRATIVOS LTDA - EM RECUPERACAO JUDICIAL;6973;;1;Completa;Serviço;Despesa orçamentária;2026-08-03;2026-08-04;2026-08-04;1364,32;Não
1510 - POLICIA CIVIL DO ESTADO DE MINAS GERAIS;Nota fiscal;16.630.743/0001-85;ELIABE DO NASCIMENTO LUIZ;271;;1;Completa;Serviço;Despesa orçamentária;2026-07-28;2026-07-29;2026-08-04;2338,96;Não
2010 - INST.DE PREVIDENCIA DOS SERVIDORES DO EST.M.GERAIS;Nota fiscal;10.884.060/0001-78;AOX COMERCIO DE IMPLANTES CIRURGICOS LTDA;8195;1;1;Completa - Recebimento definitivo;Consumo;Despesa orçamentária;2026-07-31;2026-08-03;2026-08-04;91,76;Não
1450 - SECRETARIA DE ESTADO DE JUSTICA E SEGURANCA PUBLIC;Nota fiscal;08.624.977/0001-91;TERRAVIVA AMBIENTAL LTDA;8883;;2;Completa;Serviço;Despesa orçamentária;2026-07-10;2026-07-10;2026-08-04;315,08;Não
1250 - POLICIA MILITAR DE MINAS GERAIS;Nota fiscal;14.323.297/0001-30;ORTHOVIDA INDUSTRIA E NEGOCIOS DIGITAIS LTDA;38301;1;1;Completa - Recebimento definitivo;Consumo;Despesa orçamentária;2026-07-20;2026-08-04;2026-08-04;4548,99;Não
2270 - FUNDACAO HOSPITALAR DO ESTADO DE MINAS GERAIS;Nota fiscal;33.224.254/0001-42;MGS MINAS GERAIS ADMINISTRACAO E SERVICOS S/A;26694;B;1;Completa;Serviço;Despesa orçamentária;2026-07-29;2026-08-04;2026-08-04;1943,81;Não
2270 - FUNDACAO HOSPITALAR DO ESTADO DE MINAS GERAIS;Nota fiscal;21.681.325/0001-57;MULTIFARMA COMERCIO E REPRESENTACOES LTDA.;297042;;1;Completa - Recebimento definitivo;Consumo;Despesa orçamentária;2026-07-25;2026-07-29;2026-08-04;85690,0;Não
2320 - FUNDACAO CENTRO DE HEMATOLOGIA E HEMOTERAPIA DE MG;Nota fiscal;00.822.938/0001-97;ELEVADORES MODULO LTDA -ME;342;;1;Completa;Serviço;Despesa orçamentária;2026-08-03;2026-08-04;2026-08-04;450,0;Não
1260 - SECRETARIA DE ESTADO DE EDUCACAO;Nota fiscal;16.673.998/0001-25;SUPERINTENDENCIA DE LIMPEZA URBANA;326221583664;;1;Completa;Serviço;Despesa orçamentária;2026-08-04;2026-08-04;2026-08-04;1698,37;Não
1190 - SECRETARIA DE ESTADO DE FAZENDA DE MINAS GERAIS;Nota fiscal;01.548.339/0001-90;SERTA SERVICOS TECNICOS E ADMINISTRATIVOS LTDA - EM RECUPERACAO JUDICIAL;6971;;1;Completa;Serviço;Despesa orçamentária;2026-08-03;2026-08-04;2026-08-04;914,72;Não
2010 - INST.DE PREVIDENCIA DOS SERVIDORES DO EST.M.GERAIS;Nota fiscal;00.539.054/0001-20;MAURICIO JOSE GOMIDE & CIA LTDA;72026;1;1;Completa;Serviço;Despesa orçamentária;2026-08-04;2026-08-04;2026-08-04;1683,68;Não
2010 - INST.DE PREVIDENCIA DOS SERVIDORES DO EST.M.GERAIS;Nota fiscal;10.884.060/0001-78;AOX COMERCIO DE IMPLANTES CIRURGICOS LTDA;8163;1;1;Completa - Recebimento definitivo;Consumo;Despesa orçamentária;2026-07-14;2026-08-03;2026-08-04;45,88;Não
2270 - FUNDACAO HOSPITALAR DO ESTADO DE MINAS GERAIS;Nota fiscal;33.224.254/0001-42;MGS MINAS GERAIS ADMINISTRACAO E SERVICOS S/A;26693;C;1;Completa;Serviço;Despesa orçamentária;2026-07-29;2026-08-04;2026-08-04;23923,14;Não
1190 - SECRETARIA DE ESTADO DE FAZENDA DE MINAS GERAIS;Nota fiscal;01.548.339/0001-90;SERTA SERVICOS TECNICOS E ADMINISTRATIVOS LTDA - EM RECUPERACAO JUDICIAL;6970;;1;Completa;Serviço;Despesa orçamentária;2026-08-03;2026-08-04;2026-08-04;874,86;Não
2260 - FUNDACAO EZEQUIEL DIAS;Nota fiscal;24.638.170/0001-64;DISTRIBUIDORA MENDONCA E MIRANDA LTDA;2403;0;1;Completa - Recebimento definitivo;Consumo;Despesa orçamentária;2026-07-28;2026-07-29;2026-08-04;2058,84;Não
1250 - POLICIA MILITAR DE MINAS GERAIS;Nota fiscal;55.103.526/0001-99;MAIS COMERCIO E ASSESSORIA LTDA;629;1;1;Completa - Recebimento definitivo;Consumo;Despesa orçamentária;2026-07-22;2026-08-04;2026-08-04;380,98;Não
1320 - SECRETARIA DE ESTADO DA SAUDE;Nota fiscal;81.706.251/0001-98;PROMEFARMA MEDICAMENTOS E PRODUTOS HOSPITALARES LTDA;177578;2;1;Completa - Recebimento definitivo;Consumo;Despesa orçamentária;2026-07-13;2026-07-28;2026-08-04;71,82;Não
2270 - FUNDACAO HOSPITALAR DO ESTADO DE MINAS GERAIS;Nota fiscal;33.224.254/0001-42;MGS MINAS GERAIS ADMINISTRACAO E SERVICOS S/A;26695;D;1;Completa;Serviço;Despesa orçamentária;2026-07-29;2026-08-04;2026-08-04;15523,93;Não
2440 - AG. REG. DE SANEAMENTO E ENERGIA DO ESTADO DE MG.;Nota fiscal;33.224.254/0001-42;MGS MINAS GERAIS ADMINISTRACAO E SERVICOS S/A;202626624;3;1;Completa;Serviço;Despesa orçamentária;2026-08-04;2026-08-04;2026-08-04;22197,15;Não
2010 - INST.DE PREVIDENCIA DOS SERVIDORES DO EST.M.GERAIS;Nota fiscal;10.884.060/0001-78;AOX COMERCIO DE IMPLANTES CIRURGICOS LTDA;8192;1;1;Completa - Recebimento definitivo;Consumo;Despesa orçamentária;2026-07-31;2026-08-03;2026-08-04;45,88;Não
1190 - SECRETARIA DE ESTADO DE FAZENDA DE MINAS GERAIS;Nota fiscal;01.548.339/0001-90;SERTA SERVICOS TECNICOS E ADMINISTRATIVOS LTDA - EM RECUPERACAO JUDICIAL;20266942;;1;Completa;Serviço;Despesa orçamentária;2026-07-28;2026-08-04;2026-08-04;1082,87;Não
2270 - FUNDACAO HOSPITALAR DO ESTADO DE MINAS GERAIS;Nota fiscal;12.889.035/0001-02;INOVAMED HOSPITALAR LTDA;480295;;1;Completa - Recebimento definitivo;Consumo;Despesa orçamentária;2026-07-16;2026-07-22;2026-08-04;116,8;Não
1320 - SECRETARIA DE ESTADO DA SAUDE;Nota fiscal;33.224.254/0001-42;MGS MINAS GERAIS ADMINISTRACAO E SERVICOS S/A;26796;1;1;Completa;Serviço;Despesa orçamentária;2026-07-29;2026-08-03;2026-08-04;60848,02;Não
1320 - SECRETARIA DE ESTADO DA SAUDE;Nota fiscal;81.706.251/0001-98;PROMEFARMA MEDICAMENTOS E PRODUTOS HOSPITALARES LTDA;177579;2;1;Completa - Recebimento definitivo;Consumo;Despesa orçamentária;2026-07-13;2026-07-28;2026-08-04;549,0;Não
2270 - FUNDACAO HOSPITALAR DO ESTADO DE MINAS GERAIS;Nota fiscal;33.224.254/0001-42;MGS MINAS GERAIS ADMINISTRACAO E SERVICOS S/A;26696;E;1;Completa;Serviço;Despesa orçamentária;2026-07-29;2026-08-04;2026-08-04;27156,3;Não
1190 - SECRETARIA DE ESTADO DE FAZENDA DE MINAS GERAIS;Nota fiscal;01.548.339/0001-90;SERTA SERVICOS TECNICOS E ADMINISTRATIVOS LTDA - EM RECUPERACAO JUDICIAL;20266950;;1;Completa;Serviço;Despesa orçamentária;2026-07-29;2026-08-04;2026-08-04;14745,67;Não
1400 - CORPO DE BOMBEIROS MILITAR DE MINAS GERAIS;Nota fiscal;13.802.791/0001-15;AUTO MECANICA MULT CAR LTDA;8500;;1;Completa;Serviço;Despesa orçamentária;2026-08-03;2026-08-03;2026-08-04;144,28;Não
2010 - INST.DE PREVIDENCIA DOS SERVIDORES DO EST.M.GERAIS;Nota fiscal;10.884.060/0001-78;AOX COMERCIO DE IMPLANTES CIRURGICOS LTDA;8178;1;1;Completa - Recebimento definitivo;Consumo;Despesa orçamentária;2026-07-21;2026-08-03;2026-08-04;719,21;Não
1450 - SECRETARIA DE ESTADO DE JUSTICA E SEGURANCA PUBLIC;Nota fiscal;08.624.977/0001-91;TERRAVIVA AMBIENTAL LTDA;8855;;1;Completa;Serviço;Despesa orçamentária;2026-07-10;2026-07-10;2026-08-04;195,69;Não
2270 - FUNDACAO HOSPITALAR DO ESTADO DE MINAS GERAIS;Nota fiscal;33.224.254/0001-42;MGS MINAS GERAIS ADMINISTRACAO E SERVICOS S/A;26693;F;1;Completa;Serviço;Despesa orçamentária;2026-07-29;2026-08-04;2026-08-04;331813,9;Não
1190 - SECRETARIA DE ESTADO DE FAZENDA DE MINAS GERAIS;Nota fiscal;01.548.339/0001-90;SERTA SERVICOS TECNICOS E ADMINISTRATIVOS LTDA - EM RECUPERACAO JUDICIAL;20266947;;1;Completa;Serviço;Despesa orçamentária;2026-07-28;2026-08-04;2026-08-04;2475,91;Não
1540 - ESCOLA DE SAUDE PUBLICA DE MINAS GERAIS;Outros;***.025.466-**;CAMILA ROSA DE ALVARENGA;9497609;7;1;Completa;Serviço;Despesa orçamentária;2026-07-09;2026-07-09;2026-08-04;1280,0;Não
2270 - FUNDACAO HOSPITALAR DO ESTADO DE MINAS GERAIS;Nota fiscal;04.158.618/0001-35;LIMPEZA & BRILHO LTDA -EPP;17090;;1;Completa - Recebimento definitivo;Consumo;Despesa orçamentária;2026-07-24;2026-07-27;2026-08-04;1989,0;Não
2440 - AG. REG. DE SANEAMENTO E ENERGIA DO ESTADO DE MG.;Nota fiscal;33.224.254/0001-42;MGS MINAS GERAIS ADMINISTRACAO E SERVICOS S/A;202626624;4;1;Completa;Serviço;Despesa orçamentária;2026-08-04;2026-08-04;2026-08-04;7160,84;Não
1260 - SECRETARIA DE ESTADO DE EDUCACAO;Outros;07.432.517/0001-07;SIMPRESS COMERCIO LOCACAO E SERVICOS LTDA;426273;;1;Completa;Serviço;Despesa orçamentária;2026-07-07;2026-07-27;2026-08-04;561,52;Não
2010 - INST.DE PREVIDENCIA DOS SERVIDORES DO EST.M.GERAIS;Nota fiscal;10.884.060/0001-78;AOX COMERCIO DE IMPLANTES CIRURGICOS LTDA;8194;1;1;Completa - Recebimento definitivo;Consumo;Despesa orçamentária;2026-07-31;2026-08-03;2026-08-04;45,88;Não
2320 - FUNDACAO CENTRO DE HEMATOLOGIA E HEMOTERAPIA DE MG;Nota fiscal;16.636.540/0001-04;COMPANHIA DE TECNOLOGIA DA INFORMACAO DO ESTADO DE MINAS GERAIS-PRODEMGE;6378;;1;Completa;Serviço;Despesa orçamentária;2026-07-31;2026-08-04;2026-08-04;359,0;Não
2270 - FUNDACAO HOSPITALAR DO ESTADO DE MINAS GERAIS;Nota fiscal;31.495.759/0001-16;SIRIO PHARMA LTDA;22475;1;1;Completa - Recebimento definitivo;Consumo;Despesa orçamentária;2026-07-27;2026-07-30;2026-08-04;138,0;Não
2270 - FUNDACAO HOSPITALAR DO ESTADO DE MINAS GERAIS;Nota fiscal;04.550.922/0001-23;INTERATIVA NUTRICAO CLINICA LTDA;44358;;1;Completa - Recebimento definitivo;Consumo;Despesa orçamentária;2026-07-24;2026-07-30;2026-08-04;1470,0;Não
1320 - SECRETARIA DE ESTADO DA SAUDE;Nota fiscal;33.224.254/0001-42;MGS MINAS GERAIS ADMINISTRACAO E SERVICOS S/A;699194;1;1;Completa;Serviço;Despesa orçamentária;2026-07-29;2026-08-03;2026-08-04;2995,01;Não
2270 - FUNDACAO HOSPITALAR DO ESTADO DE MINAS GERAIS;Nota fiscal;00.583.890/0001-01;FAMAP NUTRICAO PARENTERAL LTDA;411155;;1;Completa - Recebimento definitivo;Consumo;Despesa extra orçamentária;2024-05-03;2024-05-03;2026-08-04;2902,89;Não
2010 - INST.DE PREVIDENCIA DOS SERVIDORES DO EST.M.GERAIS;Nota fiscal;10.884.060/0001-78;AOX COMERCIO DE IMPLANTES CIRURGICOS LTDA;8182;1;1;Completa - Recebimento definitivo;Consumo;Despesa orçamentária;2026-07-29;2026-08-03;2026-08-04;22,94;Não
2320 - FUNDACAO CENTRO DE HEMATOLOGIA E HEMOTERAPIA DE MG;Nota fiscal;16.636.540/0001-04;COMPANHIA DE TECNOLOGIA DA INFORMACAO DO ESTADO DE MINAS GERAIS-PRODEMGE;6379;;1;Completa;Serviço;Despesa orçamentária;2026-07-31;2026-08-04;2026-08-04;8568,0;Não
1450 - SECRETARIA DE ESTADO DE JUSTICA E SEGURANCA PUBLIC;Nota fiscal;08.624.977/0001-91;TERRAVIVA AMBIENTAL LTDA;8887;;1;Completa;Serviço;Despesa orçamentária;2026-07-10;2026-07-10;2026-08-04;402,15;Não
1320 - SECRETARIA DE ESTADO DA SAUDE;Nota fiscal;33.224.254/0001-42;MGS MINAS GERAIS ADMINISTRACAO E SERVICOS S/A;27091;1;1;Completa;Serviço;Despesa orçamentária;2026-07-30;2026-08-03;2026-08-04;16849,69;Não
2440 - AG. REG. DE SANEAMENTO E ENERGIA DO ESTADO DE MG.;Nota fiscal;33.224.254/0001-42;MGS MINAS GERAIS ADMINISTRACAO E SERVICOS S/A;202626622;3;1;Completa;Serviço;Despesa orçamentária;2026-08-04;2026-08-04;2026-08-04;2335,03;Não
2010 - INST.DE PREVIDENCIA DOS SERVIDORES DO EST.M.GERAIS;Nota fiscal;19.499.671/0001-77;MS SERVICOS DE MANUTENCAO LTDA;417;;1;Completa;Serviço;Despesa orçamentária;2026-08-04;2026-08-04;2026-08-04;1041,14;Não
2270 - FUNDACAO HOSPITALAR DO ESTADO DE MINAS GERAIS;Nota fiscal;12.420.164/0005-80;CM HOSPITALAR S.A.;623421;;1;Completa - Recebimento definitivo;Consumo;Despesa orçamentária;2026-07-23;2026-07-25;2026-08-04;13,32;Não
2440 - AG. REG. DE SANEAMENTO E ENERGIA DO ESTADO DE MG.;Nota fiscal;33.224.254/0001-42;MGS MINAS GERAIS ADMINISTRACAO E SERVICOS S/A;202626623;;1;Completa;Serviço;Despesa orçamentária;2026-08-04;2026-08-04;2026-08-04;7289,97;Não
2270 - FUNDACAO HOSPITALAR DO ESTADO DE MINAS GERAIS;Nota fiscal;18.269.125/0001-87;BIOHOSP PRODUTOS HOSPITALARES SA;788720;1;1;Completa - Recebimento definitivo;Consumo;Despesa orçamentária;2026-07-30;2026-07-30;2026-08-04;387,0;Não
1190 - SECRETARIA DE ESTADO DE FAZENDA DE MINAS GERAIS;Outros;06.981.180/0001-16;CEMIG DISTRIBUICAO S.A.;415774465;;1;Completa;Serviço;Despesa orçamentária;2026-08-03;2026-08-04;2026-08-04;24335,51;Não
1320 - SECRETARIA DE ESTADO DA SAUDE;Nota fiscal;33.224.254/0001-42;MGS MINAS GERAIS ADMINISTRACAO E SERVICOS S/A;27090;1;1;Completa;Serviço;Despesa orçamentária;2026-07-30;2026-08-03;2026-08-04;1499,7;Não
2270 - FUNDACAO HOSPITALAR DO ESTADO DE MINAS GERAIS;Nota fiscal;04.307.650/0026-93;ONCO PROD DISTRIBUIDORA DE PRODUTOS HOSPITALARES E ONCOLOGICOS LTDA.;380314;;1;Completa - Recebimento definitivo;Consumo;Despesa orçamentária;2026-07-21;2026-07-24;2026-08-04;2460,0;Não
1320 - SECRETARIA DE ESTADO DA SAUDE;Nota fiscal;33.224.254/0001-42;MGS MINAS GERAIS ADMINISTRACAO E SERVICOS S/A;699195;1;1;Completa;Serviço;Despesa orçamentária;2026-07-29;2026-08-03;2026-08-04;1162,45;Não
2420 - INSTITUTO DE DESENVOLVIMENTO NORTE E NORDESTE MG;Nota fiscal;09.511.840/0001-93;POCOS ARTESIANOS MINAS LTDA;101;1;1;Completa - Recebimento definitivo;Permanente;Despesa extra orçamentária;2026-07-28;2026-07-28;2026-08-04;50722,86;Não
1450 - SECRETARIA DE ESTADO DE JUSTICA E SEGURANCA PUBLIC;Nota fiscal;08.624.977/0001-91;TERRAVIVA AMBIENTAL LTDA;8877;;1;Completa;Serviço;Despesa orçamentária;2026-07-10;2026-07-10;2026-08-04;1003,15;Não
1320 - SECRETARIA DE ESTADO DA SAUDE;Nota fiscal;33.224.254/0001-42;MGS MINAS GERAIS ADMINISTRACAO E SERVICOS S/A;26941;26;1;Completa;Serviço;Despesa orçamentária;2026-07-29;2026-08-03;2026-08-04;8796,36;Não
1540 - ESCOLA DE SAUDE PUBLICA DE MINAS GERAIS;Outros;***.992.426-**;WELLINTON MOREIRA LOPES;9497611;7;1;Completa;Serviço;Despesa orçamentária;2026-07-09;2026-07-09;2026-08-04;1280,0;Não
2320 - FUNDACAO CENTRO DE HEMATOLOGIA E HEMOTERAPIA DE MG;Nota fiscal;16.636.540/0001-04;COMPANHIA DE TECNOLOGIA DA INFORMACAO DO ESTADO DE MINAS GERAIS-PRODEMGE;6376;FH;1;Completa;Serviço;Despesa orçamentária;2026-07-31;2026-08-04;2026-08-04;7736,0;Não
2270 - FUNDACAO HOSPITALAR DO ESTADO DE MINAS GERAIS;Nota fiscal;18.917.657/0001-83;MEDH DISTRIBUIDORA DE MEDICAMENTOS LTDA;63698;;1;Completa - Recebimento definitivo;Consumo;Despesa orçamentária;2026-07-27;2026-07-27;2026-08-04;29555,4;Não
1320 - SECRETARIA DE ESTADO DA SAUDE;Nota fiscal;33.224.254/0001-42;MGS MINAS GERAIS ADMINISTRACAO E SERVICOS S/A;26940;1;1;Completa;Serviço;Despesa orçamentária;2026-07-29;2026-08-03;2026-08-04;112,68;Não
2270 - FUNDACAO HOSPITALAR DO ESTADO DE MINAS GERAIS;Outros;32.227.070/0001-73;CETUS CONSTRUTORA LTDA;4246;;1;Completa;Serviço;Despesa orçamentária;2026-07-30;2026-07-31;2026-08-04;94821,0;Não
2310 - UNIVERSIDADE ESTADUAL DE MONTES CLAROS;Nota fiscal;39.371.768/0001-07;DGM DISTRIBUIDORA AGUA MINERAL LTDA;2056;;1;Completa - Recebimento definitivo;Consumo;Despesa orçamentária;2026-08-03;2026-08-03;2026-08-04;4339,73;Não
2270 - FUNDACAO HOSPITALAR DO ESTADO DE MINAS GERAIS;Nota fiscal;00.583.890/0001-01;FAMAP NUTRICAO PARENTERAL LTDA;411843;;1;Completa - Recebimento definitivo;Consumo;Despesa extra orçamentária;2026-05-09;2026-05-09;2026-08-04;2037,94;Não
1190 - SECRETARIA DE ESTADO DE FAZENDA DE MINAS GERAIS;Nota fiscal;33.683.111/0002-80;SERVICO FEDERAL DE PROCESSAMENTO DE DADOS (SERPRO);1058738;;1;Completa;Serviço;Despesa orçamentária;2026-07-31;2026-08-03;2026-08-04;5700,4;Não
1320 - SECRETARIA DE ESTADO DA SAUDE;Nota fiscal;33.224.254/0001-42;MGS MINAS GERAIS ADMINISTRACAO E SERVICOS S/A;699187;;1;Completa;Serviço;Despesa orçamentária;2026-07-29;2026-08-03;2026-08-04;710,46;Não
1450 - SECRETARIA DE ESTADO DE JUSTICA E SEGURANCA PUBLIC;Nota fiscal;08.624.977/0001-91;TERRAVIVA AMBIENTAL LTDA;8828;;1;Completa;Serviço;Despesa orçamentária;2026-07-10;2026-07-10;2026-08-04;538,74;Não
2010 - INST.DE PREVIDENCIA DOS SERVIDORES DO EST.M.GERAIS;Nota fiscal;67.423.152/0001-78;IBG INDUSTRIA BRASILEIRA DE GASES S.A.;570450;;1;Completa - Recebimento definitivo;Consumo;Despesa orçamentária;2026-07-31;2026-08-03;2026-08-04;1155,5;Não
2270 - FUNDACAO HOSPITALAR DO ESTADO DE MINAS GERAIS;Outros;05.263.842/0001-50;IGC EMPREENDIMENTOS IMOBILIARIOS LTDA;3093;;1;Completa;Serviço;Despesa orçamentária;2026-07-29;2026-07-31;2026-08-04;2932,61;Não
2440 - AG. REG. DE SANEAMENTO E ENERGIA DO ESTADO DE MG.;Nota fiscal;33.224.254/0001-42;MGS MINAS GERAIS ADMINISTRACAO E SERVICOS S/A;202626625;;1;Completa;Serviço;Despesa orçamentária;2026-08-04;2026-08-04;2026-08-04;338,11;Não
2440 - AG. REG. DE SANEAMENTO E ENERGIA DO ESTADO DE MG.;Nota fiscal;33.224.254/0001-42;MGS MINAS GERAIS ADMINISTRACAO E SERVICOS S/A;202626626;1;1;Completa;Serviço;Despesa orçamentária;2026-08-04;2026-08-04;2026-08-04;191,39;Não
2320 - FUNDACAO CENTRO DE HEMATOLOGIA E HEMOTERAPIA DE MG;Nota fiscal;16.636.540/0001-04;COMPANHIA DE TECNOLOGIA DA INFORMACAO DO ESTADO DE MINAS GERAIS-PRODEMGE;6377;;1;Completa;Serviço;Despesa orçamentária;2026-07-31;2026-08-04;2026-08-04;8568,0;Não
1540 - ESCOLA DE SAUDE PUBLICA DE MINAS GERAIS;Outros;***.153.296-**;BEATRIZ GUEDES MATTOSO;9500311;7;1;Completa;Serviço;Despesa orçamentária;2026-07-09;2026-07-09;2026-08-04;1280,0;Não
2270 - FUNDACAO HOSPITALAR DO ESTADO DE MINAS GERAIS;Nota fiscal;13.694.036/0001-64;EMENALLI MEDICAL LTDA;22269;1;1;Completa - Recebimento definitivo;Consumo;Despesa orçamentária;2026-07-29;2026-07-30;2026-08-04;2092,87;Não
1260 - SECRETARIA DE ESTADO DE EDUCACAO;Nota fiscal;07.432.517/0001-07;SIMPRESS COMERCIO LOCACAO E SERVICOS LTDA;426151;E;1;Completa;Serviço;Despesa orçamentária;2026-07-07;2026-08-04;2026-08-04;389,14;Não
2320 - FUNDACAO CENTRO DE HEMATOLOGIA E HEMOTERAPIA DE MG;Nota fiscal;26.834.646/0001-68;JOAO VICTOR FERREIRA SANTOS;589;;1;Completa - Recebimento definitivo;Consumo;Despesa orçamentária;2026-07-02;2026-07-02;2026-08-04;7654,8;Não
2440 - AG. REG. DE SANEAMENTO E ENERGIA DO ESTADO DE MG.;Nota fiscal;33.224.254/0001-42;MGS MINAS GERAIS ADMINISTRACAO E SERVICOS S/A;202626626;2;1;Incompleta;Serviço;Despesa orçamentária;2026-08-04;2026-08-04;2026-08-04;210,52;Não
1450 - SECRETARIA DE ESTADO DE JUSTICA E SEGURANCA PUBLIC;Nota fiscal;08.624.977/0001-91;TERRAVIVA AMBIENTAL LTDA;8834;;1;Completa;Serviço;Despesa orçamentária;2026-07-10;2026-07-10;2026-08-04;1125,25;Não
1320 - SECRETARIA DE ESTADO DA SAUDE;Nota fiscal;33.224.254/0001-42;MGS MINAS GERAIS ADMINISTRACAO E SERVICOS S/A;26915;1;1;Completa;Serviço;Despesa orçamentária;2026-07-29;2026-08-03;2026-08-04;8558,62;Não
2010 - INST.DE PREVIDENCIA DOS SERVIDORES DO EST.M.GERAIS;Nota fiscal;20.059.388/0001-03;ENDOLIFE IMPORTACAO, EXPORTACAO, COMERCIO E REPRESENTACAO DE MATERIAL HOSPITALAR LTDA;82707;1;1;Completa - Recebimento definitivo;Consumo;Despesa orçamentária;2026-07-07;2026-08-03;2026-08-04;420,0;Não
1320 - SECRETARIA DE ESTADO DA SAUDE;Nota fiscal;33.224.254/0001-42;MGS MINAS GERAIS ADMINISTRACAO E SERVICOS S/A;699190;;1;Completa;Serviço;Despesa orçamentária;2026-07-29;2026-08-03;2026-08-04;710,46;Não
1250 - POLICIA MILITAR DE MINAS GERAIS;Nota fiscal;34.274.233/0025-71;VIBRA ENERGIA S.A;4953727;;1;Completa - Recebimento definitivo;Consumo;Despesa orçamentária;2026-08-03;2026-08-04;2026-08-04;21981,0;Não
1260 - SECRETARIA DE ESTADO DE EDUCACAO;Nota fiscal;21.641.059/0001-39;DISTRIBUIDORA PERES & ARAUJO LTDA - ME;2963;1;1;Completa - Disponível para recebimento definitivo;Permanente;Despesa orçamentária;2026-06-24;2026-06-24;2026-08-04;3623,32;Não
1090 - PROCURADORIA GERAL DE JUSTICA;Nota fiscal;22.786.872/0001-60;HAMMER CONSULTORIA LTDA;200;;1;Completa;Serviço;Despesa orçamentária;2026-07-31;2026-08-04;2026-08-04;943581,8;Não
1450 - SECRETARIA DE ESTADO DE JUSTICA E SEGURANCA PUBLIC;Nota fiscal;08.624.977/0001-91;TERRAVIVA AMBIENTAL LTDA;8864;;1;Completa;Serviço;Despesa orçamentária;2026-07-10;2026-07-10;2026-08-04;973,36;Não
1260 - SECRETARIA DE ESTADO DE EDUCACAO;Nota fiscal;33.224.254/0001-42;MGS MINAS GERAIS ADMINISTRACAO E SERVICOS S/A;268922026;;1;Completa;Serviço;Despesa orçamentária;2026-07-29;2026-08-04;2026-08-04;5486,92;Não
2270 - FUNDACAO HOSPITALAR DO ESTADO DE MINAS GERAIS;Nota fiscal;33.224.254/0001-42;MGS MINAS GERAIS ADMINISTRACAO E SERVICOS S/A;267122026;;1;Completa;Serviço;Despesa orçamentária;2026-07-29;2026-08-03;2026-08-04;1039408,49;Não
1250 - POLICIA MILITAR DE MINAS GERAIS;Nota fiscal;41.658.519/0001-49;CENTRAL SUPRIMENTOS LTDA -ME;15422;;1;Completa - Disponível para recebimento definitivo;Consumo;Despesa orçamentária;2026-07-22;2026-08-04;2026-08-04;3761,2;Não
1250 - POLICIA MILITAR DE MINAS GERAIS;Nota fiscal;34.274.233/0374-48;PETROBRAS DISTRIBUIDORA SA;245631;;1;Completa - Recebimento definitivo;Consumo;Despesa orçamentária;2026-08-03;2026-08-04;2026-08-04;21981,0;Não
2270 - FUNDACAO HOSPITALAR DO ESTADO DE MINAS GERAIS;Nota fiscal;00.583.890/0001-01;FAMAP NUTRICAO PARENTERAL LTDA;415162;;1;Completa - Recebimento definitivo;Consumo;Despesa extra orçamentária;2024-06-06;2024-06-06;2026-08-04;962,76;Não
1260 - SECRETARIA DE ESTADO DE EDUCACAO;Nota fiscal;21.641.059/0001-39;DISTRIBUIDORA PERES & ARAUJO LTDA - ME;2964;1;1;Completa - Disponível para recebimento definitivo;Permanente;Despesa orçamentária;2026-06-23;2026-06-23;2026-08-04;450,0;Não
1260 - SECRETARIA DE ESTADO DE EDUCACAO;Outros;27.410.818/0001-39;FRANCISCO GUILHERMINO GOMES COSTA - ME;9449341;15;2;Completa;Serviço;Despesa orçamentária;2026-07-06;2026-08-04;2026-08-04;7460,0;Não
2370 - INSTITUTO MINEIRO DE AGROPECUARIA;Nota fiscal;76.535.764/0001-43;OI S.A. - EM RECUPERACAO JUDICIAL;87107;10;1;Completa;Serviço;Despesa orçamentária;2026-07-19;2026-07-24;2026-08-04;457,11;Não
2270 - FUNDACAO HOSPITALAR DO ESTADO DE MINAS GERAIS;Nota fiscal;05.263.842/0001-50;IGC EMPREENDIMENTOS IMOBILIARIOS LTDA;30972026;;1;Completa;Serviço;Despesa orçamentária;2026-07-30;2026-08-04;2026-08-04;5787,94;Não
2460 - AGENCIA DE DESENVOLVIMENTO DA RMVA;Nota fiscal;57.142.978/0001-05;BRASOFTWARE INFORMATICA LTDA;9296;;1;Completa;Serviço;Despesa orçamentária;2026-07-29;2026-07-29;2026-08-04;6913,0;Não
1020 - TRIBUNAL DE CONTAS DO ESTADO DE MINAS GERAIS;Nota fiscal;52.845.679/0001-13;INSTITUTO ITER S.A;673;;1;Completa;Serviço;Despesa orçamentária;2026-08-03;2026-08-04;2026-08-04;103032,0;Não
1320 - SECRETARIA DE ESTADO DA SAUDE;Outros;16.675.498/0001-22;AYMORE PARTICIPACOES LTDA;20260506;;1;Completa;Serviço;Despesa orçamentária;2026-08-03;2026-08-04;2026-08-04;15031,44;Não
2010 - INST.DE PREVIDENCIA DOS SERVIDORES DO EST.M.GERAIS;Nota fiscal;20.059.388/0001-03;ENDOLIFE IMPORTACAO, EXPORTACAO, COMERCIO E REPRESENTACAO DE MATERIAL HOSPITALAR LTDA;82706;1;1;Completa - Recebimento definitivo;Consumo;Despesa orçamentária;2026-07-07;2026-08-03;2026-08-04;210,0;Não
1260 - SECRETARIA DE ESTADO DE EDUCACAO;Nota fiscal;21.641.059/0001-39;DISTRIBUIDORA PERES & ARAUJO LTDA - ME;2965;1;1;Completa - Disponível para recebimento definitivo;Permanente;Despesa orçamentária;2026-06-22;2026-06-22;2026-08-04;4424,0;Não
2260 - FUNDACAO EZEQUIEL DIAS;Nota fiscal;18.152.404/0001-66;MAQNETE COMERCIO E SERVICOS LTDA -ME;5885;1;1;Completa - Recebimento definitivo;Consumo;Despesa orçamentária;2026-07-30;2026-07-30;2026-08-04;2757,7;Não
2270 - FUNDACAO HOSPITALAR DO ESTADO DE MINAS GERAIS;Nota fiscal;22.460.323/0001-09;MEDTEC SUPRIMENTOS MEDICO HOSPITALARES LTDA -EPP;151;;1;Completa;Serviço;Despesa orçamentária;2026-08-03;2026-08-04;2026-08-04;5750,0;Não
1320 - SECRETARIA DE ESTADO DA SAUDE;Nota fiscal;33.224.254/0001-42;MGS MINAS GERAIS ADMINISTRACAO E SERVICOS S/A;26692;26;1;Completa;Serviço;Despesa orçamentária;2026-07-29;2026-08-03;2026-08-04;117144,36;Não
2010 - INST.DE PREVIDENCIA DOS SERVIDORES DO EST.M.GERAIS;Nota fiscal;20.059.388/0001-03;ENDOLIFE IMPORTACAO, EXPORTACAO, COMERCIO E REPRESENTACAO DE MATERIAL HOSPITALAR LTDA;81843;1;1;Completa - Recebimento definitivo;Consumo;Despesa orçamentária;2026-06-15;2026-08-03;2026-08-04;630,0;Não
1450 - SECRETARIA DE ESTADO DE JUSTICA E SEGURANCA PUBLIC;Nota fiscal;08.624.977/0001-91;TERRAVIVA AMBIENTAL LTDA;8861;;1;Completa;Serviço;Despesa orçamentária;2026-07-10;2026-07-10;2026-08-04;760,0;Não
2270 - FUNDACAO HOSPITALAR DO ESTADO DE MINAS GERAIS;Nota fiscal;35.820.448/0030-70;WHITE MARTINS GASES INDUSTRIAIS LTDA;1124;;1;Completa;Serviço;Despesa orçamentária;2026-07-31;2026-08-03;2026-08-04;69050,07;Não
1540 - ESCOLA DE SAUDE PUBLICA DE MINAS GERAIS;Outros;***.369.656-**;BERTA GONCALVES SANTANA;9497608;7;1;Completa;Serviço;Despesa orçamentária;2026-07-09;2026-07-09;2026-08-04;1280,0;Não
1190 - SECRETARIA DE ESTADO DE FAZENDA DE MINAS GERAIS;Nota fiscal;40.456.487/0001-36;BDT ENGENHARIA LTDA;2026314;;1;Completa;Serviço;Despesa extra orçamentária;2026-07-03;2026-08-04;2026-08-04;98028,11;Não
2270 - FUNDACAO HOSPITALAR DO ESTADO DE MINAS GERAIS;Nota fiscal;42.947.333/0001-72;PRUDENTE REFEICOES LTDA - 'EM RECUPERACAO JUDICIAL';12872;1;1;Completa;Serviço;Despesa orçamentária;2026-07-31;2026-08-04;2026-08-04;655969,02;Não
1370 - SECRETARIA ESTADO DE MEIO AMB.DESENV SUSTENTAVEL;Nota fiscal;03.308.401/0001-00;VERTIGO COMPUTACAO LTDA;525;;1;Completa;Serviço;Despesa orçamentária;2026-07-29;2026-07-30;2026-08-04;44368,0;Não
1320 - SECRETARIA DE ESTADO DA SAUDE;Nota fiscal;33.224.254/0001-42;MGS MINAS GERAIS ADMINISTRACAO E SERVICOS S/A;26690;1;1;Completa;Serviço;Despesa orçamentária;2026-07-29;2026-08-03;2026-08-04;7208,79;Não
2270 - FUNDACAO HOSPITALAR DO ESTADO DE MINAS GERAIS;Nota fiscal;35.820.448/0030-70;WHITE MARTINS GASES INDUSTRIAIS LTDA;1114;;1;Completa;Serviço;Despesa orçamentária;2026-07-30;2026-08-03;2026-08-04;30086,45;Não
1260 - SECRETARIA DE ESTADO DE EDUCACAO;Nota fiscal;07.432.517/0001-07;SIMPRESS COMERCIO LOCACAO E SERVICOS LTDA;415678;;1;Completa;Serviço;Despesa orçamentária;2026-06-16;2026-07-16;2026-08-04;316,22;Não
2440 - AG. REG. DE SANEAMENTO E ENERGIA DO ESTADO DE MG.;Nota fiscal;33.224.254/0001-42;MGS MINAS GERAIS ADMINISTRACAO E SERVICOS S/A;202626622;2;1;Completa;Serviço;Despesa orçamentária;2026-08-04;2026-08-04;2026-08-04;2446,56;Não
2310 - UNIVERSIDADE ESTADUAL DE MONTES CLAROS;Nota fiscal;13.406.686/0001-67;SIG SOFTWARE & CONSULTORIA EM TECNOLOGIA DA INFORMACAO LTDA;202600000000477;;1;Completa;Serviço;Despesa extra orçamentária;2026-07-30;2026-08-03;2026-08-04;11100,0;Não
2370 - INSTITUTO MINEIRO DE AGROPECUARIA;Nota fiscal;33.224.254/0001-42;MGS MINAS GERAIS ADMINISTRACAO E SERVICOS S/A;27128;;1;Completa;Serviço;Despesa orçamentária;2026-07-30;2026-08-03;2026-08-04;4745,39;Não
1250 - POLICIA MILITAR DE MINAS GERAIS;Nota fiscal;34.274.233/0025-71;VIBRA ENERGIA S.A;4953977;;1;Completa - Recebimento definitivo;Consumo;Despesa orçamentária;2026-08-03;2026-08-04;2026-08-04;21981,0;Não
1400 - CORPO DE BOMBEIROS MILITAR DE MINAS GERAIS;Nota fiscal;03.514.896/0001-15;THOMAS GREG & SONS SOLUCOES, MEIOS DE PAGAMENTO E IDENTIFICACAO LTDA;60636;;1;Completa;Serviço;Despesa orçamentária;2026-07-30;2026-08-04;2026-08-04;1130,35;Não
2010 - INST.DE PREVIDENCIA DOS SERVIDORES DO EST.M.GERAIS;Nota fiscal;20.059.388/0001-03;ENDOLIFE IMPORTACAO, EXPORTACAO, COMERCIO E REPRESENTACAO DE MATERIAL HOSPITALAR LTDA;82708;1;1;Completa - Recebimento definitivo;Consumo;Despesa orçamentária;2026-07-07;2026-08-03;2026-08-04;420,0;Não
2270 - FUNDACAO HOSPITALAR DO ESTADO DE MINAS GERAIS;Nota fiscal;04.307.650/0025-02;ONCO PROD DISTRIBUIDORA DE PRODUTOS HOSPITALARES E ONCOLOGICOS LTDA.;2085712;;1;Completa - Recebimento definitivo;Consumo;Despesa orçamentária;2026-07-21;2026-07-28;2026-08-04;8,6;Não
2270 - FUNDACAO HOSPITALAR DO ESTADO DE MINAS GERAIS;Nota fiscal;06.981.180/0001-16;CEMIG DISTRIBUICAO S.A.;415780876;;1;Completa;Serviço;Despesa orçamentária;2026-08-03;2026-08-04;2026-08-04;22648,61;Não
2260 - FUNDACAO EZEQUIEL DIAS;Nota fiscal;18.152.404/0001-66;MAQNETE COMERCIO E SERVICOS LTDA -ME;5886;1;1;Completa - Recebimento definitivo;Consumo;Despesa orçamentária;2026-07-30;2026-07-30;2026-08-04;50140,0;Não
1190 - SECRETARIA DE ESTADO DE FAZENDA DE MINAS GERAIS;Nota fiscal;33.224.254/0001-42;MGS MINAS GERAIS ADMINISTRACAO E SERVICOS S/A;26908;DPS;1;Completa;Serviço;Despesa orçamentária;2026-07-29;2026-07-29;2026-08-04;10399,3;Não
2010 - INST.DE PREVIDENCIA DOS SERVIDORES DO EST.M.GERAIS;Nota fiscal;01.437.707/0001-22;SCITECH PRODUTOS MEDICOS SA;606230;55;1;Completa - Recebimento definitivo;Consumo;Despesa orçamentária;2026-07-06;2026-08-03;2026-08-04;1147,22;Não
2010 - INST.DE PREVIDENCIA DOS SERVIDORES DO EST.M.GERAIS;Nota fiscal;33.224.254/0001-42;MGS MINAS GERAIS ADMINISTRACAO E SERVICOS S/A;26736;1A;1;Completa;Serviço;Despesa orçamentária;2026-07-29;2026-07-29;2026-08-04;170764,34;Não
1320 - SECRETARIA DE ESTADO DA SAUDE;Nota fiscal;33.224.254/0001-42;MGS MINAS GERAIS ADMINISTRACAO E SERVICOS S/A;26691;1;1;Completa;Serviço;Despesa orçamentária;2026-07-29;2026-08-03;2026-08-04;265,53;Não
2270 - FUNDACAO HOSPITALAR DO ESTADO DE MINAS GERAIS;Nota fiscal;33.247.743/0044-50;GLAXOSMITHKLINE BRASIL LTDA;275492;34;1;Completa - Recebimento definitivo;Consumo;Despesa orçamentária;2026-07-27;2026-07-31;2026-08-04;8502,0;Não
2270 - FUNDACAO HOSPITALAR DO ESTADO DE MINAS GERAIS;Nota fiscal;25.294.299/0001-65;GJO COMERCIO E REPRESENTACOES LTDA;300815;1;1;Completa - Recebimento definitivo;Consumo;Despesa orçamentária;2026-07-30;2026-07-31;2026-08-04;1000,0;Não
1250 - POLICIA MILITAR DE MINAS GERAIS;Outros;26.388.330/0001-90;FUND CENTRO HEMATOLOGIA E HEMOTERAPIA DE MINAS GERAIS;273;;1;Completa;Serviço;Despesa orçamentária;2026-07-27;2026-07-29;2026-08-04;31796,0;Não
2320 - FUNDACAO CENTRO DE HEMATOLOGIA E HEMOTERAPIA DE MG;Nota fiscal;65.010.644/0001-06;LAFITTI MOBILI LTDA;7;1;1;Completa - Recebimento definitivo;Permanente;Despesa orçamentária;2026-07-28;2026-07-29;2026-08-04;57000,0;Não
2010 - INST.DE PREVIDENCIA DOS SERVIDORES DO EST.M.GERAIS;Nota fiscal;00.986.846/0012-03;ST JUDE MEDICAL BRASIL LTDA;60313;201;1;Completa - Recebimento definitivo;Consumo;Despesa orçamentária;2026-07-14;2026-08-03;2026-08-04;9166,63;Não
2100 - INSTITUTO ESTADUAL DE FLORESTAS-IEF;Outros;33.224.254/0001-42;MGS MINAS GERAIS ADMINISTRACAO E SERVICOS S/A;25149;U;1;Completa;Serviço;Despesa orçamentária;2026-07-16;2026-08-04;2026-08-04;19424,18;Não
2370 - INSTITUTO MINEIRO DE AGROPECUARIA;Outros;33.224.254/0001-42;MGS MINAS GERAIS ADMINISTRACAO E SERVICOS S/A;699078;;1;Completa;Serviço;Despesa orçamentária;2026-07-29;2026-08-03;2026-08-04;571,91;Não
1320 - SECRETARIA DE ESTADO DA SAUDE;Nota fiscal;33.224.254/0001-42;MGS MINAS GERAIS ADMINISTRACAO E SERVICOS S/A;26689;1;1;Completa;Serviço;Despesa orçamentária;2026-07-29;2026-08-03;2026-08-04;622,63;Não
1450 - SECRETARIA DE ESTADO DE JUSTICA E SEGURANCA PUBLIC;Nota fiscal;26.295.145/0001-50;D.I.COMERCIO DE PECAS E SERVICOS PARA GERADORES LTDA - ME;548;;1;Completa;Serviço;Despesa orçamentária;2026-06-18;2026-06-18;2026-08-04;1600,1;Não
2270 - FUNDACAO HOSPITALAR DO ESTADO DE MINAS GERAIS;Nota fiscal;44.639.493/0001-80;EUGIA PHARMA INDUSTRIA FARMACEUTICA LIMITADA;22325;;1;Completa - Recebimento definitivo;Consumo;Despesa orçamentária;2026-07-20;2026-07-27;2026-08-04;25307,0;Não
2260 - FUNDACAO EZEQUIEL DIAS;Nota fiscal;18.152.404/0001-66;MAQNETE COMERCIO E SERVICOS LTDA -ME;5887;1;1;Completa - Recebimento definitivo;Consumo;Despesa orçamentária;2026-07-30;2026-07-30;2026-08-04;31337,5;Não
2370 - INSTITUTO MINEIRO DE AGROPECUARIA;Outros;33.224.254/0001-42;MGS MINAS GERAIS ADMINISTRACAO E SERVICOS S/A;699077;;1;Completa;Serviço;Despesa orçamentária;2026-07-29;2026-08-03;2026-08-04;136,36;Não
2010 - INST.DE PREVIDENCIA DOS SERVIDORES DO EST.M.GERAIS;Nota fiscal;03.787.326/0001-07;H MEDICAL IMPORTACAO E COMERCIO LTDA;11953;2;1;Completa - Recebimento definitivo;Consumo;Despesa orçamentária;2026-05-26;2026-08-03;2026-08-04;1870,0;Não
1250 - POLICIA MILITAR DE MINAS GERAIS;Outros;26.388.330/0001-90;FUND CENTRO HEMATOLOGIA E HEMOTERAPIA DE MINAS GERAIS;3426000280275;;1;Completa;Serviço;Despesa orçamentária;2026-07-27;2026-07-29;2026-08-04;78,4;Não
1250 - POLICIA MILITAR DE MINAS GERAIS;Nota fiscal;18.269.125/0001-87;BIOHOSP PRODUTOS HOSPITALARES SA;788743;;1;Completa - Recebimento definitivo;Permanente;Despesa orçamentária;2026-07-30;2026-08-04;2026-08-04;10872,7;Não
1320 - SECRETARIA DE ESTADO DA SAUDE;Nota fiscal;33.224.254/0001-42;MGS MINAS GERAIS ADMINISTRACAO E SERVICOS S/A;26921;26;1;Completa;Serviço;Despesa orçamentária;2026-07-29;2026-08-03;2026-08-04;26523,15;Não
2300 - DEPARTAMENTO DE ESTRADAS DE RODAGEM;Nota fiscal;18.988.444/0001-42;ESTACIONAMENTO PRIME WASH LTDA - ME;100001291;;1;Completa;Serviço;Despesa orçamentária;2026-08-03;2026-08-03;2026-08-04;703,08;Não
1260 - SECRETARIA DE ESTADO DE EDUCACAO;Nota fiscal;07.432.517/0001-07;SIMPRESS COMERCIO LOCACAO E SERVICOS LTDA;415648;;1;Completa;Serviço;Despesa orçamentária;2026-06-16;2026-07-16;2026-08-04;507,21;Não
2270 - FUNDACAO HOSPITALAR DO ESTADO DE MINAS GERAIS;Nota fiscal;01.664.888/0001-20;MEDCENTER IMAGEM LTDA;2589;;1;Completa;Serviço;Despesa orçamentária;2026-08-03;2026-08-03;2026-08-04;20617,12;Não
1250 - POLICIA MILITAR DE MINAS GERAIS;Nota fiscal;13.430.441/0001-75;GERAES DIAGNOSTICA LTDA;8179;1;1;Completa - Recebimento definitivo;Consumo;Despesa orçamentária;2026-07-28;2026-07-29;2026-08-04;900,0;Não
2010 - INST.DE PREVIDENCIA DOS SERVIDORES DO EST.M.GERAIS;Nota fiscal;03.787.326/0001-07;H MEDICAL IMPORTACAO E COMERCIO LTDA;12653;2;1;Completa - Recebimento definitivo;Consumo;Despesa orçamentária;2026-07-31;2026-08-03;2026-08-04;2800,0;Não
2310 - UNIVERSIDADE ESTADUAL DE MONTES CLAROS;Nota fiscal;13.406.686/0001-67;SIG SOFTWARE & CONSULTORIA EM TECNOLOGIA DA INFORMACAO LTDA;202600000000489;;1;Completa;Serviço;Despesa extra orçamentária;2026-07-31;2026-08-03;2026-08-04;15000,0;Não
2270 - FUNDACAO HOSPITALAR DO ESTADO DE MINAS GERAIS;Nota fiscal;12.751.850/0001-00;SEGEX SEGURANCA PRIVADA LTDA;646;26;1;Completa;Serviço;Despesa orçamentária;2026-08-03;2026-08-03;2026-08-04;52115,89;Não
2470 - AGENCIA REGULADORA DE TRANSPORTES;Nota fiscal;33.224.254/0001-42;MGS MINAS GERAIS ADMINISTRACAO E SERVICOS S/A;202626764;0;1;Completa;Serviço;Despesa orçamentária;2026-07-29;2026-08-04;2026-08-04;3498,3;Não
2270 - FUNDACAO HOSPITALAR DO ESTADO DE MINAS GERAIS;Nota fiscal;00.583.890/0001-01;FAMAP NUTRICAO PARENTERAL LTDA;412080;;1;Completa - Recebimento definitivo;Consumo;Despesa extra orçamentária;2024-05-11;2024-05-11;2026-08-04;2567,79;Não
2330 - INSTITUTO DE METROLOGIA E QUALIDADE DE MG;Nota fiscal;38.213.230/0001-01;PROTEKTO SEGURANCA LTDA;258;E;1;Completa;Serviço;Despesa orçamentária;2026-08-03;2026-08-04;2026-08-04;650,0;Não
2260 - FUNDACAO EZEQUIEL DIAS;Nota fiscal;13.430.441/0001-75;GERAES DIAGNOSTICA LTDA;8196;1;1;Completa - Recebimento definitivo;Consumo;Despesa orçamentária;2026-07-30;2026-08-03;2026-08-04;19925,0;Não
1320 - SECRETARIA DE ESTADO DA SAUDE;Nota fiscal;33.224.254/0001-42;MGS MINAS GERAIS ADMINISTRACAO E SERVICOS S/A;699191;;1;Completa;Serviço;Despesa orçamentária;2026-07-29;2026-08-03;2026-08-04;1484,9;Não
2010 - INST.DE PREVIDENCIA DOS SERVIDORES DO EST.M.GERAIS;Nota fiscal;03.787.326/0001-07;H MEDICAL IMPORTACAO E COMERCIO LTDA;12654;2;1;Completa - Recebimento definitivo;Consumo;Despesa orçamentária;2026-07-31;2026-08-03;2026-08-04;4110,0;Não
2100 - INSTITUTO ESTADUAL DE FLORESTAS-IEF;Outros;33.224.254/0001-42;MGS MINAS GERAIS ADMINISTRACAO E SERVICOS S/A;25156;;1;Completa;Serviço;Despesa orçamentária;2026-07-16;2026-08-04;2026-08-04;13565,22;Não
1250 - POLICIA MILITAR DE MINAS GERAIS;Nota fiscal;04.086.552/0001-15;BIOPLASMA PRODUTOS PARA LABORATORIOS E CORRELATOS LTDA;77815;1;1;Completa - Recebimento definitivo;Consumo;Despesa orçamentária;2026-07-21;2026-07-29;2026-08-04;7232,0;Não
1400 - CORPO DE BOMBEIROS MILITAR DE MINAS GERAIS;Nota fiscal;08.377.069/0001-40;SARMENTO CONCURSOS LTDA;1098;U;1;Completa;Serviço;Despesa orçamentária;2026-08-03;2026-08-04;2026-08-04;10980,0;Não
2270 - FUNDACAO HOSPITALAR DO ESTADO DE MINAS GERAIS;Outros;54.884.440/0001-88;VALMIG COMERCIO E ASSESSORIA TECNICA DE EQUIPAMENTOS LTDA;202613475;;2;Completa;Serviço;Despesa orçamentária;2026-08-01;2026-08-03;2026-08-04;9980,47;Não
1250 - POLICIA MILITAR DE MINAS GERAIS;Nota fiscal;25.294.299/0001-65;GJO COMERCIO E REPRESENTACOES LTDA;300807;1;1;Completa - Recebimento definitivo;Consumo;Despesa orçamentária;2026-07-30;2026-08-03;2026-08-04;856,7;Não
2270 - FUNDACAO HOSPITALAR DO ESTADO DE MINAS GERAIS;Nota fiscal;04.307.650/0026-93;ONCO PROD DISTRIBUIDORA DE PRODUTOS HOSPITALARES E ONCOLOGICOS LTDA.;380313;;1;Completa - Recebimento definitivo;Consumo;Despesa orçamentária;2026-07-21;2026-07-28;2026-08-04;1640,0;Não
1030 - TRIBUNAL DE JUSTICA DO ESTADO DE MINAS GERAIS;Nota fiscal;09.583.388/0001-75;RANGAP DISTRIBUIDORA DE ALIMENTOS LTDA -ME;6792;2;1;Completa - Recebimento definitivo;Consumo;Despesa orçamentária;2026-08-03;2026-08-04;2026-08-04;16194,76;Não
1250 - POLICIA MILITAR DE MINAS GERAIS;Nota fiscal;11.002.975/0001-75;TECVIDA COMERCIO E DISTRIBUICAO LTDA;35332;1;1;Completa - Recebimento definitivo;Consumo;Despesa orçamentária;2026-07-30;2026-08-03;2026-08-04;681,52;Não
2100 - INSTITUTO ESTADUAL DE FLORESTAS-IEF;Outros;33.224.254/0001-42;MGS MINAS GERAIS ADMINISTRACAO E SERVICOS S/A;25148;U;1;Completa;Serviço;Despesa orçamentária;2026-07-16;2026-08-04;2026-08-04;13020,81;Não
2270 - FUNDACAO HOSPITALAR DO ESTADO DE MINAS GERAIS;Nota fiscal;25.031.668/0001-27;SAMEH SOLUCOES HOSPITALARES LTDA;140153;1;1;Completa - Recebimento definitivo;Consumo;Despesa orçamentária;2026-07-29;2026-07-30;2026-08-04;178023,54;Não
2010 - INST.DE PREVIDENCIA DOS SERVIDORES DO EST.M.GERAIS;Nota fiscal;03.787.326/0001-07;H MEDICAL IMPORTACAO E COMERCIO LTDA;12652;2;1;Completa - Recebimento definitivo;Consumo;Despesa orçamentária;2026-07-31;2026-08-03;2026-08-04;11990,0;Não
2270 - FUNDACAO HOSPITALAR DO ESTADO DE MINAS GERAIS;Nota fiscal;00.583.890/0001-01;FAMAP NUTRICAO PARENTERAL LTDA;412751;;1;Completa - Recebimento definitivo;Consumo;Despesa extra orçamentária;2024-05-16;2024-05-16;2026-08-04;1955,61;Não
2270 - FUNDACAO HOSPITALAR DO ESTADO DE MINAS GERAIS;Nota fiscal;62.969.589/0014-02;CSL BEHRING COMERCIO DE PRODUTOS FARMACEUTICOS LTDA;3505;1;1;Completa - Recebimento definitivo;Consumo;Despesa orçamentária;2026-07-27;2026-07-27;2026-08-04;2730,0;Não
1190 - SECRETARIA DE ESTADO DE FAZENDA DE MINAS GERAIS;Nota fiscal;01.548.339/0001-90;SERTA SERVICOS TECNICOS E ADMINISTRATIVOS LTDA - EM RECUPERACAO JUDICIAL;20266979;;1;Completa;Serviço;Despesa orçamentária;2026-08-03;2026-08-03;2026-08-04;5307,09;Não
2150 - FUNDACAO HELENA ANTIPOFF;Nota fiscal;17.281.106/0001-03;COMPANHIA DE SANEAMENTO DE MINAS GERAIS COPASA MG;29965350;;1;Completa;Serviço;Despesa orçamentária;2026-07-29;2026-08-03;2026-08-04;963,05;Não
2270 - FUNDACAO HOSPITALAR DO ESTADO DE MINAS GERAIS;Nota fiscal;00.610.681/0005-33;HOSP-PHARMA MANIPULACAO E SUPRIMENTOS LTDA;19257;;1;Completa - Recebimento definitivo;Consumo;Despesa orçamentária;2026-07-29;2026-07-29;2026-08-04;1756,17;Não
1250 - POLICIA MILITAR DE MINAS GERAIS;Nota fiscal;05.340.639/0001-30;PRIME CONSULTORIA E ASSESSORIA EMPRESARIAL LTDA;376221;;1;Completa;Serviço;Despesa orçamentária;2026-08-01;2026-08-04;2026-08-04;577631,15;Não
1250 - POLICIA MILITAR DE MINAS GERAIS;Nota fiscal;08.051.684/0001-62;A & C COMERCIO, IMPORTACAO, EXPORTACAO E REPRESENTACAO DE PRODUTOS MEDICO HOSPITALAR LTDA;38817;1;1;Completa - Recebimento definitivo;Consumo;Despesa orçamentária;2026-07-30;2026-08-03;2026-08-04;16566,56;Não
2260 - FUNDACAO EZEQUIEL DIAS;Nota fiscal;21.317.051/0001-11;PENSABIO INSTRUMENTOS DE BIOTECNOLOGIA LTDA;13694;1;1;Completa - Recebimento definitivo;Consumo;Despesa orçamentária;2026-07-27;2026-07-31;2026-08-04;16772,43;Não
2470 - AGENCIA REGULADORA DE TRANSPORTES;Nota fiscal;33.224.254/0001-42;MGS MINAS GERAIS ADMINISTRACAO E SERVICOS S/A;202626763;0;1;Completa;Serviço;Despesa orçamentária;2026-07-29;2026-08-03;2026-08-04;883232,16;Não
1260 - SECRETARIA DE ESTADO DE EDUCACAO;Nota fiscal;33.224.254/0001-42;MGS MINAS GERAIS ADMINISTRACAO E SERVICOS S/A;25630;1;1;Completa;Serviço;Despesa orçamentária;2026-07-22;2026-08-04;2026-08-04;108316,79;Não
2270 - FUNDACAO HOSPITALAR DO ESTADO DE MINAS GERAIS;Nota fiscal;02.936.819/0001-90;APICE HEALTHCARE EQUIPAMENTOS MEDICOS HOSPITALARES LTDA;3452026;;1;Completa;Serviço;Despesa orçamentária;2026-08-03;2026-08-03;2026-08-04;7276,22;Não
1260 - SECRETARIA DE ESTADO DE EDUCACAO;Nota fiscal;07.432.517/0001-07;SIMPRESS COMERCIO LOCACAO E SERVICOS LTDA;426172;;1;Completa;Serviço;Despesa orçamentária;2026-07-07;2026-07-31;2026-08-04;507,21;Não
1540 - ESCOLA DE SAUDE PUBLICA DE MINAS GERAIS;Outros;***.264.566-**;FREDERICO GRAPIUNA FILHO;9481450;7;1;Completa;Serviço;Despesa orçamentária;2026-07-10;2026-07-10;2026-08-04;2400,0;Não
2010 - INST.DE PREVIDENCIA DOS SERVIDORES DO EST.M.GERAIS;Nota fiscal;08.051.684/0001-62;A & C COMERCIO, IMPORTACAO, EXPORTACAO E REPRESENTACAO DE PRODUTOS MEDICO HOSPITALAR LTDA;38854;1;1;Completa - Recebimento definitivo;Consumo;Despesa orçamentária;2026-07-31;2026-08-03;2026-08-04;15870,98;Não
1250 - POLICIA MILITAR DE MINAS GERAIS;Nota fiscal;08.051.684/0001-62;A & C COMERCIO, IMPORTACAO, EXPORTACAO E REPRESENTACAO DE PRODUTOS MEDICO HOSPITALAR LTDA;38818;1;1;Completa - Recebimento definitivo;Consumo;Despesa orçamentária;2026-07-30;2026-08-03;2026-08-04;1617,0;Não
2310 - UNIVERSIDADE ESTADUAL DE MONTES CLAROS;Nota fiscal;19.400.787/0001-07;QUIBASA QUIMICA BASICA LTDA ;182656;2;1;Completa - Recebimento definitivo;Consumo;Despesa extra orçamentária;2026-07-21;2026-08-04;2026-08-04;14739,7;Não
2090 - FUNDACAO ESTADUAL DO MEIO AMBIENTE;Nota fiscal;33.224.254/0001-42;MGS MINAS GERAIS ADMINISTRACAO E SERVICOS S/A;27109;1;1;Completa;Serviço;Despesa orçamentária;2026-07-30;2026-07-30;2026-08-04;49946,23;Não
2270 - FUNDACAO HOSPITALAR DO ESTADO DE MINAS GERAIS;Nota fiscal;11.620.701/0001-40;FILIPE PLOTTER LTDA -ME;374;700;1;Completa;Serviço;Despesa orçamentária;2026-08-03;2026-08-03;2026-08-04;25000,0;Não
2100 - INSTITUTO ESTADUAL DE FLORESTAS-IEF;Outros;33.224.254/0001-42;MGS MINAS GERAIS ADMINISTRACAO E SERVICOS S/A;25047;U;1;Completa;Serviço;Despesa orçamentária;2026-07-15;2026-08-04;2026-08-04;43477,85;Não
2270 - FUNDACAO HOSPITALAR DO ESTADO DE MINAS GERAIS;Nota fiscal;09.524.545/0001-71;WF TECNOLOGIA CIENTIFICA LTDA;4778;1;1;Completa;Serviço;Despesa orçamentária;2026-06-26;2026-08-04;2026-08-04;2396,24;Não
2010 - INST.DE PREVIDENCIA DOS SERVIDORES DO EST.M.GERAIS;Nota fiscal;33.224.254/0001-42;MGS MINAS GERAIS ADMINISTRACAO E SERVICOS S/A;26735;1A;1;Completa;Serviço;Despesa orçamentária;2026-07-29;2026-07-29;2026-08-04;16448,05;Não
1250 - POLICIA MILITAR DE MINAS GERAIS;Nota fiscal;05.336.395/0001-11;ALMEIDA WOLFF COMERCIAL HOSPITALAR LTDA;27504;1;1;Completa - Recebimento definitivo;Consumo;Despesa extra orçamentária;2026-07-24;2026-07-29;2026-08-04;12621,0;Não
2010 - INST.DE PREVIDENCIA DOS SERVIDORES DO EST.M.GERAIS;Nota fiscal;14.823.642/0001-03;NUCLEOMED COMERCIO E REPRESENTACAO COMERCIAL LTDA ;302588;1;1;Completa - Recebimento definitivo;Consumo;Despesa orçamentária;2026-07-31;2026-08-03;2026-08-04;2050,0;Não
2270 - FUNDACAO HOSPITALAR DO ESTADO DE MINAS GERAIS;Nota fiscal;52.656.352/0005-27;COTAVE COMERCIAL TARRAF DE VEICULOS LTDA;2880;;1;Completa;Serviço;Despesa orçamentária;2026-07-30;2026-07-31;2026-08-04;6401,93;Não
1250 - POLICIA MILITAR DE MINAS GERAIS;Nota fiscal;35.547.112/0001-41;SOUSA GUIMARAES ENGENHARIA E CONSTRUCOES LTDA;52;;1;Completa;Serviço;Despesa extra orçamentária;2026-08-03;2026-08-04;2026-08-04;64316,74;Não
1260 - SECRETARIA DE ESTADO DE EDUCACAO;Nota fiscal;21.641.059/0001-39;DISTRIBUIDORA PERES & ARAUJO LTDA - ME;2961;1;1;Completa - Disponível para recebimento definitivo;Permanente;Despesa orçamentária;2026-06-19;2026-06-19;2026-08-04;1738,68;Não
2260 - FUNDACAO EZEQUIEL DIAS;Nota fiscal;76.619.113/0001-31;LABORCLIN PROD PARA LABORATORIOS LIMITADA;5134;6;1;Completa - Recebimento definitivo;Consumo;Despesa orçamentária;2026-07-28;2026-08-04;2026-08-04;820,0;Não
2010 - INST.DE PREVIDENCIA DOS SERVIDORES DO EST.M.GERAIS;Nota fiscal;00.028.682/0001-40;PROMEDON DO BRASIL PRODUTOS MEDICO HOSPITALARES LTDA;549806;0;1;Completa - Recebimento definitivo;Consumo;Despesa orçamentária;2026-06-25;2026-08-03;2026-08-04;1489,0;Não
2010 - INST.DE PREVIDENCIA DOS SERVIDORES DO EST.M.GERAIS;Nota fiscal;33.224.254/0001-42;MGS MINAS GERAIS ADMINISTRACAO E SERVICOS S/A;26734;1A;1;Completa;Serviço;Despesa orçamentária;2026-07-29;2026-07-29;2026-08-04;5043,09;Não
2100 - INSTITUTO ESTADUAL DE FLORESTAS-IEF;Outros;33.224.254/0001-42;MGS MINAS GERAIS ADMINISTRACAO E SERVICOS S/A;25140;U;1;Completa;Serviço;Despesa orçamentária;2026-07-16;2026-08-04;2026-08-04;68759,05;Não
1250 - POLICIA MILITAR DE MINAS GERAIS;Nota fiscal;34.274.233/0025-71;VIBRA ENERGIA S.A;4953726;;1;Completa - Recebimento definitivo;Consumo;Despesa orçamentária;2026-08-03;2026-08-04;2026-08-04;14666,88;Não
2370 - INSTITUTO MINEIRO DE AGROPECUARIA;Nota fiscal;76.535.764/0001-43;OI S.A. - EM RECUPERACAO JUDICIAL;87106;10;1;Completa;Serviço;Despesa orçamentária;2026-07-19;2026-07-30;2026-08-04;50,79;Não
1260 - SECRETARIA DE ESTADO DE EDUCACAO;Nota fiscal;21.641.059/0001-39;DISTRIBUIDORA PERES & ARAUJO LTDA - ME;2962;1;1;Completa - Disponível para recebimento definitivo;Consumo;Despesa orçamentária;2026-06-22;2026-06-22;2026-08-04;650,0;Não
2010 - INST.DE PREVIDENCIA DOS SERVIDORES DO EST.M.GERAIS;Nota fiscal;31.495.759/0001-16;SIRIO PHARMA LTDA;22589;1;3;Completa - Recebimento definitivo;Consumo;Despesa orçamentária;2026-07-30;2026-08-03;2026-08-04;222,75;Não
2470 - AGENCIA REGULADORA DE TRANSPORTES;Nota fiscal;33.224.254/0001-42;MGS MINAS GERAIS ADMINISTRACAO E SERVICOS S/A;202626764;1;1;Completa;Serviço;Despesa orçamentária;2026-07-29;2026-08-04;2026-08-04;3674,68;Não
1030 - TRIBUNAL DE JUSTICA DO ESTADO DE MINAS GERAIS;Nota fiscal;16.673.998/0001-25;SUPERINTENDENCIA DE LIMPEZA URBANA;569131;;1;Completa;Serviço;Despesa orçamentária;2026-08-04;2026-08-04;2026-08-04;5452,33;Não
1450 - SECRETARIA DE ESTADO DE JUSTICA E SEGURANCA PUBLIC;Nota fiscal;17.238.455/0001-42;A A Z SAUDE COMERCIO DE PRODUTOS MEDICOS E HOSPITALARES LTDA;13664;1;1;Completa - Recebimento definitivo;Permanente;Despesa orçamentária;2026-07-14;2026-07-27;2026-08-04;1250,0;Não
1250 - POLICIA MILITAR DE MINAS GERAIS;Nota fiscal;52.996.305/0001-07;52.996.305 SILVANA DE JESUS DOS SANTOS;1;;2;Completa;Serviço;Despesa orçamentária;2026-07-24;2026-07-29;2026-08-04;424,0;Não
1540 - ESCOLA DE SAUDE PUBLICA DE MINAS GERAIS;Outros;***.461.056-**;GUSTAVO ALVES OLIVEIRA;9481873;7;1;Completa;Serviço;Despesa orçamentária;2026-07-10;2026-07-10;2026-08-04;2400,0;Não
1260 - SECRETARIA DE ESTADO DE EDUCACAO;Nota fiscal;03.265.966/0001-49;POSITIVA DISTRIBUIDORA DE MATERIAIS E SERVICOS LTDA;1043;;1;Completa - Recebimento definitivo;Permanente;Despesa orçamentária;2026-07-29;2026-08-03;2026-08-04;2317,0;Não
2270 - FUNDACAO HOSPITALAR DO ESTADO DE MINAS GERAIS;Nota fiscal;27.187.758/0001-37;BML HOSPITALAR LTDA;31713;;1;Completa - Recebimento definitivo;Consumo;Despesa orçamentária;2026-07-30;2026-08-04;2026-08-04;2712,7;Não
1260 - SECRETARIA DE ESTADO DE EDUCACAO;Nota fiscal;07.432.517/0001-07;SIMPRESS COMERCIO LOCACAO E SERVICOS LTDA;426160;;1;Completa;Serviço;Despesa orçamentária;2026-07-07;2026-07-31;2026-08-04;251,12;Não
1450 - SECRETARIA DE ESTADO DE JUSTICA E SEGURANCA PUBLIC;Nota fiscal;10.478.755/0001-50;BEAGA HOSPITALAR LTDA;3340;1;1;Completa - Recebimento definitivo;Permanente;Despesa orçamentária;2026-07-27;2026-07-31;2026-08-04;1678,0;Não
2010 - INST.DE PREVIDENCIA DOS SERVIDORES DO EST.M.GERAIS;Nota fiscal;25.031.668/0001-27;SAMEH SOLUCOES HOSPITALARES LTDA;140523;1;1;Completa - Recebimento definitivo;Consumo;Despesa orçamentária;2026-07-31;2026-08-03;2026-08-04;4554,0;Não
1250 - POLICIA MILITAR DE MINAS GERAIS;Nota fiscal;34.274.233/0025-71;VIBRA ENERGIA S.A;4953981;;1;Completa - Recebimento definitivo;Consumo;Despesa orçamentária;2026-08-03;2026-08-04;2026-08-04;14666,88;Não
1440 - DEFENSORIA PUBLICA DO ESTADO DE MINAS GERAIS;Outros;28.408.684/0001-84;MORADA MINEIRA NEGOCIOS IMOBILIARIOS LTDA;62026;;2;Completa;Serviço;Despesa orçamentária;2026-07-03;2026-07-03;2026-08-04;21300,0;Não
2100 - INSTITUTO ESTADUAL DE FLORESTAS-IEF;Outros;33.224.254/0001-42;MGS MINAS GERAIS ADMINISTRACAO E SERVICOS S/A;9;A;1;Completa;Serviço;Despesa orçamentária;2026-07-16;2026-08-04;2026-08-04;92644,53;Não
1510 - POLICIA CIVIL DO ESTADO DE MINAS GERAIS;Outros;***.824.256-**;DANIEL ANTENOR RODRIGUES;72026;;1;Completa;Serviço;Despesa orçamentária;2026-08-03;2026-08-04;2026-08-04;3541,56;Não
2270 - FUNDACAO HOSPITALAR DO ESTADO DE MINAS GERAIS;Nota fiscal;40.175.705/0001-64;CEI COMERCIO EXPORTACAO E IMP DE MAT MEDICOS LTDA;345738;1;1;Completa - Recebimento definitivo;Consumo;Despesa orçamentária;2026-07-30;2026-07-31;2026-08-04;1550,0;Não
2270 - FUNDACAO HOSPITALAR DO ESTADO DE MINAS GERAIS;Nota fiscal;27.187.758/0001-37;BML HOSPITALAR LTDA;31688;;1;Completa - Recebimento definitivo;Consumo;Despesa orçamentária;2026-07-29;2026-08-04;2026-08-04;3999,95;Não
2270 - FUNDACAO HOSPITALAR DO ESTADO DE MINAS GERAIS;Nota fiscal;02.357.251/0001-53;LIFEMED INDUSTRIAL DE EQUIPAMENTOS E ARTIGOS MEDICOS E HOSPITALARES S.A.;151397;;1;Completa - Recebimento definitivo;Consumo;Despesa orçamentária;2026-07-29;2026-08-03;2026-08-04;14460,0;Não
1450 - SECRETARIA DE ESTADO DE JUSTICA E SEGURANCA PUBLIC;Nota fiscal;57.977.634/0001-16;SZ HOSPITALAR LTDA;17289;1;1;Completa - Recebimento definitivo;Permanente;Despesa orçamentária;2026-07-17;2026-07-31;2026-08-04;7660,0;Não
2270 - FUNDACAO HOSPITALAR DO ESTADO DE MINAS GERAIS;Nota fiscal;31.498.120/0001-94;BELLAMED PRODUTOS HOSPITALARES LTDA;22970;1;1;Completa - Recebimento definitivo;Consumo;Despesa orçamentária;2026-07-09;2026-07-14;2026-08-04;1513,64;Não
2300 - DEPARTAMENTO DE ESTRADAS DE RODAGEM;Nota fiscal;08.273.364/0001-57;TICKET GESTAO EM MANUTENCAO EZC S.A;48670766;802;1;Completa;Serviço;Despesa orçamentária;2026-08-04;2026-08-04;2026-08-04;1121,25;Não
2010 - INST.DE PREVIDENCIA DOS SERVIDORES DO EST.M.GERAIS;Nota fiscal;44.734.671/0022-86;CRISTALIA PRODUTOS QUIMICOS FARMACEUTICOS LTDA;1062108;10;1;Completa - Recebimento definitivo;Consumo;Despesa orçamentária;2026-07-30;2026-08-03;2026-08-04;150,0;Não
2470 - AGENCIA REGULADORA DE TRANSPORTES;Nota fiscal;33.224.254/0001-42;MGS MINAS GERAIS ADMINISTRACAO E SERVICOS S/A;202626761;1;1;Completa;Serviço;Despesa orçamentária;2026-07-29;2026-08-04;2026-08-04;23183,12;Não
1450 - SECRETARIA DE ESTADO DE JUSTICA E SEGURANCA PUBLIC;Nota fiscal;05.194.502/0001-14;ALFALAGOS LTDA ;431953;;1;Completa - Recebimento definitivo;Consumo;Despesa orçamentária;2026-07-28;2026-07-31;2026-08-04;13970,88;Não
1480 - SECRETARIA DE ESTADO DE DESENVOLVIMENTO SOCIAL;Nota fiscal;***.417.206-**;ROSANE QUARESMA DALTON SANTOS;72026;;1;Completa;Serviço;Despesa orçamentária;2026-08-03;2026-08-03;2026-08-04;4245,1;Não
1260 - SECRETARIA DE ESTADO DE EDUCACAO;Outros;33.224.254/0001-42;MGS MINAS GERAIS ADMINISTRACAO E SERVICOS S/A;6979322026;;1;Completa;Serviço;Despesa orçamentária;2026-07-22;2026-08-04;2026-08-04;5025,22;Não
1260 - SECRETARIA DE ESTADO DE EDUCACAO;Outros;07.432.517/0001-07;SIMPRESS COMERCIO LOCACAO E SERVICOS LTDA;426161;;1;Completa;Serviço;Despesa orçamentária;2026-07-07;2026-08-04;2026-08-04;217,6;Não
1250 - POLICIA MILITAR DE MINAS GERAIS;Nota fiscal;26.295.145/0001-50;D.I.COMERCIO DE PECAS E SERVICOS PARA GERADORES LTDA - ME;691;;1;Completa;Serviço;Despesa orçamentária;2026-08-03;2026-08-03;2026-08-04;2246,41;Não
2270 - FUNDACAO HOSPITALAR DO ESTADO DE MINAS GERAIS;Nota fiscal;12.889.035/0002-93;INOVAMED HOSPITALAR LTDA;75603;;1;Completa - Recebimento definitivo;Consumo;Despesa orçamentária;2026-07-30;2026-08-03;2026-08-04;136,44;Não
1450 - SECRETARIA DE ESTADO DE JUSTICA E SEGURANCA PUBLIC;Nota fiscal;19.410.510/0001-65;FISIOFIT FABRICACAO E COMERCIO DE EQUIPAMENTOS LTDA;29947;1;1;Completa - Recebimento definitivo;Permanente;Despesa orçamentária;2026-07-20;2026-07-26;2026-08-04;11200,0;Não
2010 - INST.DE PREVIDENCIA DOS SERVIDORES DO EST.M.GERAIS;Nota fiscal;33.224.254/0001-42;MGS MINAS GERAIS ADMINISTRACAO E SERVICOS S/A;26951;1;1;Completa;Serviço;Despesa orçamentária;2026-07-29;2026-07-30;2026-08-04;19033,15;Não
1250 - POLICIA MILITAR DE MINAS GERAIS;Nota fiscal;06.981.180/0001-16;CEMIG DISTRIBUICAO S.A.;415780068;;1;Completa;Serviço;Despesa orçamentária;2026-08-03;2026-08-04;2026-08-04;132833,76;Não
2270 - FUNDACAO HOSPITALAR DO ESTADO DE MINAS GERAIS;Outros;06.981.180/0001-16;CEMIG DISTRIBUICAO S.A.;415780870;0;1;Completa;Serviço;Despesa orçamentária;2026-08-03;2026-08-04;2026-08-04;13974,33;Não
2150 - FUNDACAO HELENA ANTIPOFF;Nota fiscal;17.281.106/0001-03;COMPANHIA DE SANEAMENTO DE MINAS GERAIS COPASA MG;29541182;;1;Completa;Serviço;Despesa orçamentária;2026-07-25;2026-08-03;2026-08-04;6294,29;Não
2010 - INST.DE PREVIDENCIA DOS SERVIDORES DO EST.M.GERAIS;Nota fiscal;58.950.775/0001-08;COTACAO COM REPRESENTACAO IMPORTACAO E EXPORTACAO LTDA;42777;1;1;Completa - Recebimento definitivo;Consumo;Despesa orçamentária;2026-07-29;2026-08-03;2026-08-04;177,6;Não
1030 - TRIBUNAL DE JUSTICA DO ESTADO DE MINAS GERAIS;Nota fiscal;09.163.038/0001-50;CG ENGENHARIA LTDA;202623;;1;Completa;Serviço;Despesa orçamentária;2026-08-04;2026-08-04;2026-08-04;324282,64;Não
2370 - INSTITUTO MINEIRO DE AGROPECUARIA;Nota fiscal;33.224.254/0001-42;MGS MINAS GERAIS ADMINISTRACAO E SERVICOS S/A;27115;1;1;Completa;Serviço;Despesa orçamentária;2026-07-30;2026-08-03;2026-08-04;3963,13;Não
2270 - FUNDACAO HOSPITALAR DO ESTADO DE MINAS GERAIS;Nota fiscal;02.357.251/0001-53;LIFEMED INDUSTRIAL DE EQUIPAMENTOS E ARTIGOS MEDICOS E HOSPITALARES S.A.;151391;;1;Completa - Recebimento definitivo;Consumo;Despesa orçamentária;2026-07-29;2026-08-03;2026-08-04;30303,0;Não
2270 - FUNDACAO HOSPITALAR DO ESTADO DE MINAS GERAIS;Nota fiscal;16.654.626/0001-51;COOK EMPREENDIMENTOS EM ALIMENTACAO COLETIVA LTDA.;18942;;1;Incompleta;Serviço;Despesa orçamentária;2026-07-22;2026-07-22;2026-08-04;51283,4;Não
2370 - INSTITUTO MINEIRO DE AGROPECUARIA;Outros;33.224.254/0001-42;MGS MINAS GERAIS ADMINISTRACAO E SERVICOS S/A;699075;;1;Completa;Serviço;Despesa orçamentária;2026-07-29;2026-08-03;2026-08-04;571,91;Não
1450 - SECRETARIA DE ESTADO DE JUSTICA E SEGURANCA PUBLIC;Nota fiscal;56.107.195/0001-28;REQUINTE PRODUCOES E EVENTOS LTDA;19;;1;Completa;Serviço;Despesa orçamentária;2026-07-21;2026-07-21;2026-08-04;340800,0;Não
1030 - TRIBUNAL DE JUSTICA DO ESTADO DE MINAS GERAIS;Nota fiscal;09.583.388/0001-75;RANGAP DISTRIBUIDORA DE ALIMENTOS LTDA -ME;6791;2;1;Completa - Recebimento definitivo;Consumo;Despesa orçamentária;2026-08-03;2026-08-04;2026-08-04;40958,26;Não
2010 - INST.DE PREVIDENCIA DOS SERVIDORES DO EST.M.GERAIS;Outros;33.224.254/0001-42;MGS MINAS GERAIS ADMINISTRACAO E SERVICOS S/A;699243;;1;Completa;Serviço;Despesa orçamentária;2026-07-29;2026-07-30;2026-08-04;1791,95;Não
2120 - INST.PREV.DOS SERV.MILITARES DO ESTADO M.GERAIS;Nota fiscal;20.858.411/0001-20;AMGS COMERCIO E REPRESENTACOES LTDA;611813;2;1;Incompleta;Consumo;Despesa extra orçamentária;2025-12-01;2026-08-04;2026-08-04;3592,07;Não
2370 - INSTITUTO MINEIRO DE AGROPECUARIA;Outros;33.224.254/0001-42;MGS MINAS GERAIS ADMINISTRACAO E SERVICOS S/A;699074;;1;Completa;Serviço;Despesa orçamentária;2026-07-29;2026-08-03;2026-08-04;100,0;Não
1540 - ESCOLA DE SAUDE PUBLICA DE MINAS GERAIS;Outros;***.217.156-**;INGRIDED RAMALHO DOS ANJOS;9481853;7;1;Completa;Serviço;Despesa orçamentária;2026-07-10;2026-07-10;2026-08-04;2100,0;Não
1510 - POLICIA CIVIL DO ESTADO DE MINAS GERAIS;Outros;***.907.236-**;MARIA ADELIA TOFANI GONCALVES MACHADO;72026;;1;Completa;Serviço;Despesa orçamentária;2026-08-03;2026-08-04;2026-08-04;5238,0;Não
2180 - FUNDACAO CLOVIS SALGADO;Outros;16.673.998/0001-25;SUPERINTENDENCIA DE LIMPEZA URBANA;326221599234;;1;Completa;Serviço;Despesa orçamentária;2026-08-04;2026-08-04;2026-08-04;1800,3;Não
1450 - SECRETARIA DE ESTADO DE JUSTICA E SEGURANCA PUBLIC;Nota fiscal;56.107.195/0001-28;REQUINTE PRODUCOES E EVENTOS LTDA;20;;1;Completa;Serviço;Despesa orçamentária;2026-07-21;2026-07-21;2026-08-04;21300,0;Não
1250 - POLICIA MILITAR DE MINAS GERAIS;Nota fiscal;34.274.233/0025-71;VIBRA ENERGIA S.A;4953980;;1;Completa - Recebimento definitivo;Consumo;Despesa orçamentária;2026-08-03;2026-08-04;2026-08-04;14666,88;Não
2270 - FUNDACAO HOSPITALAR DO ESTADO DE MINAS GERAIS;Nota fiscal;00.583.890/0001-01;FAMAP NUTRICAO PARENTERAL LTDA;412316;;1;Completa - Recebimento definitivo;Consumo;Despesa extra orçamentária;2024-05-13;2024-05-13;2026-08-04;2660,77;Não
1260 - SECRETARIA DE ESTADO DE EDUCACAO;Outros;***.148.506-**;PEDRO AUGUSTO VIEIRA SANTOS;72026;7;2;Completa;Serviço;Despesa orçamentária;2026-08-03;2026-08-03;2026-08-04;499,8;Não
2270 - FUNDACAO HOSPITALAR DO ESTADO DE MINAS GERAIS;Nota fiscal;27.187.758/0001-37;BML HOSPITALAR LTDA;31643;;1;Completa - Recebimento definitivo;Consumo;Despesa orçamentária;2026-07-28;2026-08-04;2026-08-04;3999,95;Não
1260 - SECRETARIA DE ESTADO DE EDUCACAO;Nota fiscal;33.224.254/0001-42;MGS MINAS GERAIS ADMINISTRACAO E SERVICOS S/A;25632;1;1;Completa;Serviço;Despesa orçamentária;2026-07-22;2026-08-04;2026-08-04;5313,11;Não
1190 - SECRETARIA DE ESTADO DE FAZENDA DE MINAS GERAIS;Nota fiscal;01.548.339/0001-90;SERTA SERVICOS TECNICOS E ADMINISTRATIVOS LTDA - EM RECUPERACAO JUDICIAL;20266980;;1;Completa;Serviço;Despesa orçamentária;2026-08-03;2026-08-03;2026-08-04;451,54;Não
2090 - FUNDACAO ESTADUAL DO MEIO AMBIENTE;Nota fiscal;47.064.228/0001-09;JOAO DO GAS LTDA;217;;1;Completa - Recebimento definitivo;Consumo;Despesa orçamentária;2026-08-04;2026-08-04;2026-08-04;102,0;Não
2010 - INST.DE PREVIDENCIA DOS SERVIDORES DO EST.M.GERAIS;Outros;33.224.254/0001-42;MGS MINAS GERAIS ADMINISTRACAO E SERVICOS S/A;699244;;1;Completa;Serviço;Despesa orçamentária;2026-07-29;2026-07-30;2026-08-04;666,67;Não
2370 - INSTITUTO MINEIRO DE AGROPECUARIA;Nota fiscal;33.224.254/0001-42;MGS MINAS GERAIS ADMINISTRACAO E SERVICOS S/A;25604;3;1;Completa;Serviço;Despesa orçamentária;2026-07-22;2026-08-03;2026-08-04;3796,4;Não
1010 - ASSEMBLEIA LEGISLATIVA DO ESTADO DE MINAS GERAIS;Nota fiscal;10.461.302/0001-10;SOLIDES TECNOLOGIA S/A;2326532026;;1;Completa;Serviço;Despesa orçamentária;2026-07-05;2026-07-31;2026-08-04;2051,4;Não
1260 - SECRETARIA DE ESTADO DE EDUCACAO;Outros;33.224.254/0001-42;MGS MINAS GERAIS ADMINISTRACAO E SERVICOS S/A;697851;U;1;Completa;Serviço;Despesa orçamentária;2026-07-22;2026-08-04;2026-08-04;5784,36;Não
1450 - SECRETARIA DE ESTADO DE JUSTICA E SEGURANCA PUBLIC;Nota fiscal;08.624.977/0001-91;TERRAVIVA AMBIENTAL LTDA;8841;;1;Completa;Serviço;Despesa orçamentária;2026-07-10;2026-07-10;2026-08-04;1489,36;Não
2270 - FUNDACAO HOSPITALAR DO ESTADO DE MINAS GERAIS;Nota fiscal;07.967.038/0001-87;BIOCONTROL LTDA - EPP;1891;;1;Completa;Serviço;Despesa orçamentária;2026-07-27;2026-08-03;2026-08-04;2638,0;Não
2100 - INSTITUTO ESTADUAL DE FLORESTAS-IEF;Outros;33.224.254/0001-42;MGS MINAS GERAIS ADMINISTRACAO E SERVICOS S/A;25151;A;1;Incompleta;Serviço;Despesa orçamentária;2026-07-16;2026-08-04;2026-08-04;198539,02;Não
2270 - FUNDACAO HOSPITALAR DO ESTADO DE MINAS GERAIS;Nota fiscal;33.224.254/0001-42;MGS MINAS GERAIS ADMINISTRACAO E SERVICOS S/A;699198;;1;Completa;Serviço;Despesa orçamentária;2026-07-29;2026-08-04;2026-08-04;2536,97;Não
2270 - FUNDACAO HOSPITALAR DO ESTADO DE MINAS GERAIS;Nota fiscal;24.638.170/0001-64;DISTRIBUIDORA MENDONCA E MIRANDA LTDA;2398;;1;Completa - Recebimento definitivo;Consumo;Despesa orçamentária;2026-07-28;2026-08-03;2026-08-04;12044,0;Não
2270 - FUNDACAO HOSPITALAR DO ESTADO DE MINAS GERAIS;Nota fiscal;20.235.404/0001-71;DCB DISTRIBUIDORA CIRURGICA BRASILEIRA LTDA;108294;;1;Completa - Recebimento definitivo;Consumo;Despesa orçamentária;2026-07-29;2026-07-31;2026-08-04;10749,8;Não
2090 - FUNDACAO ESTADUAL DO MEIO AMBIENTE;Outros;33.224.254/0001-42;MGS MINAS GERAIS ADMINISTRACAO E SERVICOS S/A;699093;;1;Completa;Serviço;Despesa orçamentária;2026-07-29;2026-07-30;2026-08-04;4296,76;Não
2270 - FUNDACAO HOSPITALAR DO ESTADO DE MINAS GERAIS;Nota fiscal;33.224.254/0001-42;MGS MINAS GERAIS ADMINISTRACAO E SERVICOS S/A;699199;;1;Completa;Serviço;Despesa orçamentária;2026-07-29;2026-08-04;2026-08-04;9510,91;Não
2100 - INSTITUTO ESTADUAL DE FLORESTAS-IEF;Outros;18.515.536/0001-05;IMOBILIARIA VINCULO LTDA;87184;;1;Completa;Serviço;Despesa orçamentária;2026-07-24;2026-07-24;2026-08-04;5195,55;Não
2270 - FUNDACAO HOSPITALAR DO ESTADO DE MINAS GERAIS;Outros;33.224.254/0001-42;MGS MINAS GERAIS ADMINISTRACAO E SERVICOS S/A;699183;;1;Completa;Serviço;Despesa orçamentária;2026-07-29;2026-08-04;2026-08-04;35783,0;Não
1260 - SECRETARIA DE ESTADO DE EDUCACAO;Outros;33.224.254/0001-42;MGS MINAS GERAIS ADMINISTRACAO E SERVICOS S/A;697863;U;1;Completa;Serviço;Despesa orçamentária;2026-07-22;2026-08-04;2026-08-04;570,22;Não
2270 - FUNDACAO HOSPITALAR DO ESTADO DE MINAS GERAIS;Nota fiscal;33.224.254/0001-42;MGS MINAS GERAIS ADMINISTRACAO E SERVICOS S/A;27108;0;1;Completa;Serviço;Despesa orçamentária;2026-07-30;2026-08-04;2026-08-04;200,59;Não
1260 - SECRETARIA DE ESTADO DE EDUCACAO;Nota fiscal;08.458.633/0001-50;ESMARTY ESPECIALISTA EM MANUTENCAO DE ELEVADORES LTDA;7384;;1;Completa;Serviço;Despesa orçamentária;2026-08-03;2026-08-04;2026-08-04;825,0;Não
1440 - DEFENSORIA PUBLICA DO ESTADO DE MINAS GERAIS;Nota fiscal;10.867.329/0001-08;L3A DIVISORIAS E FORROS LTDA - EPP;1862;1;1;Completa - Recebimento definitivo;Consumo;Despesa orçamentária;2026-07-31;2026-07-31;2026-08-04;9963,8;Não
1320 - SECRETARIA DE ESTADO DA SAUDE;Nota fiscal;23.921.349/0001-61;VISUAL SISTEMAS ELETRONICOS LTDA;1663;2;1;Completa;Serviço;Despesa orçamentária;2026-07-02;2026-07-03;2026-08-04;1593,64;Não
2270 - FUNDACAO HOSPITALAR DO ESTADO DE MINAS GERAIS;Nota fiscal;33.224.254/0001-42;MGS MINAS GERAIS ADMINISTRACAO E SERVICOS S/A;27107;E;1;Completa;Serviço;Despesa orçamentária;2026-07-30;2026-08-04;2026-08-04;132200,8;Não
1260 - SECRETARIA DE ESTADO DE EDUCACAO;Nota fiscal;33.224.254/0001-42;MGS MINAS GERAIS ADMINISTRACAO E SERVICOS S/A;25631;1;1;Completa;Serviço;Despesa orçamentária;2026-07-22;2026-08-04;2026-08-04;6646,73;Não
2480 - DETRAN / MG;Nota fiscal;22.148.707/0001-82;SPEEDMAIS SOLUCOES LTDA;516;;1;Completa;Serviço;Despesa orçamentária;2026-07-31;2026-08-03;2026-08-04;136501,22;Não
2090 - FUNDACAO ESTADUAL DO MEIO AMBIENTE;Outros;33.224.254/0001-42;MGS MINAS GERAIS ADMINISTRACAO E SERVICOS S/A;699092;;1;Completa;Serviço;Despesa orçamentária;2026-07-29;2026-07-30;2026-08-04;1165,46;Não
1260 - SECRETARIA DE ESTADO DE EDUCACAO;Outros;17.511.759/0001-31;CENTRO EDUCATIVO CANDIDA CABRAL;202662;;1;Completa;Serviço;Despesa orçamentária;2026-07-14;2026-08-04;2026-08-04;27465,07;Não
1450 - SECRETARIA DE ESTADO DE JUSTICA E SEGURANCA PUBLIC;Nota fiscal;32.227.070/0001-73;CETUS CONSTRUTORA LTDA;3910;1;1;Completa;Serviço;Despesa extra orçamentária;2026-06-09;2026-06-09;2026-08-04;94454,15;Não
1540 - ESCOLA DE SAUDE PUBLICA DE MINAS GERAIS;Outros;***.526.245-**;FRANCIELE MEIRA COELHO;9481868;7;1;Completa;Serviço;Despesa orçamentária;2026-07-10;2026-07-10;2026-08-04;3000,0;Não
2270 - FUNDACAO HOSPITALAR DO ESTADO DE MINAS GERAIS;Nota fiscal;01.571.702/0001-98;HALEX ISTAR INDUSTRIA FARMACEUTICA SA;467678;2;1;Completa - Recebimento definitivo;Consumo;Despesa orçamentária;2026-07-28;2026-07-28;2026-08-04;1215,0;Não
1450 - SECRETARIA DE ESTADO DE JUSTICA E SEGURANCA PUBLIC;Nota fiscal;02.997.091/0001-07;BRASCOEMP BRASIL CONSTRUCOES E EMPREENDIMENTOS LTDA ;90;;1;Completa;Serviço;Despesa orçamentária;2026-05-13;2026-05-13;2026-08-04;3554,54;Não
2270 - FUNDACAO HOSPITALAR DO ESTADO DE MINAS GERAIS;Nota fiscal;20.235.404/0001-71;DCB DISTRIBUIDORA CIRURGICA BRASILEIRA LTDA;108303;;1;Completa - Recebimento definitivo;Consumo;Despesa orçamentária;2026-07-30;2026-07-31;2026-08-04;40057,95;Não
2150 - FUNDACAO HELENA ANTIPOFF;Nota fiscal;17.281.106/0001-03;COMPANHIA DE SANEAMENTO DE MINAS GERAIS COPASA MG;29541183;;1;Completa;Serviço;Despesa orçamentária;2026-07-25;2026-08-03;2026-08-04;1193,71;Não
1450 - SECRETARIA DE ESTADO DE JUSTICA E SEGURANCA PUBLIC;Nota fiscal;32.227.070/0001-73;CETUS CONSTRUTORA LTDA;3982;1;1;Completa;Serviço;Despesa orçamentária;2026-06-22;2026-06-22;2026-08-04;5884,49;Não
2270 - FUNDACAO HOSPITALAR DO ESTADO DE MINAS GERAIS;Nota fiscal;33.224.254/0001-42;MGS MINAS GERAIS ADMINISTRACAO E SERVICOS S/A;699189;;1;Completa;Serviço;Despesa orçamentária;2026-07-29;2026-07-29;2026-08-04;7473,62;Não
2270 - FUNDACAO HOSPITALAR DO ESTADO DE MINAS GERAIS;Nota fiscal;04.889.013/0001-14;DISTRILAF DISTRIBUIDORA DE MEDICAMENTOS LTDA;152161;1;1;Completa - Recebimento definitivo;Consumo;Despesa orçamentária;2026-07-30;2026-07-31;2026-08-04;1173,0;Não
2100 - INSTITUTO ESTADUAL DE FLORESTAS-IEF;Nota fiscal;07.987.754/0001-26;APIARIO E PIMENTA NOGUEIRA LTDA - ME;8051;;1;Completa - Recebimento definitivo;Consumo;Despesa orçamentária;2026-07-31;2026-08-04;2026-08-04;16737,05;Não
2270 - FUNDACAO HOSPITALAR DO ESTADO DE MINAS GERAIS;Nota fiscal;04.889.013/0001-14;DISTRILAF DISTRIBUIDORA DE MEDICAMENTOS LTDA;152224;1;1;Completa - Recebimento definitivo;Consumo;Despesa orçamentária;2026-07-31;2026-08-03;2026-08-04;26325,0;Não
1260 - SECRETARIA DE ESTADO DE EDUCACAO;Nota fiscal;33.224.254/0001-42;MGS MINAS GERAIS ADMINISTRACAO E SERVICOS S/A;256782026;;1;Completa;Serviço;Despesa orçamentária;2026-07-22;2026-08-04;2026-08-04;97319,55;Não
2300 - DEPARTAMENTO DE ESTRADAS DE RODAGEM;Nota fiscal;01.466.431/0001-00;GCT - GERENCIAMENTO E CONTROLE DE TRANSITO S/A;20261475;;1;Completa;Serviço;Despesa orçamentária;2026-07-17;2026-07-21;2026-08-04;80156,43;Não
2270 - FUNDACAO HOSPITALAR DO ESTADO DE MINAS GERAIS;Nota fiscal;33.224.254/0001-42;MGS MINAS GERAIS ADMINISTRACAO E SERVICOS S/A;699188;;1;Completa;Serviço;Despesa orçamentária;2026-07-29;2026-07-29;2026-08-04;2190,3;Não
2370 - INSTITUTO MINEIRO DE AGROPECUARIA;Nota fiscal;33.224.254/0001-42;MGS MINAS GERAIS ADMINISTRACAO E SERVICOS S/A;26790;1;1;Completa;Serviço;Despesa orçamentária;2026-07-29;2026-08-04;2026-08-04;412,08;Não
1070 - GABINETE MILITAR DO GOVERNADOR DO ESTADO DE MG;Nota fiscal;41.156.351/0001-73;B2G VIX COMERCIO DE PRODUTOS E EQUIPAMENTOS LTDA;50;;1;Completa - Recebimento definitivo;Permanente;Despesa orçamentária;2026-07-30;2026-08-03;2026-08-04;243820,0;Não
1260 - SECRETARIA DE ESTADO DE EDUCACAO;Nota fiscal;62.382.395/0008-68;ASSOCIACAO DAS OBRAS PAVONIANAS DE ASSISTENCIA;81;;1;Completa;Serviço;Despesa orçamentária;2026-08-04;2026-08-04;2026-08-04;48316,26;Não
1450 - SECRETARIA DE ESTADO DE JUSTICA E SEGURANCA PUBLIC;Nota fiscal;08.624.977/0001-91;TERRAVIVA AMBIENTAL LTDA;8843;;1;Completa;Serviço;Despesa orçamentária;2026-07-10;2026-07-10;2026-08-04;1331,3;Não
1100 - OUVIDORIA GERAL DO ESTADO;Nota fiscal;01.406.617/0001-74;AGENCIA DE INTEGRACAO EMPRESA ESCOLA LTDA;35860;;1;Completa;Serviço;Despesa orçamentária;2026-08-03;2026-08-04;2026-08-04;13816,8;Não
2270 - FUNDACAO HOSPITALAR DO ESTADO DE MINAS GERAIS;Nota fiscal;27.187.758/0001-37;BML HOSPITALAR LTDA;31500;1;1;Completa - Disponível para recebimento definitivo;Consumo;Despesa orçamentária;2026-07-23;2026-07-23;2026-08-04;1292,29;Não
2270 - FUNDACAO HOSPITALAR DO ESTADO DE MINAS GERAIS;Nota fiscal;54.884.440/0001-88;VALMIG COMERCIO E ASSESSORIA TECNICA DE EQUIPAMENTOS LTDA;13589;;1;Completa;Serviço;Despesa orçamentária;2026-08-01;2026-08-04;2026-08-04;15500,0;Não
1500 - SECRETARIA DE ESTADO DE PLANEJAMENTO E GESTAO;Nota fiscal;02.128.552/0001-05;CLINICA DE MAMOGRAFIA PIRAPORA LTDA ;142023961;;1;Completa;Serviço;Despesa orçamentária;2026-08-04;2026-08-04;2026-08-04;782,24;Não
1250 - POLICIA MILITAR DE MINAS GERAIS;Outros;04.135.243/0002-79;COMERCIAL ITABIRANA DE PNEUS LTDA;202600000001244;;1;Completa;Serviço;Despesa orçamentária;2026-07-07;2026-07-08;2026-08-04;263,36;Não
2300 - DEPARTAMENTO DE ESTRADAS DE RODAGEM;Nota fiscal;01.466.431/0001-00;GCT - GERENCIAMENTO E CONTROLE DE TRANSITO S/A;20261476;;1;Completa;Serviço;Despesa orçamentária;2026-07-17;2026-07-21;2026-08-04;3130,43;Não
2350 - UNIVERSIDADE DO ESTADO DE MINAS GERAIS;Outros;33.224.254/0001-42;MGS MINAS GERAIS ADMINISTRACAO E SERVICOS S/A;202625840;;1;Completa;Serviço;Despesa orçamentária;2026-07-23;2026-07-23;2026-08-04;203190,74;Não
2470 - AGENCIA REGULADORA DE TRANSPORTES;Nota fiscal;33.224.254/0001-42;MGS MINAS GERAIS ADMINISTRACAO E SERVICOS S/A;202626762;1;1;Completa;Serviço;Despesa orçamentária;2026-07-29;2026-08-04;2026-08-04;12708,82;Não
2370 - INSTITUTO MINEIRO DE AGROPECUARIA;Outros;33.224.254/0001-42;MGS MINAS GERAIS ADMINISTRACAO E SERVICOS S/A;699067;;1;Completa;Serviço;Despesa orçamentária;2026-07-29;2026-08-04;2026-08-04;298,4;Não
2270 - FUNDACAO HOSPITALAR DO ESTADO DE MINAS GERAIS;Nota fiscal;33.224.254/0001-42;MGS MINAS GERAIS ADMINISTRACAO E SERVICOS S/A;26885;2;1;Completa;Serviço;Despesa orçamentária;2026-07-29;2026-07-29;2026-08-04;10415,93;Não
1250 - POLICIA MILITAR DE MINAS GERAIS;Nota fiscal;60.768.781/0001-90;60.768.781 PEDRO HENRIQUE GONCALVES;49;;1;Completa - Recebimento definitivo;Consumo;Despesa orçamentária;2026-07-31;2026-08-03;2026-08-04;1954,99;Não
1450 - SECRETARIA DE ESTADO DE JUSTICA E SEGURANCA PUBLIC;Nota fiscal;22.467.470/0001-00;CONFECCOES TAYTY LTDA;4786;1;1;Completa - Recebimento definitivo;Consumo;Despesa extra orçamentária;2026-08-03;2026-08-03;2026-08-04;14375,0;Não
1540 - ESCOLA DE SAUDE PUBLICA DE MINAS GERAIS;Outros;***.082.186-**;EMANUELLE CRISTINA BESSA MARTINS;9481451;7;1;Completa;Serviço;Despesa orçamentária;2026-07-10;2026-07-10;2026-08-04;3600,0;Não
2060 - FUNDACAO JOAO PINHEIRO;Outros;***.540.057-**;ANTONIO CLAUDIO LIMA DA SILVA;7454;;1;Completa;Serviço;Despesa orçamentária;2026-07-30;2026-07-30;2026-08-04;1125,0;Não
2270 - FUNDACAO HOSPITALAR DO ESTADO DE MINAS GERAIS;Nota fiscal;27.187.758/0001-37;BML HOSPITALAR LTDA;31501;1;1;Completa - Disponível para recebimento definitivo;Consumo;Despesa orçamentária;2026-07-23;2026-07-23;2026-08-04;556,13;Não
2160 - FUNDACAO EDUCACIONAL CAIO MARTINS;Nota fiscal;00.487.928/0001-42;COPYCENTRO LTDA - EPP;1957;;1;Incompleta;Serviço;Despesa orçamentária;2026-05-27;2026-05-27;2026-08-04;233,63;Não
1010 - ASSEMBLEIA LEGISLATIVA DO ESTADO DE MINAS GERAIS;Nota fiscal;66.970.229/0021-00;CLARO NXT TELECOMUNICACOES S/A;38595253;;1;Completa;Serviço;Despesa orçamentária;2026-06-26;2026-07-30;2026-08-04;516,48;Não
1190 - SECRETARIA DE ESTADO DE FAZENDA DE MINAS GERAIS;Nota fiscal;79.283.065/0001-41;ORBENK ADMINISTRACAO E SERVICOS LTDA.;1002;;1;Completa;Serviço;Despesa orçamentária;2026-08-03;2026-08-04;2026-08-04;10367,66;Não
2270 - FUNDACAO HOSPITALAR DO ESTADO DE MINAS GERAIS;Nota fiscal;33.224.254/0001-42;MGS MINAS GERAIS ADMINISTRACAO E SERVICOS S/A;26885;3;1;Completa;Serviço;Despesa orçamentária;2026-07-29;2026-07-29;2026-08-04;63255,65;Não
1030 - TRIBUNAL DE JUSTICA DO ESTADO DE MINAS GERAIS;Nota fiscal;20.501.854/0001-69;ALCANCE ENGENHARIA E CONSTRUCAO LTDA;2026483;;1;Completa;Serviço;Despesa orçamentária;2026-08-04;2026-08-04;2026-08-04;1121914,77;Não
2300 - DEPARTAMENTO DE ESTRADAS DE RODAGEM;Nota fiscal;01.466.431/0001-00;GCT - GERENCIAMENTO E CONTROLE DE TRANSITO S/A;20261477;;1;Completa;Serviço;Despesa orçamentária;2026-07-17;2026-07-21;2026-08-04;5633,7;Não
2370 - INSTITUTO MINEIRO DE AGROPECUARIA;Outros;33.224.254/0001-42;MGS MINAS GERAIS ADMINISTRACAO E SERVICOS S/A;697807;;1;Completa;Serviço;Despesa orçamentária;2026-07-22;2026-08-03;2026-08-04;571,91;Não
2260 - FUNDACAO EZEQUIEL DIAS;Nota fiscal;71.251.029/0001-94;RV COMERCIO DE PAPEIS LTDA;30438;1;1;Completa - Recebimento definitivo;Consumo;Despesa orçamentária;2026-07-31;2026-08-03;2026-08-04;2043,85;Não
2300 - DEPARTAMENTO DE ESTRADAS DE RODAGEM;Outros;11.399.829/0001-25;ALESSANDER DE OLIVEIRA LIMA -ME;25;2;3;Completa;Serviço;Despesa orçamentária;2026-08-03;2026-08-04;2026-08-04;10380,0;Não
2300 - DEPARTAMENTO DE ESTRADAS DE RODAGEM;Nota fiscal;40.456.487/0001-36;BDT ENGENHARIA LTDA;379;;1;Completa;Serviço;Despesa orçamentária;2026-07-28;2026-07-28;2026-08-04;46546,72;Não
1450 - SECRETARIA DE ESTADO DE JUSTICA E SEGURANCA PUBLIC;Nota fiscal;41.650.104/0001-29;CCJ SERVICOS DE ALIMENTACAO LTDA;19;1;1;Completa;Serviço;Despesa orçamentária;2026-07-08;2026-07-08;2026-08-04;154586,64;Não
2100 - INSTITUTO ESTADUAL DE FLORESTAS-IEF;Outros;33.224.254/0001-42;MGS MINAS GERAIS ADMINISTRACAO E SERVICOS S/A;697573;;1;Completa;Serviço;Despesa orçamentária;2026-07-20;2026-08-04;2026-08-04;451,29;Não
1010 - ASSEMBLEIA LEGISLATIVA DO ESTADO DE MINAS GERAIS;Nota fiscal;66.970.229/0021-00;CLARO NXT TELECOMUNICACOES S/A;38714135;;1;Completa;Serviço;Despesa orçamentária;2026-07-03;2026-07-30;2026-08-04;9296,64;Não
1270 - SECRETARIA DE ESTADO DE CULTURA E TURISMO;Outros;***.538.886-**;LARISSA CAROLINE DOMINGUES;9498998;;1;Completa;Serviço;Despesa orçamentária;2026-08-04;2026-08-04;2026-08-04;3680,0;Não
2270 - FUNDACAO HOSPITALAR DO ESTADO DE MINAS GERAIS;Nota fiscal;11.323.668/0001-96;INSTITUTO DE MEDICINA AVANCADA BARBACENA LTDA;470;;1;Completa;Serviço;Despesa orçamentária;2026-08-03;2026-08-03;2026-08-04;14210,0;Não
2270 - FUNDACAO HOSPITALAR DO ESTADO DE MINAS GERAIS;Nota fiscal;27.187.758/0001-37;BML HOSPITALAR LTDA;31502;1;1;Completa - Disponível para recebimento definitivo;Consumo;Despesa orçamentária;2026-07-23;2026-07-23;2026-08-04;1292,29;Não
2270 - FUNDACAO HOSPITALAR DO ESTADO DE MINAS GERAIS;Nota fiscal;04.654.861/0001-44;INDALABOR INDAIA LABORATORIO FARMACEUTICO LTDA;111357;1;1;Completa - Recebimento definitivo;Consumo;Despesa orçamentária;2026-07-31;2026-08-03;2026-08-04;6700,0;Não
1510 - POLICIA CIVIL DO ESTADO DE MINAS GERAIS;Nota fiscal;10.652.730/0006-35;MOTOROLA SOLUTIONS LTDA;1201;2;1;Completa - Recebimento definitivo;Permanente;Despesa orçamentária;2026-07-21;2026-07-23;2026-08-04;113772,0;Não
2370 - INSTITUTO MINEIRO DE AGROPECUARIA;Outros;33.224.254/0001-42;MGS MINAS GERAIS ADMINISTRACAO E SERVICOS S/A;697808;;1;Completa;Serviço;Despesa orçamentária;2026-07-22;2026-08-03;2026-08-04;100,0;Não
1010 - ASSEMBLEIA LEGISLATIVA DO ESTADO DE MINAS GERAIS;Nota fiscal;66.970.229/0021-00;CLARO NXT TELECOMUNICACOES S/A;38714136;;1;Completa;Serviço;Despesa orçamentária;2026-07-03;2026-07-30;2026-08-04;2776,08;Não
2300 - DEPARTAMENTO DE ESTRADAS DE RODAGEM;Nota fiscal;01.466.431/0001-00;GCT - GERENCIAMENTO E CONTROLE DE TRANSITO S/A;20261478;;1;Completa;Serviço;Despesa orçamentária;2026-07-17;2026-07-21;2026-08-04;3332,11;Não
1500 - SECRETARIA DE ESTADO DE PLANEJAMENTO E GESTAO;Nota fiscal;33.224.254/0001-42;MGS MINAS GERAIS ADMINISTRACAO E SERVICOS S/A;26248;1;6;Completa;Serviço;Despesa orçamentária;2026-07-28;2026-07-30;2026-08-04;5324,59;Não
2270 - FUNDACAO HOSPITALAR DO ESTADO DE MINAS GERAIS;Nota fiscal;27.187.758/0001-37;BML HOSPITALAR LTDA;31503;1;1;Completa - Disponível para recebimento definitivo;Consumo;Despesa orçamentária;2026-07-23;2026-07-23;2026-08-04;6206,39;Não
1260 - SECRETARIA DE ESTADO DE EDUCACAO;Outros;00.981.069/0001-43;ASSOCIACAO DE PROMOCAO HUMANA DIVINA PROVIDENCIA;2026183;;1;Completa;Serviço;Despesa orçamentária;2026-07-14;2026-08-04;2026-08-04;12180,08;Não
2270 - FUNDACAO HOSPITALAR DO ESTADO DE MINAS GERAIS;Nota fiscal;33.224.254/0001-42;MGS MINAS GERAIS ADMINISTRACAO E SERVICOS S/A;26885;4;1;Completa;Serviço;Despesa orçamentária;2026-07-29;2026-07-29;2026-08-04;4192,3;Não
1260 - SECRETARIA DE ESTADO DE EDUCACAO;Nota fiscal;17.507.708/0001-36;ASSOCIACAO SAO VICENTE DE PAULO DE BELO HORIZONTE;50;;1;Completa;Serviço;Despesa orçamentária;2026-08-04;2026-08-04;2026-08-04;17469,28;Não
2300 - DEPARTAMENTO DE ESTRADAS DE RODAGEM;Nota fiscal;01.466.431/0001-00;GCT - GERENCIAMENTO E CONTROLE DE TRANSITO S/A;20261479;;1;Completa;Serviço;Despesa orçamentária;2026-07-17;2026-07-21;2026-08-04;4906,95;Não
1270 - SECRETARIA DE ESTADO DE CULTURA E TURISMO;Outros;***.255.988-**;RENATE STEPHANES SOBOLL;9499099;;1;Completa;Serviço;Despesa orçamentária;2026-08-04;2026-08-04;2026-08-04;8280,0;Não
1540 - ESCOLA DE SAUDE PUBLICA DE MINAS GERAIS;Outros;***.234.186-**;ANA JULIA SOUSA AMORIN;9481620;7;1;Completa;Serviço;Despesa orçamentária;2026-07-10;2026-07-10;2026-08-04;2400,0;Não
1500 - SECRETARIA DE ESTADO DE PLANEJAMENTO E GESTAO;Nota fiscal;33.224.254/0001-42;MGS MINAS GERAIS ADMINISTRACAO E SERVICOS S/A;202626250;1;1;Completa;Serviço;Despesa orçamentária;2026-07-28;2026-07-30;2026-08-04;5707,03;Não
2270 - FUNDACAO HOSPITALAR DO ESTADO DE MINAS GERAIS;Nota fiscal;20.235.404/0001-71;DCB DISTRIBUIDORA CIRURGICA BRASILEIRA LTDA;108343;;1;Completa - Recebimento definitivo;Consumo;Despesa orçamentária;2026-07-31;2026-08-03;2026-08-04;2100,0;Não
2090 - FUNDACAO ESTADUAL DO MEIO AMBIENTE;Outros;05.340.639/0001-30;PRIME CONSULTORIA E ASSESSORIA EMPRESARIAL LTDA;3005796;;1;Completa;Serviço;Despesa orçamentária;2026-08-01;2026-08-04;2026-08-04;18256,98;Não
1010 - ASSEMBLEIA LEGISLATIVA DO ESTADO DE MINAS GERAIS;Nota fiscal;66.970.229/0021-00;CLARO NXT TELECOMUNICACOES S/A;38726925;;1;Completa;Serviço;Despesa orçamentária;2026-07-03;2026-07-30;2026-08-04;1662,36;Não
1070 - GABINETE MILITAR DO GOVERNADOR DO ESTADO DE MG;Nota fiscal;00.201.182/0001-69;DISTRIBUIDORA DE AGUAS MINERAIS BH LTDA -EPP;35156;;1;Completa - Recebimento definitivo;Consumo;Despesa orçamentária;2026-08-04;2026-08-04;2026-08-04;272,0;Não
1190 - SECRETARIA DE ESTADO DE FAZENDA DE MINAS GERAIS;Nota fiscal;28.309.420/0001-73;ESTRELA GERADORES & ENERGIA ELETRICA LTDA - EPP;720;;1;Completa;Serviço;Despesa orçamentária;2026-08-03;2026-08-04;2026-08-04;1630,29;Não
1030 - TRIBUNAL DE JUSTICA DO ESTADO DE MINAS GERAIS;Nota fiscal;25.099.482/0001-00;SOM E CIA INSTRUMENTOS MUSICAIS LTDA;1268;1;1;Completa - Recebimento definitivo;Consumo;Despesa orçamentária;2026-07-27;2026-08-04;2026-08-04;1980,0;Não
1250 - POLICIA MILITAR DE MINAS GERAIS;Outros;04.135.243/0002-79;COMERCIAL ITABIRANA DE PNEUS LTDA;202600000001228;;1;Completa;Serviço;Despesa orçamentária;2026-07-03;2026-07-06;2026-08-04;17,66;Não
1260 - SECRETARIA DE ESTADO DE EDUCACAO;Nota fiscal;10.723.775/0001-49;JC IMOVEIS NEGOCIOS E SERVICOS IMOBILIARIOS LTDA ME;9;;1;Completa;Serviço;Despesa orçamentária;2026-08-04;2026-08-04;2026-08-04;16000,0;Não
2100 - INSTITUTO ESTADUAL DE FLORESTAS-IEF;Outros;33.224.254/0001-42;MGS MINAS GERAIS ADMINISTRACAO E SERVICOS S/A;696822;;1;Completa;Serviço;Despesa orçamentária;2026-07-15;2026-08-04;2026-08-04;17391,54;Não
1500 - SECRETARIA DE ESTADO DE PLANEJAMENTO E GESTAO;Nota fiscal;33.224.254/0001-42;MGS MINAS GERAIS ADMINISTRACAO E SERVICOS S/A;26251;1;1;Completa;Serviço;Despesa orçamentária;2026-07-28;2026-07-30;2026-08-04;5906,7;Não
2270 - FUNDACAO HOSPITALAR DO ESTADO DE MINAS GERAIS;Nota fiscal;11.323.668/0001-96;INSTITUTO DE MEDICINA AVANCADA BARBACENA LTDA;209;;1;Completa;Serviço;Despesa orçamentária;2026-08-03;2026-08-03;2026-08-04;14210,0;Não
2300 - DEPARTAMENTO DE ESTRADAS DE RODAGEM;Nota fiscal;01.466.431/0001-00;GCT - GERENCIAMENTO E CONTROLE DE TRANSITO S/A;20261480;;1;Completa;Serviço;Despesa orçamentária;2026-07-17;2026-07-21;2026-08-04;1719,37;Não
1370 - SECRETARIA ESTADO DE MEIO AMB.DESENV SUSTENTAVEL;Nota fiscal;16.636.540/0001-04;COMPANHIA DE TECNOLOGIA DA INFORMACAO DO ESTADO DE MINAS GERAIS-PRODEMGE;20266351;;1;Completa;Serviço;Despesa orçamentária;2026-07-29;2026-07-30;2026-08-04;111222,0;Não
1020 - TRIBUNAL DE CONTAS DO ESTADO DE MINAS GERAIS;Nota fiscal;28.941.803/0001-60;ELEVTECH ELEVADORES LTDA;611;;1;Completa;Serviço;Despesa orçamentária;2026-08-04;2026-08-04;2026-08-04;4500,0;Não
2270 - FUNDACAO HOSPITALAR DO ESTADO DE MINAS GERAIS;Nota fiscal;27.187.758/0001-37;BML HOSPITALAR LTDA;31504;1;1;Completa - Disponível para recebimento definitivo;Consumo;Despesa orçamentária;2026-07-23;2026-07-23;2026-08-04;1538,06;Não
1260 - SECRETARIA DE ESTADO DE EDUCACAO;Nota fiscal;33.224.254/0001-42;MGS MINAS GERAIS ADMINISTRACAO E SERVICOS S/A;25716;1;1;Completa;Serviço;Despesa orçamentária;2026-07-22;2026-08-03;2026-08-04;59806,31;Não
1260 - SECRETARIA DE ESTADO DE EDUCACAO;Nota fiscal;03.773.700/0001-07;SERVICO NACIONAL DE APRENDIZAGEM INDUSTRIAL - DEPARTAMENTO REGIONAL DE MINAS GERAIS;1047;1;2;Completa;Serviço;Despesa orçamentária;2026-07-16;2026-08-04;2026-08-04;51013,2;Não
1250 - POLICIA MILITAR DE MINAS GERAIS;Nota fiscal;04.135.243/0002-79;COMERCIAL ITABIRANA DE PNEUS LTDA;6302;1;1;Completa;Serviço;Despesa orçamentária;2026-07-03;2026-07-06;2026-08-04;20,4;Não
1070 - GABINETE MILITAR DO GOVERNADOR DO ESTADO DE MG;Nota fiscal;41.156.351/0001-73;B2G VIX COMERCIO DE PRODUTOS E EQUIPAMENTOS LTDA;53;;1;Completa - Recebimento definitivo;Permanente;Despesa orçamentária;2026-07-31;2026-08-03;2026-08-04;83500,0;Não
2100 - INSTITUTO ESTADUAL DE FLORESTAS-IEF;Outros;33.224.254/0001-42;MGS MINAS GERAIS ADMINISTRACAO E SERVICOS S/A;696841;;1;Completa;Serviço;Despesa orçamentária;2026-07-15;2026-08-04;2026-08-04;9355,32;Não
2270 - FUNDACAO HOSPITALAR DO ESTADO DE MINAS GERAIS;Nota fiscal;67.729.178/0002-20;COMERCIAL CIRURGICA RIOCLARENSE LTDA;937655;1;1;Completa - Recebimento definitivo;Consumo;Despesa orçamentária;2026-07-30;2026-07-31;2026-08-04;5549,25;Não
2370 - INSTITUTO MINEIRO DE AGROPECUARIA;Nota fiscal;33.224.254/0001-42;MGS MINAS GERAIS ADMINISTRACAO E SERVICOS S/A;26771;1;1;Completa;Serviço;Despesa orçamentária;2026-07-29;2026-08-04;2026-08-04;3109,27;Não
1250 - POLICIA MILITAR DE MINAS GERAIS;Nota fiscal;07.791.107/0001-44;ELEC INDUSTRIA E COMERCIO DE EQUIPAMENTOS DE MEDICAO LTDA;28821;1;1;Completa - Recebimento definitivo;Permanente;Despesa orçamentária;2026-07-24;2026-08-04;2026-08-04;47996,0;Não
1450 - SECRETARIA DE ESTADO DE JUSTICA E SEGURANCA PUBLIC;Nota fiscal;08.624.977/0001-91;TERRAVIVA AMBIENTAL LTDA;8885;;1;Completa;Serviço;Despesa orçamentária;2026-07-10;2026-07-10;2026-08-04;491,04;Não
2270 - FUNDACAO HOSPITALAR DO ESTADO DE MINAS GERAIS;Nota fiscal;27.187.758/0001-37;BML HOSPITALAR LTDA;31505;1;1;Completa - Disponível para recebimento definitivo;Consumo;Despesa orçamentária;2026-07-23;2026-07-23;2026-08-04;384,52;Não
1490 - SECRETARIA DE ESTADO DE GOVERNO;Nota fiscal;10.498.974/0001-09;INSTITUTO NEGOCIOS PUBLICOS DO BRASIL - ESTUDOS E PESQUISAS NA ADMNIISTRACAO PUBLICA - INP - LTDA;1003;;1;Completa;Serviço;Despesa orçamentária;2026-07-30;2026-08-03;2026-08-04;17160,0;Não
2300 - DEPARTAMENTO DE ESTRADAS DE RODAGEM;Nota fiscal;08.273.364/0001-57;TICKET GESTAO EM MANUTENCAO EZC S.A;45779695;802;1;Completa;Serviço;Despesa orçamentária;2026-08-04;2026-08-04;2026-08-04;1059,91;Não
1260 - SECRETARIA DE ESTADO DE EDUCACAO;Nota fiscal;16.636.540/0001-04;COMPANHIA DE TECNOLOGIA DA INFORMACAO DO ESTADO DE MINAS GERAIS-PRODEMGE;20266357;;1;Completa;Serviço;Despesa orçamentária;2026-07-30;2026-07-30;2026-08-04;10431,02;Não
1510 - POLICIA CIVIL DO ESTADO DE MINAS GERAIS;Nota fiscal;10.652.730/0006-35;MOTOROLA SOLUTIONS LTDA;1202;2;1;Completa - Recebimento definitivo;Permanente;Despesa orçamentária;2026-07-21;2026-07-23;2026-08-04;18962,0;Não
2100 - INSTITUTO ESTADUAL DE FLORESTAS-IEF;Outros;33.224.254/0001-42;MGS MINAS GERAIS ADMINISTRACAO E SERVICOS S/A;696786;;1;Completa;Serviço;Despesa orçamentária;2026-07-15;2026-08-04;2026-08-04;7020,46;Não
1500 - SECRETARIA DE ESTADO DE PLANEJAMENTO E GESTAO;Nota fiscal;33.224.254/0001-42;MGS MINAS GERAIS ADMINISTRACAO E SERVICOS S/A;202626254;1;1;Completa;Serviço;Despesa orçamentária;2026-07-28;2026-07-30;2026-08-04;5906,7;Não
1030 - TRIBUNAL DE JUSTICA DO ESTADO DE MINAS GERAIS;Nota fiscal;30.189.974/0001-26;WCS MATERIAIS E SERVICOS DE ENGENHARIA LTDA;214;1;1;Completa - Recebimento definitivo;Consumo;Despesa orçamentária;2026-07-31;2026-08-04;2026-08-04;3984,0;Não
1540 - ESCOLA DE SAUDE PUBLICA DE MINAS GERAIS;Outros;***.825.386-**;ANA CECILIA REIS DOS SANTOS;9481619;7;1;Completa;Serviço;Despesa orçamentária;2026-07-10;2026-07-10;2026-08-04;3600,0;Não
2270 - FUNDACAO HOSPITALAR DO ESTADO DE MINAS GERAIS;Nota fiscal;27.187.758/0001-37;BML HOSPITALAR LTDA;31506;1;1;Completa - Disponível para recebimento definitivo;Consumo;Despesa orçamentária;2026-07-23;2026-07-23;2026-08-04;1153,55;Não
2100 - INSTITUTO ESTADUAL DE FLORESTAS-IEF;Outros;33.224.254/0001-42;MGS MINAS GERAIS ADMINISTRACAO E SERVICOS S/A;696777;;1;Completa;Serviço;Despesa orçamentária;2026-07-15;2026-08-04;2026-08-04;4108,24;Não
2370 - INSTITUTO MINEIRO DE AGROPECUARIA;Outros;33.224.254/0001-42;MGS MINAS GERAIS ADMINISTRACAO E SERVICOS S/A;699058;;1;Completa;Serviço;Despesa orçamentária;2026-07-29;2026-08-04;2026-08-04;447,58;Não
1320 - SECRETARIA DE ESTADO DA SAUDE;Nota fiscal;01.406.617/0001-74;AGENCIA DE INTEGRACAO EMPRESA ESCOLA LTDA;35861;;1;Completa;Serviço;Despesa orçamentária;2026-08-03;2026-08-04;2026-08-04;4509,93;Não
1500 - SECRETARIA DE ESTADO DE PLANEJAMENTO E GESTAO;Nota fiscal;33.224.254/0001-42;MGS MINAS GERAIS ADMINISTRACAO E SERVICOS S/A;202626281;1;1;Completa;Serviço;Despesa orçamentária;2026-07-28;2026-07-30;2026-08-04;1154,41;Não
2270 - FUNDACAO HOSPITALAR DO ESTADO DE MINAS GERAIS;Nota fiscal;27.187.758/0001-37;BML HOSPITALAR LTDA;31507;1;1;Completa - Disponível para recebimento definitivo;Consumo;Despesa orçamentária;2026-07-23;2026-07-23;2026-08-04;1153,55;Não
1250 - POLICIA MILITAR DE MINAS GERAIS;Outros;04.135.243/0002-79;COMERCIAL ITABIRANA DE PNEUS LTDA;202600000001279;;1;Completa;Serviço;Despesa orçamentária;2026-07-14;2026-07-20;2026-08-04;7025,91;Não
1030 - TRIBUNAL DE JUSTICA DO ESTADO DE MINAS GERAIS;Nota fiscal;15.800.344/0001-52;CL ENGENHARIA E CONSTRUCAO LTDA;2026142;;1;Completa;Serviço;Despesa orçamentária;2026-08-04;2026-08-04;2026-08-04;296007,07;Não
2370 - INSTITUTO MINEIRO DE AGROPECUARIA;Outros;33.224.254/0001-42;MGS MINAS GERAIS ADMINISTRACAO E SERVICOS S/A;699059;;1;Completa;Serviço;Despesa orçamentária;2026-07-29;2026-08-04;2026-08-04;100,0;Não
2100 - INSTITUTO ESTADUAL DE FLORESTAS-IEF;Outros;33.224.254/0001-42;MGS MINAS GERAIS ADMINISTRACAO E SERVICOS S/A;696818;;1;Completa;Serviço;Despesa orçamentária;2026-07-15;2026-08-04;2026-08-04;1904,57;Não
2460 - AGENCIA DE DESENVOLVIMENTO DA RMVA;Nota fiscal;32.677.071/0001-10;INSTITUTO HABITA DO BRASIL LTDA;63;;1;Completa;Serviço;Despesa orçamentária;2026-07-31;2026-08-03;2026-08-04;13560,0;Não
1450 - SECRETARIA DE ESTADO DE JUSTICA E SEGURANCA PUBLIC;Nota fiscal;08.624.977/0001-91;TERRAVIVA AMBIENTAL LTDA;8851;;1;Completa;Serviço;Despesa orçamentária;2026-07-10;2026-07-10;2026-08-04;838,08;Não
2270 - FUNDACAO HOSPITALAR DO ESTADO DE MINAS GERAIS;Nota fiscal;00.583.890/0001-01;FAMAP NUTRICAO PARENTERAL LTDA;412558;;1;Completa - Recebimento definitivo;Consumo;Despesa extra orçamentária;2024-05-14;2024-05-14;2026-08-04;792,91;Não
1500 - SECRETARIA DE ESTADO DE PLANEJAMENTO E GESTAO;Nota fiscal;33.224.254/0001-42;MGS MINAS GERAIS ADMINISTRACAO E SERVICOS S/A;202626313;1;1;Completa;Serviço;Despesa orçamentária;2026-07-28;2026-07-30;2026-08-04;5707,03;Não
1030 - TRIBUNAL DE JUSTICA DO ESTADO DE MINAS GERAIS;Nota fiscal;11.383.230/0001-01;AMAZONAS COMERCIO DE ADESIVOS E BRINDES LTDA;13769;1;1;Completa - Recebimento definitivo;Consumo;Despesa orçamentária;2026-07-31;2026-08-04;2026-08-04;4027,5;Não
1450 - SECRETARIA DE ESTADO DE JUSTICA E SEGURANCA PUBLIC;Outros;38.680.138/0001-51;GESMAQ COMERCIO E SERVICOS LTDA - ME;2342026;;1;Incompleta;Serviço;Despesa orçamentária;2026-05-12;2026-06-02;2026-08-04;1372,35;Não
2100 - INSTITUTO ESTADUAL DE FLORESTAS-IEF;Outros;33.224.254/0001-42;MGS MINAS GERAIS ADMINISTRACAO E SERVICOS S/A;696834;;1;Completa;Serviço;Despesa orçamentária;2026-07-15;2026-08-04;2026-08-04;1344,79;Não
2300 - DEPARTAMENTO DE ESTRADAS DE RODAGEM;Nota fiscal;01.466.431/0001-00;GCT - GERENCIAMENTO E CONTROLE DE TRANSITO S/A;20261481;;1;Completa;Serviço;Despesa orçamentária;2026-07-17;2026-07-21;2026-08-04;2795,64;Não
2270 - FUNDACAO HOSPITALAR DO ESTADO DE MINAS GERAIS;Nota fiscal;27.187.758/0001-37;BML HOSPITALAR LTDA;31508;1;1;Completa - Disponível para recebimento definitivo;Consumo;Despesa orçamentária;2026-07-23;2026-07-23;2026-08-04;1143,84;Não
2270 - FUNDACAO HOSPITALAR DO ESTADO DE MINAS GERAIS;Nota fiscal;49.324.221/0001-04;FRESENIUS KABI BRASIL LTDA.;1939072;;1;Completa - Recebimento definitivo;Consumo;Despesa orçamentária;2026-07-28;2026-08-03;2026-08-04;3248,0;Não
1370 - SECRETARIA ESTADO DE MEIO AMB.DESENV SUSTENTAVEL;Nota fiscal;16.636.540/0001-04;COMPANHIA DE TECNOLOGIA DA INFORMACAO DO ESTADO DE MINAS GERAIS-PRODEMGE;20266352;;1;Completa;Serviço;Despesa orçamentária;2026-07-29;2026-07-30;2026-08-04;33734,0;Não
2420 - INSTITUTO DE DESENVOLVIMENTO NORTE E NORDESTE MG;Nota fiscal;15.593.944/0001-97;RENOVA ENGENHARIA E ENERGIA LTDA;86;2;1;Completa - Recebimento definitivo;Permanente;Despesa extra orçamentária;2026-07-29;2026-08-03;2026-08-04;26094,69;Não
1500 - SECRETARIA DE ESTADO DE PLANEJAMENTO E GESTAO;Nota fiscal;33.224.254/0001-42;MGS MINAS GERAIS ADMINISTRACAO E SERVICOS S/A;202626368;1;1;Completa;Serviço;Despesa orçamentária;2026-07-28;2026-07-30;2026-08-04;5772,07;Não
2100 - INSTITUTO ESTADUAL DE FLORESTAS-IEF;Outros;33.224.254/0001-42;MGS MINAS GERAIS ADMINISTRACAO E SERVICOS S/A;696811;;1;Completa;Serviço;Despesa orçamentária;2026-07-15;2026-08-04;2026-08-04;1245,12;Não
1320 - SECRETARIA DE ESTADO DA SAUDE;Outros;26.357.434/0001-37;MPSTE MANUTENCAO E PRESTACAO DE SERVICOS ELETRONICOS LTDA -ME;36;-;1;Completa;Serviço;Despesa orçamentária;2026-07-30;2026-08-04;2026-08-04;18608,69;Não
2270 - FUNDACAO HOSPITALAR DO ESTADO DE MINAS GERAIS;Nota fiscal;20.858.411/0001-20;AMGS COMERCIO E REPRESENTACOES LTDA;644378;2;1;Completa - Recebimento definitivo;Consumo;Despesa orçamentária;2026-07-24;2026-08-04;2026-08-04;1500,0;Não
2270 - FUNDACAO HOSPITALAR DO ESTADO DE MINAS GERAIS;Nota fiscal;27.187.758/0001-37;BML HOSPITALAR LTDA;31509;1;1;Completa - Disponível para recebimento definitivo;Consumo;Despesa orçamentária;2026-07-23;2026-07-23;2026-08-04;1143,84;Não
1510 - POLICIA CIVIL DO ESTADO DE MINAS GERAIS;Outros;40.432.544/0001-47;CLARO S.A.;2341;DEA;1;Completa;Serviço;Despesa extra orçamentária;2026-05-27;2026-06-27;2026-08-04;5551,4;Não
2320 - FUNDACAO CENTRO DE HEMATOLOGIA E HEMOTERAPIA DE MG;Nota fiscal;35.898.517/0001-24;CONTEGO CONSULTORIA LTDA;612;;1;Completa;Serviço;Despesa orçamentária;2026-08-03;2026-08-04;2026-08-04;35750,0;Não
1500 - SECRETARIA DE ESTADO DE PLANEJAMENTO E GESTAO;Nota fiscal;33.224.254/0001-42;MGS MINAS GERAIS ADMINISTRACAO E SERVICOS S/A;202626369;1;1;Completa;Serviço;Despesa orçamentária;2026-07-28;2026-07-30;2026-08-04;5707,03;Não
2300 - DEPARTAMENTO DE ESTRADAS DE RODAGEM;Nota fiscal;01.466.431/0001-00;GCT - GERENCIAMENTO E CONTROLE DE TRANSITO S/A;20261482;;1;Completa;Serviço;Despesa orçamentária;2026-07-17;2026-07-21;2026-08-04;2816,85;Não
2270 - FUNDACAO HOSPITALAR DO ESTADO DE MINAS GERAIS;Nota fiscal;52.656.352/0005-27;COTAVE COMERCIAL TARRAF DE VEICULOS LTDA;2784;;1;Completa;Serviço;Despesa orçamentária;2026-07-28;2026-07-28;2026-08-04;2106,0;Não
1250 - POLICIA MILITAR DE MINAS GERAIS;Nota fiscal;58.327.158/0001-50;SABORES DE ORIGEM LTDA;6;1;1;Completa;Serviço;Despesa orçamentária;2026-08-04;2026-08-04;2026-08-04;12768,0;Não
2270 - FUNDACAO HOSPITALAR DO ESTADO DE MINAS GERAIS;Nota fiscal;20.858.411/0001-20;AMGS COMERCIO E REPRESENTACOES LTDA;643796;2;1;Completa - Recebimento definitivo;Consumo;Despesa orçamentária;2026-07-21;2026-08-04;2026-08-04;5543,84;Não
2010 - INST.DE PREVIDENCIA DOS SERVIDORES DO EST.M.GERAIS;Nota fiscal;20.203.886/0001-88;RAD SERVICOS ESPECIALIZADOS E COMERCIO LTDA;123;900;1;Completa;Serviço;Despesa orçamentária;2026-07-06;2026-08-04;2026-08-04;2426,77;Não
2270 - FUNDACAO HOSPITALAR DO ESTADO DE MINAS GERAIS;Nota fiscal;04.158.618/0001-35;LIMPEZA & BRILHO LTDA -EPP;17104;1;1;Completa - Recebimento definitivo;Consumo;Despesa orçamentária;2026-07-30;2026-08-04;2026-08-04;385,2;Não
1230 - SECRET. DE ESTADO DE AGRICULTURA, PECUARIA E ABAST;Nota fiscal;08.804.604/0001-00;AVOHAI EVENTOS LTDA -ME;110;;1;Incompleta;Consumo;Despesa orçamentária;2026-07-30;2026-08-04;2026-08-04;1900,0;Não
2270 - FUNDACAO HOSPITALAR DO ESTADO DE MINAS GERAIS;Nota fiscal;05.194.502/0001-14;ALFALAGOS LTDA ;432329;;1;Completa - Recebimento definitivo;Consumo;Despesa orçamentária;2026-07-30;2026-07-31;2026-08-04;2884,0;Não
1030 - TRIBUNAL DE JUSTICA DO ESTADO DE MINAS GERAIS;Nota fiscal;17.331.294/0001-37;W M PORTAS EMPREENDIMENTOS EM MOVEIS PLANEJADOS LTDA - EPP;1263;2;1;Completa - Recebimento definitivo;Consumo;Despesa orçamentária;2026-07-28;2026-08-04;2026-08-04;612,5;Não
1250 - POLICIA MILITAR DE MINAS GERAIS;Outros;04.135.243/0002-79;COMERCIAL ITABIRANA DE PNEUS LTDA;202600000001251;;1;Completa;Serviço;Despesa orçamentária;2026-07-08;2026-07-09;2026-08-04;865,66;Não
1260 - SECRETARIA DE ESTADO DE EDUCACAO;Outros;***.675.416-**;PAULO ROBERTO DA COSTA FARIA;7;A;2;Completa;Serviço;Despesa orçamentária;2026-08-04;2026-08-04;2026-08-04;7076,49;Não
2270 - FUNDACAO HOSPITALAR DO ESTADO DE MINAS GERAIS;Nota fiscal;52.656.352/0005-27;COTAVE COMERCIAL TARRAF DE VEICULOS LTDA;17021;;1;Completa;Serviço;Despesa orçamentária;2026-07-28;2026-07-28;2026-08-04;2514,16;Não
2270 - FUNDACAO HOSPITALAR DO ESTADO DE MINAS GERAIS;Nota fiscal;20.858.411/0001-20;AMGS COMERCIO E REPRESENTACOES LTDA;644427;2;1;Completa - Recebimento definitivo;Consumo;Despesa orçamentária;2026-07-24;2026-08-04;2026-08-04;5543,84;Não
2260 - FUNDACAO EZEQUIEL DIAS;Nota fiscal;71.251.029/0001-94;RV COMERCIO DE PAPEIS LTDA;30439;1;1;Completa - Recebimento definitivo;Consumo;Despesa orçamentária;2026-07-31;2026-08-03;2026-08-04;703,88;Não
1260 - SECRETARIA DE ESTADO DE EDUCACAO;Nota fiscal;19.561.435/0001-33;AGENES S.DA SILVA SUPRIMENTOS DE INFORMATICA LTDA;3391;803;1;Completa - Recebimento definitivo;Consumo;Despesa orçamentária;2026-08-02;2026-08-04;2026-08-04;894,7;Não
1010 - ASSEMBLEIA LEGISLATIVA DO ESTADO DE MINAS GERAIS;Nota fiscal;78.533.312/0001-58;PLANSUL PLANEJAMENTO E CONSULTORIA LTDA;277412026;;1;Completa;Serviço;Despesa orçamentária;2026-07-29;2026-08-03;2026-08-04;130198,12;Não
1250 - POLICIA MILITAR DE MINAS GERAIS;Nota fiscal;04.135.243/0002-79;COMERCIAL ITABIRANA DE PNEUS LTDA;6307;1;1;Completa;Serviço;Despesa orçamentária;2026-07-08;2026-07-09;2026-08-04;3427,89;Não
2100 - INSTITUTO ESTADUAL DE FLORESTAS-IEF;Outros;33.224.254/0001-42;MGS MINAS GERAIS ADMINISTRACAO E SERVICOS S/A;696778;;1;Incompleta;Serviço;Despesa orçamentária;2026-07-15;2026-08-04;2026-08-04;1157,57;Não
1230 - SECRET. DE ESTADO DE AGRICULTURA, PECUARIA E ABAST;Nota fiscal;08.804.604/0001-00;AVOHAI EVENTOS LTDA -ME;110;;2;Completa;Serviço;Despesa orçamentária;2026-07-30;2026-08-04;2026-08-04;1900,0;Não
2270 - FUNDACAO HOSPITALAR DO ESTADO DE MINAS GERAIS;Nota fiscal;27.187.758/0001-37;BML HOSPITALAR LTDA;31710;1;1;Completa - Recebimento definitivo;Consumo;Despesa orçamentária;2026-07-30;2026-08-04;2026-08-04;278,2;Não
1540 - ESCOLA DE SAUDE PUBLICA DE MINAS GERAIS;Outros;***.460.136-**;ALAN DA SILVA VIANA;9481448;7;1;Completa;Serviço;Despesa orçamentária;2026-07-10;2026-07-10;2026-08-04;4800,0;Não
1250 - POLICIA MILITAR DE MINAS GERAIS;Nota fiscal;07.346.326/0001-14;REPROS SOLUCOES EM TECNOLOGIA LTDA;29001;;1;Completa;Serviço;Despesa orçamentária;2026-08-03;2026-08-04;2026-08-04;37032,17;Não
2270 - FUNDACAO HOSPITALAR DO ESTADO DE MINAS GERAIS;Nota fiscal;52.656.352/0005-27;COTAVE COMERCIAL TARRAF DE VEICULOS LTDA;2783;;1;Completa;Serviço;Despesa orçamentária;2026-07-28;2026-07-28;2026-08-04;624,0;Não
1260 - SECRETARIA DE ESTADO DE EDUCACAO;Outros;33.224.254/0001-42;MGS MINAS GERAIS ADMINISTRACAO E SERVICOS S/A;698018;REC;1;Completa;Serviço;Despesa orçamentária;2026-07-22;2026-08-03;2026-08-04;4032,97;Não
2270 - FUNDACAO HOSPITALAR DO ESTADO DE MINAS GERAIS;Nota fiscal;00.583.890/0001-01;FAMAP NUTRICAO PARENTERAL LTDA;416966;;1;Completa - Recebimento definitivo;Consumo;Despesa extra orçamentária;2024-06-23;2024-06-23;2026-08-04;1644,61;Não
2260 - FUNDACAO EZEQUIEL DIAS;Nota fiscal;71.251.029/0001-94;RV COMERCIO DE PAPEIS LTDA;30440;1;1;Completa - Recebimento definitivo;Consumo;Despesa orçamentária;2026-07-31;2026-08-03;2026-08-04;844,64;Não
1260 - SECRETARIA DE ESTADO DE EDUCACAO;Nota fiscal;33.224.254/0001-42;MGS MINAS GERAIS ADMINISTRACAO E SERVICOS S/A;25699;JF;1;Completa;Serviço;Despesa orçamentária;2026-07-22;2026-07-29;2026-08-04;139008,11;Não
1540 - ESCOLA DE SAUDE PUBLICA DE MINAS GERAIS;Nota fiscal;07.500.596/0001-38;AIDC TECNOLOGIA LTDA;198987;1;1;Completa - Recebimento definitivo;Permanente;Despesa orçamentária;2026-07-22;2026-07-22;2026-08-04;52260,0;Não
2090 - FUNDACAO ESTADUAL DO MEIO AMBIENTE;Nota fiscal;33.224.254/0001-42;MGS MINAS GERAIS ADMINISTRACAO E SERVICOS S/A;26781;X;1;Completa;Serviço;Despesa orçamentária;2026-07-29;2026-07-30;2026-08-04;15395,84;Não
2270 - FUNDACAO HOSPITALAR DO ESTADO DE MINAS GERAIS;Nota fiscal;21.681.325/0001-57;MULTIFARMA COMERCIO E REPRESENTACOES LTDA.;297612;1;1;Completa - Recebimento definitivo;Consumo;Despesa orçamentária;2026-07-31;2026-08-03;2026-08-04;13000,0;Não
2270 - FUNDACAO HOSPITALAR DO ESTADO DE MINAS GERAIS;Nota fiscal;27.187.758/0001-37;BML HOSPITALAR LTDA;31513;1;1;Completa - Disponível para recebimento definitivo;Consumo;Despesa orçamentária;2026-07-23;2026-07-23;2026-08-04;1538,06;Não
2370 - INSTITUTO MINEIRO DE AGROPECUARIA;Nota fiscal;33.224.254/0001-42;MGS MINAS GERAIS ADMINISTRACAO E SERVICOS S/A;27082;1;1;Completa;Serviço;Despesa orçamentária;2026-07-30;2026-08-04;2026-08-04;4800,71;Não
2010 - INST.DE PREVIDENCIA DOS SERVIDORES DO EST.M.GERAIS;Nota fiscal;05.823.205/0001-90;MAQUIRA INDUSTRIA DE PRODUTOS ODONTOLOGICOS S.A.;214399;3;1;Completa - Recebimento definitivo;Consumo;Despesa orçamentária;2026-07-28;2026-07-31;2026-08-04;1140,0;Não
2270 - FUNDACAO HOSPITALAR DO ESTADO DE MINAS GERAIS;Nota fiscal;27.187.758/0001-37;BML HOSPITALAR LTDA;30444;1;1;Completa - Recebimento definitivo;Consumo;Despesa orçamentária;2026-05-14;2026-05-14;2026-08-04;1433,0;Não
2270 - FUNDACAO HOSPITALAR DO ESTADO DE MINAS GERAIS;Nota fiscal;27.187.758/0001-37;BML HOSPITALAR LTDA;31514;1;1;Completa - Disponível para recebimento definitivo;Consumo;Despesa orçamentária;2026-07-23;2026-07-23;2026-08-04;1143,84;Não
2090 - FUNDACAO ESTADUAL DO MEIO AMBIENTE;Outros;33.224.254/0001-42;MGS MINAS GERAIS ADMINISTRACAO E SERVICOS S/A;699082;;1;Completa;Serviço;Despesa orçamentária;2026-07-29;2026-07-30;2026-08-04;460,6;Não
2370 - INSTITUTO MINEIRO DE AGROPECUARIA;Outros;33.224.254/0001-42;MGS MINAS GERAIS ADMINISTRACAO E SERVICOS S/A;699072;;1;Completa;Serviço;Despesa orçamentária;2026-07-29;2026-08-04;2026-08-04;571,91;Não
1250 - POLICIA MILITAR DE MINAS GERAIS;Outros;04.135.243/0002-79;COMERCIAL ITABIRANA DE PNEUS LTDA;202600000001292;;1;Completa;Serviço;Despesa orçamentária;2026-07-15;2026-07-20;2026-08-04;2184,43;Não
2370 - INSTITUTO MINEIRO DE AGROPECUARIA;Outros;33.224.254/0001-42;MGS MINAS GERAIS ADMINISTRACAO E SERVICOS S/A;699073;;1;Completa;Serviço;Despesa orçamentária;2026-07-29;2026-08-04;2026-08-04;136,36;Não
2320 - FUNDACAO CENTRO DE HEMATOLOGIA E HEMOTERAPIA DE MG;Nota fiscal;00.822.938/0001-97;ELEVADORES MODULO LTDA -ME;343;;1;Completa;Serviço;Despesa orçamentária;2026-08-03;2026-08-04;2026-08-04;3090,0;Não
2270 - FUNDACAO HOSPITALAR DO ESTADO DE MINAS GERAIS;Nota fiscal;27.187.758/0001-37;BML HOSPITALAR LTDA;31515;1;1;Completa - Disponível para recebimento definitivo;Consumo;Despesa orçamentária;2026-07-23;2026-07-23;2026-08-04;2197,97;Não
2090 - FUNDACAO ESTADUAL DO MEIO AMBIENTE;Outros;33.224.254/0001-42;MGS MINAS GERAIS ADMINISTRACAO E SERVICOS S/A;699083;;1;Completa;Serviço;Despesa orçamentária;2026-07-29;2026-07-30;2026-08-04;1718,49;Não
1250 - POLICIA MILITAR DE MINAS GERAIS;Nota fiscal;04.135.243/0002-79;COMERCIAL ITABIRANA DE PNEUS LTDA;6315;1;1;Completa;Serviço;Despesa orçamentária;2026-07-15;2026-07-20;2026-08-04;2981,55;Não
2270 - FUNDACAO HOSPITALAR DO ESTADO DE MINAS GERAIS;Nota fiscal;03.188.198/0006-81;BIO - RAD LABORATORIOS BRASIL LTDA;33348;1;1;Completa - Recebimento definitivo;Consumo;Despesa orçamentária;2026-07-17;2026-07-24;2026-08-04;1332,26;Não
2010 - INST.DE PREVIDENCIA DOS SERVIDORES DO EST.M.GERAIS;Nota fiscal;33.224.254/0001-42;MGS MINAS GERAIS ADMINISTRACAO E SERVICOS S/A;26972;1;1;Completa;Serviço;Despesa orçamentária;2026-07-29;2026-07-30;2026-08-04;24622,7;Não
1260 - SECRETARIA DE ESTADO DE EDUCACAO;Nota fiscal;33.224.254/0001-42;MGS MINAS GERAIS ADMINISTRACAO E SERVICOS S/A;25700;JF;1;Completa;Serviço;Despesa orçamentária;2026-07-22;2026-07-29;2026-08-04;6430,03;Não
1260 - SECRETARIA DE ESTADO DE EDUCACAO;Nota fiscal;03.773.700/0001-07;SERVICO NACIONAL DE APRENDIZAGEM INDUSTRIAL - DEPARTAMENTO REGIONAL DE MINAS GERAIS;1102;A8;1;Completa;Serviço;Despesa orçamentária;2026-07-21;2026-08-04;2026-08-04;41945,77;Não
1250 - POLICIA MILITAR DE MINAS GERAIS;Nota fiscal;07.346.326/0001-14;REPROS SOLUCOES EM TECNOLOGIA LTDA;29003;;1;Completa;Serviço;Despesa orçamentária;2026-08-03;2026-08-04;2026-08-04;850,4;Não
2300 - DEPARTAMENTO DE ESTRADAS DE RODAGEM;Nota fiscal;08.273.364/0001-57;TICKET GESTAO EM MANUTENCAO EZC S.A;48670756;;1;Completa;Serviço;Despesa orçamentária;2026-08-04;2026-08-04;2026-08-04;13814,94;Não
2300 - DEPARTAMENTO DE ESTRADAS DE RODAGEM;Nota fiscal;01.466.431/0001-00;GCT - GERENCIAMENTO E CONTROLE DE TRANSITO S/A;20261483;;1;Completa;Serviço;Despesa orçamentária;2026-07-17;2026-07-21;2026-08-04;5270,32;Não
1260 - SECRETARIA DE ESTADO DE EDUCACAO;Outros;33.224.254/0001-42;MGS MINAS GERAIS ADMINISTRACAO E SERVICOS S/A;697853;1;1;Completa;Serviço;Despesa orçamentária;2026-07-22;2026-08-04;2026-08-04;915,15;Não
1400 - CORPO DE BOMBEIROS MILITAR DE MINAS GERAIS;Nota fiscal;07.432.517/0001-07;SIMPRESS COMERCIO LOCACAO E SERVICOS LTDA;438479;E;1;Completa;Serviço;Despesa orçamentária;2026-08-03;2026-08-04;2026-08-04;253,4;Não
2270 - FUNDACAO HOSPITALAR DO ESTADO DE MINAS GERAIS;Nota fiscal;17.085.673/0001-94;NEXOMED HOSPITALAR LTDA;40294;1;1;Completa - Recebimento definitivo;Consumo;Despesa orçamentária;2026-06-15;2026-06-15;2026-08-04;26857,94;Não
1320 - SECRETARIA DE ESTADO DA SAUDE;Nota fiscal;08.273.364/0001-57;TICKET GESTAO EM MANUTENCAO EZC S.A;48669547;;1;Completa;Serviço;Despesa orçamentária;2026-08-03;2026-08-04;2026-08-04;387,15;Não
1450 - SECRETARIA DE ESTADO DE JUSTICA E SEGURANCA PUBLIC;Outros;01.017.250/0001-05;VOETUR TURISMO E REPRESENTACOES LTDA;1351534;;1;Completa;Serviço;Despesa orçamentária;2026-07-07;2026-07-07;2026-08-04;47314,43;Não
1260 - SECRETARIA DE ESTADO DE EDUCACAO;Nota fiscal;07.300.868/0001-56;ESCOLA SANTA CLARA LTDA;11;;2;Completa;Serviço;Despesa orçamentária;2026-07-01;2026-07-01;2026-08-04;37662,9;Não
1320 - SECRETARIA DE ESTADO DA SAUDE;Nota fiscal;01.571.702/0001-98;HALEX ISTAR INDUSTRIA FARMACEUTICA SA;466615;2;1;Completa - Recebimento definitivo;Consumo;Despesa orçamentária;2026-07-13;2026-07-22;2026-08-04;161,4;Não
2320 - FUNDACAO CENTRO DE HEMATOLOGIA E HEMOTERAPIA DE MG;Nota fiscal;08.458.633/0001-50;ESMARTY ESPECIALISTA EM MANUTENCAO DE ELEVADORES LTDA;7297;;1;Completa;Serviço;Despesa orçamentária;2026-07-28;2026-08-04;2026-08-04;250,0;Não
1070 - GABINETE MILITAR DO GOVERNADOR DO ESTADO DE MG;Outros;01.017.250/0001-05;VOETUR TURISMO E REPRESENTACOES LTDA;1358201;;1;Completa;Serviço;Despesa orçamentária;2026-08-04;2026-08-04;2026-08-04;861,04;Não
2270 - FUNDACAO HOSPITALAR DO ESTADO DE MINAS GERAIS;Nota fiscal;65.271.868/0001-71;OXI QUIMICA LTDA -EPP;71465;1;1;Completa - Recebimento definitivo;Consumo;Despesa orçamentária;2026-07-29;2026-07-31;2026-08-04;1773,17;Não
2270 - FUNDACAO HOSPITALAR DO ESTADO DE MINAS GERAIS;Outros;33.224.254/0001-42;MGS MINAS GERAIS ADMINISTRACAO E SERVICOS S/A;699184;;1;Completa;Serviço;Despesa orçamentária;2026-07-29;2026-08-04;2026-08-04;8895,12;Não
1270 - SECRETARIA DE ESTADO DE CULTURA E TURISMO;Outros;33.224.254/0001-42;MGS MINAS GERAIS ADMINISTRACAO E SERVICOS S/A;699038;;1;Incompleta;Serviço;Despesa orçamentária;2026-07-29;2026-07-29;2026-08-04;818,82;Não
2270 - FUNDACAO HOSPITALAR DO ESTADO DE MINAS GERAIS;Nota fiscal;12.927.876/0001-67;SOMA/MG PRODUTOS HOSPITALARES LTDA;383139;1;1;Completa - Recebimento definitivo;Consumo;Despesa orçamentária;2026-07-31;2026-08-03;2026-08-04;2520,0;Não
1480 - SECRETARIA DE ESTADO DE DESENVOLVIMENTO SOCIAL;Nota fiscal;29.863.757/0001-90;R2A CONSTRUCOES LTDA;252;;1;Completa;Serviço;Despesa extra orçamentária;2026-07-24;2026-08-04;2026-08-04;43633,86;Não
1500 - SECRETARIA DE ESTADO DE PLANEJAMENTO E GESTAO;Nota fiscal;33.224.254/0001-42;MGS MINAS GERAIS ADMINISTRACAO E SERVICOS S/A;26496;10;1;Completa;Serviço;Despesa orçamentária;2026-07-28;2026-07-28;2026-08-04;417,07;Não
2270 - FUNDACAO HOSPITALAR DO ESTADO DE MINAS GERAIS;Nota fiscal;00.583.890/0001-01;FAMAP NUTRICAO PARENTERAL LTDA;417191;;1;Completa - Recebimento definitivo;Consumo;Despesa extra orçamentária;2024-06-25;2024-06-25;2026-08-04;2231,36;Não
1260 - SECRETARIA DE ESTADO DE EDUCACAO;Outros;***.798.476-**;DEA STEFANI DA COSTA FARIA;7;A;1;Completa;Serviço;Despesa orçamentária;2026-08-04;2026-08-04;2026-08-04;34549,9;Não
2270 - FUNDACAO HOSPITALAR DO ESTADO DE MINAS GERAIS;Nota fiscal;04.147.853/0001-01;LAV-UNICA LAVANDERIA HOSPITALAR LTDA;2901;;1;Completa;Serviço;Despesa orçamentária;2026-08-03;2026-08-04;2026-08-04;91844,49;Não
1260 - SECRETARIA DE ESTADO DE EDUCACAO;Nota fiscal;33.224.254/0001-42;MGS MINAS GERAIS ADMINISTRACAO E SERVICOS S/A;27081;2;1;Completa;Serviço;Despesa orçamentária;2026-07-30;2026-08-03;2026-08-04;821,69;Não
1260 - SECRETARIA DE ESTADO DE EDUCACAO;Outros;33.224.254/0001-42;MGS MINAS GERAIS ADMINISTRACAO E SERVICOS S/A;697862;U;1;Completa;Serviço;Despesa orçamentária;2026-07-22;2026-08-04;2026-08-04;181,82;Não
1270 - SECRETARIA DE ESTADO DE CULTURA E TURISMO;Outros;33.224.254/0001-42;MGS MINAS GERAIS ADMINISTRACAO E SERVICOS S/A;699038;A;1;Completa;Serviço;Despesa orçamentária;2026-07-29;2026-07-29;2026-08-04;818,82;Não
2270 - FUNDACAO HOSPITALAR DO ESTADO DE MINAS GERAIS;Nota fiscal;33.224.254/0001-42;MGS MINAS GERAIS ADMINISTRACAO E SERVICOS S/A;26858;2;1;Completa;Serviço;Despesa orçamentária;2026-07-29;2026-08-04;2026-08-04;4788,64;Não
1250 - POLICIA MILITAR DE MINAS GERAIS;Nota fiscal;07.791.107/0001-44;ELEC INDUSTRIA E COMERCIO DE EQUIPAMENTOS DE MEDICAO LTDA;28818;1;1;Completa - Recebimento definitivo;Permanente;Despesa orçamentária;2026-07-24;2026-08-04;2026-08-04;11999,0;Não
1260 - SECRETARIA DE ESTADO DE EDUCACAO;Nota fiscal;11.065.582/0001-00;B&C PRODUTOS DE LIMPEZA E EMBALAGENS LTDA -ME;148212;1;1;Completa - Disponível para recebimento definitivo;Consumo;Despesa orçamentária;2026-07-31;2026-08-04;2026-08-04;13031,38;Não
2270 - FUNDACAO HOSPITALAR DO ESTADO DE MINAS GERAIS;Nota fiscal;33.224.254/0001-42;MGS MINAS GERAIS ADMINISTRACAO E SERVICOS S/A;26859;2;1;Completa;Serviço;Despesa orçamentária;2026-07-29;2026-08-04;2026-08-04;461414,0;Não
1450 - SECRETARIA DE ESTADO DE JUSTICA E SEGURANCA PUBLIC;Nota fiscal;24.421.744/0001-48;AVANTI ENGENHARIA E TECNOLOGIA LTDA;704;;1;Completa;Serviço;Despesa extra orçamentária;2026-06-26;2026-06-26;2026-08-04;110586,0;Não
2260 - FUNDACAO EZEQUIEL DIAS;Nota fiscal;76.619.113/0001-31;LABORCLIN PROD PARA LABORATORIOS LIMITADA;4999;6;1;Completa - Recebimento definitivo;Consumo;Despesa orçamentária;2026-07-27;2026-08-03;2026-08-04;1200,0;Não
1020 - TRIBUNAL DE CONTAS DO ESTADO DE MINAS GERAIS;Nota fiscal;33.224.254/0001-42;MGS MINAS GERAIS ADMINISTRACAO E SERVICOS S/A;202626367;;1;Completa;Serviço;Despesa orçamentária;2026-07-27;2026-07-30;2026-08-04;5772,07;Não
2350 - UNIVERSIDADE DO ESTADO DE MINAS GERAIS;Nota fiscal;21.557.625/0001-29;TRANSAT TELECOMUNICACOES VIA SATELITE LTDA;2026;159;1;Completa;Serviço;Despesa orçamentária;2026-07-22;2026-07-24;2026-08-04;624,27;Não
2300 - DEPARTAMENTO DE ESTRADAS DE RODAGEM;Nota fiscal;01.466.431/0001-00;GCT - GERENCIAMENTO E CONTROLE DE TRANSITO S/A;20261484;;1;Completa;Serviço;Despesa orçamentária;2026-07-17;2026-07-21;2026-08-04;966,31;Não
2060 - FUNDACAO JOAO PINHEIRO;Nota fiscal;33.224.254/0001-42;MGS MINAS GERAIS ADMINISTRACAO E SERVICOS S/A;26751;;1;Completa;Serviço;Despesa orçamentária;2026-07-29;2026-08-04;2026-08-04;13388,12;Não
1450 - SECRETARIA DE ESTADO DE JUSTICA E SEGURANCA PUBLIC;Nota fiscal;24.421.744/0001-48;AVANTI ENGENHARIA E TECNOLOGIA LTDA;705;;1;Completa;Serviço;Despesa extra orçamentária;2026-06-26;2026-06-26;2026-08-04;96902,9;Não
1260 - SECRETARIA DE ESTADO DE EDUCACAO;Outros;33.224.254/0001-42;MGS MINAS GERAIS ADMINISTRACAO E SERVICOS S/A;698017;REC;1;Completa;Serviço;Despesa orçamentária;2026-07-22;2026-08-03;2026-08-04;1157,59;Não
1320 - SECRETARIA DE ESTADO DA SAUDE;Nota fiscal;05.340.639/0001-30;PRIME CONSULTORIA E ASSESSORIA EMPRESARIAL LTDA;3001058;;1;Completa;Serviço;Despesa orçamentária;2026-07-31;2026-08-04;2026-08-04;1194,0;Não
1320 - SECRETARIA DE ESTADO DA SAUDE;Nota fiscal;76.619.113/0001-31;LABORCLIN PROD PARA LABORATORIOS LIMITADA;5087;6;1;Completa - Recebimento definitivo;Consumo;Despesa orçamentária;2026-07-28;2026-08-03;2026-08-04;720,0;Não
2270 - FUNDACAO HOSPITALAR DO ESTADO DE MINAS GERAIS;Nota fiscal;27.187.758/0001-37;BML HOSPITALAR LTDA;31516;1;1;Completa - Disponível para recebimento definitivo;Consumo;Despesa orçamentária;2026-07-23;2026-07-23;2026-08-04;803,49;Não
2270 - FUNDACAO HOSPITALAR DO ESTADO DE MINAS GERAIS;Nota fiscal;00.583.890/0001-01;FAMAP NUTRICAO PARENTERAL LTDA;417759;;1;Completa - Recebimento definitivo;Consumo;Despesa extra orçamentária;2024-06-30;2024-06-30;2026-08-04;1592,93;Não
2270 - FUNDACAO HOSPITALAR DO ESTADO DE MINAS GERAIS;Nota fiscal;02.472.743/0001-90;DIMALAB ELETRONICS DO BRASIL LTDA - EPP;8251;;1;Completa - Recebimento definitivo;Consumo;Despesa orçamentária;2026-07-31;2026-07-31;2026-08-04;7417,0;Não
1500 - SECRETARIA DE ESTADO DE PLANEJAMENTO E GESTAO;Nota fiscal;05.340.639/0001-30;PRIME CONSULTORIA E ASSESSORIA EMPRESARIAL LTDA;2996487;;1;Completa;Serviço;Despesa orçamentária;2026-08-01;2026-08-04;2026-08-04;2725,81;Não
2300 - DEPARTAMENTO DE ESTRADAS DE RODAGEM;Nota fiscal;01.466.431/0001-00;GCT - GERENCIAMENTO E CONTROLE DE TRANSITO S/A;20261485;;1;Completa;Serviço;Despesa orçamentária;2026-07-17;2026-07-21;2026-08-04;2453,47;Não
2370 - INSTITUTO MINEIRO DE AGROPECUARIA;Nota fiscal;33.224.254/0001-42;MGS MINAS GERAIS ADMINISTRACAO E SERVICOS S/A;27135;;1;Completa;Serviço;Despesa orçamentária;2026-07-30;2026-08-04;2026-08-04;3875,2;Não
2060 - FUNDACAO JOAO PINHEIRO;Nota fiscal;33.224.254/0001-42;MGS MINAS GERAIS ADMINISTRACAO E SERVICOS S/A;202626750;;1;Completa;Serviço;Despesa orçamentária;2026-07-29;2026-08-04;2026-08-04;1400,42;Não
2420 - INSTITUTO DE DESENVOLVIMENTO NORTE E NORDESTE MG;Nota fiscal;50.237.407/0001-05;RECRUTA EASY TECNOLOGIA EM RECRUTAMENTO LTDA;9494566072026;;1;Completa;Serviço;Despesa orçamentária;2026-07-30;2026-08-03;2026-08-04;11094,06;Não
2300 - DEPARTAMENTO DE ESTRADAS DE RODAGEM;Nota fiscal;10.957.855/0001-69;AGR BOTELHO ENGENHARIA LTDA;2026307;;1;Completa;Serviço;Despesa orçamentária;2026-07-31;2026-07-31;2026-08-04;15453,8;Não
2300 - DEPARTAMENTO DE ESTRADAS DE RODAGEM;Nota fiscal;10.957.855/0001-69;AGR BOTELHO ENGENHARIA LTDA;2026308;;1;Completa;Serviço;Despesa orçamentária;2026-07-31;2026-07-31;2026-08-04;93901,66;Não
2300 - DEPARTAMENTO DE ESTRADAS DE RODAGEM;Nota fiscal;10.957.855/0001-69;AGR BOTELHO ENGENHARIA LTDA;2026309;;1;Completa;Serviço;Despesa orçamentária;2026-07-31;2026-07-31;2026-08-04;500147,37;Não
2370 - INSTITUTO MINEIRO DE AGROPECUARIA;Outros;33.224.254/0001-42;MGS MINAS GERAIS ADMINISTRACAO E SERVICOS S/A;699081;;1;Completa;Serviço;Despesa orçamentária;2026-07-29;2026-08-04;2026-08-04;547,04;Não
2060 - FUNDACAO JOAO PINHEIRO;Nota fiscal;33.224.254/0001-42;MGS MINAS GERAIS ADMINISTRACAO E SERVICOS S/A;202626752;;1;Completa;Serviço;Despesa orçamentária;2026-07-29;2026-08-04;2026-08-04;50560,16;Não
2270 - FUNDACAO HOSPITALAR DO ESTADO DE MINAS GERAIS;Nota fiscal;49.324.221/0001-04;FRESENIUS KABI BRASIL LTDA.;1939329;;1;Completa - Recebimento definitivo;Consumo;Despesa orçamentária;2026-07-29;2026-08-03;2026-08-04;1872,0;Não
2010 - INST.DE PREVIDENCIA DOS SERVIDORES DO EST.M.GERAIS;Outros;33.224.254/0001-42;MGS MINAS GERAIS ADMINISTRACAO E SERVICOS S/A;699250;;1;Completa;Serviço;Despesa orçamentária;2026-07-29;2026-07-30;2026-08-04;2339,65;Não
2060 - FUNDACAO JOAO PINHEIRO;Nota fiscal;33.224.254/0001-42;MGS MINAS GERAIS ADMINISTRACAO E SERVICOS S/A;202626753;;1;Incompleta;Serviço;Despesa orçamentária;2026-07-29;2026-08-04;2026-08-04;676253,83;Não
1250 - POLICIA MILITAR DE MINAS GERAIS;Nota fiscal;00.487.928/0001-42;COPYCENTRO LTDA - EPP;3020;;1;Completa;Serviço;Despesa orçamentária;2026-07-29;2026-07-29;2026-08-04;160,0;Não
2260 - FUNDACAO EZEQUIEL DIAS;Outros;04.824.367/0001-80;LABWIN SERVICOS ESPECIALIZADOS LTDA.;3816;;1;Completa;Serviço;Despesa orçamentária;2026-08-01;2026-08-03;2026-08-04;4868,0;Não
1270 - SECRETARIA DE ESTADO DE CULTURA E TURISMO;Nota fiscal;33.224.254/0001-42;MGS MINAS GERAIS ADMINISTRACAO E SERVICOS S/A;26614;;1;Completa;Serviço;Despesa orçamentária;2026-07-29;2026-07-29;2026-08-04;72837,97;Não
1090 - PROCURADORIA GERAL DE JUSTICA;Nota fiscal;33.224.254/0001-42;MGS MINAS GERAIS ADMINISTRACAO E SERVICOS S/A;202626311;;1;Completa;Serviço;Despesa orçamentária;2026-07-27;2026-07-30;2026-08-04;5772,07;Não
2010 - INST.DE PREVIDENCIA DOS SERVIDORES DO EST.M.GERAIS;Outros;33.224.254/0001-42;MGS MINAS GERAIS ADMINISTRACAO E SERVICOS S/A;699249;;1;Completa;Serviço;Despesa orçamentária;2026-07-29;2026-07-30;2026-08-04;663,64;Não
1260 - SECRETARIA DE ESTADO DE EDUCACAO;Nota fiscal;11.502.786/0001-61;ORGANOTRAT CONTROLE DE VETORES E PRAGAS URBANAS LTDA;212;;1;Completa;Serviço;Despesa orçamentária;2026-08-03;2026-08-03;2026-08-04;1170,0;Não
2270 - FUNDACAO HOSPITALAR DO ESTADO DE MINAS GERAIS;Nota fiscal;27.187.758/0001-37;BML HOSPITALAR LTDA;30931;1;1;Completa - Recebimento definitivo;Consumo;Despesa orçamentária;2026-06-11;2026-06-11;2026-08-04;1240,92;Não
1030 - TRIBUNAL DE JUSTICA DO ESTADO DE MINAS GERAIS;Nota fiscal;30.360.120/0001-60;ARPAN ENGENHARIA LTDA;2026102;;1;Completa;Serviço;Despesa orçamentária;2026-08-03;2026-08-04;2026-08-04;940480,27;Não
1510 - POLICIA CIVIL DO ESTADO DE MINAS GERAIS;Outros;***.801.996-**;SUELI CAMPIDELI FONSECA;72026;1;1;Completa;Serviço;Despesa orçamentária;2026-08-04;2026-08-04;2026-08-04;1800,0;Não
1260 - SECRETARIA DE ESTADO DE EDUCACAO;Outros;17.507.708/0001-36;ASSOCIACAO SAO VICENTE DE PAULO DE BELO HORIZONTE;7;A;1;Completa;Serviço;Despesa orçamentária;2026-08-04;2026-08-04;2026-08-04;12921,03;Não
2270 - FUNDACAO HOSPITALAR DO ESTADO DE MINAS GERAIS;Nota fiscal;00.874.929/0001-40;MED CENTER COMERCIAL LTDA;718483;;1;Completa - Recebimento definitivo;Consumo;Despesa orçamentária;2026-07-30;2026-08-04;2026-08-04;71,38;Não
1260 - SECRETARIA DE ESTADO DE EDUCACAO;Nota fiscal;33.224.254/0001-42;MGS MINAS GERAIS ADMINISTRACAO E SERVICOS S/A;25614;;1;Completa;Serviço;Despesa orçamentária;2026-07-22;2026-08-04;2026-08-04;9245,39;Não
2270 - FUNDACAO HOSPITALAR DO ESTADO DE MINAS GERAIS;Nota fiscal;18.459.628/0097-67;BAYER S.A.;329326;1;1;Completa - Recebimento definitivo;Consumo;Despesa orçamentária;2026-07-28;2026-08-03;2026-08-04;48329,6;Não
2460 - AGENCIA DE DESENVOLVIMENTO DA RMVA;Nota fiscal;09.165.912/0001-98;REFRIGERACAO ACESITA LTDA;828;;1;Completa;Serviço;Despesa orçamentária;2026-08-01;2026-08-01;2026-08-04;1150,0;Não
2270 - FUNDACAO HOSPITALAR DO ESTADO DE MINAS GERAIS;Nota fiscal;65.271.868/0001-71;OXI QUIMICA LTDA -EPP;71466;1;1;Completa - Recebimento definitivo;Consumo;Despesa orçamentária;2026-07-29;2026-07-31;2026-08-04;443,29;Não
1080 - ADVOCACIA-GERAL DO ESTADO DE MINAS GERAIS;Nota fiscal;33.224.254/0001-42;MGS MINAS GERAIS ADMINISTRACAO E SERVICOS S/A;26656;;1;Completa;Serviço;Despesa orçamentária;2026-07-29;2026-08-04;2026-08-04;50733,68;Não
1480 - SECRETARIA DE ESTADO DE DESENVOLVIMENTO SOCIAL;Nota fiscal;29.863.757/0001-90;R2A CONSTRUCOES LTDA;252;1;1;Completa;Serviço;Despesa extra orçamentária;2026-07-24;2026-08-04;2026-08-04;43633,86;Não
1500 - SECRETARIA DE ESTADO DE PLANEJAMENTO E GESTAO;Nota fiscal;33.224.254/0001-42;MGS MINAS GERAIS ADMINISTRACAO E SERVICOS S/A;26536;1;1;Completa;Serviço;Despesa orçamentária;2026-07-29;2026-07-30;2026-08-04;10028,69;Não
1250 - POLICIA MILITAR DE MINAS GERAIS;Nota fiscal;07.346.326/0001-14;REPROS SOLUCOES EM TECNOLOGIA LTDA;273;;1;Completa;Serviço;Despesa orçamentária;2026-08-03;2026-08-04;2026-08-04;16897,44;Não
1450 - SECRETARIA DE ESTADO DE JUSTICA E SEGURANCA PUBLIC;Nota fiscal;53.431.927/0001-42;ANTONIO NIVALDO VIEIRA RIBAS;378;1;1;Completa - Recebimento definitivo;Consumo;Despesa orçamentária;2026-08-03;2026-08-04;2026-08-04;151280,0;Não
1090 - PROCURADORIA GERAL DE JUSTICA;Nota fiscal;33.224.254/0001-42;MGS MINAS GERAIS ADMINISTRACAO E SERVICOS S/A;202626371;;1;Completa;Serviço;Despesa orçamentária;2026-07-27;2026-07-30;2026-08-04;5772,07;Não
2350 - UNIVERSIDADE DO ESTADO DE MINAS GERAIS;Nota fiscal;33.224.254/0001-42;MGS MINAS GERAIS ADMINISTRACAO E SERVICOS S/A;697194;;1;Incompleta;Serviço;Despesa orçamentária;2026-07-17;2026-07-20;2026-08-04;9115,53;Não
2260 - FUNDACAO EZEQUIEL DIAS;Nota fiscal;25.932.088/0001-00;ANALITICA LTDA;63301;1;1;Completa - Recebimento definitivo;Consumo;Despesa orçamentária;2026-07-29;2026-07-31;2026-08-04;492,0;Não
2010 - INST.DE PREVIDENCIA DOS SERVIDORES DO EST.M.GERAIS;Nota fiscal;33.224.254/0001-42;MGS MINAS GERAIS ADMINISTRACAO E SERVICOS S/A;26737;1A;1;Completa;Serviço;Despesa orçamentária;2026-07-29;2026-07-29;2026-08-04;531058,7;Não
1080 - ADVOCACIA-GERAL DO ESTADO DE MINAS GERAIS;Nota fiscal;33.224.254/0001-42;MGS MINAS GERAIS ADMINISTRACAO E SERVICOS S/A;26657;;1;Completa;Serviço;Despesa orçamentária;2026-07-29;2026-08-04;2026-08-04;6687,67;Não
2310 - UNIVERSIDADE ESTADUAL DE MONTES CLAROS;Outros;27.044.495/0001-07;PA COMERCIO E SERVICOS GERAIS LTDA;202600000019512;;1;Completa;Serviço;Despesa orçamentária;2026-08-03;2026-08-03;2026-08-04;29077,76;Não
2350 - UNIVERSIDADE DO ESTADO DE MINAS GERAIS;Nota fiscal;16.673.998/0001-25;SUPERINTENDENCIA DE LIMPEZA URBANA;2026;656;1;Completa;Serviço;Despesa orçamentária;2026-08-04;2026-08-04;2026-08-04;923,04;Não
1250 - POLICIA MILITAR DE MINAS GERAIS;Nota fiscal;08.273.364/0001-57;TICKET GESTAO EM MANUTENCAO EZC S.A;48647140;;1;Completa;Serviço;Despesa orçamentária;2026-07-16;2026-08-04;2026-08-04;37584,79;Não
2270 - FUNDACAO HOSPITALAR DO ESTADO DE MINAS GERAIS;Nota fiscal;00.583.890/0001-01;FAMAP NUTRICAO PARENTERAL LTDA;418110;;1;Completa - Recebimento definitivo;Consumo;Despesa extra orçamentária;2024-07-03;2024-07-03;2026-08-04;1008,4;Não
2300 - DEPARTAMENTO DE ESTRADAS DE RODAGEM;Nota fiscal;08.273.364/0001-57;TICKET GESTAO EM MANUTENCAO EZC S.A;48670755;;1;Completa;Serviço;Despesa orçamentária;2026-08-04;2026-08-04;2026-08-04;3328,86;Não
2420 - INSTITUTO DE DESENVOLVIMENTO NORTE E NORDESTE MG;Nota fiscal;05.340.639/0001-30;PRIME CONSULTORIA E ASSESSORIA EMPRESARIAL LTDA;376212;;1;Completa;Serviço;Despesa orçamentária;2026-08-01;2026-08-03;2026-08-04;4815,14;Não
2270 - FUNDACAO HOSPITALAR DO ESTADO DE MINAS GERAIS;Nota fiscal;44.734.671/0022-86;CRISTALIA PRODUTOS QUIMICOS FARMACEUTICOS LTDA;1063408;;1;Completa - Recebimento definitivo;Consumo;Despesa orçamentária;2026-07-31;2026-08-03;2026-08-04;1020,0;Não
1260 - SECRETARIA DE ESTADO DE EDUCACAO;Nota fiscal;11.065.582/0001-00;B&C PRODUTOS DE LIMPEZA E EMBALAGENS LTDA -ME;148209;1;1;Completa - Recebimento definitivo;Consumo;Despesa orçamentária;2026-07-31;2026-08-04;2026-08-04;894,0;Não
2270 - FUNDACAO HOSPITALAR DO ESTADO DE MINAS GERAIS;Nota fiscal;67.729.178/0002-20;COMERCIAL CIRURGICA RIOCLARENSE LTDA;937437;1;1;Completa - Recebimento definitivo;Consumo;Despesa orçamentária;2026-07-30;2026-07-31;2026-08-04;640,0;Não
1260 - SECRETARIA DE ESTADO DE EDUCACAO;Outros;17.507.708/0001-36;ASSOCIACAO SAO VICENTE DE PAULO DE BELO HORIZONTE;7;A-1;1;Completa;Serviço;Despesa orçamentária;2026-08-04;2026-08-04;2026-08-04;12675,71;Não
1260 - SECRETARIA DE ESTADO DE EDUCACAO;Nota fiscal;41.658.519/0001-49;CENTRAL SUPRIMENTOS LTDA -ME;15410;1;1;Completa - Disponível para recebimento definitivo;Permanente;Despesa orçamentária;2026-07-20;2026-07-28;2026-08-04;294,1;Não
1080 - ADVOCACIA-GERAL DO ESTADO DE MINAS GERAIS;Nota fiscal;33.224.254/0001-42;MGS MINAS GERAIS ADMINISTRACAO E SERVICOS S/A;202626658;;1;Completa;Serviço;Despesa orçamentária;2026-07-29;2026-08-04;2026-08-04;348229,06;Não
2300 - DEPARTAMENTO DE ESTRADAS DE RODAGEM;Nota fiscal;01.466.431/0001-00;GCT - GERENCIAMENTO E CONTROLE DE TRANSITO S/A;20261487;;1;Completa;Serviço;Despesa orçamentária;2026-07-17;2026-07-21;2026-08-04;5481,33;Não
2370 - INSTITUTO MINEIRO DE AGROPECUARIA;Nota fiscal;33.224.254/0001-42;MGS MINAS GERAIS ADMINISTRACAO E SERVICOS S/A;26819;1;1;Completa;Serviço;Despesa orçamentária;2026-07-29;2026-08-04;2026-08-04;3918,48;Não
1480 - SECRETARIA DE ESTADO DE DESENVOLVIMENTO SOCIAL;Nota fiscal;33.224.254/0001-42;MGS MINAS GERAIS ADMINISTRACAO E SERVICOS S/A;267822026;;1;Completa;Serviço;Despesa orçamentária;2026-07-29;2026-07-29;2026-08-04;62992,79;Não
1250 - POLICIA MILITAR DE MINAS GERAIS;Nota fiscal;07.346.326/0001-14;REPROS SOLUCOES EM TECNOLOGIA LTDA;275;;1;Completa;Serviço;Despesa orçamentária;2026-08-03;2026-08-04;2026-08-04;68,88;Não
1260 - SECRETARIA DE ESTADO DE EDUCACAO;Nota fiscal;11.065.582/0001-00;B&C PRODUTOS DE LIMPEZA E EMBALAGENS LTDA -ME;148208;1;1;Completa - Recebimento definitivo;Consumo;Despesa orçamentária;2026-07-31;2026-08-04;2026-08-04;799,84;Não
1250 - POLICIA MILITAR DE MINAS GERAIS;Nota fiscal;07.791.107/0001-44;ELEC INDUSTRIA E COMERCIO DE EQUIPAMENTOS DE MEDICAO LTDA;28820;1;1;Completa - Recebimento definitivo;Permanente;Despesa orçamentária;2026-07-24;2026-08-04;2026-08-04;11999,0;Não
2300 - DEPARTAMENTO DE ESTRADAS DE RODAGEM;Nota fiscal;01.466.431/0001-00;GCT - GERENCIAMENTO E CONTROLE DE TRANSITO S/A;20261488;;1;Completa;Serviço;Despesa orçamentária;2026-07-17;2026-07-21;2026-08-04;5991,15;Não
2370 - INSTITUTO MINEIRO DE AGROPECUARIA;Outros;33.224.254/0001-42;MGS MINAS GERAIS ADMINISTRACAO E SERVICOS S/A;699070;;1;Completa;Serviço;Despesa orçamentária;2026-07-29;2026-08-04;2026-08-04;571,91;Não
1260 - SECRETARIA DE ESTADO DE EDUCACAO;Outros;33.224.254/0001-42;MGS MINAS GERAIS ADMINISTRACAO E SERVICOS S/A;697866;;1;Completa;Serviço;Despesa orçamentária;2026-07-22;2026-08-04;2026-08-04;727,08;Não
2370 - INSTITUTO MINEIRO DE AGROPECUARIA;Outros;33.224.254/0001-42;MGS MINAS GERAIS ADMINISTRACAO E SERVICOS S/A;699071;;1;Completa;Serviço;Despesa orçamentária;2026-07-29;2026-08-04;2026-08-04;100,0;Não
2270 - FUNDACAO HOSPITALAR DO ESTADO DE MINAS GERAIS;Nota fiscal;27.187.758/0001-37;BML HOSPITALAR LTDA;30930;1;1;Completa - Recebimento definitivo;Consumo;Despesa orçamentária;2026-06-11;2026-06-11;2026-08-04;3917,52;Não
1260 - SECRETARIA DE ESTADO DE EDUCACAO;Outros;26.113.423/0001-01;PAROQUIA NOSSA SENHORA DA PIEDADE EM BARBACENA;7;A;1;Completa;Serviço;Despesa orçamentária;2026-08-04;2026-08-04;2026-08-04;15000,0;Não
2300 - DEPARTAMENTO DE ESTRADAS DE RODAGEM;Nota fiscal;01.466.431/0001-00;GCT - GERENCIAMENTO E CONTROLE DE TRANSITO S/A;20261489;;1;Completa;Serviço;Despesa orçamentária;2026-07-17;2026-07-21;2026-08-04;4838,22;Não
2260 - FUNDACAO EZEQUIEL DIAS;Nota fiscal;25.676.149/0001-16;CIRURTEC HOSPITALAR LTDA -EPP;891;;1;Completa;Serviço;Despesa orçamentária;2026-07-27;2026-08-03;2026-08-04;33707,0;Não
1500 - SECRETARIA DE ESTADO DE PLANEJAMENTO E GESTAO;Nota fiscal;33.224.254/0001-42;MGS MINAS GERAIS ADMINISTRACAO E SERVICOS S/A;26534;1;1;Completa;Serviço;Despesa orçamentária;2026-07-29;2026-07-30;2026-08-04;2711,36;Não
1250 - POLICIA MILITAR DE MINAS GERAIS;Outros;04.135.243/0002-79;COMERCIAL ITABIRANA DE PNEUS LTDA;202600000001245;;1;Completa;Serviço;Despesa orçamentária;2026-07-07;2026-07-08;2026-08-04;58,88;Não
1250 - POLICIA MILITAR DE MINAS GERAIS;Nota fiscal;04.135.243/0002-79;COMERCIAL ITABIRANA DE PNEUS LTDA;6304;1;1;Completa;Serviço;Despesa orçamentária;2026-07-07;2026-07-08;2026-08-04;236,62;Não
1440 - DEFENSORIA PUBLICA DO ESTADO DE MINAS GERAIS;Nota fiscal;04.602.789/0001-01;DATEN TECNOLOGIA LTDA;104130;4;1;Completa - Recebimento definitivo;Permanente;Despesa orçamentária;2026-07-13;2026-07-13;2026-08-04;1216594,0;Não
1480 - SECRETARIA DE ESTADO DE DESENVOLVIMENTO SOCIAL;Nota fiscal;33.224.254/0001-42;MGS MINAS GERAIS ADMINISTRACAO E SERVICOS S/A;699004;;1;Completa;Serviço;Despesa orçamentária;2026-07-29;2026-07-29;2026-08-04;4430,56;Não
2010 - INST.DE PREVIDENCIA DOS SERVIDORES DO EST.M.GERAIS;Nota fiscal;28.857.335/0001-40;MAXIMA DENTAL IMPORTACAO, EXPORTACAO E COMERCIO DE PRODUTOS ODONTOLOGICOS LTDA;36897;2;1;Completa - Recebimento definitivo;Consumo;Despesa orçamentária;2026-07-16;2026-07-30;2026-08-04;8160,44;Não
2440 - AG. REG. DE SANEAMENTO E ENERGIA DO ESTADO DE MG.;Nota fiscal;33.224.254/0001-42;MGS MINAS GERAIS ADMINISTRACAO E SERVICOS S/A;202626625;2;1;Completa;Serviço;Despesa orçamentária;2026-08-04;2026-08-04;2026-08-04;210,52;Não
2300 - DEPARTAMENTO DE ESTRADAS DE RODAGEM;Nota fiscal;01.466.431/0001-00;GCT - GERENCIAMENTO E CONTROLE DE TRANSITO S/A;20261486;;1;Completa;Serviço;Despesa orçamentária;2026-07-17;2026-07-21;2026-08-04;7386,61;Não
2270 - FUNDACAO HOSPITALAR DO ESTADO DE MINAS GERAIS;Nota fiscal;04.889.013/0001-14;DISTRILAF DISTRIBUIDORA DE MEDICAMENTOS LTDA;151638;1;1;Completa - Recebimento definitivo;Consumo;Despesa orçamentária;2026-07-16;2026-07-21;2026-08-04;759,2;Não
1250 - POLICIA MILITAR DE MINAS GERAIS;Nota fiscal;59.502.350/0001-07;SOUSA ELEVADORES E ELETRICA LTDA;114;;1;Incompleta;Serviço;Despesa orçamentária;2026-07-29;2026-08-04;2026-08-04;1279,52;Não
2260 - FUNDACAO EZEQUIEL DIAS;Nota fiscal;25.932.088/0001-00;ANALITICA LTDA;63025;1;1;Completa - Recebimento definitivo;Consumo;Despesa orçamentária;2026-07-06;2026-07-31;2026-08-04;167,7;Não
2270 - FUNDACAO HOSPITALAR DO ESTADO DE MINAS GERAIS;Nota fiscal;35.820.448/0030-70;WHITE MARTINS GASES INDUSTRIAIS LTDA;218;628;1;Completa - Recebimento definitivo;Consumo;Despesa orçamentária;2026-07-17;2026-07-17;2026-08-04;3751,02;Não
1480 - SECRETARIA DE ESTADO DE DESENVOLVIMENTO SOCIAL;Nota fiscal;33.224.254/0001-42;MGS MINAS GERAIS ADMINISTRACAO E SERVICOS S/A;699003;;1;Completa;Serviço;Despesa orçamentária;2026-07-29;2026-07-29;2026-08-04;1200,0;Não
1080 - ADVOCACIA-GERAL DO ESTADO DE MINAS GERAIS;Nota fiscal;33.224.254/0001-42;MGS MINAS GERAIS ADMINISTRACAO E SERVICOS S/A;202626659;;1;Completa;Serviço;Despesa orçamentária;2026-07-29;2026-08-04;2026-08-04;29389,25;Não
2420 - INSTITUTO DE DESENVOLVIMENTO NORTE E NORDESTE MG;Outros;17.709.692/0001-44;MASTER IMOBILIARIA LTDA;9234994072026;;1;Completa;Serviço;Despesa orçamentária;2026-08-01;2026-08-04;2026-08-04;8500,0;Não
2420 - INSTITUTO DE DESENVOLVIMENTO NORTE E NORDESTE MG;Nota fiscal;15.593.944/0001-97;RENOVA ENGENHARIA E ENERGIA LTDA;89;2;1;Completa - Recebimento definitivo;Permanente;Despesa extra orçamentária;2026-07-29;2026-08-03;2026-08-04;26094,69;Não
2270 - FUNDACAO HOSPITALAR DO ESTADO DE MINAS GERAIS;Nota fiscal;35.820.448/0030-70;WHITE MARTINS GASES INDUSTRIAIS LTDA;265;630;1;Completa - Recebimento definitivo;Consumo;Despesa orçamentária;2026-07-24;2026-07-24;2026-08-04;3802,68;Não
2420 - INSTITUTO DE DESENVOLVIMENTO NORTE E NORDESTE MG;Nota fiscal;***.979.546-**;EVANDRO MONTALVAO PIMENTA;9315227072026;;1;Completa;Serviço;Despesa orçamentária;2026-08-04;2026-08-04;2026-08-04;2968,89;Não
2010 - INST.DE PREVIDENCIA DOS SERVIDORES DO EST.M.GERAIS;Nota fiscal;28.964.042/0001-61;ZAP MUSIC E DEDETIZADORA LTDA;320;1;1;Completa;Serviço;Despesa orçamentária;2026-08-04;2026-08-04;2026-08-04;1604,21;Não
2010 - INST.DE PREVIDENCIA DOS SERVIDORES DO EST.M.GERAIS;Nota fiscal;28.964.042/0001-61;ZAP MUSIC E DEDETIZADORA LTDA;320;2;1;Completa;Serviço;Despesa orçamentária;2026-08-04;2026-08-04;2026-08-04;178,96;Não
2010 - INST.DE PREVIDENCIA DOS SERVIDORES DO EST.M.GERAIS;Nota fiscal;28.964.042/0001-61;ZAP MUSIC E DEDETIZADORA LTDA;320;3;1;Completa;Serviço;Despesa orçamentária;2026-08-04;2026-08-04;2026-08-04;97,91;Não
1030 - TRIBUNAL DE JUSTICA DO ESTADO DE MINAS GERAIS;Nota fiscal;03.535.902/0004-63;DECISION SERVICOS DE TECNOLOGIA DA INFORMACAO LTDA;202697;;2;Completa;Serviço;Despesa orçamentária;2026-08-04;2026-08-04;2026-08-04;48946,26;Não
2010 - INST.DE PREVIDENCIA DOS SERVIDORES DO EST.M.GERAIS;Nota fiscal;28.964.042/0001-61;ZAP MUSIC E DEDETIZADORA LTDA;320;4;1;Completa;Serviço;Despesa orçamentária;2026-08-04;2026-08-04;2026-08-04;839,96;Não
2260 - FUNDACAO EZEQUIEL DIAS;Outros;85.519.114/0001-03;DHUAN COMISSÁRIA DE DESPACHOS ADUANEIROS LTDA;3231;;1;Completa;Serviço;Despesa orçamentária;2026-07-23;2026-08-03;2026-08-04;285,31;Não
1540 - ESCOLA DE SAUDE PUBLICA DE MINAS GERAIS;Outros;***.165.886-**;ANGELA DA SILVA SOUZA;9481968;7;1;Completa;Serviço;Despesa orçamentária;2026-07-10;2026-07-10;2026-08-04;1200,0;Não
1190 - SECRETARIA DE ESTADO DE FAZENDA DE MINAS GERAIS;Outros;01.017.250/0001-05;VOETUR TURISMO E REPRESENTACOES LTDA;13579462026;;1;Completa;Serviço;Despesa orçamentária;2026-08-03;2026-08-03;2026-08-04;6501,75;Não
1090 - PROCURADORIA GERAL DE JUSTICA;Nota fiscal;76.659.820/0046-53;ASSOCIACAO PARANAENSE DE CULTURA - APC;4124;;1;Completa;Serviço;Despesa orçamentária;2026-08-04;2026-08-04;2026-08-04;1199,34;Não
2270 - FUNDACAO HOSPITALAR DO ESTADO DE MINAS GERAIS;Nota fiscal;03.188.198/0006-81;BIO - RAD LABORATORIOS BRASIL LTDA;33351;1;1;Completa - Recebimento definitivo;Consumo;Despesa orçamentária;2026-07-17;2026-07-24;2026-08-04;1332,26;Não
1510 - POLICIA CIVIL DO ESTADO DE MINAS GERAIS;Nota fiscal;63.067.904/0002-35;LIFE TECHNOLOGIES BRASIL COMERCIO E INDUSTRIA DE PRODUTOS PARA BIOTECNOLOGIA LTDA;24584;;1;Completa;Serviço;Despesa orçamentária;2026-06-09;2026-07-22;2026-08-04;3144,87;Não
2320 - FUNDACAO CENTRO DE HEMATOLOGIA E HEMOTERAPIA DE MG;Outros;***.854.946-**;MANOEL EUFRASIO DE CARVALHO;7;26;1;Completa;Serviço;Despesa orçamentária;2026-08-03;2026-08-03;2026-08-04;12615,66;Não
2270 - FUNDACAO HOSPITALAR DO ESTADO DE MINAS GERAIS;Nota fiscal;35.820.448/0030-70;WHITE MARTINS GASES INDUSTRIAIS LTDA;272;630;1;Completa - Recebimento definitivo;Consumo;Despesa orçamentária;2026-07-28;2026-07-28;2026-08-04;1638,0;Não
2010 - INST.DE PREVIDENCIA DOS SERVIDORES DO EST.M.GERAIS;Outros;***.740.716-**;ANA PAULA MONT ALVAO LOPES;82026;;1;Completa;Serviço;Despesa orçamentária;2026-08-04;2026-08-04;2026-08-04;1470,28;Não
1540 - ESCOLA DE SAUDE PUBLICA DE MINAS GERAIS;Outros;***.874.566-**;CLAUDIA MARIA DE OLIVEIRA ALVES PEREIRA ESTEVES;9481878;7;1;Completa;Serviço;Despesa orçamentária;2026-07-10;2026-07-10;2026-08-04;1200,0;Não
2320 - FUNDACAO CENTRO DE HEMATOLOGIA E HEMOTERAPIA DE MG;Nota fiscal;26.295.145/0001-50;D.I.COMERCIO DE PECAS E SERVICOS PARA GERADORES LTDA - ME;689;;1;Completa;Serviço;Despesa orçamentária;2026-08-03;2026-08-04;2026-08-04;17838,9;Não
1450 - SECRETARIA DE ESTADO DE JUSTICA E SEGURANCA PUBLIC;Nota fiscal;06.003.551/0001-95;QUALIVIDROS DISTRIBUIDORA LTDA;35781;1;1;Completa - Recebimento definitivo;Consumo;Despesa orçamentária;2026-07-24;2026-07-30;2026-08-04;32177,1;Não
2270 - FUNDACAO HOSPITALAR DO ESTADO DE MINAS GERAIS;Nota fiscal;08.231.734/0005-17;FUTURA COMERCIO DE PRODUTOS MEDICOS E HOSPITALARES LTDA;33518;;1;Completa - Recebimento definitivo;Consumo;Despesa orçamentária;2026-08-03;2026-08-04;2026-08-04;2016,8;Não
2270 - FUNDACAO HOSPITALAR DO ESTADO DE MINAS GERAIS;Nota fiscal;05.216.859/0001-56;BIOBASE INDUSTRIA E COMERCIO LTDA ;88675;1;1;Completa - Recebimento definitivo;Consumo;Despesa orçamentária;2026-07-20;2026-07-23;2026-08-04;20,0;Não
2010 - INST.DE PREVIDENCIA DOS SERVIDORES DO EST.M.GERAIS;Outros;***.725.236-**;CLEISE ANDREA ALMEIDA CASTRO;72026;;1;Completa;Serviço;Despesa orçamentária;2026-08-03;2026-08-04;2026-08-04;3391,63;Não
2320 - FUNDACAO CENTRO DE HEMATOLOGIA E HEMOTERAPIA DE MG;Nota fiscal;26.295.145/0001-50;D.I.COMERCIO DE PECAS E SERVICOS PARA GERADORES LTDA - ME;1538;;1;Completa;Serviço;Despesa orçamentária;2026-07-22;2026-08-04;2026-08-04;481,18;Não
2250 - JUNTA COMERCIAL DO ESTADO DE MINAS GERAIS;Outros;61.198.164/0001-60;PORTO SEGURO COMPANHIA DE SEGUROS GERAIS;11806941035;;1;Completa;Serviço;Despesa orçamentária;2026-07-27;2026-08-04;2026-08-04;1168,16;Não
2270 - FUNDACAO HOSPITALAR DO ESTADO DE MINAS GERAIS;Nota fiscal;00.201.182/0001-69;DISTRIBUIDORA DE AGUAS MINERAIS BH LTDA -EPP;35124;1;1;Completa - Recebimento definitivo;Consumo;Despesa orçamentária;2026-08-03;2026-08-04;2026-08-04;346,5;Não
1450 - SECRETARIA DE ESTADO DE JUSTICA E SEGURANCA PUBLIC;Nota fiscal;34.274.233/0025-71;VIBRA ENERGIA S.A;4948552;0;1;Completa - Recebimento definitivo;Consumo;Despesa orçamentária;2026-07-27;2026-08-04;2026-08-04;14666,88;Não
1540 - ESCOLA DE SAUDE PUBLICA DE MINAS GERAIS;Outros;***.906.276-**;ANA CLARA PEREIRA SALOMAO;9484015;7;1;Completa;Serviço;Despesa orçamentária;2026-07-10;2026-07-10;2026-08-04;2000,0;Não
1260 - SECRETARIA DE ESTADO DE EDUCACAO;Outros;33.224.254/0001-42;MGS MINAS GERAIS ADMINISTRACAO E SERVICOS S/A;697962;;1;Completa;Serviço;Despesa orçamentária;2026-07-22;2026-07-29;2026-08-04;7462,17;Não
1450 - SECRETARIA DE ESTADO DE JUSTICA E SEGURANCA PUBLIC;Nota fiscal;34.274.233/0025-71;VIBRA ENERGIA S.A;4948553;0;1;Completa - Recebimento definitivo;Consumo;Despesa orçamentária;2026-07-27;2026-08-04;2026-08-04;21981,0;Não
2350 - UNIVERSIDADE DO ESTADO DE MINAS GERAIS;Nota fiscal;53.317.703/0001-04;SOLUCAO ALUGUEL DE IMOVEIS LTDA;2026;981;1;Completa;Serviço;Despesa orçamentária;2026-08-01;2026-08-03;2026-08-04;36965,78;Não
1450 - SECRETARIA DE ESTADO DE JUSTICA E SEGURANCA PUBLIC;Nota fiscal;10.502.423/0001-63;DONNER SERVICOS LTDA;324;;1;Completa;Serviço;Despesa orçamentária;2026-07-07;2026-07-07;2026-08-04;60015,0;Não
1450 - SECRETARIA DE ESTADO DE JUSTICA E SEGURANCA PUBLIC;Nota fiscal;34.274.233/0025-71;VIBRA ENERGIA S.A;4948596;0;1;Completa - Recebimento definitivo;Consumo;Despesa orçamentária;2026-07-27;2026-08-04;2026-08-04;5866,75;Não
1540 - ESCOLA DE SAUDE PUBLICA DE MINAS GERAIS;Outros;***.125.986-**;MILLENE OLIVEIRA LEITE;9450302;8;1;Completa;Serviço;Despesa orçamentária;2026-07-10;2026-07-10;2026-08-04;2000,0;Não
2320 - FUNDACAO CENTRO DE HEMATOLOGIA E HEMOTERAPIA DE MG;Nota fiscal;26.295.145/0001-50;D.I.COMERCIO DE PECAS E SERVICOS PARA GERADORES LTDA - ME;1539;;1;Completa;Serviço;Despesa orçamentária;2026-07-22;2026-08-04;2026-08-04;706,08;Não
1450 - SECRETARIA DE ESTADO DE JUSTICA E SEGURANCA PUBLIC;Nota fiscal;08.624.977/0001-91;TERRAVIVA AMBIENTAL LTDA;2025863;;1;Completa;Serviço;Despesa extra orçamentária;2025-01-10;2025-01-10;2026-08-04;847,04;Não
2320 - FUNDACAO CENTRO DE HEMATOLOGIA E HEMOTERAPIA DE MG;Nota fiscal;26.295.145/0001-50;D.I.COMERCIO DE PECAS E SERVICOS PARA GERADORES LTDA - ME;1540;;1;Completa;Serviço;Despesa orçamentária;2026-07-22;2026-08-04;2026-08-04;230,12;Não
1190 - SECRETARIA DE ESTADO DE FAZENDA DE MINAS GERAIS;Nota fiscal;33.224.254/0001-42;MGS MINAS GERAIS ADMINISTRACAO E SERVICOS S/A;26918;1;1;Completa;Serviço;Despesa orçamentária;2026-07-29;2026-07-29;2026-08-04;8524,75;Não
1440 - DEFENSORIA PUBLICA DO ESTADO DE MINAS GERAIS;Nota fiscal;33.224.254/0001-42;MGS MINAS GERAIS ADMINISTRACAO E SERVICOS S/A;202626286;;1;Completa;Serviço;Despesa orçamentária;2026-07-27;2026-07-30;2026-08-04;5772,07;Não
2320 - FUNDACAO CENTRO DE HEMATOLOGIA E HEMOTERAPIA DE MG;Nota fiscal;26.295.145/0001-50;D.I.COMERCIO DE PECAS E SERVICOS PARA GERADORES LTDA - ME;1541;;1;Completa;Serviço;Despesa orçamentária;2026-07-22;2026-08-04;2026-08-04;230,12;Não
1540 - ESCOLA DE SAUDE PUBLICA DE MINAS GERAIS;Outros;***.451.986-**;CYNTHIA REGINA FERREIRA DE SOUSA COELHO DOS SANTOS;9447764;10;1;Completa;Serviço;Despesa orçamentária;2026-07-10;2026-07-10;2026-08-04;2000,0;Não
2270 - FUNDACAO HOSPITALAR DO ESTADO DE MINAS GERAIS;Nota fiscal;06.981.180/0001-16;CEMIG DISTRIBUICAO S.A.;415780873;;1;Completa;Serviço;Despesa orçamentária;2026-08-03;2026-08-04;2026-08-04;58954,89;Não
2330 - INSTITUTO DE METROLOGIA E QUALIDADE DE MG;Outros;06.981.180/0001-16;CEMIG DISTRIBUICAO S.A.;414319336;;1;Completa;Serviço;Despesa orçamentária;2026-07-28;2026-08-03;2026-08-04;515,93;Não
2320 - FUNDACAO CENTRO DE HEMATOLOGIA E HEMOTERAPIA DE MG;Nota fiscal;26.295.145/0001-50;D.I.COMERCIO DE PECAS E SERVICOS PARA GERADORES LTDA - ME;1542;;1;Completa;Serviço;Despesa orçamentária;2026-07-22;2026-08-04;2026-08-04;566,96;Não
2320 - FUNDACAO CENTRO DE HEMATOLOGIA E HEMOTERAPIA DE MG;Nota fiscal;26.295.145/0001-50;D.I.COMERCIO DE PECAS E SERVICOS PARA GERADORES LTDA - ME;1543;;1;Completa;Serviço;Despesa orçamentária;2026-07-22;2026-08-04;2026-08-04;251,04;Não
2270 - FUNDACAO HOSPITALAR DO ESTADO DE MINAS GERAIS;Nota fiscal;60.665.981/0009-75;UNIAO QUIMICA FARMACEUTICA NACIONAL S A;1104682;;1;Completa - Recebimento definitivo;Consumo;Despesa orçamentária;2026-07-29;2026-08-03;2026-08-04;18,25;Não
2330 - INSTITUTO DE METROLOGIA E QUALIDADE DE MG;Outros;13.131.660/0001-53;COOPERATIVA IMOBILIARIA LTDA;72026;;1;Completa;Serviço;Despesa orçamentária;2026-08-04;2026-08-04;2026-08-04;2730,82;Não
2320 - FUNDACAO CENTRO DE HEMATOLOGIA E HEMOTERAPIA DE MG;Nota fiscal;26.295.145/0001-50;D.I.COMERCIO DE PECAS E SERVICOS PARA GERADORES LTDA - ME;1546;;1;Completa;Serviço;Despesa orçamentária;2026-07-23;2026-08-04;2026-08-04;504,2;Não
1090 - PROCURADORIA GERAL DE JUSTICA;Outros;***.779.396-**;JOSE RICARDO DE OLIVEIRA;22026;;1;Completa;Serviço;Despesa orçamentária;2026-08-04;2026-08-04;2026-08-04;96,32;Não
1260 - SECRETARIA DE ESTADO DE EDUCACAO;Nota fiscal;41.658.519/0001-49;CENTRAL SUPRIMENTOS LTDA -ME;15418;1;1;Completa - Disponível para recebimento definitivo;Consumo;Despesa orçamentária;2026-07-21;2026-07-28;2026-08-04;210,4;Não
2330 - INSTITUTO DE METROLOGIA E QUALIDADE DE MG;Outros;16.888.649/0001-20;COUTO E OLIVEIRA IMOVEIS LTDA. - ME;72026;;1;Completa;Serviço;Despesa orçamentária;2026-08-03;2026-08-04;2026-08-04;2200,0;Não
1500 - SECRETARIA DE ESTADO DE PLANEJAMENTO E GESTAO;Nota fiscal;33.224.254/0011-14;MGS MINAS GERAIS ADMINISTRACAO E SERVICOS S/A;2026136;;1;Completa;Serviço;Despesa orçamentária;2026-07-30;2026-07-30;2026-08-04;187766,82;Não
1250 - POLICIA MILITAR DE MINAS GERAIS;Nota fiscal;18.839.001/0001-90;LAERCIO SOUZA CARDOSO - CPF 32493177649 - ME;149;;1;Completa;Serviço;Despesa extra orçamentária;2026-07-20;2026-08-04;2026-08-04;99,6;Não
1540 - ESCOLA DE SAUDE PUBLICA DE MINAS GERAIS;Outros;***.560.136-**;NOARA AGUILAR RIBEIRO;9488830;7;1;Completa;Serviço;Despesa orçamentária;2026-07-10;2026-07-10;2026-08-04;1200,0;Não
2330 - INSTITUTO DE METROLOGIA E QUALIDADE DE MG;Outros;05.002.545/0001-50;DINAMICA ADMINISTRADORA DE IMOVEIS E SERVICOS LTDA;72026;;1;Completa;Serviço;Despesa orçamentária;2026-08-04;2026-08-04;2026-08-04;2617,02;Não
2270 - FUNDACAO HOSPITALAR DO ESTADO DE MINAS GERAIS;Outros;24.987.653/0001-74;EXPRESSO SETELAGOANO LTDA;4082602;;1;Completa;Serviço;Despesa orçamentária;2026-08-04;2026-08-04;2026-08-04;1021,3;Não
1370 - SECRETARIA ESTADO DE MEIO AMB.DESENV SUSTENTAVEL;Nota fiscal;33.224.254/0001-42;MGS MINAS GERAIS ADMINISTRACAO E SERVICOS S/A;202626588;1;1;Completa;Serviço;Despesa orçamentária;2026-07-29;2026-07-29;2026-08-04;14084,23;Não
1510 - POLICIA CIVIL DO ESTADO DE MINAS GERAIS;Nota fiscal;29.156.814/0001-00;SERC REFRIGERACAO E CLIMATIZACAO LTDA;100;1;1;Completa;Serviço;Despesa orçamentária;2026-07-30;2026-07-30;2026-08-04;2445,83;Não
2270 - FUNDACAO HOSPITALAR DO ESTADO DE MINAS GERAIS;Nota fiscal;35.820.448/0137-00;WHITE MARTINS GASES INDUSTRIAIS LTDA;4290;646;1;Completa - Recebimento definitivo;Consumo;Despesa orçamentária;2026-07-31;2026-07-31;2026-08-04;366,5;Não
1030 - TRIBUNAL DE JUSTICA DO ESTADO DE MINAS GERAIS;Nota fiscal;02.493.473/0001-01;AKAI LOCADORA DE CACAMBAS LTDA -ME;83;E;1;Completa;Serviço;Despesa orçamentária;2026-08-04;2026-08-04;2026-08-04;498,0;Não
2270 - FUNDACAO HOSPITALAR DO ESTADO DE MINAS GERAIS;Nota fiscal;35.820.448/0137-00;WHITE MARTINS GASES INDUSTRIAIS LTDA;4291;646;1;Completa - Recebimento definitivo;Consumo;Despesa orçamentária;2026-07-31;2026-07-31;2026-08-04;1825,37;Não
1440 - DEFENSORIA PUBLICA DO ESTADO DE MINAS GERAIS;Nota fiscal;33.224.254/0001-42;MGS MINAS GERAIS ADMINISTRACAO E SERVICOS S/A;202626366;;1;Completa;Serviço;Despesa orçamentária;2026-07-27;2026-07-30;2026-08-04;5772,07;Não
1090 - PROCURADORIA GERAL DE JUSTICA;Nota fiscal;18.286.492/0001-99;EXTIMINAS EXTINTORES MINAS GERAIS LTDA;1233;;1;Completa;Serviço;Despesa orçamentária;2026-08-03;2026-08-04;2026-08-04;1100,0;Não
2300 - DEPARTAMENTO DE ESTRADAS DE RODAGEM;Nota fiscal;57.323.717/0001-91;COPASA PATOS SANEAMENTO S.A;126529242354;;1;Completa;Serviço;Despesa orçamentária;2026-07-20;2026-07-20;2026-08-04;115,6;Não
1250 - POLICIA MILITAR DE MINAS GERAIS;Nota fiscal;34.274.233/0208-04;VIBRA ENERGIA S.A;187658;;1;Completa - Recebimento definitivo;Consumo;Despesa orçamentária;2026-08-04;2026-08-04;2026-08-04;21981,0;Não
2270 - FUNDACAO HOSPITALAR DO ESTADO DE MINAS GERAIS;Nota fiscal;33.040.635/0006-86;BIOMERIEUX BRASIL INDUSTRIA E COMERCIO DE PRODUTOS LABORATORIAIS LTDA;172507;1;1;Completa - Recebimento definitivo;Consumo;Despesa orçamentária;2026-07-08;2026-07-10;2026-08-04;872,4;Não
2270 - FUNDACAO HOSPITALAR DO ESTADO DE MINAS GERAIS;Nota fiscal;33.224.254/0001-42;MGS MINAS GERAIS ADMINISTRACAO E SERVICOS S/A;26699;51;1;Completa;Serviço;Despesa orçamentária;2026-07-29;2026-08-03;2026-08-04;131457,81;Não
1250 - POLICIA MILITAR DE MINAS GERAIS;Nota fiscal;***.198.676-**;CIVALDO GONCALVES DA CUNHA;72026;;1;Completa;Serviço;Despesa orçamentária;2026-08-04;2026-08-04;2026-08-04;895,73;Não
2270 - FUNDACAO HOSPITALAR DO ESTADO DE MINAS GERAIS;Nota fiscal;33.040.635/0006-86;BIOMERIEUX BRASIL INDUSTRIA E COMERCIO DE PRODUTOS LABORATORIAIS LTDA;172500;1;1;Completa - Recebimento definitivo;Consumo;Despesa orçamentária;2026-07-08;2026-07-10;2026-08-04;1396,2;Não
1250 - POLICIA MILITAR DE MINAS GERAIS;Nota fiscal;34.274.233/0025-71;VIBRA ENERGIA S.A;4954792;;1;Completa - Recebimento definitivo;Consumo;Despesa orçamentária;2026-08-04;2026-08-04;2026-08-04;21981,0;Não
1190 - SECRETARIA DE ESTADO DE FAZENDA DE MINAS GERAIS;Outros;33.224.254/0001-42;MGS MINAS GERAIS ADMINISTRACAO E SERVICOS S/A;699051;;1;Completa;Serviço;Despesa orçamentária;2026-07-29;2026-07-29;2026-08-04;925,45;Não
1500 - SECRETARIA DE ESTADO DE PLANEJAMENTO E GESTAO;Nota fiscal;07.432.517/0001-07;SIMPRESS COMERCIO LOCACAO E SERVICOS LTDA;438638;;1;Completa;Serviço;Despesa orçamentária;2026-08-03;2026-08-03;2026-08-04;129,05;Não
1540 - ESCOLA DE SAUDE PUBLICA DE MINAS GERAIS;Outros;***.746.826-**;HERLEY PEIXOTO MURTA;9481430;7;1;Completa;Serviço;Despesa orçamentária;2026-07-10;2026-07-10;2026-08-04;1200,0;Não
2320 - FUNDACAO CENTRO DE HEMATOLOGIA E HEMOTERAPIA DE MG;Nota fiscal;27.498.289/0001-77;LMC MEDICAO E CONTROLE LTDA;2018;;1;Completa;Serviço;Despesa orçamentária;2026-07-07;2026-08-04;2026-08-04;3159,6;Não
1250 - POLICIA MILITAR DE MINAS GERAIS;Nota fiscal;34.274.233/0025-71;VIBRA ENERGIA S.A;4954790;;1;Completa - Recebimento definitivo;Consumo;Despesa orçamentária;2026-08-04;2026-08-04;2026-08-04;21981,0;Não
2330 - INSTITUTO DE METROLOGIA E QUALIDADE DE MG;Outros;***.479.806-**;MARLENE MAFALDA DORNELAS;72026;;1;Completa;Serviço;Despesa orçamentária;2026-07-24;2026-08-03;2026-08-04;1577,59;Não
2320 - FUNDACAO CENTRO DE HEMATOLOGIA E HEMOTERAPIA DE MG;Nota fiscal;27.498.289/0001-77;LMC MEDICAO E CONTROLE LTDA;2019;;1;Completa;Serviço;Despesa orçamentária;2026-07-07;2026-08-04;2026-08-04;526,6;Não
2270 - FUNDACAO HOSPITALAR DO ESTADO DE MINAS GERAIS;Nota fiscal;00.583.890/0001-01;FAMAP NUTRICAO PARENTERAL LTDA;418466;;1;Completa - Recebimento definitivo;Consumo;Despesa extra orçamentária;2024-07-06;2024-07-06;2026-08-04;1340,38;Não
2270 - FUNDACAO HOSPITALAR DO ESTADO DE MINAS GERAIS;Nota fiscal;60.665.981/0009-75;UNIAO QUIMICA FARMACEUTICA NACIONAL S A;1104683;;1;Completa - Recebimento definitivo;Consumo;Despesa orçamentária;2026-07-29;2026-08-03;2026-08-04;1719,0;Não
1250 - POLICIA MILITAR DE MINAS GERAIS;Nota fiscal;57.494.031/0001-63;COMPANHIA BRASILEIRA DE CARTUCHOS;297377;1;1;Completa - Recebimento definitivo;Consumo;Despesa orçamentária;2026-06-16;2026-08-04;2026-08-04;2460,0;Não
2320 - FUNDACAO CENTRO DE HEMATOLOGIA E HEMOTERAPIA DE MG;Nota fiscal;27.498.289/0001-77;LMC MEDICAO E CONTROLE LTDA;2020;;1;Completa;Serviço;Despesa orçamentária;2026-07-07;2026-08-04;2026-08-04;111,6;Não
2330 - INSTITUTO DE METROLOGIA E QUALIDADE DE MG;Outros;17.281.106/0001-03;COMPANHIA DE SANEAMENTO DE MINAS GERAIS COPASA MG;126545075351;;1;Completa;Serviço;Despesa orçamentária;2026-07-24;2026-08-04;2026-08-04;165,27;Não
2320 - FUNDACAO CENTRO DE HEMATOLOGIA E HEMOTERAPIA DE MG;Nota fiscal;27.498.289/0001-77;LMC MEDICAO E CONTROLE LTDA;2021;;1;Completa;Serviço;Despesa orçamentária;2026-06-07;2026-08-04;2026-08-04;210,64;Não
1190 - SECRETARIA DE ESTADO DE FAZENDA DE MINAS GERAIS;Nota fiscal;19.201.128/0001-41;ASSOCIACAO PROFISSIONALIZANTE DO MENOR DE BELO HORIZONTE -ASSPROM;2482;1;1;Completa;Serviço;Despesa orçamentária;2026-08-04;2026-08-04;2026-08-04;9118,5;Não
2330 - INSTITUTO DE METROLOGIA E QUALIDADE DE MG;Outros;17.281.106/0001-03;COMPANHIA DE SANEAMENTO DE MINAS GERAIS COPASA MG;126529273217;;1;Completa;Serviço;Despesa orçamentária;2026-07-20;2026-08-04;2026-08-04;191,99;Não
1250 - POLICIA MILITAR DE MINAS GERAIS;Nota fiscal;34.274.233/0208-04;VIBRA ENERGIA S.A;187657;;1;Completa - Recebimento definitivo;Consumo;Despesa orçamentária;2026-08-04;2026-08-04;2026-08-04;14666,88;Não
1260 - SECRETARIA DE ESTADO DE EDUCACAO;Nota fiscal;41.658.519/0001-49;CENTRAL SUPRIMENTOS LTDA -ME;15415;1;1;Completa - Disponível para recebimento definitivo;Consumo;Despesa orçamentária;2026-07-20;2026-07-28;2026-08-04;322,0;Não
2270 - FUNDACAO HOSPITALAR DO ESTADO DE MINAS GERAIS;Nota fiscal;27.187.758/0001-37;BML HOSPITALAR LTDA;31517;1;1;Completa - Disponível para recebimento definitivo;Consumo;Despesa orçamentária;2026-07-23;2026-07-23;2026-08-04;1143,84;Não
1250 - POLICIA MILITAR DE MINAS GERAIS;Outros;04.135.243/0002-79;COMERCIAL ITABIRANA DE PNEUS LTDA;202600000001285;;1;Completa;Serviço;Despesa orçamentária;2026-07-15;2026-07-20;2026-08-04;6644,85;Não
1250 - POLICIA MILITAR DE MINAS GERAIS;Nota fiscal;28.941.803/0001-60;ELEVTECH ELEVADORES LTDA;614;;1;Completa;Serviço;Despesa extra orçamentária;2026-08-04;2026-08-04;2026-08-04;200,0;Não
1260 - SECRETARIA DE ESTADO DE EDUCACAO;Nota fiscal;06.270.288/0001-09;SOCIEDADE EDUCACIONAL MATO VERDE LTDA  - ME;542;;1;Completa;Serviço;Despesa orçamentária;2026-07-31;2026-08-03;2026-08-04;32684,19;Não
1250 - POLICIA MILITAR DE MINAS GERAIS;Nota fiscal;47.050.417/0001-22;PORTO SERVICOS LTDA;80;NFS;1;Completa;Serviço;Despesa orçamentária;2026-07-21;2026-07-27;2026-08-04;10139,26;Não
1500 - SECRETARIA DE ESTADO DE PLANEJAMENTO E GESTAO;Nota fiscal;07.432.517/0001-07;SIMPRESS COMERCIO LOCACAO E SERVICOS LTDA;438636;;1;Completa;Serviço;Despesa orçamentária;2026-08-03;2026-08-03;2026-08-04;10,86;Não
1480 - SECRETARIA DE ESTADO DE DESENVOLVIMENTO SOCIAL;Nota fiscal;41.685.892/0001-99;ALFREDO IMOVEIS E EMPREENDIMENTOS LTDA;95950812;;1;Incompleta;Serviço;Despesa orçamentária;2026-08-01;2026-08-04;2026-08-04;10250,37;Não
1540 - ESCOLA DE SAUDE PUBLICA DE MINAS GERAIS;Outros;***.149.016-**;MARIA INEZ NEIVA COLARES;9453469;7;1;Completa;Serviço;Despesa orçamentária;2026-07-10;2026-07-10;2026-08-04;2800,0;Não
1070 - GABINETE MILITAR DO GOVERNADOR DO ESTADO DE MG;Outros;07.346.478/0001-17;METODO SYSTEM COMERCIO E SERVICOS LTDA;10801;;1;Completa;Serviço;Despesa orçamentária;2026-08-03;2026-08-04;2026-08-04;23178,13;Não
2270 - FUNDACAO HOSPITALAR DO ESTADO DE MINAS GERAIS;Nota fiscal;27.187.758/0001-37;BML HOSPITALAR LTDA;31518;1;1;Completa - Disponível para recebimento definitivo;Consumo;Despesa orçamentária;2026-07-23;2026-07-23;2026-08-04;556,13;Não
1250 - POLICIA MILITAR DE MINAS GERAIS;Nota fiscal;04.135.243/0002-79;COMERCIAL ITABIRANA DE PNEUS LTDA;6312;1;1;Completa;Serviço;Despesa orçamentária;2026-07-15;2026-07-20;2026-08-04;658,64;Não
2270 - FUNDACAO HOSPITALAR DO ESTADO DE MINAS GERAIS;Nota fiscal;00.583.890/0001-01;FAMAP NUTRICAO PARENTERAL LTDA;426548;;1;Completa - Recebimento definitivo;Consumo;Despesa extra orçamentária;2024-09-17;2024-09-17;2026-08-04;966,04;Não
1250 - POLICIA MILITAR DE MINAS GERAIS;Nota fiscal;34.274.233/0025-71;VIBRA ENERGIA S.A;4954795;;1;Completa - Recebimento definitivo;Consumo;Despesa orçamentária;2026-08-04;2026-08-04;2026-08-04;14666,88;Não
2270 - FUNDACAO HOSPITALAR DO ESTADO DE MINAS GERAIS;Nota fiscal;40.175.705/0001-64;CEI COMERCIO EXPORTACAO E IMP DE MAT MEDICOS LTDA;345614;;1;Completa - Recebimento definitivo;Consumo;Despesa orçamentária;2026-07-30;2026-07-31;2026-08-04;540,0;Não
1190 - SECRETARIA DE ESTADO DE FAZENDA DE MINAS GERAIS;Nota fiscal;33.224.254/0001-42;MGS MINAS GERAIS ADMINISTRACAO E SERVICOS S/A;26919;;1;Completa;Serviço;Despesa orçamentária;2026-07-29;2026-07-29;2026-08-04;1267,54;Não
1250 - POLICIA MILITAR DE MINAS GERAIS;Nota fiscal;21.641.059/0001-39;DISTRIBUIDORA PERES & ARAUJO LTDA - ME;2945;;1;Completa - Recebimento definitivo;Permanente;Despesa orçamentária;2026-06-17;2026-07-31;2026-08-04;2005,5;Não
2270 - FUNDACAO HOSPITALAR DO ESTADO DE MINAS GERAIS;Nota fiscal;33.224.254/0001-42;MGS MINAS GERAIS ADMINISTRACAO E SERVICOS S/A;26698;52;1;Completa;Serviço;Despesa orçamentária;2026-07-29;2026-08-03;2026-08-04;31119,39;Não
2270 - FUNDACAO HOSPITALAR DO ESTADO DE MINAS GERAIS;Nota fiscal;27.187.758/0001-37;BML HOSPITALAR LTDA;31567;1;1;Completa - Disponível para recebimento definitivo;Consumo;Despesa orçamentária;2026-07-24;2026-07-24;2026-08-04;556,13;Não
2270 - FUNDACAO HOSPITALAR DO ESTADO DE MINAS GERAIS;Nota fiscal;35.820.448/0030-70;WHITE MARTINS GASES INDUSTRIAIS LTDA;277;630;1;Completa - Recebimento definitivo;Consumo;Despesa orçamentária;2026-08-03;2026-08-03;2026-08-04;3333,96;Não
2300 - DEPARTAMENTO DE ESTRADAS DE RODAGEM;Nota fiscal;01.466.431/0001-00;GCT - GERENCIAMENTO E CONTROLE DE TRANSITO S/A;20261527;;1;Completa;Serviço;Despesa orçamentária;2026-07-15;2026-07-16;2026-08-04;3013,08;Não
1250 - POLICIA MILITAR DE MINAS GERAIS;Nota fiscal;21.641.059/0001-39;DISTRIBUIDORA PERES & ARAUJO LTDA - ME;3005;;1;Completa - Recebimento definitivo;Permanente;Despesa orçamentária;2026-07-30;2026-07-31;2026-08-04;1002,75;Não
1540 - ESCOLA DE SAUDE PUBLICA DE MINAS GERAIS;Outros;***.082.186-**;EMANUELLE CRISTINA BESSA MARTINS;9493535;7;1;Completa;Serviço;Despesa orçamentária;2026-07-10;2026-07-10;2026-08-04;2800,0;Não
1250 - POLICIA MILITAR DE MINAS GERAIS;Nota fiscal;34.274.233/0374-48;PETROBRAS DISTRIBUIDORA SA;245657;;1;Completa - Recebimento definitivo;Consumo;Despesa orçamentária;2026-08-04;2026-08-04;2026-08-04;14666,88;Não
1450 - SECRETARIA DE ESTADO DE JUSTICA E SEGURANCA PUBLIC;Nota fiscal;11.002.975/0001-75;TECVIDA COMERCIO E DISTRIBUICAO LTDA;34685;;2;Completa - Recebimento definitivo;Consumo;Despesa extra orçamentária;2026-01-19;2026-03-25;2026-08-04;18493,73;Não
1020 - TRIBUNAL DE CONTAS DO ESTADO DE MINAS GERAIS;Nota fiscal;02.767.396/0001-22;AGIL AGENCIA DE INFORMATICA LTDA;303;;1;Completa;Serviço;Despesa orçamentária;2026-08-03;2026-08-04;2026-08-04;7572,41;Não
2270 - FUNDACAO HOSPITALAR DO ESTADO DE MINAS GERAIS;Nota fiscal;67.729.178/0002-20;COMERCIAL CIRURGICA RIOCLARENSE LTDA;937682;1;1;Completa - Recebimento definitivo;Consumo;Despesa orçamentária;2026-07-31;2026-07-31;2026-08-04;5319,36;Não
2270 - FUNDACAO HOSPITALAR DO ESTADO DE MINAS GERAIS;Nota fiscal;17.085.673/0001-94;NEXOMED HOSPITALAR LTDA;40293;1;1;Completa - Recebimento definitivo;Consumo;Despesa orçamentária;2026-06-15;2026-06-15;2026-08-04;1097,0;Não
1510 - POLICIA CIVIL DO ESTADO DE MINAS GERAIS;Nota fiscal;02.661.790/0001-81;SARSTEDT LTDA;155171;3;2;Completa - Recebimento definitivo;Consumo;Despesa extra orçamentária;2026-03-26;2026-08-03;2026-08-04;9074,0;Não
2270 - FUNDACAO HOSPITALAR DO ESTADO DE MINAS GERAIS;Nota fiscal;27.187.758/0001-37;BML HOSPITALAR LTDA;31569;1;1;Completa - Disponível para recebimento definitivo;Consumo;Despesa orçamentária;2026-07-24;2026-07-24;2026-08-04;769,03;Não
1250 - POLICIA MILITAR DE MINAS GERAIS;Nota fiscal;18.839.001/0001-90;LAERCIO SOUZA CARDOSO - CPF 32493177649 - ME;154;3;1;Completa;Serviço;Despesa extra orçamentária;2026-07-31;2026-08-04;2026-08-04;99,6;Não
2460 - AGENCIA DE DESENVOLVIMENTO DA RMVA;Outros;10.819.899/0001-22;W & E CONSTRUCOES LTDA;492026;;1;Completa;Serviço;Despesa orçamentária;2026-07-30;2026-07-30;2026-08-04;7426,22;Não
1320 - SECRETARIA DE ESTADO DA SAUDE;Outros;13.939.190/0001-59;BASE IMOVEIS LTDA -EPP;342026;;1;Completa;Serviço;Despesa orçamentária;2026-08-03;2026-08-04;2026-08-04;20830,11;Não
1250 - POLICIA MILITAR DE MINAS GERAIS;Outros;04.135.243/0002-79;COMERCIAL ITABIRANA DE PNEUS LTDA;202600000001290;;1;Completa;Serviço;Despesa orçamentária;2026-07-15;2026-07-20;2026-08-04;211,49;Não
1500 - SECRETARIA DE ESTADO DE PLANEJAMENTO E GESTAO;Nota fiscal;07.432.517/0001-07;SIMPRESS COMERCIO LOCACAO E SERVICOS LTDA;438639;;1;Completa;Serviço;Despesa orçamentária;2026-08-03;2026-08-03;2026-08-04;4774,85;Não
2070 - FUND. DE AMPARO A PESQ. DO ESTADO DE MINAS GERAIS;Nota fiscal;06.981.180/0001-16;CEMIG DISTRIBUICAO S.A.;415775408;;1;Completa;Serviço;Despesa orçamentária;2026-08-03;2026-08-04;2026-08-04;44064,47;Não
2270 - FUNDACAO HOSPITALAR DO ESTADO DE MINAS GERAIS;Nota fiscal;06.981.180/0001-16;CEMIG DISTRIBUICAO S.A.;415780871;;1;Completa;Serviço;Despesa orçamentária;2026-08-03;2026-08-04;2026-08-04;14165,37;Não
2270 - FUNDACAO HOSPITALAR DO ESTADO DE MINAS GERAIS;Nota fiscal;00.583.890/0001-01;FAMAP NUTRICAO PARENTERAL LTDA;426874;;1;Completa - Recebimento definitivo;Consumo;Despesa extra orçamentária;2024-09-20;2024-09-20;2026-08-04;1180,43;Não
1190 - SECRETARIA DE ESTADO DE FAZENDA DE MINAS GERAIS;Outros;33.224.254/0001-42;MGS MINAS GERAIS ADMINISTRACAO E SERVICOS S/A;699052;;1;Completa;Serviço;Despesa orçamentária;2026-07-29;2026-07-29;2026-08-04;136,36;Não
1260 - SECRETARIA DE ESTADO DE EDUCACAO;Nota fiscal;03.773.700/0001-07;SERVICO NACIONAL DE APRENDIZAGEM INDUSTRIAL - DEPARTAMENTO REGIONAL DE MINAS GERAIS;1124;JUN;1;Completa;Serviço;Despesa orçamentária;2026-07-27;2026-08-04;2026-08-04;48969,06;Não
1190 - SECRETARIA DE ESTADO DE FAZENDA DE MINAS GERAIS;Nota fiscal;07.718.617/0001-96;FABRICIA MATTOS MACIEL RODRIGUES -ME;118;;1;Completa;Serviço;Despesa orçamentária;2026-08-03;2026-08-03;2026-08-04;991,59;Não
2270 - FUNDACAO HOSPITALAR DO ESTADO DE MINAS GERAIS;Nota fiscal;27.187.758/0001-37;BML HOSPITALAR LTDA;31570;1;1;Completa - Disponível para recebimento definitivo;Consumo;Despesa orçamentária;2026-07-24;2026-07-24;2026-08-04;556,13;Não
2060 - FUNDACAO JOAO PINHEIRO;Nota fiscal;17.325.390/0001-72;CHAVEIRO IDEAL LTDA - ME;89;4;1;Completa;Serviço;Despesa orçamentária;2026-07-01;2026-08-04;2026-08-04;429,0;Não
1250 - POLICIA MILITAR DE MINAS GERAIS;Nota fiscal;04.135.243/0002-79;COMERCIAL ITABIRANA DE PNEUS LTDA;6313;1;1;Completa;Serviço;Despesa orçamentária;2026-07-15;2026-07-20;2026-08-04;553,22;Não
1450 - SECRETARIA DE ESTADO DE JUSTICA E SEGURANCA PUBLIC;Nota fiscal;08.624.977/0001-91;TERRAVIVA AMBIENTAL LTDA;7540;;1;Completa;Serviço;Despesa orçamentária;2026-06-09;2026-06-09;2026-08-04;654,72;Não
2270 - FUNDACAO HOSPITALAR DO ESTADO DE MINAS GERAIS;Nota fiscal;27.187.758/0001-37;BML HOSPITALAR LTDA;31574;1;1;Completa - Disponível para recebimento definitivo;Consumo;Despesa orçamentária;2026-07-24;2026-07-24;2026-08-04;556,13;Não
1630 - SECRETARIA GERAL;Outros;11.735.086/0001-17;B & F - LAVAGEM AUTOMOTIVA E PREDIAL LTDA. - ME;577;;1;Completa;Serviço;Despesa orçamentária;2026-08-04;2026-08-04;2026-08-04;100,0;Não
2270 - FUNDACAO HOSPITALAR DO ESTADO DE MINAS GERAIS;Nota fiscal;00.583.890/0001-01;FAMAP NUTRICAO PARENTERAL LTDA;427395;;1;Completa - Recebimento definitivo;Consumo;Despesa extra orçamentária;2024-09-25;2024-09-25;2026-08-04;1328,39;Não
2270 - FUNDACAO HOSPITALAR DO ESTADO DE MINAS GERAIS;Nota fiscal;12.927.876/0001-67;SOMA/MG PRODUTOS HOSPITALARES LTDA;380501;;1;Completa - Recebimento definitivo;Consumo;Despesa orçamentária;2026-07-10;2026-08-04;2026-08-04;111,0;Não
2270 - FUNDACAO HOSPITALAR DO ESTADO DE MINAS GERAIS;Nota fiscal;07.467.900/0001-92;GOL COMERCIO E INDUSTRIA LTDA;16711;1;1;Completa - Recebimento definitivo;Permanente;Despesa orçamentária;2026-07-30;2026-07-30;2026-08-04;2593,45;Não
1540 - ESCOLA DE SAUDE PUBLICA DE MINAS GERAIS;Outros;***.770.176-**;LISE PRATA DE OLIVEIRA;9453468;7;1;Completa;Serviço;Despesa orçamentária;2026-07-10;2026-07-10;2026-08-04;2800,0;Não
2270 - FUNDACAO HOSPITALAR DO ESTADO DE MINAS GERAIS;Nota fiscal;27.187.758/0001-37;BML HOSPITALAR LTDA;31576;1;1;Completa - Disponível para recebimento definitivo;Consumo;Despesa orçamentária;2026-07-24;2026-07-24;2026-08-04;1292,29;Não
1030 - TRIBUNAL DE JUSTICA DO ESTADO DE MINAS GERAIS;Nota fiscal;66.422.642/0001-97;66.422.642 BRENO LEANDRO LOPES;19;1;1;Completa - Recebimento definitivo;Consumo;Despesa orçamentária;2026-07-22;2026-08-04;2026-08-04;567,0;Não
2320 - FUNDACAO CENTRO DE HEMATOLOGIA E HEMOTERAPIA DE MG;Nota fiscal;06.981.180/0001-16;CEMIG DISTRIBUICAO S.A.;415775786;;1;Completa;Serviço;Despesa orçamentária;2026-08-03;2026-08-03;2026-08-04;31722,87;Não
2270 - FUNDACAO HOSPITALAR DO ESTADO DE MINAS GERAIS;Nota fiscal;27.187.758/0001-37;BML HOSPITALAR LTDA;31578;1;1;Completa - Disponível para recebimento definitivo;Consumo;Despesa orçamentária;2026-07-24;2026-07-24;2026-08-04;556,13;Não
1500 - SECRETARIA DE ESTADO DE PLANEJAMENTO E GESTAO;Nota fiscal;07.432.517/0001-07;SIMPRESS COMERCIO LOCACAO E SERVICOS LTDA;438637;;1;Completa;Serviço;Despesa orçamentária;2026-08-03;2026-08-03;2026-08-04;1827,58;Não
1450 - SECRETARIA DE ESTADO DE JUSTICA E SEGURANCA PUBLIC;Nota fiscal;08.624.977/0001-91;TERRAVIVA AMBIENTAL LTDA;8829;;1;Completa;Serviço;Despesa orçamentária;2026-07-10;2026-07-10;2026-08-04;1550,32;Não
2270 - FUNDACAO HOSPITALAR DO ESTADO DE MINAS GERAIS;Nota fiscal;27.187.758/0001-37;BML HOSPITALAR LTDA;31579;1;1;Completa - Disponível para recebimento definitivo;Consumo;Despesa orçamentária;2026-07-24;2026-07-24;2026-08-04;4889,59;Não
1030 - TRIBUNAL DE JUSTICA DO ESTADO DE MINAS GERAIS;Nota fiscal;66.422.642/0001-97;66.422.642 BRENO LEANDRO LOPES;20;1;1;Completa - Recebimento definitivo;Consumo;Despesa orçamentária;2026-07-22;2026-08-04;2026-08-04;540,0;Não
1450 - SECRETARIA DE ESTADO DE JUSTICA E SEGURANCA PUBLIC;Nota fiscal;08.624.977/0001-91;TERRAVIVA AMBIENTAL LTDA;8862;;1;Completa;Serviço;Despesa orçamentária;2026-07-10;2026-07-10;2026-08-04;257,22;Não
2270 - FUNDACAO HOSPITALAR DO ESTADO DE MINAS GERAIS;Nota fiscal;25.248.577/0001-48;CLINICA INTEGRADA DE GERIATRIA E CARDIOLOGIA LTDA;655;;1;Completa;Serviço;Despesa orçamentária;2026-08-04;2026-08-04;2026-08-04;600,0;Não
1540 - ESCOLA DE SAUDE PUBLICA DE MINAS GERAIS;Outros;***.482.226-**;PATRICIA MARIA DO NASCIMENTO BEZERRA DE MENEZES;9493536;7;1;Completa;Serviço;Despesa orçamentária;2026-07-10;2026-07-10;2026-08-04;2800,0;Não
2160 - FUNDACAO EDUCACIONAL CAIO MARTINS;Nota fiscal;00.487.928/0001-42;COPYCENTRO LTDA - EPP;1954;;1;Incompleta;Serviço;Despesa orçamentária;2026-05-27;2026-05-27;2026-08-04;229,31;Não
1260 - SECRETARIA DE ESTADO DE EDUCACAO;Nota fiscal;10.485.839/0001-10;ESCOLA TECNICA CONHECER LTDA -ME;903;;2;Completa;Serviço;Despesa orçamentária;2026-07-07;2026-07-08;2026-08-04;91304,4;Não
1250 - POLICIA MILITAR DE MINAS GERAIS;Nota fiscal;21.641.059/0001-39;DISTRIBUIDORA PERES & ARAUJO LTDA - ME;2959;;1;Completa - Recebimento definitivo;Permanente;Despesa orçamentária;2026-06-02;2026-07-31;2026-08-04;1173,0;Não
1450 - SECRETARIA DE ESTADO DE JUSTICA E SEGURANCA PUBLIC;Outros;14.710.499/0001-35;GIRASSOL AMBIENTAL & CONSULTORIA LTDA;202620239;;1;Completa;Serviço;Despesa orçamentária;2026-07-07;2026-07-07;2026-08-04;44504,47;Não
2270 - FUNDACAO HOSPITALAR DO ESTADO DE MINAS GERAIS;Nota fiscal;33.224.254/0001-42;MGS MINAS GERAIS ADMINISTRACAO E SERVICOS S/A;26697;53;1;Completa;Serviço;Despesa orçamentária;2026-07-29;2026-08-03;2026-08-04;196929,89;Não
2010 - INST.DE PREVIDENCIA DOS SERVIDORES DO EST.M.GERAIS;Nota fiscal;33.224.254/0001-42;MGS MINAS GERAIS ADMINISTRACAO E SERVICOS S/A;26971;1;1;Completa;Serviço;Despesa orçamentária;2026-07-29;2026-07-30;2026-08-04;10358,99;Não
1250 - POLICIA MILITAR DE MINAS GERAIS;Nota fiscal;46.924.191/0001-89;OLIMPO ML REFEICOES COLETIVAS LTDA;1218;;1;Completa;Serviço;Despesa orçamentária;2026-08-03;2026-08-04;2026-08-04;9073,08;Não
2270 - FUNDACAO HOSPITALAR DO ESTADO DE MINAS GERAIS;Nota fiscal;00.583.890/0001-01;FAMAP NUTRICAO PARENTERAL LTDA;428147;;1;Completa - Recebimento definitivo;Consumo;Despesa extra orçamentária;2024-10-02;2024-10-02;2026-08-04;1797,16;Não
2300 - DEPARTAMENTO DE ESTRADAS DE RODAGEM;Nota fiscal;11.369.367/0001-01;COMMANDO SEGURANCA ELETRONICA LTDA;304;E;1;Completa;Serviço;Despesa orçamentária;2026-07-31;2026-08-03;2026-08-04;953,38;Não
2170 - FUNDACAO DE ARTE DE OURO PRETO-FAOP;Nota fiscal;33.224.254/0001-42;MGS MINAS GERAIS ADMINISTRACAO E SERVICOS S/A;26969;1;1;Completa;Serviço;Despesa orçamentária;2026-07-29;2026-08-03;2026-08-04;63572,23;Não
1260 - SECRETARIA DE ESTADO DE EDUCACAO;Nota fiscal;07.473.849/0001-21;COOPERATIVA DE EDUCACAO E CULTURA DE MACHADO LTDA - COOPECMA;18;;1;Completa;Serviço;Despesa orçamentária;2026-07-27;2026-08-04;2026-08-04;26529,75;Não
2270 - FUNDACAO HOSPITALAR DO ESTADO DE MINAS GERAIS;Nota fiscal;25.031.668/0001-27;SAMEH SOLUCOES HOSPITALARES LTDA;140376;1;1;Completa - Recebimento definitivo;Consumo;Despesa orçamentária;2026-07-31;2026-07-31;2026-08-04;38,4;Não
1090 - PROCURADORIA GERAL DE JUSTICA;Nota fiscal;18.587.586/0001-06;EDENRED SOLUCOES DE MOBILIDADE S.A.;277790;;1;Completa;Serviço;Despesa orçamentária;2026-08-03;2026-08-04;2026-08-04;728,93;Não
2270 - FUNDACAO HOSPITALAR DO ESTADO DE MINAS GERAIS;Nota fiscal;60.665.981/0009-75;UNIAO QUIMICA FARMACEUTICA NACIONAL S A;1104294;;1;Completa - Recebimento definitivo;Consumo;Despesa orçamentária;2026-07-28;2026-08-03;2026-08-04;19,15;Não
2420 - INSTITUTO DE DESENVOLVIMENTO NORTE E NORDESTE MG;Nota fiscal;03.351.148/0001-69;ARAUJO EQUIPAMENTOS LTDA - ME;2657;;1;Completa;Serviço;Despesa orçamentária;2026-08-03;2026-08-04;2026-08-04;578,43;Não
2070 - FUND. DE AMPARO A PESQ. DO ESTADO DE MINAS GERAIS;Nota fiscal;42.563.692/0001-26;M.I. MONTREAL INFORMATICA S.A;3084;;1;Completa;Serviço;Despesa orçamentária;2026-07-27;2026-08-03;2026-08-04;466055,72;Não
2270 - FUNDACAO HOSPITALAR DO ESTADO DE MINAS GERAIS;Nota fiscal;02.794.555/0004-20;COLOPLAST DO BRASIL LTDA;16444;1;1;Completa - Recebimento definitivo;Consumo;Despesa orçamentária;2026-07-22;2026-07-28;2026-08-04;19591,8;Não
2330 - INSTITUTO DE METROLOGIA E QUALIDADE DE MG;Outros;76.535.764/0001-43;OI S.A. - EM RECUPERACAO JUDICIAL;34089;;1;Completa;Serviço;Despesa orçamentária;2026-07-13;2026-07-28;2026-08-04;110,51;Não
1510 - POLICIA CIVIL DO ESTADO DE MINAS GERAIS;Nota fiscal;16.516.225/0001-35;DS ENGENHARIA ELETRICA LTDA - EPP;642026;;1;Completa;Serviço;Despesa extra orçamentária;2026-08-04;2026-08-04;2026-08-04;181334,22;Não
2010 - INST.DE PREVIDENCIA DOS SERVIDORES DO EST.M.GERAIS;Outros;33.224.254/0001-42;MGS MINAS GERAIS ADMINISTRACAO E SERVICOS S/A;699251;;1;Completa;Serviço;Despesa orçamentária;2026-07-29;2026-07-30;2026-08-04;1144,58;Não
1260 - SECRETARIA DE ESTADO DE EDUCACAO;Outros;73.471.963/0087-17;SENAT SERVICO NACIONAL DE APRENDIZAGEM DO TRANSPORTE;9447792;726;1;Completa;Serviço;Despesa orçamentária;2026-08-04;2026-08-04;2026-08-04;3600,0;Não
2270 - FUNDACAO HOSPITALAR DO ESTADO DE MINAS GERAIS;Nota fiscal;00.583.890/0001-01;FAMAP NUTRICAO PARENTERAL LTDA;428674;;1;Completa - Recebimento definitivo;Consumo;Despesa extra orçamentária;2024-10-07;2024-10-07;2026-08-04;835,26;Não
1320 - SECRETARIA DE ESTADO DA SAUDE;Outros;***.408.186-**;BRUNA DIAS TOURINHO;9496729;7;1;Completa;Serviço;Despesa orçamentária;2026-07-09;2026-07-09;2026-08-04;1400,0;Não
2330 - INSTITUTO DE METROLOGIA E QUALIDADE DE MG;Outros;30.552.887/0001-91;AMERICAN TOWER DO BRASIL-COMUNICACAO MULTIMIDIA LTDA.;17807;;1;Completa;Serviço;Despesa orçamentária;2026-07-14;2026-07-29;2026-08-04;1842,6;Não
2010 - INST.DE PREVIDENCIA DOS SERVIDORES DO EST.M.GERAIS;Outros;33.224.254/0001-42;MGS MINAS GERAIS ADMINISTRACAO E SERVICOS S/A;699252;;1;Completa;Serviço;Despesa orçamentária;2026-07-29;2026-07-30;2026-08-04;281,82;Não
2170 - FUNDACAO DE ARTE DE OURO PRETO-FAOP;Nota fiscal;33.224.254/0001-42;MGS MINAS GERAIS ADMINISTRACAO E SERVICOS S/A;26970;1;1;Completa;Serviço;Despesa orçamentária;2026-07-29;2026-08-03;2026-08-04;10470,08;Não
2010 - INST.DE PREVIDENCIA DOS SERVIDORES DO EST.M.GERAIS;Nota fiscal;33.224.254/0001-42;MGS MINAS GERAIS ADMINISTRACAO E SERVICOS S/A;26739;1A;1;Completa;Serviço;Despesa orçamentária;2026-07-29;2026-07-29;2026-08-04;48697,83;Não
2300 - DEPARTAMENTO DE ESTRADAS DE RODAGEM;Nota fiscal;01.466.431/0001-00;GCT - GERENCIAMENTO E CONTROLE DE TRANSITO S/A;20261490;;1;Completa;Serviço;Despesa orçamentária;2026-07-17;2026-07-21;2026-08-04;3332,11;Não
2010 - INST.DE PREVIDENCIA DOS SERVIDORES DO EST.M.GERAIS;Nota fiscal;33.224.254/0001-42;MGS MINAS GERAIS ADMINISTRACAO E SERVICOS S/A;26738;1A;1;Completa;Serviço;Despesa orçamentária;2026-07-29;2026-07-29;2026-08-04;14727,33;Não
1250 - POLICIA MILITAR DE MINAS GERAIS;Nota fiscal;21.402.368/0001-56;MARILEIA FARIAS AZEVEDO 97611115634 - ME;109;;1;Completa;Serviço;Despesa orçamentária;2026-08-03;2026-08-04;2026-08-04;4408,39;Não
1250 - POLICIA MILITAR DE MINAS GERAIS;Nota fiscal;21.641.059/0001-39;DISTRIBUIDORA PERES & ARAUJO LTDA - ME;3014;1;1;Completa - Disponível para recebimento definitivo;Permanente;Despesa orçamentária;2026-08-01;2026-08-04;2026-08-04;2030,0;Não
1030 - TRIBUNAL DE JUSTICA DO ESTADO DE MINAS GERAIS;Nota fiscal;39.314.058/0001-45;ELITE GESTAO DE RESIDUOS LTDA;7719;;1;Completa;Serviço;Despesa orçamentária;2026-08-04;2026-08-04;2026-08-04;1042,0;Não
1260 - SECRETARIA DE ESTADO DE EDUCACAO;Nota fiscal;00.056.847/0001-98;CENATEC SERVICOS EDUCACIONAIS LTDA;32;;1;Completa;Serviço;Despesa orçamentária;2026-07-14;2026-08-04;2026-08-04;24761,2;Não
2170 - FUNDACAO DE ARTE DE OURO PRETO-FAOP;Outros;33.224.254/0001-42;MGS MINAS GERAIS ADMINISTRACAO E SERVICOS S/A;699304;1;1;Completa;Serviço;Despesa orçamentária;2026-07-29;2026-08-03;2026-08-04;5414,85;Não
2300 - DEPARTAMENTO DE ESTRADAS DE RODAGEM;Nota fiscal;34.274.233/0025-71;VIBRA ENERGIA S.A;4954227;0;1;Completa - Recebimento definitivo;Consumo;Despesa orçamentária;2026-08-03;2026-08-03;2026-08-04;14666,88;Não
2270 - FUNDACAO HOSPITALAR DO ESTADO DE MINAS GERAIS;Nota fiscal;35.820.448/0030-70;WHITE MARTINS GASES INDUSTRIAIS LTDA;2830;688;1;Completa - Recebimento definitivo;Consumo;Despesa orçamentária;2026-07-13;2026-07-13;2026-08-04;53,56;Não
1500 - SECRETARIA DE ESTADO DE PLANEJAMENTO E GESTAO;Nota fiscal;07.432.517/0001-07;SIMPRESS COMERCIO LOCACAO E SERVICOS LTDA;438754;;1;Completa;Serviço;Despesa orçamentária;2026-08-03;2026-08-03;2026-08-04;4516,75;Não
1450 - SECRETARIA DE ESTADO DE JUSTICA E SEGURANCA PUBLIC;Nota fiscal;08.624.977/0001-91;TERRAVIVA AMBIENTAL LTDA;7481;;1;Completa;Serviço;Despesa orçamentária;2026-06-09;2026-06-09;2026-08-04;833,6;Não
2170 - FUNDACAO DE ARTE DE OURO PRETO-FAOP;Outros;33.224.254/0001-42;MGS MINAS GERAIS ADMINISTRACAO E SERVICOS S/A;699305;1;1;Completa;Serviço;Despesa orçamentária;2026-07-29;2026-08-03;2026-08-04;1606,66;Não
2300 - DEPARTAMENTO DE ESTRADAS DE RODAGEM;Nota fiscal;01.466.431/0001-00;GCT - GERENCIAMENTO E CONTROLE DE TRANSITO S/A;20261491;;1;Completa;Serviço;Despesa orçamentária;2026-07-17;2026-07-21;2026-08-04;3332,11;Não
1320 - SECRETARIA DE ESTADO DA SAUDE;Outros;33.224.254/0001-42;MGS MINAS GERAIS ADMINISTRACAO E SERVICOS S/A;698291;;1;Completa;Serviço;Despesa orçamentária;2026-07-24;2026-08-04;2026-08-04;376,08;Não
2440 - AG. REG. DE SANEAMENTO E ENERGIA DO ESTADO DE MG.;Nota fiscal;33.224.254/0001-42;MGS MINAS GERAIS ADMINISTRACAO E SERVICOS S/A;202626622;;2;Completa;Serviço;Despesa orçamentária;2026-08-04;2026-08-04;2026-08-04;1819,92;Não
2270 - FUNDACAO HOSPITALAR DO ESTADO DE MINAS GERAIS;Nota fiscal;00.583.890/0001-01;FAMAP NUTRICAO PARENTERAL LTDA;432322;;1;Completa - Recebimento definitivo;Consumo;Despesa extra orçamentária;2024-11-08;2024-11-08;2026-08-04;2202,77;Não
1510 - POLICIA CIVIL DO ESTADO DE MINAS GERAIS;Nota fiscal;16.516.225/0001-35;DS ENGENHARIA ELETRICA LTDA - EPP;652026;;1;Completa;Serviço;Despesa orçamentária;2026-08-04;2026-08-04;2026-08-04;23065,15;Não
2300 - DEPARTAMENTO DE ESTRADAS DE RODAGEM;Nota fiscal;05.340.639/0001-30;PRIME CONSULTORIA E ASSESSORIA EMPRESARIAL LTDA;2996293;;1;Completa;Serviço;Despesa orçamentária;2026-08-04;2026-08-04;2026-08-04;7192,16;Não
2270 - FUNDACAO HOSPITALAR DO ESTADO DE MINAS GERAIS;Nota fiscal;35.820.448/0030-70;WHITE MARTINS GASES INDUSTRIAIS LTDA;15220;636;1;Completa - Recebimento definitivo;Consumo;Despesa orçamentária;2026-07-21;2026-07-21;2026-08-04;133,9;Não
1400 - CORPO DE BOMBEIROS MILITAR DE MINAS GERAIS;Nota fiscal;38.438.609/0001-10;FIZPAY IP LTDA;65;;1;Completa;Serviço;Despesa orçamentária;2026-08-04;2026-08-04;2026-08-04;500,0;Não
2300 - DEPARTAMENTO DE ESTRADAS DE RODAGEM;Nota fiscal;05.340.639/0001-30;PRIME CONSULTORIA E ASSESSORIA EMPRESARIAL LTDA;2996293;1;1;Completa;Serviço;Despesa orçamentária;2026-08-04;2026-08-04;2026-08-04;28220,62;Não
1250 - POLICIA MILITAR DE MINAS GERAIS;Nota fiscal;21.641.059/0001-39;DISTRIBUIDORA PERES & ARAUJO LTDA - ME;3015;1;1;Completa - Disponível para recebimento definitivo;Permanente;Despesa orçamentária;2026-08-01;2026-08-04;2026-08-04;3840,0;Não
1320 - SECRETARIA DE ESTADO DA SAUDE;Outros;33.224.254/0001-42;MGS MINAS GERAIS ADMINISTRACAO E SERVICOS S/A;698271;;1;Incompleta;Serviço;Despesa orçamentária;2026-07-24;2026-08-04;2026-08-04;4100,61;Não
2270 - FUNDACAO HOSPITALAR DO ESTADO DE MINAS GERAIS;Nota fiscal;19.848.316/0001-66;BIOMEDICAL PRODUTOS CIENTIFICOS MEDICOS E HOSPITALARES S A;669980;;1;Completa - Recebimento definitivo;Consumo;Despesa orçamentária;2026-07-30;2026-07-31;2026-08-04;596,0;Não
1270 - SECRETARIA DE ESTADO DE CULTURA E TURISMO;Outros;33.224.254/0001-42;MGS MINAS GERAIS ADMINISTRACAO E SERVICOS S/A;699037;;1;Completa;Serviço;Despesa orçamentária;2026-07-29;2026-07-29;2026-08-04;3583,43;Não
1450 - SECRETARIA DE ESTADO DE JUSTICA E SEGURANCA PUBLIC;Nota fiscal;08.624.977/0001-91;TERRAVIVA AMBIENTAL LTDA;7496;;1;Completa;Serviço;Despesa orçamentária;2026-06-09;2026-06-09;2026-08-04;1592,7;Não
2270 - FUNDACAO HOSPITALAR DO ESTADO DE MINAS GERAIS;Nota fiscal;35.820.448/0030-70;WHITE MARTINS GASES INDUSTRIAIS LTDA;15248;636;1;Completa - Recebimento definitivo;Consumo;Despesa orçamentária;2026-07-23;2026-07-23;2026-08-04;107,12;Não
2270 - FUNDACAO HOSPITALAR DO ESTADO DE MINAS GERAIS;Nota fiscal;33.224.254/0001-42;MGS MINAS GERAIS ADMINISTRACAO E SERVICOS S/A;26697;3;1;Completa;Serviço;Despesa orçamentária;2026-07-29;2026-08-03;2026-08-04;586330,27;Não
1320 - SECRETARIA DE ESTADO DA SAUDE;Outros;***.181.246-**;ANA CAMILA NEVES MORAIS;9505016;7;1;Completa;Serviço;Despesa orçamentária;2026-07-10;2026-07-10;2026-08-04;2000,0;Não
2270 - FUNDACAO HOSPITALAR DO ESTADO DE MINAS GERAIS;Nota fiscal;12.927.876/0001-67;SOMA/MG PRODUTOS HOSPITALARES LTDA;383154;1;1;Completa - Recebimento definitivo;Consumo;Despesa orçamentária;2026-07-31;2026-08-03;2026-08-04;2764,0;Não
2270 - FUNDACAO HOSPITALAR DO ESTADO DE MINAS GERAIS;Nota fiscal;44.734.671/0022-86;CRISTALIA PRODUTOS QUIMICOS FARMACEUTICOS LTDA;1061702;;1;Completa - Disponível para recebimento definitivo;Consumo;Despesa orçamentária;2026-07-29;2026-07-31;2026-08-04;1807,6;Não
1250 - POLICIA MILITAR DE MINAS GERAIS;Nota fiscal;19.499.671/0001-77;MS SERVICOS DE MANUTENCAO LTDA;410;;1;Completa;Serviço;Despesa orçamentária;2026-07-30;2026-08-03;2026-08-04;600,0;Não
2300 - DEPARTAMENTO DE ESTRADAS DE RODAGEM;Nota fiscal;01.466.431/0001-00;GCT - GERENCIAMENTO E CONTROLE DE TRANSITO S/A;20261492;;1;Completa;Serviço;Despesa orçamentária;2026-07-17;2026-07-21;2026-08-04;3332,11;Não
2270 - FUNDACAO HOSPITALAR DO ESTADO DE MINAS GERAIS;Nota fiscal;35.820.448/0030-70;WHITE MARTINS GASES INDUSTRIAIS LTDA;15266;636;1;Completa - Recebimento definitivo;Consumo;Despesa orçamentária;2026-07-27;2026-07-27;2026-08-04;53,56;Não
1450 - SECRETARIA DE ESTADO DE JUSTICA E SEGURANCA PUBLIC;Nota fiscal;14.710.499/0001-35;GIRASSOL AMBIENTAL & CONSULTORIA LTDA;202620240;;1;Completa;Serviço;Despesa orçamentária;2026-07-07;2026-07-07;2026-08-04;34795,87;Não
2270 - FUNDACAO HOSPITALAR DO ESTADO DE MINAS GERAIS;Nota fiscal;35.820.448/0030-70;WHITE MARTINS GASES INDUSTRIAIS LTDA;15288;636;1;Completa - Recebimento definitivo;Consumo;Despesa orçamentária;2026-07-29;2026-07-29;2026-08-04;80,34;Não
1400 - CORPO DE BOMBEIROS MILITAR DE MINAS GERAIS;Nota fiscal;03.539.398/0001-27;ELEVADORES MILENIO LTDA;1428;E;1;Completa;Serviço;Despesa extra orçamentária;2026-08-04;2026-08-04;2026-08-04;440,0;Não
1250 - POLICIA MILITAR DE MINAS GERAIS;Nota fiscal;19.499.671/0001-77;MS SERVICOS DE MANUTENCAO LTDA;409;;1;Completa;Serviço;Despesa orçamentária;2026-07-30;2026-08-03;2026-08-04;600,0;Não
2270 - FUNDACAO HOSPITALAR DO ESTADO DE MINAS GERAIS;Nota fiscal;13.471.232/0001-70;FREITAS & FRANCISCO COMERCIO DE PRODUTOS NUTRICIONAIS LTDA - EPP;33459;1;1;Completa - Recebimento definitivo;Consumo;Despesa orçamentária;2026-07-22;2026-07-29;2026-08-04;7516,8;Não
1500 - SECRETARIA DE ESTADO DE PLANEJAMENTO E GESTAO;Nota fiscal;07.432.517/0001-07;SIMPRESS COMERCIO LOCACAO E SERVICOS LTDA;438756;;1;Completa;Serviço;Despesa orçamentária;2026-08-03;2026-08-03;2026-08-04;1895,53;Não
2300 - DEPARTAMENTO DE ESTRADAS DE RODAGEM;Nota fiscal;01.466.431/0001-00;GCT - GERENCIAMENTO E CONTROLE DE TRANSITO S/A;20261493;;1;Completa;Serviço;Despesa orçamentária;2026-07-17;2026-07-21;2026-08-04;19618,73;Não
2270 - FUNDACAO HOSPITALAR DO ESTADO DE MINAS GERAIS;Nota fiscal;35.820.448/0030-70;WHITE MARTINS GASES INDUSTRIAIS LTDA;15289;636;1;Completa - Recebimento definitivo;Consumo;Despesa orçamentária;2026-07-29;2026-07-29;2026-08-04;88,16;Não
2260 - FUNDACAO EZEQUIEL DIAS;Nota fiscal;02.881.877/0004-07;POLAR FIX INDUSTRIA E COMERCIO DE PRODUTOS HOSPITALARES LTDA;61377;1;2;Completa - Recebimento definitivo;Consumo;Despesa orçamentária;2026-06-24;2026-08-04;2026-08-04;919,75;Não
1450 - SECRETARIA DE ESTADO DE JUSTICA E SEGURANCA PUBLIC;Nota fiscal;08.100.954/0001-88;GTO GRUPO TECNICO EM ODONTOLOGIA LTDA - ME;386;A;1;Completa;Serviço;Despesa orçamentária;2026-07-07;2026-07-07;2026-08-04;2574,0;Não
2270 - FUNDACAO HOSPITALAR DO ESTADO DE MINAS GERAIS;Nota fiscal;35.820.448/0030-70;WHITE MARTINS GASES INDUSTRIAIS LTDA;15315;636;1;Completa - Recebimento definitivo;Consumo;Despesa orçamentária;2026-07-31;2026-07-31;2026-08-04;80,34;Não
2300 - DEPARTAMENTO DE ESTRADAS DE RODAGEM;Nota fiscal;01.466.431/0001-00;GCT - GERENCIAMENTO E CONTROLE DE TRANSITO S/A;20261494;;1;Completa;Serviço;Despesa orçamentária;2026-07-17;2026-07-21;2026-08-04;3332,11;Não
1260 - SECRETARIA DE ESTADO DE EDUCACAO;Outros;45.540.744/0001-37;ESCOLA TECNICA E CURSOS LIVRES E ASSESSORIA & CONSULTORIA EM SAUDE LTDA;3;J06;1;Completa;Serviço;Despesa orçamentária;2026-07-15;2026-07-15;2026-08-04;17420,0;Não
2270 - FUNDACAO HOSPITALAR DO ESTADO DE MINAS GERAIS;Nota fiscal;30.584.194/0001-80;CROMO COMERCIO E DISTRIBUICAO DE MATERIAIS ODONTO-MEDICO HOSPITALARES LTDA.;22399;1;1;Completa - Recebimento definitivo;Consumo;Despesa orçamentária;2026-07-22;2026-07-29;2026-08-04;72,0;Não
1320 - SECRETARIA DE ESTADO DA SAUDE;Outros;***.833.246-**;FERNANDA BRUZADELLI PAULINO DA COSTA;9496731;7;1;Completa;Serviço;Despesa orçamentária;2026-07-09;2026-07-09;2026-08-04;1400,0;Não
2270 - FUNDACAO HOSPITALAR DO ESTADO DE MINAS GERAIS;Nota fiscal;35.820.448/0030-70;WHITE MARTINS GASES INDUSTRIAIS LTDA;2903;688;1;Completa - Recebimento definitivo;Consumo;Despesa orçamentária;2026-08-03;2026-08-03;2026-08-04;80,34;Não
2260 - FUNDACAO EZEQUIEL DIAS;Nota fiscal;24.638.170/0001-64;DISTRIBUIDORA MENDONCA E MIRANDA LTDA;2401;0;1;Completa - Recebimento definitivo;Consumo;Despesa orçamentária;2026-07-28;2026-07-31;2026-08-04;465,0;Não
2010 - INST.DE PREVIDENCIA DOS SERVIDORES DO EST.M.GERAIS;Nota fiscal;33.224.254/0001-42;MGS MINAS GERAIS ADMINISTRACAO E SERVICOS S/A;27079;1;1;Completa;Serviço;Despesa orçamentária;2026-07-29;2026-07-30;2026-08-04;11956,86;Não
1450 - SECRETARIA DE ESTADO DE JUSTICA E SEGURANCA PUBLIC;Nota fiscal;08.100.954/0001-88;GTO GRUPO TECNICO EM ODONTOLOGIA LTDA - ME;446;1;1;Completa;Serviço;Despesa orçamentária;2026-07-20;2026-07-20;2026-08-04;1660,0;Não
2010 - INST.DE PREVIDENCIA DOS SERVIDORES DO EST.M.GERAIS;Nota fiscal;08.787.799/0001-10;MEDTECH BRASIL COMERCIO DE MATERIAIS HOSPITALARES LTDA;443808;1;1;Completa - Recebimento definitivo;Consumo;Despesa orçamentária;2026-08-03;2026-08-04;2026-08-04;2041,66;Não
2090 - FUNDACAO ESTADUAL DO MEIO AMBIENTE;Outros;33.224.254/0001-42;MGS MINAS GERAIS ADMINISTRACAO E SERVICOS S/A;202600000026899;;1;Completa;Serviço;Despesa orçamentária;2026-07-29;2026-08-04;2026-08-04;29981,07;Não
2270 - FUNDACAO HOSPITALAR DO ESTADO DE MINAS GERAIS;Nota fiscal;61.363.032/0015-41;CHIESI FARMACEUTICA LTDA;98383;;1;Completa - Disponível para recebimento definitivo;Consumo;Despesa orçamentária;2026-07-28;2026-07-31;2026-08-04;19400,6;Não
1190 - SECRETARIA DE ESTADO DE FAZENDA DE MINAS GERAIS;Nota fiscal;06.981.180/0001-16;CEMIG DISTRIBUICAO S.A.;415773972;;1;Completa;Serviço;Despesa orçamentária;2026-08-03;2026-08-04;2026-08-04;7870,83;Não
1250 - POLICIA MILITAR DE MINAS GERAIS;Nota fiscal;12.889.035/0002-93;INOVAMED HOSPITALAR LTDA;75407;1;1;Completa - Disponível para recebimento definitivo;Consumo;Despesa orçamentária;2026-07-29;2026-08-03;2026-08-04;35,12;Não
1030 - TRIBUNAL DE JUSTICA DO ESTADO DE MINAS GERAIS;Nota fiscal;81.431.777/0001-02;MARCOS AURELIO COLLACO;13488;1;1;Completa - Recebimento definitivo;Consumo;Despesa orçamentária;2026-07-23;2026-08-04;2026-08-04;3075,0;Não
2010 - INST.DE PREVIDENCIA DOS SERVIDORES DO EST.M.GERAIS;Nota fiscal;67.423.152/0001-78;IBG INDUSTRIA BRASILEIRA DE GASES S.A.;570625;;1;Completa - Recebimento definitivo;Consumo;Despesa orçamentária;2026-08-03;2026-08-04;2026-08-04;1155,5;Não
2300 - DEPARTAMENTO DE ESTRADAS DE RODAGEM;Nota fiscal;01.466.431/0001-00;GCT - GERENCIAMENTO E CONTROLE DE TRANSITO S/A;20261495;;1;Completa;Serviço;Despesa orçamentária;2026-07-17;2026-07-21;2026-08-04;6148,97;Não
2010 - INST.DE PREVIDENCIA DOS SERVIDORES DO EST.M.GERAIS;Outros;33.224.254/0001-42;MGS MINAS GERAIS ADMINISTRACAO E SERVICOS S/A;699262;;1;Completa;Serviço;Despesa orçamentária;2026-07-29;2026-07-30;2026-08-04;1144,58;Não
2090 - FUNDACAO ESTADUAL DO MEIO AMBIENTE;Outros;33.224.254/0001-42;MGS MINAS GERAIS ADMINISTRACAO E SERVICOS S/A;699084;;1;Completa;Serviço;Despesa orçamentária;2026-07-29;2026-08-04;2026-08-04;2896,82;Não
2350 - UNIVERSIDADE DO ESTADO DE MINAS GERAIS;Nota fiscal;73.471.989/0072-89;SEST SERVICO SOCIAL DO TRANSPORTE;2026;741;1;Completa;Serviço;Despesa orçamentária;2026-08-04;2026-08-04;2026-08-04;9591,22;Não
2010 - INST.DE PREVIDENCIA DOS SERVIDORES DO EST.M.GERAIS;Nota fiscal;03.787.326/0001-07;H MEDICAL IMPORTACAO E COMERCIO LTDA;12667;2;1;Completa - Recebimento definitivo;Consumo;Despesa orçamentária;2026-08-03;2026-08-04;2026-08-04;8816,0;Não
2120 - INST.PREV.DOS SERV.MILITARES DO ESTADO M.GERAIS;Nota fiscal;00.201.182/0001-69;DISTRIBUIDORA DE AGUAS MINERAIS BH LTDA -EPP;35117;1;1;Completa - Recebimento definitivo;Consumo;Despesa orçamentária;2026-07-31;2026-08-04;2026-08-04;900,0;Não
1450 - SECRETARIA DE ESTADO DE JUSTICA E SEGURANCA PUBLIC;Nota fiscal;08.100.954/0001-88;GTO GRUPO TECNICO EM ODONTOLOGIA LTDA - ME;444;;1;Completa;Serviço;Despesa orçamentária;2026-07-20;2026-07-20;2026-08-04;1970,0;Não
1500 - SECRETARIA DE ESTADO DE PLANEJAMENTO E GESTAO;Nota fiscal;33.224.254/0001-42;MGS MINAS GERAIS ADMINISTRACAO E SERVICOS S/A;26246;1;3;Completa;Serviço;Despesa orçamentária;2026-07-28;2026-07-30;2026-08-04;5772,07;Não
2090 - FUNDACAO ESTADUAL DO MEIO AMBIENTE;Outros;33.224.254/0001-42;MGS MINAS GERAIS ADMINISTRACAO E SERVICOS S/A;699085;;1;Completa;Serviço;Despesa orçamentária;2026-07-29;2026-08-04;2026-08-04;727,27;Não
1450 - SECRETARIA DE ESTADO DE JUSTICA E SEGURANCA PUBLIC;Nota fiscal;08.100.954/0001-88;GTO GRUPO TECNICO EM ODONTOLOGIA LTDA - ME;424;;1;Completa;Serviço;Despesa orçamentária;2026-07-17;2026-07-17;2026-08-04;4361,47;Não
2270 - FUNDACAO HOSPITALAR DO ESTADO DE MINAS GERAIS;Nota fiscal;24.638.170/0001-64;DISTRIBUIDORA MENDONCA E MIRANDA LTDA;2408;;1;Completa - Recebimento definitivo;Consumo;Despesa orçamentária;2026-08-03;2026-08-03;2026-08-04;4677,92;Não
1320 - SECRETARIA DE ESTADO DA SAUDE;Nota fiscal;33.629.177/0001-00;MG SERVICE COMPUTADORES E INFORMATICA LTDA;778;1;1;Completa - Recebimento definitivo;Consumo;Despesa orçamentária;2026-07-29;2026-08-04;2026-08-04;312,0;Não
2010 - INST.DE PREVIDENCIA DOS SERVIDORES DO EST.M.GERAIS;Nota fiscal;10.884.060/0001-78;AOX COMERCIO DE IMPLANTES CIRURGICOS LTDA;8161;1;1;Completa - Recebimento definitivo;Consumo;Despesa orçamentária;2026-07-14;2026-08-04;2026-08-04;164,04;Não
1320 - SECRETARIA DE ESTADO DA SAUDE;Outros;***.585.086-**;FLAVIA RIBEIRO MARTINS MACEDO;9501207;7;1;Completa;Serviço;Despesa orçamentária;2026-07-09;2026-07-09;2026-08-04;2700,0;Não
2010 - INST.DE PREVIDENCIA DOS SERVIDORES DO EST.M.GERAIS;Nota fiscal;10.884.060/0001-78;AOX COMERCIO DE IMPLANTES CIRURGICOS LTDA;8160;1;1;Completa - Recebimento definitivo;Consumo;Despesa orçamentária;2026-07-14;2026-08-04;2026-08-04;321,2;Não
2440 - AG. REG. DE SANEAMENTO E ENERGIA DO ESTADO DE MG.;Nota fiscal;33.224.254/0001-42;MGS MINAS GERAIS ADMINISTRACAO E SERVICOS S/A;202626624;2;1;Completa;Serviço;Despesa orçamentária;2026-08-04;2026-08-04;2026-08-04;26071,35;Não
2370 - INSTITUTO MINEIRO DE AGROPECUARIA;Outros;76.535.764/0001-43;OI S.A. - EM RECUPERACAO JUDICIAL;1700461820680;;1;Incompleta;Serviço;Despesa orçamentária;2026-07-19;2026-08-04;2026-08-04;609,48;Não
1090 - PROCURADORIA GERAL DE JUSTICA;Outros;00.000.000/0001-91;BANCO DO BRASIL SA;316152615300010;1;1;Completa;Serviço;Despesa extra orçamentária;2026-06-01;2026-06-01;2026-08-04;1,45;Não
1250 - POLICIA MILITAR DE MINAS GERAIS;Nota fiscal;12.889.035/0002-93;INOVAMED HOSPITALAR LTDA;75446;1;1;Completa - Disponível para recebimento definitivo;Consumo;Despesa orçamentária;2026-07-29;2026-08-03;2026-08-04;753,48;Não
1030 - TRIBUNAL DE JUSTICA DO ESTADO DE MINAS GERAIS;Nota fiscal;18.244.356/0001-36;CME COMERCIAL MATERIAL ELETRICO LTDA;4879;1;1;Completa - Recebimento definitivo;Consumo;Despesa orçamentária;2026-08-03;2026-08-04;2026-08-04;6840,0;Não
1250 - POLICIA MILITAR DE MINAS GERAIS;Nota fiscal;08.458.633/0001-50;ESMARTY ESPECIALISTA EM MANUTENCAO DE ELEVADORES LTDA;20267207;;1;Completa;Serviço;Despesa orçamentária;2026-07-02;2026-07-23;2026-08-04;258,39;Não
2010 - INST.DE PREVIDENCIA DOS SERVIDORES DO EST.M.GERAIS;Nota fiscal;10.884.060/0001-78;AOX COMERCIO DE IMPLANTES CIRURGICOS LTDA;8162;1;1;Completa - Recebimento definitivo;Consumo;Despesa orçamentária;2026-07-14;2026-08-04;2026-08-04;676,97;Não
1080 - ADVOCACIA-GERAL DO ESTADO DE MINAS GERAIS;Nota fiscal;33.224.254/0001-42;MGS MINAS GERAIS ADMINISTRACAO E SERVICOS S/A;270882026;;1;Completa;Serviço;Despesa orçamentária;2026-07-30;2026-08-04;2026-08-04;108,87;Não
1450 - SECRETARIA DE ESTADO DE JUSTICA E SEGURANCA PUBLIC;Nota fiscal;02.997.091/0001-07;BRASCOEMP BRASIL CONSTRUCOES E EMPREENDIMENTOS LTDA ;126;;1;Completa;Serviço;Despesa orçamentária;2026-07-17;2026-07-17;2026-08-04;8320,14;Não
2270 - FUNDACAO HOSPITALAR DO ESTADO DE MINAS GERAIS;Nota fiscal;10.446.719/0001-04;BIOTEC BIOLOGICA INDUSTRIA FARMACEUTICA LTDA;2689;;1;Completa - Disponível para recebimento definitivo;Consumo;Despesa orçamentária;2026-07-24;2026-07-31;2026-08-04;1452,8;Não
2300 - DEPARTAMENTO DE ESTRADAS DE RODAGEM;Nota fiscal;01.466.431/0001-00;GCT - GERENCIAMENTO E CONTROLE DE TRANSITO S/A;20261496;;1;Completa;Serviço;Despesa orçamentária;2026-07-17;2026-07-21;2026-08-04;2816,85;Não
1400 - CORPO DE BOMBEIROS MILITAR DE MINAS GERAIS;Nota fiscal;19.994.997/0001-70;CRIATIVA SOLUCOES PARA CONSTRUCAO LTDA;2429;3;1;Completa - Recebimento provisório;Consumo;Despesa orçamentária;2026-07-29;2026-08-04;2026-08-04;3641,77;Não
1250 - POLICIA MILITAR DE MINAS GERAIS;Nota fiscal;01.640.262/0001-83;CITOPHARMA MANIPULACAO DE MEDICAMENTOS ESPECIAIS LTDA;206265;1;1;Completa - Disponível para recebimento definitivo;Consumo;Despesa orçamentária;2026-07-24;2026-08-03;2026-08-04;531,36;Não
1260 - SECRETARIA DE ESTADO DE EDUCACAO;Outros;33.224.254/0001-42;MGS MINAS GERAIS ADMINISTRACAO E SERVICOS S/A;6979432026;;1;Completa;Serviço;Despesa orçamentária;2026-07-22;2026-08-04;2026-08-04;175,5;Não
1080 - ADVOCACIA-GERAL DO ESTADO DE MINAS GERAIS;Nota fiscal;33.224.254/0001-42;MGS MINAS GERAIS ADMINISTRACAO E SERVICOS S/A;270892026;;1;Completa;Serviço;Despesa orçamentária;2026-07-30;2026-08-04;2026-08-04;17185,59;Não
1400 - CORPO DE BOMBEIROS MILITAR DE MINAS GERAIS;Nota fiscal;06.050.078/0001-05;RIDAUTO2003 AUTO PECAS LTDA - EPP;13235;;1;Completa;Serviço;Despesa orçamentária;2026-08-04;2026-08-04;2026-08-04;2395,75;Não
2370 - INSTITUTO MINEIRO DE AGROPECUARIA;Nota fiscal;52.042.924/0001-54;SABINO EMPREENDIMENTOS LTDA;303;1;2;Completa - Recebimento definitivo;Permanente;Despesa orçamentária;2026-08-01;2026-08-03;2026-08-04;616,2;Não
2350 - UNIVERSIDADE DO ESTADO DE MINAS GERAIS;Nota fiscal;06.981.180/0001-16;CEMIG DISTRIBUICAO S.A.;2026;958;1;Completa;Serviço;Despesa orçamentária;2026-08-03;2026-08-04;2026-08-04;7667,65;Não
2010 - INST.DE PREVIDENCIA DOS SERVIDORES DO EST.M.GERAIS;Nota fiscal;10.884.060/0001-78;AOX COMERCIO DE IMPLANTES CIRURGICOS LTDA;8188;1;1;Completa - Recebimento definitivo;Consumo;Despesa orçamentária;2026-07-31;2026-08-04;2026-08-04;68,82;Não
1250 - POLICIA MILITAR DE MINAS GERAIS;Nota fiscal;13.430.441/0001-75;GERAES DIAGNOSTICA LTDA;8178;1;1;Completa - Disponível para recebimento definitivo;Consumo;Despesa orçamentária;2026-07-28;2026-07-29;2026-08-04;128,0;Não
1080 - ADVOCACIA-GERAL DO ESTADO DE MINAS GERAIS;Outros;33.224.254/0001-42;MGS MINAS GERAIS ADMINISTRACAO E SERVICOS S/A;699117;;1;Completa;Serviço;Despesa orçamentária;2026-07-29;2026-08-04;2026-08-04;388,48;Não
2270 - FUNDACAO HOSPITALAR DO ESTADO DE MINAS GERAIS;Nota fiscal;17.085.673/0001-94;NEXOMED HOSPITALAR LTDA;40366;1;2;Completa;Serviço;Despesa orçamentária;2026-07-13;2026-07-13;2026-08-04;8814,58;Não
1500 - SECRETARIA DE ESTADO DE PLANEJAMENTO E GESTAO;Nota fiscal;33.224.254/0001-42;MGS MINAS GERAIS ADMINISTRACAO E SERVICOS S/A;26247;1;2;Completa;Serviço;Despesa orçamentária;2026-07-28;2026-07-30;2026-08-04;5633,46;Não
1190 - SECRETARIA DE ESTADO DE FAZENDA DE MINAS GERAIS;Nota fiscal;01.548.339/0001-90;SERTA SERVICOS TECNICOS E ADMINISTRATIVOS LTDA - EM RECUPERACAO JUDICIAL;6976;;1;Completa;Serviço;Despesa orçamentária;2026-08-03;2026-08-04;2026-08-04;248,45;Não
1020 - TRIBUNAL DE CONTAS DO ESTADO DE MINAS GERAIS;Nota fiscal;27.581.238/0001-04;STARK TECNOLOGIA E FACILITIES LTDA;537;;1;Completa;Serviço;Despesa orçamentária;2026-08-04;2026-08-04;2026-08-04;38852,93;Não
2300 - DEPARTAMENTO DE ESTRADAS DE RODAGEM;Nota fiscal;08.273.364/0001-57;TICKET GESTAO EM MANUTENCAO EZC S.A;48670760;;1;Completa;Serviço;Despesa orçamentária;2026-08-04;2026-08-04;2026-08-04;800,59;Não
1080 - ADVOCACIA-GERAL DO ESTADO DE MINAS GERAIS;Outros;33.224.254/0001-42;MGS MINAS GERAIS ADMINISTRACAO E SERVICOS S/A;699118;;1;Completa;Serviço;Despesa orçamentária;2026-07-29;2026-08-04;2026-08-04;1686,85;Não
1250 - POLICIA MILITAR DE MINAS GERAIS;Nota fiscal;13.430.441/0001-75;GERAES DIAGNOSTICA LTDA;8161;1;1;Completa - Disponível para recebimento definitivo;Consumo;Despesa orçamentária;2026-07-24;2026-07-29;2026-08-04;61,2;Não
2320 - FUNDACAO CENTRO DE HEMATOLOGIA E HEMOTERAPIA DE MG;Nota fiscal;50.429.810/0001-36;SAPRA LANDAUER SERVICO DE ASSESSORIA E PROTECAO RADIOLOGICA LTDA.;38123;;1;Completa;Serviço;Despesa orçamentária;2026-08-03;2026-08-04;2026-08-04;219,52;Não
2010 - INST.DE PREVIDENCIA DOS SERVIDORES DO EST.M.GERAIS;Nota fiscal;10.884.060/0001-78;AOX COMERCIO DE IMPLANTES CIRURGICOS LTDA;8190;1;1;Completa - Recebimento definitivo;Consumo;Despesa orçamentária;2026-07-31;2026-08-04;2026-08-04;321,2;Não
1630 - SECRETARIA GERAL;Outros;13.443.701/0001-47;ALEX SANDRA MENDES PARRELA;4867;;1;Completa;Serviço;Despesa orçamentária;2026-07-20;2026-08-04;2026-08-04;790,0;Não
2180 - FUNDACAO CLOVIS SALGADO;Nota fiscal;19.994.997/0001-70;CRIATIVA SOLUCOES PARA CONSTRUCAO LTDA;2437;;1;Incompleta;Consumo;Despesa orçamentária;2026-07-31;2026-08-03;2026-08-04;62,29;Não
1260 - SECRETARIA DE ESTADO DE EDUCACAO;Nota fiscal;13.170.591/0001-97;GRUPO IMPERIO EDUCACIONAL LTDA;21;1;1;Completa;Serviço;Despesa orçamentária;2026-07-21;2026-08-04;2026-08-04;115074,0;Não
1320 - SECRETARIA DE ESTADO DA SAUDE;Outros;***.408.186-**;BRUNA DIAS TOURINHO;9496725;7;1;Completa;Serviço;Despesa orçamentária;2026-07-09;2026-07-09;2026-08-04;1800,0;Não
2270 - FUNDACAO HOSPITALAR DO ESTADO DE MINAS GERAIS;Nota fiscal;40.855.730/0001-99;ENDOMINAS MATERIAL HOSPITALAR LTDA;73;;1;Completa;Serviço;Despesa orçamentária;2026-07-29;2026-08-04;2026-08-04;16537,0;Não
2270 - FUNDACAO HOSPITALAR DO ESTADO DE MINAS GERAIS;Nota fiscal;33.224.254/0001-42;MGS MINAS GERAIS ADMINISTRACAO E SERVICOS S/A;26697;4;1;Completa;Serviço;Despesa orçamentária;2026-07-29;2026-08-03;2026-08-04;711684,78;Não
2100 - INSTITUTO ESTADUAL DE FLORESTAS-IEF;Nota fiscal;33.224.254/0001-42;MGS MINAS GERAIS ADMINISTRACAO E SERVICOS S/A;25440;1;1;Completa;Serviço;Despesa orçamentária;2026-07-20;2026-08-04;2026-08-04;27338,0;Não
2300 - DEPARTAMENTO DE ESTRADAS DE RODAGEM;Nota fiscal;01.466.431/0001-00;GCT - GERENCIAMENTO E CONTROLE DE TRANSITO S/A;20261497;;1;Completa;Serviço;Despesa orçamentária;2026-07-17;2026-07-21;2026-08-04;3409,09;Não
1480 - SECRETARIA DE ESTADO DE DESENVOLVIMENTO SOCIAL;Nota fiscal;07.132.995/0001-93;KEPLER VIAGENS, EVENTOS E TURISMO LTDA;778;;1;Completa;Serviço;Despesa orçamentária;2026-07-31;2026-07-31;2026-08-04;5706,45;Não
2270 - FUNDACAO HOSPITALAR DO ESTADO DE MINAS GERAIS;Nota fiscal;00.201.182/0001-69;DISTRIBUIDORA DE AGUAS MINERAIS BH LTDA -EPP;35120;1;1;Completa - Recebimento definitivo;Consumo;Despesa orçamentária;2026-08-03;2026-08-03;2026-08-04;280,5;Não
1450 - SECRETARIA DE ESTADO DE JUSTICA E SEGURANCA PUBLIC;Nota fiscal;08.624.977/0001-91;TERRAVIVA AMBIENTAL LTDA;8808;;1;Completa;Serviço;Despesa orçamentária;2026-07-10;2026-07-10;2026-08-04;463,02;Não
1260 - SECRETARIA DE ESTADO DE EDUCACAO;Nota fiscal;07.473.849/0001-21;COOPERATIVA DE EDUCACAO E CULTURA DE MACHADO LTDA - COOPECMA;16;;1;Completa;Serviço;Despesa orçamentária;2026-07-27;2026-08-04;2026-08-04;14408,42;Não
2010 - INST.DE PREVIDENCIA DOS SERVIDORES DO EST.M.GERAIS;Outros;33.224.254/0001-42;MGS MINAS GERAIS ADMINISTRACAO E SERVICOS S/A;699261;;1;Completa;Serviço;Despesa orçamentária;2026-07-29;2026-07-30;2026-08-04;212,12;Não
1500 - SECRETARIA DE ESTADO DE PLANEJAMENTO E GESTAO;Nota fiscal;33.224.254/0001-42;MGS MINAS GERAIS ADMINISTRACAO E SERVICOS S/A;26249;1;1;Completa;Serviço;Despesa orçamentária;2026-07-28;2026-07-30;2026-08-04;1902,34;Não
2100 - INSTITUTO ESTADUAL DE FLORESTAS-IEF;Outros;33.224.254/0001-42;MGS MINAS GERAIS ADMINISTRACAO E SERVICOS S/A;697546;;1;Completa;Serviço;Despesa orçamentária;2026-07-20;2026-08-04;2026-08-04;2812,25;Não
1400 - CORPO DE BOMBEIROS MILITAR DE MINAS GERAIS;Nota fiscal;06.050.078/0001-05;RIDAUTO2003 AUTO PECAS LTDA - EPP;202610827;;1;Completa;Serviço;Despesa orçamentária;2026-08-04;2026-08-04;2026-08-04;141,6;Não
2100 - INSTITUTO ESTADUAL DE FLORESTAS-IEF;Outros;33.224.254/0001-42;MGS MINAS GERAIS ADMINISTRACAO E SERVICOS S/A;697548;1;1;Completa;Serviço;Despesa orçamentária;2026-07-20;2026-08-04;2026-08-04;673,33;Não
1190 - SECRETARIA DE ESTADO DE FAZENDA DE MINAS GERAIS;Nota fiscal;01.548.339/0001-90;SERTA SERVICOS TECNICOS E ADMINISTRATIVOS LTDA - EM RECUPERACAO JUDICIAL;6977;;1;Completa;Serviço;Despesa orçamentária;2026-08-03;2026-08-04;2026-08-04;4719,44;Não
2270 - FUNDACAO HOSPITALAR DO ESTADO DE MINAS GERAIS;Nota fiscal;12.927.876/0001-67;SOMA/MG PRODUTOS HOSPITALARES LTDA;383162;1;1;Completa - Recebimento definitivo;Consumo;Despesa orçamentária;2026-07-31;2026-08-03;2026-08-04;48,0;Não
2270 - FUNDACAO HOSPITALAR DO ESTADO DE MINAS GERAIS;Nota fiscal;48.450.303/0001-32;CIRURGICA QUALITY PRODUTOS PARA SAUDE LTDA;4958;;1;Completa - Recebimento definitivo;Consumo;Despesa orçamentária;2026-07-31;2026-08-03;2026-08-04;8650,0;Não
1450 - SECRETARIA DE ESTADO DE JUSTICA E SEGURANCA PUBLIC;Nota fiscal;16.701.716/0051-15;STELLANTIS AUTOMOVEIS BRASIL LTDA.;135;;1;Completa - Disponível para recebimento definitivo;Permanente;Despesa extra orçamentária;2026-06-19;2026-08-04;2026-08-04;130836,0;Não
2100 - INSTITUTO ESTADUAL DE FLORESTAS-IEF;Nota fiscal;33.224.254/0001-42;MGS MINAS GERAIS ADMINISTRACAO E SERVICOS S/A;25444;1;1;Completa;Serviço;Despesa orçamentária;2026-07-20;2026-08-04;2026-08-04;108294,98;Não
2370 - INSTITUTO MINEIRO DE AGROPECUARIA;Nota fiscal;15.866.070/0001-02;ALIANCA COMERCIO E SERVICOS DE SEGURANCA ELETRONICA LTDA - ME;3674;;1;Completa;Serviço;Despesa orçamentária;2026-08-04;2026-08-04;2026-08-04;710,0;Não
1450 - SECRETARIA DE ESTADO DE JUSTICA E SEGURANCA PUBLIC;Nota fiscal;08.624.977/0001-91;TERRAVIVA AMBIENTAL LTDA;7478;A;1;Completa;Serviço;Despesa orçamentária;2026-06-09;2026-06-09;2026-08-04;538,74;Não
1450 - SECRETARIA DE ESTADO DE JUSTICA E SEGURANCA PUBLIC;Nota fiscal;16.701.716/0051-15;STELLANTIS AUTOMOVEIS BRASIL LTDA.;137;;1;Completa - Disponível para recebimento definitivo;Permanente;Despesa extra orçamentária;2026-06-19;2026-08-04;2026-08-04;130836,0;Não
1090 - PROCURADORIA GERAL DE JUSTICA;Nota fiscal;76.535.764/0001-43;OI S.A. - EM RECUPERACAO JUDICIAL;34008;;2;Completa;Serviço;Despesa orçamentária;2026-07-03;2026-07-04;2026-08-04;11217,56;Não
2300 - DEPARTAMENTO DE ESTRADAS DE RODAGEM;Nota fiscal;37.746.176/0001-05;MARIA HELENA GARCIA EUSTAQUIO;177;;1;Completa;Serviço;Despesa orçamentária;2026-07-31;2026-07-31;2026-08-04;136,72;Não
1260 - SECRETARIA DE ESTADO DE EDUCACAO;Nota fiscal;03.773.700/0001-07;SERVICO NACIONAL DE APRENDIZAGEM INDUSTRIAL - DEPARTAMENTO REGIONAL DE MINAS GERAIS;202604;5;1;Completa;Serviço;Despesa orçamentária;2026-07-01;2026-08-03;2026-08-04;119313,17;Não
1400 - CORPO DE BOMBEIROS MILITAR DE MINAS GERAIS;Nota fiscal;06.050.078/0001-05;RIDAUTO2003 AUTO PECAS LTDA - EPP;202610828;;1;Completa;Serviço;Despesa orçamentária;2026-08-04;2026-08-04;2026-08-04;991,2;Não
2350 - UNIVERSIDADE DO ESTADO DE MINAS GERAIS;Nota fiscal;41.727.074/0001-01;DANIEL DA CUNHA LAU;2026;748;1;Completa;Serviço;Despesa orçamentária;2026-07-01;2026-08-03;2026-08-04;24189,1;Não
1250 - POLICIA MILITAR DE MINAS GERAIS;Nota fiscal;01.107.391/0012-63;SUPPORT PRODUTOS NUTRICIONAIS LTDA;29070;1;1;Completa - Disponível para recebimento definitivo;Consumo;Despesa orçamentária;2026-07-21;2026-07-29;2026-08-04;1491,0;Não
1450 - SECRETARIA DE ESTADO DE JUSTICA E SEGURANCA PUBLIC;Nota fiscal;16.701.716/0051-15;STELLANTIS AUTOMOVEIS BRASIL LTDA.;139;;1;Completa - Disponível para recebimento definitivo;Permanente;Despesa extra orçamentária;2026-06-19;2026-08-04;2026-08-04;130836,0;Não
2180 - FUNDACAO CLOVIS SALGADO;Nota fiscal;17.263.096/0001-83;MERCEARIA INDIANOPOLIS LTDA;14407;;1;Completa - Recebimento definitivo;Consumo;Despesa extra orçamentária;2026-07-27;2026-07-27;2026-08-04;8009,4;Não
2100 - INSTITUTO ESTADUAL DE FLORESTAS-IEF;Outros;33.224.254/0001-42;MGS MINAS GERAIS ADMINISTRACAO E SERVICOS S/A;697558;;1;Completa;Serviço;Despesa orçamentária;2026-07-20;2026-08-04;2026-08-04;10777,99;Não
2270 - FUNDACAO HOSPITALAR DO ESTADO DE MINAS GERAIS;Outros;49.223.739/0001-51;T A DE SOUZA LTDA;120;;1;Completa;Serviço;Despesa orçamentária;2026-08-04;2026-08-04;2026-08-04;25120,0;Não
2260 - FUNDACAO EZEQUIEL DIAS;Nota fiscal;25.932.088/0001-00;ANALITICA LTDA;63310;1;1;Completa - Recebimento definitivo;Consumo;Despesa orçamentária;2026-07-30;2026-08-03;2026-08-04;8705,85;Não
1400 - CORPO DE BOMBEIROS MILITAR DE MINAS GERAIS;Nota fiscal;38.438.609/0001-10;FIZPAY IP LTDA;66;;1;Completa;Serviço;Despesa orçamentária;2026-08-04;2026-08-04;2026-08-04;500,0;Não
1030 - TRIBUNAL DE JUSTICA DO ESTADO DE MINAS GERAIS;Nota fiscal;20.036.675/0001-06;VINHAS OLIVEIRA ENGENHARIA SOCIEDADE UNIPESSOAL LTDA;2026933;;1;Completa;Serviço;Despesa orçamentária;2026-08-04;2026-08-04;2026-08-04;426070,05;Não
2270 - FUNDACAO HOSPITALAR DO ESTADO DE MINAS GERAIS;Nota fiscal;28.429.720/0001-96;GLOBAL DISTRIBUICAO E SERVICOS LTDA;4395;;1;Completa - Recebimento definitivo;Consumo;Despesa orçamentária;2026-08-04;2026-08-04;2026-08-04;6120,0;Não
1190 - SECRETARIA DE ESTADO DE FAZENDA DE MINAS GERAIS;Nota fiscal;08.273.364/0001-57;TICKET GESTAO EM MANUTENCAO EZC S.A;48647152;;1;Completa;Serviço;Despesa orçamentária;2026-07-16;2026-08-04;2026-08-04;2265,35;Não
1250 - POLICIA MILITAR DE MINAS GERAIS;Nota fiscal;04.307.650/0028-55;ONCO PROD DISTRIBUIDORA DE PRODUTOS HOSPITALARES E ONCOLOGICOS LTDA.;77526;28;1;Completa - Disponível para recebimento definitivo;Consumo;Despesa orçamentária;2026-07-23;2026-07-29;2026-08-04;2386,44;Não
1500 - SECRETARIA DE ESTADO DE PLANEJAMENTO E GESTAO;Nota fiscal;33.224.254/0001-42;MGS MINAS GERAIS ADMINISTRACAO E SERVICOS S/A;202626252;;1;Completa;Serviço;Despesa orçamentária;2026-07-27;2026-07-30;2026-08-04;3043,78;Não
2100 - INSTITUTO ESTADUAL DE FLORESTAS-IEF;Outros;33.224.254/0001-42;MGS MINAS GERAIS ADMINISTRACAO E SERVICOS S/A;697560;;1;Completa;Serviço;Despesa orçamentária;2026-07-20;2026-08-04;2026-08-04;3913,93;Não
2100 - INSTITUTO ESTADUAL DE FLORESTAS-IEF;Outros;22.078.679/0001-74;UNIVERSIDADE FEDERAL DE LAVRAS;62026;A;1;Completa;Serviço;Despesa orçamentária;2026-08-04;2026-08-04;2026-08-04;81,01;Não
1010 - ASSEMBLEIA LEGISLATIVA DO ESTADO DE MINAS GERAIS;Nota fiscal;44.952.932/0001-00;ANA PAULA DOS SANTOS 01673012680 LTDA;137332026;;1;Completa - Disponível para recebimento definitivo;Consumo;Despesa orçamentária;2026-08-03;2026-08-04;2026-08-04;10272,0;Não
2270 - FUNDACAO HOSPITALAR DO ESTADO DE MINAS GERAIS;Nota fiscal;20.858.411/0001-20;AMGS COMERCIO E REPRESENTACOES LTDA;642227;2;1;Completa - Recebimento definitivo;Consumo;Despesa orçamentária;2026-07-10;2026-07-10;2026-08-04;777,78;Não
2100 - INSTITUTO ESTADUAL DE FLORESTAS-IEF;Nota fiscal;33.224.254/0001-42;MGS MINAS GERAIS ADMINISTRACAO E SERVICOS S/A;25433;2;1;Completa;Serviço;Despesa orçamentária;2026-07-20;2026-08-04;2026-08-04;19029,17;Não
2300 - DEPARTAMENTO DE ESTRADAS DE RODAGEM;Nota fiscal;06.981.180/0001-16;CEMIG DISTRIBUICAO S.A.;409347299;0;1;Completa;Serviço;Despesa orçamentária;2026-07-15;2026-07-29;2026-08-04;1449,48;Não
2300 - DEPARTAMENTO DE ESTRADAS DE RODAGEM;Nota fiscal;17.281.106/0001-03;COMPANHIA DE SANEAMENTO DE MINAS GERAIS COPASA MG;126497636344;;1;Completa;Serviço;Despesa orçamentária;2026-07-09;2026-07-31;2026-08-04;219,57;Não
1250 - POLICIA MILITAR DE MINAS GERAIS;Nota fiscal;08.747.635/0001-69;ROSS MEDICAL LTDA;64480;1;1;Completa - Disponível para recebimento definitivo;Consumo;Despesa orçamentária;2026-07-23;2026-07-30;2026-08-04;165000,0;Não
2300 - DEPARTAMENTO DE ESTRADAS DE RODAGEM;Nota fiscal;02.102.203/0001-14;EFICAZ SEGURANCA ELETRONICA LTDA;919;1;1;Incompleta;Serviço;Despesa orçamentária;2026-07-30;2026-07-30;2026-08-04;335,27;Não
2100 - INSTITUTO ESTADUAL DE FLORESTAS-IEF;Outros;22.078.679/0001-74;UNIVERSIDADE FEDERAL DE LAVRAS;62026;E;1;Completa;Serviço;Despesa orçamentária;2026-08-04;2026-08-04;2026-08-04;121,26;Não
1260 - SECRETARIA DE ESTADO DE EDUCACAO;Outros;***.876.846-**;ANDERSON COSTA LOPES;100;8;1;Completa;Serviço;Despesa orçamentária;2026-08-04;2026-08-04;2026-08-04;9927,46;Não
1320 - SECRETARIA DE ESTADO DA SAUDE;Outros;***.928.226-**;FABRICIO OLIVEIRA FLORENTINO;9496735;7;1;Completa;Serviço;Despesa orçamentária;2026-07-09;2026-07-09;2026-08-04;900,0;Não
2270 - FUNDACAO HOSPITALAR DO ESTADO DE MINAS GERAIS;Nota fiscal;00.610.681/0005-33;HOSP-PHARMA MANIPULACAO E SUPRIMENTOS LTDA;15930;;1;Completa - Recebimento definitivo;Consumo;Despesa orçamentária;2026-06-27;2026-06-27;2026-08-04;1012,0;Não
1400 - CORPO DE BOMBEIROS MILITAR DE MINAS GERAIS;Nota fiscal;38.519.484/0001-52;PD CASE INFORMATICA LTDA;202;;1;Completa;Serviço;Despesa orçamentária;2026-08-03;2026-08-04;2026-08-04;16635,79;Não
1250 - POLICIA MILITAR DE MINAS GERAIS;Nota fiscal;22.355.622/0001-75;BIOMIG MATERIAIS MEDICO-HOSPITALARES LTDA;147101;1;1;Completa - Disponível para recebimento definitivo;Consumo;Despesa orçamentária;2026-07-27;2026-07-31;2026-08-04;2018,82;Não
2010 - INST.DE PREVIDENCIA DOS SERVIDORES DO EST.M.GERAIS;Nota fiscal;33.224.254/0001-42;MGS MINAS GERAIS ADMINISTRACAO E SERVICOS S/A;26729;1A;1;Completa;Serviço;Despesa orçamentária;2026-07-29;2026-07-29;2026-08-04;1184595,59;Não
1300 - SECRET. DE ESTADO DE INFRAESTRUTURA E MOBILIDADE;Nota fiscal;22.111.570/0001-91;HOUER CONSULTORIA LTDA;568;;1;Completa;Serviço;Despesa extra orçamentária;2026-08-04;2026-08-04;2026-08-04;155736,09;Não
1500 - SECRETARIA DE ESTADO DE PLANEJAMENTO E GESTAO;Nota fiscal;33.224.254/0001-42;MGS MINAS GERAIS ADMINISTRACAO E SERVICOS S/A;202626253;;1;Completa;Serviço;Despesa orçamentária;2026-07-27;2026-07-30;2026-08-04;1731,65;Não
1250 - POLICIA MILITAR DE MINAS GERAIS;Nota fiscal;07.220.279/0001-68;NUTRIR DISTRIBUIDORA DE PRODUTOS PARA TERAPIA NUTRICIONAL LTDA;27897;1;1;Completa - Disponível para recebimento definitivo;Consumo;Despesa orçamentária;2026-07-27;2026-07-31;2026-08-04;2107,8;Não
2270 - FUNDACAO HOSPITALAR DO ESTADO DE MINAS GERAIS;Nota fiscal;04.654.861/0001-44;INDALABOR INDAIA LABORATORIO FARMACEUTICO LTDA;111358;;1;Completa - Recebimento definitivo;Consumo;Despesa orçamentária;2026-07-31;2026-08-03;2026-08-04;4020,0;Não
1090 - PROCURADORIA GERAL DE JUSTICA;Nota fiscal;34.454.477/0001-69;PLANEAR ENGENHARIA DE AR CONDICIONADO LTDA;2026374;;1;Completa;Serviço;Despesa orçamentária;2026-08-04;2026-08-04;2026-08-04;9934,24;Não
2100 - INSTITUTO ESTADUAL DE FLORESTAS-IEF;Outros;33.224.254/0001-42;MGS MINAS GERAIS ADMINISTRACAO E SERVICOS S/A;697527;;1;Completa;Serviço;Despesa orçamentária;2026-07-20;2026-08-04;2026-08-04;1718,63;Não
2100 - INSTITUTO ESTADUAL DE FLORESTAS-IEF;Outros;33.224.254/0001-42;MGS MINAS GERAIS ADMINISTRACAO E SERVICOS S/A;697525;;1;Completa;Serviço;Despesa orçamentária;2026-07-20;2026-08-04;2026-08-04;563,64;Não
1510 - POLICIA CIVIL DO ESTADO DE MINAS GERAIS;Outros;06.981.180/0001-16;CEMIG DISTRIBUICAO S.A.;415777985;;1;Completa;Serviço;Despesa orçamentária;2026-08-03;2026-08-04;2026-08-04;5288,72;Não
1250 - POLICIA MILITAR DE MINAS GERAIS;Nota fiscal;25.031.668/0001-27;SAMEH SOLUCOES HOSPITALARES LTDA;140194;1;1;Completa - Disponível para recebimento definitivo;Consumo;Despesa orçamentária;2026-07-30;2026-08-04;2026-08-04;11442,66;Não
2270 - FUNDACAO HOSPITALAR DO ESTADO DE MINAS GERAIS;Nota fiscal;02.357.251/0001-53;LIFEMED INDUSTRIAL DE EQUIPAMENTOS E ARTIGOS MEDICOS E HOSPITALARES S.A.;151411;1;1;Completa - Recebimento definitivo;Consumo;Despesa orçamentária;2026-07-29;2026-08-03;2026-08-04;24100,0;Não
2320 - FUNDACAO CENTRO DE HEMATOLOGIA E HEMOTERAPIA DE MG;Nota fiscal;19.201.128/0001-41;ASSOCIACAO PROFISSIONALIZANTE DO MENOR DE BELO HORIZONTE -ASSPROM;2481;;1;Completa;Serviço;Despesa orçamentária;2026-08-04;2026-08-04;2026-08-04;16668,46;Não
1260 - SECRETARIA DE ESTADO DE EDUCACAO;Outros;***.756.466-**;FABIO ALBINO FROES;9049067;125;1;Completa;Serviço;Despesa orçamentária;2026-08-04;2026-08-04;2026-08-04;27324,9;Não
1190 - SECRETARIA DE ESTADO DE FAZENDA DE MINAS GERAIS;Outros;40.432.544/0112-62;CLARO S.A.;2608200026986;;1;Completa;Serviço;Despesa orçamentária;2026-08-01;2026-08-04;2026-08-04;124,52;Não
1450 - SECRETARIA DE ESTADO DE JUSTICA E SEGURANCA PUBLIC;Nota fiscal;08.100.954/0001-88;GTO GRUPO TECNICO EM ODONTOLOGIA LTDA - ME;441;1;1;Completa;Serviço;Despesa orçamentária;2026-07-17;2026-07-17;2026-08-04;2020,0;Não
1320 - SECRETARIA DE ESTADO DA SAUDE;Nota fiscal;30.830.500/0001-11;SANTE SOLUCOES EM SAUDE LTDA.;140;;1;Completa;Serviço;Despesa orçamentária;2026-08-03;2026-08-04;2026-08-04;156525,53;Não
2100 - INSTITUTO ESTADUAL DE FLORESTAS-IEF;Nota fiscal;33.224.254/0001-42;MGS MINAS GERAIS ADMINISTRACAO E SERVICOS S/A;25435;B;1;Completa;Serviço;Despesa orçamentária;2026-07-20;2026-08-04;2026-08-04;12535,99;Não
1250 - POLICIA MILITAR DE MINAS GERAIS;Nota fiscal;03.945.035/0001-91;ACACIA COMERCIO DE MEDICAMENTOS LTDA;350880;1;1;Completa - Disponível para recebimento definitivo;Consumo;Despesa orçamentária;2026-07-30;2026-08-04;2026-08-04;234,06;Não
1500 - SECRETARIA DE ESTADO DE PLANEJAMENTO E GESTAO;Nota fiscal;33.224.254/0001-42;MGS MINAS GERAIS ADMINISTRACAO E SERVICOS S/A;202626255;;1;Completa;Serviço;Despesa orçamentária;2026-07-27;2026-07-30;2026-08-04;5906,7;Não
2100 - INSTITUTO ESTADUAL DE FLORESTAS-IEF;Outros;33.224.254/0001-42;MGS MINAS GERAIS ADMINISTRACAO E SERVICOS S/A;697532;;1;Completa;Serviço;Despesa orçamentária;2026-07-20;2026-08-04;2026-08-04;1145,74;Não
1400 - CORPO DE BOMBEIROS MILITAR DE MINAS GERAIS;Nota fiscal;06.050.078/0001-05;RIDAUTO2003 AUTO PECAS LTDA - EPP;202610829;;1;Completa;Serviço;Despesa orçamentária;2026-08-04;2026-08-04;2026-08-04;354,0;Não
1030 - TRIBUNAL DE JUSTICA DO ESTADO DE MINAS GERAIS;Nota fiscal;55.716.529/0001-06;LIDER BHZ COMERCIO E SERVICOS LTDA;654;1;1;Completa - Disponível para recebimento definitivo;Consumo;Despesa orçamentária;2026-08-03;2026-08-04;2026-08-04;51588,61;Não
2300 - DEPARTAMENTO DE ESTRADAS DE RODAGEM;Nota fiscal;37.746.176/0001-05;MARIA HELENA GARCIA EUSTAQUIO;176;;1;Completa;Serviço;Despesa orçamentária;2026-07-31;2026-07-31;2026-08-04;199,82;Não
1250 - POLICIA MILITAR DE MINAS GERAIS;Nota fiscal;48.939.276/0001-66;MEDI HOUSE INDUSTRIA E COMERCIO DE PRODUTOS CIRURGICOS E HOSPITALARES EIRELI;277770;1;1;Completa - Disponível para recebimento definitivo;Consumo;Despesa orçamentária;2026-07-22;2026-07-29;2026-08-04;17280,0;Não
2090 - FUNDACAO ESTADUAL DO MEIO AMBIENTE;Nota fiscal;33.224.254/0001-42;MGS MINAS GERAIS ADMINISTRACAO E SERVICOS S/A;26910;LM;1;Completa;Serviço;Despesa orçamentária;2026-07-29;2026-07-31;2026-08-04;51482,99;Não
1320 - SECRETARIA DE ESTADO DA SAUDE;Outros;33.224.254/0001-42;MGS MINAS GERAIS ADMINISTRACAO E SERVICOS S/A;698187;;1;Completa;Serviço;Despesa orçamentária;2026-07-24;2026-08-03;2026-08-04;2497,57;Não
1320 - SECRETARIA DE ESTADO DA SAUDE;Outros;***.087.206-**;LUCIENE DA ROCHA RIBEIRO;9496722;7;1;Completa;Serviço;Despesa orçamentária;2026-07-09;2026-07-09;2026-08-04;2700,0;Não
2100 - INSTITUTO ESTADUAL DE FLORESTAS-IEF;Outros;33.224.254/0001-42;MGS MINAS GERAIS ADMINISTRACAO E SERVICOS S/A;697533;;1;Completa;Serviço;Despesa orçamentária;2026-07-20;2026-08-04;2026-08-04;363,64;Não
2270 - FUNDACAO HOSPITALAR DO ESTADO DE MINAS GERAIS;Nota fiscal;00.610.681/0005-33;HOSP-PHARMA MANIPULACAO E SUPRIMENTOS LTDA;17023;;1;Completa - Recebimento definitivo;Consumo;Despesa orçamentária;2026-07-07;2026-07-07;2026-08-04;898,84;Não
1260 - SECRETARIA DE ESTADO DE EDUCACAO;Nota fiscal;19.325.547/0001-95;FUNDACAO EDUCACIONAL DE CARATINGA FUNEC;2713;NAC;1;Completa;Serviço;Despesa orçamentária;2026-07-30;2026-08-03;2026-08-04;269687,6;Não
1450 - SECRETARIA DE ESTADO DE JUSTICA E SEGURANCA PUBLIC;Nota fiscal;08.100.954/0001-88;GTO GRUPO TECNICO EM ODONTOLOGIA LTDA - ME;430;;1;Completa;Serviço;Despesa orçamentária;2026-07-17;2026-07-17;2026-08-04;5101,47;Não
2310 - UNIVERSIDADE ESTADUAL DE MONTES CLAROS;Nota fiscal;32.915.319/0001-33;TECH EASY SISTEMAS LTDA;202600000001622;;1;Completa;Serviço;Despesa orçamentária;2026-05-05;2026-05-11;2026-08-04;8825,68;Não
1320 - SECRETARIA DE ESTADO DA SAUDE;Outros;33.224.254/0001-42;MGS MINAS GERAIS ADMINISTRACAO E SERVICOS S/A;698189;;1;Completa;Serviço;Despesa orçamentária;2026-07-24;2026-08-03;2026-08-04;9193,33;Não
2270 - FUNDACAO HOSPITALAR DO ESTADO DE MINAS GERAIS;Nota fiscal;00.610.681/0005-33;HOSP-PHARMA MANIPULACAO E SUPRIMENTOS LTDA;17057;;1;Completa - Recebimento definitivo;Consumo;Despesa orçamentária;2026-07-07;2026-07-07;2026-08-04;1140,32;Não
2150 - FUNDACAO HELENA ANTIPOFF;Nota fiscal;23.447.896/0001-57;EVOLUCIONAL EDITORA E SERVICOS DE INFORMACAO EM INTERNET LTDA;111851;1;1;Incompleta;Consumo;Despesa orçamentária;2026-08-04;2026-08-04;2026-08-04;21666,07;Não
2310 - UNIVERSIDADE ESTADUAL DE MONTES CLAROS;Nota fiscal;32.915.319/0001-33;TECH EASY SISTEMAS LTDA;202600000001654;;1;Completa;Serviço;Despesa orçamentária;2026-06-16;2026-08-04;2026-08-04;8825,68;Não
1320 - SECRETARIA DE ESTADO DA SAUDE;Outros;33.224.254/0001-42;MGS MINAS GERAIS ADMINISTRACAO E SERVICOS S/A;698190;;1;Completa;Serviço;Despesa orçamentária;2026-07-24;2026-08-03;2026-08-04;827,37;Não
2260 - FUNDACAO EZEQUIEL DIAS;Outros;18.706.601/0001-80;GO GUINDASTES LTDA - ME;95;1;1;Completa;Serviço;Despesa orçamentária;2026-07-30;2026-08-04;2026-08-04;21515,44;Não
2300 - DEPARTAMENTO DE ESTRADAS DE RODAGEM;Nota fiscal;01.466.431/0001-00;GCT - GERENCIAMENTO E CONTROLE DE TRANSITO S/A;20261499;;1;Completa;Serviço;Despesa orçamentária;2026-07-17;2026-07-21;2026-08-04;2725,3;Não
1450 - SECRETARIA DE ESTADO DE JUSTICA E SEGURANCA PUBLIC;Nota fiscal;08.624.977/0001-91;TERRAVIVA AMBIENTAL LTDA;6627;;1;Completa;Serviço;Despesa orçamentária;2026-05-12;2026-05-12;2026-08-04;419,52;Não
1260 - SECRETARIA DE ESTADO DE EDUCACAO;Outros;***.856.946-**;JANDER COSTA VALERIO;9;;1;Completa;Serviço;Despesa orçamentária;2026-08-04;2026-08-04;2026-08-04;31655,82;Não
1500 - SECRETARIA DE ESTADO DE PLANEJAMENTO E GESTAO;Nota fiscal;33.224.254/0001-42;MGS MINAS GERAIS ADMINISTRACAO E SERVICOS S/A;202626309;;1;Completa;Serviço;Despesa orçamentária;2026-07-27;2026-07-30;2026-08-04;5772,07;Não
2270 - FUNDACAO HOSPITALAR DO ESTADO DE MINAS GERAIS;Nota fiscal;00.610.681/0005-33;HOSP-PHARMA MANIPULACAO E SUPRIMENTOS LTDA;17151;;1;Completa - Recebimento definitivo;Consumo;Despesa orçamentária;2026-07-08;2026-07-08;2026-08-04;1150,49;Não
1400 - CORPO DE BOMBEIROS MILITAR DE MINAS GERAIS;Nota fiscal;06.050.078/0001-05;RIDAUTO2003 AUTO PECAS LTDA - EPP;202610830;;1;Completa;Serviço;Despesa orçamentária;2026-08-04;2026-08-04;2026-08-04;377,6;Não
2010 - INST.DE PREVIDENCIA DOS SERVIDORES DO EST.M.GERAIS;Nota fiscal;33.224.254/0001-42;MGS MINAS GERAIS ADMINISTRACAO E SERVICOS S/A;26730;1A;1;Completa;Serviço;Despesa orçamentária;2026-07-29;2026-07-29;2026-08-04;90253,2;Não
1320 - SECRETARIA DE ESTADO DA SAUDE;Nota fiscal;33.224.254/0001-42;MGS MINAS GERAIS ADMINISTRACAO E SERVICOS S/A;25868;1;1;Completa;Serviço;Despesa orçamentária;2026-07-24;2026-08-03;2026-08-04;110485,31;Não
2260 - FUNDACAO EZEQUIEL DIAS;Nota fiscal;68.337.658/0001-27;SIGMA-ALDRICH BRASIL LTDA;539060;3;1;Completa - Recebimento definitivo;Consumo;Despesa orçamentária;2026-07-25;2026-07-31;2026-08-04;4258,3;Não
2270 - FUNDACAO HOSPITALAR DO ESTADO DE MINAS GERAIS;Nota fiscal;00.610.681/0005-33;HOSP-PHARMA MANIPULACAO E SUPRIMENTOS LTDA;17207;;1;Completa - Recebimento definitivo;Consumo;Despesa orçamentária;2026-07-09;2026-07-09;2026-08-04;2049,76;Não
2300 - DEPARTAMENTO DE ESTRADAS DE RODAGEM;Nota fiscal;01.466.431/0001-00;GCT - GERENCIAMENTO E CONTROLE DE TRANSITO S/A;20261500;;1;Completa;Serviço;Despesa orçamentária;2026-07-17;2026-07-21;2026-08-04;3332,11;Não
1450 - SECRETARIA DE ESTADO DE JUSTICA E SEGURANCA PUBLIC;Outros;03.518.400/0001-81;3A EMPREENDIMENTOS IMOBILIARIOS LTDA;726;;1;Completa;Serviço;Despesa orçamentária;2026-07-30;2026-07-30;2026-08-04;161452,1;Não
2260 - FUNDACAO EZEQUIEL DIAS;Outros;18.706.601/0001-80;GO GUINDASTES LTDA - ME;94;;1;Completa;Serviço;Despesa orçamentária;2026-07-30;2026-08-04;2026-08-04;42084,0;Não
2310 - UNIVERSIDADE ESTADUAL DE MONTES CLAROS;Nota fiscal;32.915.319/0001-33;TECH EASY SISTEMAS LTDA;202600000001655;;1;Completa;Serviço;Despesa orçamentária;2026-07-01;2026-08-04;2026-08-04;8825,68;Não
2010 - INST.DE PREVIDENCIA DOS SERVIDORES DO EST.M.GERAIS;Nota fiscal;33.224.254/0001-42;MGS MINAS GERAIS ADMINISTRACAO E SERVICOS S/A;26728;1A;1;Completa;Serviço;Despesa orçamentária;2026-07-29;2026-07-29;2026-08-04;22998,26;Não
2260 - FUNDACAO EZEQUIEL DIAS;Nota fiscal;68.337.658/0001-27;SIGMA-ALDRICH BRASIL LTDA;539056;3;1;Completa - Recebimento definitivo;Consumo;Despesa orçamentária;2026-07-25;2026-07-31;2026-08-04;4271,58;Não
1320 - SECRETARIA DE ESTADO DA SAUDE;Outros;***.446.046-**;SCHIRLEY SANTANA MEDEIROS;9497040;7;1;Completa;Serviço;Despesa orçamentária;2026-07-09;2026-07-09;2026-08-04;2700,0;Não
2100 - INSTITUTO ESTADUAL DE FLORESTAS-IEF;Nota fiscal;33.224.254/0001-42;MGS MINAS GERAIS ADMINISTRACAO E SERVICOS S/A;25446;B;1;Incompleta;Serviço;Despesa orçamentária;2026-07-20;2026-08-04;2026-08-04;40200,01;Não
1500 - SECRETARIA DE ESTADO DE PLANEJAMENTO E GESTAO;Nota fiscal;33.224.254/0001-42;MGS MINAS GERAIS ADMINISTRACAO E SERVICOS S/A;202626312;;1;Completa;Serviço;Despesa orçamentária;2026-07-27;2026-07-30;2026-08-04;5707,03;Não
1090 - PROCURADORIA GERAL DE JUSTICA;Nota fiscal;14.938.995/0001-40;TORKYS SISTEMAS E EQUIPAMENTOS LIMITADA -ME;2394;;1;Completa;Serviço;Despesa orçamentária;2026-08-04;2026-08-04;2026-08-04;1464,0;Não
1090 - PROCURADORIA GERAL DE JUSTICA;Nota fiscal;10.426.962/0001-60;DW REFRIGERACAO LTDA;2026123;;1;Completa;Serviço;Despesa orçamentária;2026-08-03;2026-08-03;2026-08-04;5141,31;Não
2270 - FUNDACAO HOSPITALAR DO ESTADO DE MINAS GERAIS;Nota fiscal;00.610.681/0005-33;HOSP-PHARMA MANIPULACAO E SUPRIMENTOS LTDA;17310;;1;Completa - Recebimento definitivo;Consumo;Despesa orçamentária;2026-07-10;2026-07-10;2026-08-04;2120,78;Não
2300 - DEPARTAMENTO DE ESTRADAS DE RODAGEM;Nota fiscal;01.466.431/0001-00;GCT - GERENCIAMENTO E CONTROLE DE TRANSITO S/A;20261501;;1;Completa;Serviço;Despesa orçamentária;2026-07-17;2026-07-21;2026-08-04;4968,7;Não
2350 - UNIVERSIDADE DO ESTADO DE MINAS GERAIS;Nota fiscal;60.173.263/0001-24;IMPACTO ADMINISTRACAO E EFICIENCIA LTDA;753;1;1;Completa - Recebimento definitivo;Permanente;Despesa orçamentária;2026-07-21;2026-08-04;2026-08-04;4216,0;Não
1250 - POLICIA MILITAR DE MINAS GERAIS;Nota fiscal;30.142.119/0001-60;MASTER CLEAN PRESTACAO DE SERVICOS E CONSULTORIA LTDA;463;;1;Completa;Serviço;Despesa orçamentária;2026-07-27;2026-08-04;2026-08-04;3964,97;Não
2250 - JUNTA COMERCIAL DO ESTADO DE MINAS GERAIS;Nota fiscal;42.563.692/0001-26;M.I. MONTREAL INFORMATICA S.A;2780;A;1;Incompleta;Serviço;Despesa orçamentária;2026-07-08;2026-07-13;2026-08-04;375313,8;Não
2270 - FUNDACAO HOSPITALAR DO ESTADO DE MINAS GERAIS;Nota fiscal;00.610.681/0005-33;HOSP-PHARMA MANIPULACAO E SUPRIMENTOS LTDA;17436;;1;Completa - Recebimento definitivo;Consumo;Despesa orçamentária;2026-07-11;2026-07-11;2026-08-04;1222,4;Não
2300 - DEPARTAMENTO DE ESTRADAS DE RODAGEM;Nota fiscal;17.281.106/0001-03;COMPANHIA DE SANEAMENTO DE MINAS GERAIS COPASA MG;126473155176;;1;Completa;Serviço;Despesa orçamentária;2026-07-01;2026-07-10;2026-08-04;435,63;Não
2320 - FUNDACAO CENTRO DE HEMATOLOGIA E HEMOTERAPIA DE MG;Nota fiscal;27.498.289/0001-77;LMC MEDICAO E CONTROLE LTDA;2097;;1;Completa;Serviço;Despesa orçamentária;2026-07-13;2026-08-04;2026-08-04;11585,2;Não
1220 - SECRETARIA DE DESENVOLVIMENTO ECONOMICO;Nota fiscal;34.372.346/0001-32;LEGALIZA BRASIL GESTAO TERRITORIAL GEOTECNOLOGICA LTDA;443;;1;Completa;Serviço;Despesa extra orçamentária;2026-08-04;2026-08-04;2026-08-04;138000,0;Não
2320 - FUNDACAO CENTRO DE HEMATOLOGIA E HEMOTERAPIA DE MG;Nota fiscal;27.498.289/0001-77;LMC MEDICAO E CONTROLE LTDA;2098;;1;Completa;Serviço;Despesa orçamentária;2026-07-13;2026-08-04;2026-08-04;409,2;Não
2270 - FUNDACAO HOSPITALAR DO ESTADO DE MINAS GERAIS;Nota fiscal;00.610.681/0005-33;HOSP-PHARMA MANIPULACAO E SUPRIMENTOS LTDA;17518;;1;Completa - Recebimento definitivo;Consumo;Despesa orçamentária;2026-07-12;2026-07-12;2026-08-04;1521,4;Não
2100 - INSTITUTO ESTADUAL DE FLORESTAS-IEF;Nota fiscal;33.224.254/0001-42;MGS MINAS GERAIS ADMINISTRACAO E SERVICOS S/A;25431;B;1;Completa;Serviço;Despesa orçamentária;2026-07-20;2026-08-04;2026-08-04;818,87;Não
2300 - DEPARTAMENTO DE ESTRADAS DE RODAGEM;Nota fiscal;01.466.431/0001-00;GCT - GERENCIAMENTO E CONTROLE DE TRANSITO S/A;20261502;;1;Completa;Serviço;Despesa orçamentária;2026-07-17;2026-07-21;2026-08-04;3332,11;Não
1320 - SECRETARIA DE ESTADO DA SAUDE;Outros;***.446.046-**;SCHIRLEY SANTANA MEDEIROS;9513866;7;1;Completa;Serviço;Despesa orçamentária;2026-07-09;2026-07-09;2026-08-04;2800,0;Não
2260 - FUNDACAO EZEQUIEL DIAS;Outros;34.028.316/0015-09;EMPRESA BRASILEIRA DE CORREIOS E TELEGRAFOS;2577468;;1;Completa;Serviço;Despesa orçamentária;2026-08-03;2026-08-04;2026-08-04;39,84;Não
2270 - FUNDACAO HOSPITALAR DO ESTADO DE MINAS GERAIS;Nota fiscal;16.654.626/0001-51;COOK EMPREENDIMENTOS EM ALIMENTACAO COLETIVA LTDA.;18942;1;1;Incompleta;Serviço;Despesa orçamentária;2026-07-22;2026-07-22;2026-08-04;51283,4;Não
2270 - FUNDACAO HOSPITALAR DO ESTADO DE MINAS GERAIS;Nota fiscal;00.610.681/0005-33;HOSP-PHARMA MANIPULACAO E SUPRIMENTOS LTDA;17632;;1;Completa - Recebimento definitivo;Consumo;Despesa orçamentária;2026-07-13;2026-07-13;2026-08-04;1226,14;Não
2270 - FUNDACAO HOSPITALAR DO ESTADO DE MINAS GERAIS;Nota fiscal;18.152.404/0001-66;MAQNETE COMERCIO E SERVICOS LTDA -ME;5880;1;1;Completa - Recebimento definitivo;Consumo;Despesa orçamentária;2026-07-27;2026-08-03;2026-08-04;178,0;Não
2100 - INSTITUTO ESTADUAL DE FLORESTAS-IEF;Outros;33.224.254/0001-42;MGS MINAS GERAIS ADMINISTRACAO E SERVICOS S/A;697519;;1;Completa;Serviço;Despesa orçamentária;2026-07-20;2026-08-04;2026-08-04;121,69;Não
2320 - FUNDACAO CENTRO DE HEMATOLOGIA E HEMOTERAPIA DE MG;Nota fiscal;27.498.289/0001-77;LMC MEDICAO E CONTROLE LTDA;2163;;1;Completa;Serviço;Despesa orçamentária;2026-07-17;2026-08-04;2026-08-04;37,2;Não
2100 - INSTITUTO ESTADUAL DE FLORESTAS-IEF;Outros;33.224.254/0001-42;MGS MINAS GERAIS ADMINISTRACAO E SERVICOS S/A;697520;;1;Completa;Serviço;Despesa orçamentária;2026-07-20;2026-08-04;2026-08-04;181,82;Não
2270 - FUNDACAO HOSPITALAR DO ESTADO DE MINAS GERAIS;Nota fiscal;00.610.681/0005-33;HOSP-PHARMA MANIPULACAO E SUPRIMENTOS LTDA;18066;;1;Completa - Recebimento definitivo;Consumo;Despesa orçamentária;2026-07-17;2026-07-17;2026-08-04;2556,96;Não
1510 - POLICIA CIVIL DO ESTADO DE MINAS GERAIS;Nota fiscal;34.274.233/0025-71;VIBRA ENERGIA S.A;4954229;0;1;Completa - Recebimento definitivo;Consumo;Despesa orçamentária;2026-08-03;2026-08-03;2026-08-04;21981,0;Não
1400 - CORPO DE BOMBEIROS MILITAR DE MINAS GERAIS;Nota fiscal;17.331.294/0001-37;W M PORTAS EMPREENDIMENTOS EM MOVEIS PLANEJADOS LTDA - EPP;1231;2;1;Completa - Recebimento definitivo;Consumo;Despesa orçamentária;2026-06-18;2026-08-04;2026-08-04;11278,0;Não
1500 - SECRETARIA DE ESTADO DE PLANEJAMENTO E GESTAO;Nota fiscal;14.928.256/0001-78;IMPLY RENTAL LOCACAO DE EQUIPAMENTOS E SERVICOS LTDA.;2436;;1;Completa;Serviço;Despesa orçamentária;2026-07-23;2026-07-23;2026-08-04;81201,68;Não
2320 - FUNDACAO CENTRO DE HEMATOLOGIA E HEMOTERAPIA DE MG;Nota fiscal;27.498.289/0001-77;LMC MEDICAO E CONTROLE LTDA;2165;;1;Completa;Serviço;Despesa orçamentária;2026-07-17;2026-08-04;2026-08-04;1053,2;Não
1450 - SECRETARIA DE ESTADO DE JUSTICA E SEGURANCA PUBLIC;Nota fiscal;08.624.977/0001-91;TERRAVIVA AMBIENTAL LTDA;7534;;1;Completa;Serviço;Despesa orçamentária;2026-06-09;2026-06-09;2026-08-04;683,66;Não
1010 - ASSEMBLEIA LEGISLATIVA DO ESTADO DE MINAS GERAIS;Nota fiscal;33.683.111/0002-80;SERVICO FEDERAL DE PROCESSAMENTO DE DADOS (SERPRO);10588432026;;1;Completa;Serviço;Despesa orçamentária;2026-07-31;2026-08-03;2026-08-04;5710,56;Não
2270 - FUNDACAO HOSPITALAR DO ESTADO DE MINAS GERAIS;Outros;33.224.254/0001-42;MGS MINAS GERAIS ADMINISTRACAO E SERVICOS S/A;699181;;1;Completa;Serviço;Despesa orçamentária;2026-07-29;2026-08-04;2026-08-04;44659,08;Não
2300 - DEPARTAMENTO DE ESTRADAS DE RODAGEM;Nota fiscal;01.466.431/0001-00;GCT - GERENCIAMENTO E CONTROLE DE TRANSITO S/A;20261503;;1;Completa;Serviço;Despesa orçamentária;2026-07-17;2026-07-21;2026-08-04;5633,7;Não
1320 - SECRETARIA DE ESTADO DA SAUDE;Nota fiscal;33.009.945/0002-04;PRODUTOS ROCHE QUIMICOS E FARMACEUTICOS S A;472280;1;1;Completa - Recebimento definitivo;Consumo;Despesa orçamentária;2026-07-24;2026-07-31;2026-08-04;351012,0;Não
2420 - INSTITUTO DE DESENVOLVIMENTO NORTE E NORDESTE MG;Nota fiscal;50.073.117/0001-73;ASSOCIACAO DOS PRODUTORES RURAIS DE MANGA E ADJACENCIAS - APRUMA;524;1;1;Completa - Recebimento definitivo;Consumo;Despesa orçamentária;2026-07-15;2026-08-03;2026-08-04;60013,52;Não
2270 - FUNDACAO HOSPITALAR DO ESTADO DE MINAS GERAIS;Nota fiscal;58.295.213/0023-83;PHILIPS MEDICAL SYSTEMS LTDA;120693;14;2;Completa - Recebimento definitivo;Consumo;Despesa orçamentária;2026-07-17;2026-07-24;2026-08-04;54276,39;Não
1510 - POLICIA CIVIL DO ESTADO DE MINAS GERAIS;Nota fiscal;34.274.233/0025-71;VIBRA ENERGIA S.A;4953701;0;1;Completa - Recebimento definitivo;Consumo;Despesa orçamentária;2026-08-03;2026-08-03;2026-08-04;14666,88;Não
1630 - SECRETARIA GERAL;Outros;42.434.195/0001-28;VAGGON ACELERADORA PROFISSIONAL LTDA;3;1;1;Completa;Serviço;Despesa orçamentária;2026-08-04;2026-08-04;2026-08-04;12018,69;Não
1030 - TRIBUNAL DE JUSTICA DO ESTADO DE MINAS GERAIS;Nota fiscal;66.970.229/0021-00;CLARO NXT TELECOMUNICACOES S/A;39342229;;1;Completa;Serviço;Despesa orçamentária;2026-07-28;2026-08-04;2026-08-04;808,0;Não
2270 - FUNDACAO HOSPITALAR DO ESTADO DE MINAS GERAIS;Outros;33.224.254/0001-42;MGS MINAS GERAIS ADMINISTRACAO E SERVICOS S/A;699182;;1;Completa;Serviço;Despesa orçamentária;2026-07-29;2026-08-04;2026-08-04;15053,9;Não
1320 - SECRETARIA DE ESTADO DA SAUDE;Nota fiscal;04.307.650/0025-02;ONCO PROD DISTRIBUIDORA DE PRODUTOS HOSPITALARES E ONCOLOGICOS LTDA.;2092161;26;1;Completa - Recebimento definitivo;Consumo;Despesa orçamentária;2026-07-24;2026-08-03;2026-08-04;48996,0;Não
2100 - INSTITUTO ESTADUAL DE FLORESTAS-IEF;Nota fiscal;33.224.254/0001-42;MGS MINAS GERAIS ADMINISTRACAO E SERVICOS S/A;25434;B;1;Completa;Serviço;Despesa orçamentária;2026-07-20;2026-08-04;2026-08-04;46035,16;Não
1010 - ASSEMBLEIA LEGISLATIVA DO ESTADO DE MINAS GERAIS;Nota fiscal;23.921.349/0001-61;VISUAL SISTEMAS ELETRONICOS LTDA;18012026;;1;Completa;Serviço;Despesa orçamentária;2026-08-03;2026-08-04;2026-08-04;10991,49;Não
1260 - SECRETARIA DE ESTADO DE EDUCACAO;Nota fiscal;33.224.254/0001-42;MGS MINAS GERAIS ADMINISTRACAO E SERVICOS S/A;256792026;;1;Completa;Serviço;Despesa orçamentária;2026-07-22;2026-08-04;2026-08-04;2133,55;Não
2250 - JUNTA COMERCIAL DO ESTADO DE MINAS GERAIS;Nota fiscal;42.563.692/0001-26;M.I. MONTREAL INFORMATICA S.A;2780;1;1;Completa;Serviço;Despesa orçamentária;2026-07-08;2026-07-13;2026-08-04;0,01;Não
1260 - SECRETARIA DE ESTADO DE EDUCACAO;Nota fiscal;38.213.230/0001-01;PROTEKTO SEGURANCA LTDA;572;;1;Completa;Serviço;Despesa orçamentária;2026-08-03;2026-08-04;2026-08-04;1023,8;Não
1320 - SECRETARIA DE ESTADO DA SAUDE;Nota fiscal;04.307.650/0026-93;ONCO PROD DISTRIBUIDORA DE PRODUTOS HOSPITALARES E ONCOLOGICOS LTDA.;382866;27;1;Completa - Recebimento definitivo;Consumo;Despesa orçamentária;2026-07-28;2026-08-03;2026-08-04;138305,39;Não
2270 - FUNDACAO HOSPITALAR DO ESTADO DE MINAS GERAIS;Nota fiscal;31.495.759/0001-16;SIRIO PHARMA LTDA;22273;1;1;Completa - Recebimento definitivo;Consumo;Despesa orçamentária;2026-07-21;2026-07-23;2026-08-04;19,17;Não
2180 - FUNDACAO CLOVIS SALGADO;Nota fiscal;52.546.269/0001-71;SCMINAS COMERCIO E SERVICOS LTDA;458;;1;Completa - Recebimento definitivo;Consumo;Despesa extra orçamentária;2026-08-01;2026-08-03;2026-08-04;537,12;Não
1250 - POLICIA MILITAR DE MINAS GERAIS;Nota fiscal;25.361.124/0001-23;AACP SERVICO AMBIENTAL LTDA;849;;1;Completa;Serviço;Despesa orçamentária;2026-08-03;2026-08-04;2026-08-04;9907,71;Não
1630 - SECRETARIA GERAL;Outros;42.434.195/0001-28;VAGGON ACELERADORA PROFISSIONAL LTDA;425;A;1;Completa;Serviço;Despesa orçamentária;2026-08-04;2026-08-04;2026-08-04;98,37;Não
2270 - FUNDACAO HOSPITALAR DO ESTADO DE MINAS GERAIS;Nota fiscal;33.224.254/0001-42;MGS MINAS GERAIS ADMINISTRACAO E SERVICOS S/A;26854;2;1;Completa;Serviço;Despesa orçamentária;2026-07-29;2026-08-04;2026-08-04;467139,48;Não
1250 - POLICIA MILITAR DE MINAS GERAIS;Nota fiscal;24.540.648/0001-19;COMERCIAL SAO JOSE COMERCIO DISTRIBUICAO E PRESTACAO DE SERVICOS LTDA;1498;1;1;Completa - Recebimento definitivo;Consumo;Despesa orçamentária;2026-07-23;2026-08-04;2026-08-04;70350,0;Não
1510 - POLICIA CIVIL DO ESTADO DE MINAS GERAIS;Nota fiscal;34.274.233/0025-71;VIBRA ENERGIA S.A;4953690;0;1;Completa - Recebimento definitivo;Consumo;Despesa orçamentária;2026-08-03;2026-08-03;2026-08-04;14666,88;Não
2100 - INSTITUTO ESTADUAL DE FLORESTAS-IEF;Outros;33.224.254/0001-42;MGS MINAS GERAIS ADMINISTRACAO E SERVICOS S/A;697530;;1;Completa;Serviço;Despesa orçamentária;2026-07-20;2026-08-04;2026-08-04;4970,14;Não
1260 - SECRETARIA DE ESTADO DE EDUCACAO;Nota fiscal;43.150.847/0001-65;CENTRO TECNICO DE BETIM LTDA;20261888;;1;Completa;Serviço;Despesa orçamentária;2026-07-09;2026-07-29;2026-08-04;122377,62;Não
1320 - SECRETARIA DE ESTADO DA SAUDE;Nota fiscal;42.947.333/0001-72;PRUDENTE REFEICOES LTDA - 'EM RECUPERACAO JUDICIAL';12873;;2;Completa;Serviço;Despesa orçamentária;2026-08-04;2026-08-04;2026-08-04;429411,06;Não
1510 - POLICIA CIVIL DO ESTADO DE MINAS GERAIS;Nota fiscal;34.274.233/0025-71;VIBRA ENERGIA S.A;4953910;0;1;Completa - Recebimento definitivo;Consumo;Despesa orçamentária;2026-08-03;2026-08-03;2026-08-04;29333,76;Não
1400 - CORPO DE BOMBEIROS MILITAR DE MINAS GERAIS;Nota fiscal;19.994.997/0001-70;CRIATIVA SOLUCOES PARA CONSTRUCAO LTDA;2430;2;1;Completa - Recebimento provisório;Consumo;Despesa orçamentária;2026-07-29;2026-08-04;2026-08-04;2308,79;Não
2350 - UNIVERSIDADE DO ESTADO DE MINAS GERAIS;Nota fiscal;06.981.180/0001-16;CEMIG DISTRIBUICAO S.A.;2026;698;1;Completa;Serviço;Despesa orçamentária;2026-08-03;2026-08-04;2026-08-04;31772,38;Não
1510 - POLICIA CIVIL DO ESTADO DE MINAS GERAIS;Nota fiscal;34.274.233/0025-71;VIBRA ENERGIA S.A;4953909;0;1;Completa - Recebimento definitivo;Consumo;Despesa orçamentária;2026-08-03;2026-08-03;2026-08-04;29333,76;Não
1250 - POLICIA MILITAR DE MINAS GERAIS;Nota fiscal;06.907.493/0001-24;MARLUS MENDES BATISTA -ME;2026051;;1;Completa;Serviço;Despesa orçamentária;2026-08-01;2026-08-01;2026-08-04;188949,64;Não
1190 - SECRETARIA DE ESTADO DE FAZENDA DE MINAS GERAIS;Nota fiscal;33.224.254/0001-42;MGS MINAS GERAIS ADMINISTRACAO E SERVICOS S/A;202626641;;1;Completa;Serviço;Despesa orçamentária;2026-07-29;2026-07-29;2026-08-04;1046,25;Não
2150 - FUNDACAO HELENA ANTIPOFF;Outros;01.017.250/0001-05;VOETUR TURISMO E REPRESENTACOES LTDA;1358408;;1;Completa;Serviço;Despesa orçamentária;2026-08-04;2026-08-04;2026-08-04;4752,88;Não
1510 - POLICIA CIVIL DO ESTADO DE MINAS GERAIS;Nota fiscal;34.274.233/0025-71;VIBRA ENERGIA S.A;4953913;0;1;Completa - Recebimento definitivo;Consumo;Despesa orçamentária;2026-08-03;2026-08-03;2026-08-04;21981,0;Não
1260 - SECRETARIA DE ESTADO DE EDUCACAO;Outros;10.800.436/0004-61;JB CURSOS DE ENFERMAGEM S.A.;1;J26;2;Completa;Serviço;Despesa orçamentária;2026-07-15;2026-07-15;2026-08-04;10420,0;Não
2350 - UNIVERSIDADE DO ESTADO DE MINAS GERAIS;Nota fiscal;33.224.254/0001-42;MGS MINAS GERAIS ADMINISTRACAO E SERVICOS S/A;202625424;;1;Completa;Serviço;Despesa orçamentária;2026-07-21;2026-07-21;2026-08-04;13079,08;Não
1190 - SECRETARIA DE ESTADO DE FAZENDA DE MINAS GERAIS;Outros;40.432.544/0112-62;CLARO S.A.;2608200026990;;1;Completa;Serviço;Despesa orçamentária;2026-08-01;2026-08-04;2026-08-04;124,52;Não
1510 - POLICIA CIVIL DO ESTADO DE MINAS GERAIS;Nota fiscal;34.274.233/0025-71;VIBRA ENERGIA S.A;4953907;0;1;Completa - Recebimento definitivo;Consumo;Despesa orçamentária;2026-08-03;2026-08-03;2026-08-04;14666,88;Não
1500 - SECRETARIA DE ESTADO DE PLANEJAMENTO E GESTAO;Nota fiscal;09.719.875/0001-12;OI SOLUCOES S/A;7000001954;;1;Completa;Serviço;Despesa extra orçamentária;2026-03-05;2026-07-06;2026-08-04;1242,89;Não
1510 - POLICIA CIVIL DO ESTADO DE MINAS GERAIS;Nota fiscal;34.274.233/0025-71;VIBRA ENERGIA S.A;4953912;0;1;Completa - Recebimento definitivo;Consumo;Despesa orçamentária;2026-08-03;2026-08-03;2026-08-04;14666,88;Não
2100 - INSTITUTO ESTADUAL DE FLORESTAS-IEF;Outros;33.224.254/0001-42;MGS MINAS GERAIS ADMINISTRACAO E SERVICOS S/A;697528;;1;Completa;Serviço;Despesa orçamentária;2026-07-20;2026-08-04;2026-08-04;1879,41;Não
1400 - CORPO DE BOMBEIROS MILITAR DE MINAS GERAIS;Nota fiscal;17.331.294/0001-37;W M PORTAS EMPREENDIMENTOS EM MOVEIS PLANEJADOS LTDA - EPP;1234;2;1;Completa - Recebimento definitivo;Consumo;Despesa orçamentária;2026-06-18;2026-08-04;2026-08-04;9380,0;Não
1190 - SECRETARIA DE ESTADO DE FAZENDA DE MINAS GERAIS;Nota fiscal;33.224.254/0001-42;MGS MINAS GERAIS ADMINISTRACAO E SERVICOS S/A;202626643;;1;Completa;Serviço;Despesa orçamentária;2026-07-29;2026-07-29;2026-08-04;4172,26;Não
2100 - INSTITUTO ESTADUAL DE FLORESTAS-IEF;Outros;33.224.254/0001-42;MGS MINAS GERAIS ADMINISTRACAO E SERVICOS S/A;697565;;1;Completa;Serviço;Despesa orçamentária;2026-07-20;2026-08-04;2026-08-04;4353,99;Não
1250 - POLICIA MILITAR DE MINAS GERAIS;Nota fiscal;07.633.945/0001-90;SKYMED COMERCIO DE PRODUTOS MEDICOS HOSPITALARES LTDA -ME;36;3;1;Completa;Serviço;Despesa orçamentária;2026-07-13;2026-08-04;2026-08-04;2380,0;Não
2320 - FUNDACAO CENTRO DE HEMATOLOGIA E HEMOTERAPIA DE MG;Nota fiscal;27.498.289/0001-77;LMC MEDICAO E CONTROLE LTDA;2099;;1;Completa;Serviço;Despesa orçamentária;2026-07-13;2026-08-04;2026-08-04;493,45;Não
2350 - UNIVERSIDADE DO ESTADO DE MINAS GERAIS;Nota fiscal;33.224.254/0001-42;MGS MINAS GERAIS ADMINISTRACAO E SERVICOS S/A;202625521;;1;Completa;Serviço;Despesa orçamentária;2026-07-21;2026-07-21;2026-08-04;4174,06;Não
2100 - INSTITUTO ESTADUAL DE FLORESTAS-IEF;Outros;33.224.254/0001-42;MGS MINAS GERAIS ADMINISTRACAO E SERVICOS S/A;697564;;1;Completa;Serviço;Despesa orçamentária;2026-07-20;2026-08-04;2026-08-04;1959,99;Não
2300 - DEPARTAMENTO DE ESTRADAS DE RODAGEM;Nota fiscal;01.466.431/0001-00;GCT - GERENCIAMENTO E CONTROLE DE TRANSITO S/A;20261504;;1;Completa;Serviço;Despesa orçamentária;2026-07-17;2026-07-21;2026-08-04;5270,32;Não
2320 - FUNDACAO CENTRO DE HEMATOLOGIA E HEMOTERAPIA DE MG;Nota fiscal;27.498.289/0001-77;LMC MEDICAO E CONTROLE LTDA;2152;;1;Completa;Serviço;Despesa orçamentária;2026-07-17;2026-08-04;2026-08-04;246,75;Não
2270 - FUNDACAO HOSPITALAR DO ESTADO DE MINAS GERAIS;Nota fiscal;00.610.681/0005-33;HOSP-PHARMA MANIPULACAO E SUPRIMENTOS LTDA;18175;;1;Completa - Recebimento definitivo;Consumo;Despesa orçamentária;2026-07-18;2026-07-18;2026-08-04;2333,4;Não
2320 - FUNDACAO CENTRO DE HEMATOLOGIA E HEMOTERAPIA DE MG;Nota fiscal;36.110.725/0001-80;MASTER ENGENHARIA E TECNOLOGIA LTDA;38;;1;Completa;Serviço;Despesa orçamentária;2026-08-03;2026-08-04;2026-08-04;18575,0;Não
2300 - DEPARTAMENTO DE ESTRADAS DE RODAGEM;Nota fiscal;01.466.431/0001-00;GCT - GERENCIAMENTO E CONTROLE DE TRANSITO S/A;20261505;;1;Completa;Serviço;Despesa orçamentária;2026-07-17;2026-07-21;2026-08-04;1726,72;Não
2270 - FUNDACAO HOSPITALAR DO ESTADO DE MINAS GERAIS;Outros;05.263.842/0001-50;IGC EMPREENDIMENTOS IMOBILIARIOS LTDA;3092;;1;Completa;Serviço;Despesa orçamentária;2026-07-29;2026-07-31;2026-08-04;2492,91;Não
2090 - FUNDACAO ESTADUAL DO MEIO AMBIENTE;Nota fiscal;48.878.413/0001-08;INSECT CONTROLE DE PRAGAS LTDA;864;E;1;Completa;Serviço;Despesa orçamentária;2026-08-04;2026-08-04;2026-08-04;545,0;Não
2270 - FUNDACAO HOSPITALAR DO ESTADO DE MINAS GERAIS;Nota fiscal;00.610.681/0005-33;HOSP-PHARMA MANIPULACAO E SUPRIMENTOS LTDA;18237;;1;Completa - Recebimento definitivo;Consumo;Despesa orçamentária;2026-07-19;2026-07-19;2026-08-04;3496,56;Não
2370 - INSTITUTO MINEIRO DE AGROPECUARIA;Nota fiscal;05.376.395/0001-45;FORTE SEGURANCA ELETRONICA LTDA -EPP;2054;;1;Completa;Serviço;Despesa orçamentária;2026-08-03;2026-08-03;2026-08-04;1024,38;Não
1260 - SECRETARIA DE ESTADO DE EDUCACAO;Outros;21.228.530/0001-61;UNITEC PATOS LTDA - ME;1;J26;2;Completa;Serviço;Despesa orçamentária;2026-07-15;2026-07-15;2026-08-04;24920,0;Não
2090 - FUNDACAO ESTADUAL DO MEIO AMBIENTE;Outros;33.224.254/0001-42;MGS MINAS GERAIS ADMINISTRACAO E SERVICOS S/A;699087;;1;Completa;Serviço;Despesa orçamentária;2026-07-29;2026-07-31;2026-08-04;4317,83;Não
2270 - FUNDACAO HOSPITALAR DO ESTADO DE MINAS GERAIS;Outros;32.227.070/0001-73;CETUS CONSTRUTORA LTDA;4244;;1;Completa;Serviço;Despesa orçamentária;2026-07-30;2026-07-31;2026-08-04;80604,13;Não
2320 - FUNDACAO CENTRO DE HEMATOLOGIA E HEMOTERAPIA DE MG;Nota fiscal;27.498.289/0001-77;LMC MEDICAO E CONTROLE LTDA;2153;;1;Completa;Serviço;Despesa orçamentária;2026-07-17;2026-08-04;2026-08-04;49,35;Não
1450 - SECRETARIA DE ESTADO DE JUSTICA E SEGURANCA PUBLIC;Nota fiscal;06.003.551/0001-95;QUALIVIDROS DISTRIBUIDORA LTDA;35847;;1;Completa - Recebimento definitivo;Consumo;Despesa orçamentária;2026-07-29;2026-08-04;2026-08-04;55486,72;Não
1190 - SECRETARIA DE ESTADO DE FAZENDA DE MINAS GERAIS;Nota fiscal;33.224.254/0001-42;MGS MINAS GERAIS ADMINISTRACAO E SERVICOS S/A;202626642;;1;Incompleta;Serviço;Despesa orçamentária;2026-07-29;2026-07-29;2026-08-04;84645,92;Não
2320 - FUNDACAO CENTRO DE HEMATOLOGIA E HEMOTERAPIA DE MG;Nota fiscal;27.498.289/0001-77;LMC MEDICAO E CONTROLE LTDA;2154;;1;Completa;Serviço;Despesa orçamentária;2026-07-17;2026-08-04;2026-08-04;49,35;Não
1260 - SECRETARIA DE ESTADO DE EDUCACAO;Nota fiscal;11.065.582/0001-00;B&C PRODUTOS DE LIMPEZA E EMBALAGENS LTDA -ME;147892;1;1;Completa - Recebimento definitivo;Consumo;Despesa orçamentária;2026-07-24;2026-08-04;2026-08-04;1300,0;Não
2300 - DEPARTAMENTO DE ESTRADAS DE RODAGEM;Nota fiscal;01.466.431/0001-00;GCT - GERENCIAMENTO E CONTROLE DE TRANSITO S/A;20261608;;1;Completa;Serviço;Despesa orçamentária;2026-07-28;2026-07-29;2026-08-04;7191,47;Não
2270 - FUNDACAO HOSPITALAR DO ESTADO DE MINAS GERAIS;Nota fiscal;00.610.681/0005-33;HOSP-PHARMA MANIPULACAO E SUPRIMENTOS LTDA;18343;;1;Completa - Recebimento definitivo;Consumo;Despesa orçamentária;2026-07-20;2026-07-20;2026-08-04;4027,21;Não
1260 - SECRETARIA DE ESTADO DE EDUCACAO;Outros;04.149.536/0001-24;FUNDACAO EDUCACIONAL FAUSTO PINTO DA FONSECA;1;J26;2;Completa;Serviço;Despesa orçamentária;2026-07-15;2026-07-15;2026-08-04;18400,0;Não
1260 - SECRETARIA DE ESTADO DE EDUCACAO;Outros;03.265.966/0001-49;POSITIVA DISTRIBUIDORA DE MATERIAIS E SERVICOS LTDA;1041;1;1;Completa - Recebimento definitivo;Permanente;Despesa orçamentária;2026-07-29;2026-08-04;2026-08-04;2645,0;Não
1190 - SECRETARIA DE ESTADO DE FAZENDA DE MINAS GERAIS;Nota fiscal;40.432.544/0112-62;CLARO S.A.;25594;;1;Completa;Serviço;Despesa orçamentária;2026-07-04;2026-08-04;2026-08-04;124,52;Não
2090 - FUNDACAO ESTADUAL DO MEIO AMBIENTE;Outros;33.224.254/0001-42;MGS MINAS GERAIS ADMINISTRACAO E SERVICOS S/A;699086;;1;Completa;Serviço;Despesa orçamentária;2026-07-29;2026-07-31;2026-08-04;1412,12;Não
1400 - CORPO DE BOMBEIROS MILITAR DE MINAS GERAIS;Nota fiscal;17.331.294/0001-37;W M PORTAS EMPREENDIMENTOS EM MOVEIS PLANEJADOS LTDA - EPP;1235;2;1;Completa - Recebimento definitivo;Consumo;Despesa orçamentária;2026-06-18;2026-08-04;2026-08-04;150,0;Não
2270 - FUNDACAO HOSPITALAR DO ESTADO DE MINAS GERAIS;Nota fiscal;37.357.239/0001-23;PRMX SERVICOS E TECNOLOGIA LTDA;439;;1;Completa;Serviço;Despesa orçamentária;2026-07-31;2026-07-31;2026-08-04;583,33;Não
2320 - FUNDACAO CENTRO DE HEMATOLOGIA E HEMOTERAPIA DE MG;Nota fiscal;22.249.203/0001-59;BMA COMERCIO DE PRODUTOS AROMATICOS E LOCACAO DE EQUIPAMENTOS ELETROELETRONICOS LTDA;34098;;1;Completa;Serviço;Despesa orçamentária;2026-08-03;2026-08-04;2026-08-04;2375,0;Não
2300 - DEPARTAMENTO DE ESTRADAS DE RODAGEM;Nota fiscal;06.981.180/0001-16;CEMIG DISTRIBUICAO S.A.;408933557;0;1;Completa;Serviço;Despesa orçamentária;2026-07-14;2026-07-31;2026-08-04;842,71;Não
1190 - SECRETARIA DE ESTADO DE FAZENDA DE MINAS GERAIS;Nota fiscal;40.432.544/0112-62;CLARO S.A.;24685;;1;Completa;Serviço;Despesa orçamentária;2026-07-04;2026-08-04;2026-08-04;124,52;Não
2270 - FUNDACAO HOSPITALAR DO ESTADO DE MINAS GERAIS;Nota fiscal;35.820.448/0030-70;WHITE MARTINS GASES INDUSTRIAIS LTDA;14437;636;1;Completa - Recebimento definitivo;Consumo;Despesa extra orçamentária;2026-04-23;2026-08-03;2026-08-04;156,82;Não
1190 - SECRETARIA DE ESTADO DE FAZENDA DE MINAS GERAIS;Nota fiscal;40.432.544/0112-62;CLARO S.A.;24755;;1;Completa;Serviço;Despesa orçamentária;2026-07-04;2026-08-04;2026-08-04;124,52;Não
2260 - FUNDACAO EZEQUIEL DIAS;Nota fiscal;51.462.471/0001-52;LABSYNTH PRODUTOS PARA LABORATORIOS LTDA;1054968;;1;Completa - Recebimento definitivo;Consumo;Despesa orçamentária;2026-07-31;2026-08-04;2026-08-04;2408,88;Não
1510 - POLICIA CIVIL DO ESTADO DE MINAS GERAIS;Outros;***.781.806-**;SABINA VILAR BISCAIA DE PAULA;7;26;1;Completa;Serviço;Despesa orçamentária;2026-08-04;2026-08-04;2026-08-04;6233,98;Não
1190 - SECRETARIA DE ESTADO DE FAZENDA DE MINAS GERAIS;Nota fiscal;40.432.544/0112-62;CLARO S.A.;24859;;1;Completa;Serviço;Despesa orçamentária;2026-07-04;2026-08-04;2026-08-04;124,52;Não
1260 - SECRETARIA DE ESTADO DE EDUCACAO;Outros;14.908.367/0001-12;VS2 EDUCACAO LTDA -ME;1;MJ;1;Completa;Serviço;Despesa orçamentária;2026-08-04;2026-08-04;2026-08-04;15100,0;Não
1190 - SECRETARIA DE ESTADO DE FAZENDA DE MINAS GERAIS;Outros;***.608.196-**;ODIEL DO NASCIMENTO;72026;;1;Completa;Serviço;Despesa orçamentária;2026-08-04;2026-08-04;2026-08-04;5053,42;Não
1320 - SECRETARIA DE ESTADO DA SAUDE;Nota fiscal;33.224.254/0001-42;MGS MINAS GERAIS ADMINISTRACAO E SERVICOS S/A;202625929;;1;Completa;Serviço;Despesa orçamentária;2026-07-24;2026-08-04;2026-08-04;3238,87;Não
1260 - SECRETARIA DE ESTADO DE EDUCACAO;Nota fiscal;11.065.582/0001-00;B&C PRODUTOS DE LIMPEZA E EMBALAGENS LTDA -ME;148205;1;1;Completa - Disponível para recebimento definitivo;Consumo;Despesa orçamentária;2026-07-31;2026-08-04;2026-08-04;425,9;Não
1320 - SECRETARIA DE ESTADO DA SAUDE;Nota fiscal;33.224.254/0001-42;MGS MINAS GERAIS ADMINISTRACAO E SERVICOS S/A;2026698255;;1;Incompleta;Serviço;Despesa orçamentária;2026-07-24;2026-08-04;2026-08-04;3021,83;Não
1320 - SECRETARIA DE ESTADO DA SAUDE;Nota fiscal;33.224.254/0001-42;MGS MINAS GERAIS ADMINISTRACAO E SERVICOS S/A;2026698256;;1;Completa;Serviço;Despesa orçamentária;2026-07-24;2026-08-04;2026-08-04;11661,1;Não
1320 - SECRETARIA DE ESTADO DA SAUDE;Nota fiscal;33.224.254/0001-42;MGS MINAS GERAIS ADMINISTRACAO E SERVICOS S/A;202625930;;1;Completa;Serviço;Despesa orçamentária;2026-07-24;2026-08-04;2026-08-04;166109,86;Não
1260 - SECRETARIA DE ESTADO DE EDUCACAO;Nota fiscal;11.065.582/0001-00;B&C PRODUTOS DE LIMPEZA E EMBALAGENS LTDA -ME;148206;1;1;Completa - Disponível para recebimento definitivo;Consumo;Despesa orçamentária;2026-07-31;2026-08-04;2026-08-04;16133,95;Não
1710 - SECRETARIA DE ESTADO DE COMUNICACAO SOCIAL;Nota fiscal;61.704.482/0004-06;AGENCIA NACIONAL DE PROPAGANDA LTDA;760;;1;Completa;Serviço;Despesa extra orçamentária;2026-07-27;2026-08-04;2026-08-04;2864,89;Não
1710 - SECRETARIA DE ESTADO DE COMUNICACAO SOCIAL;Nota fiscal;61.704.482/0004-06;AGENCIA NACIONAL DE PROPAGANDA LTDA;761;;1;Completa;Serviço;Despesa extra orçamentária;2026-07-27;2026-08-04;2026-08-04;4388,32;Não
2300 - DEPARTAMENTO DE ESTRADAS DE RODAGEM;Nota fiscal;06.981.180/0001-16;CEMIG DISTRIBUICAO S.A.;89074520062026;;2;Incompleta;Serviço;Despesa orçamentária;2026-07-03;2026-07-20;2026-08-04;2460,07;Não
2320 - FUNDACAO CENTRO DE HEMATOLOGIA E HEMOTERAPIA DE MG;Nota fiscal;11.735.086/0001-17;B & F - LAVAGEM AUTOMOTIVA E PREDIAL LTDA. - ME;559;;1;Completa;Serviço;Despesa orçamentária;2026-08-01;2026-08-04;2026-08-04;2929,0;Não
1710 - SECRETARIA DE ESTADO DE COMUNICACAO SOCIAL;Nota fiscal;05.893.556/0001-78;CLX COMUNICACAO E PUBLICIDADE LTDA;687;;1;Completa;Serviço;Despesa extra orçamentária;2026-07-29;2026-08-04;2026-08-04;350890,73;Não
1050 - TRIBUNAL DE JUSTICA MILITAR DO ESTADO DE M.G.;Nota fiscal;18.286.492/0001-99;EXTIMINAS EXTINTORES MINAS GERAIS LTDA;1229;;1;Incompleta;Serviço;Despesa orçamentária;2026-07-31;2026-07-31;2026-08-04;1500,0;Não
1710 - SECRETARIA DE ESTADO DE COMUNICACAO SOCIAL;Nota fiscal;05.893.556/0001-78;CLX COMUNICACAO E PUBLICIDADE LTDA;667;;2;Completa;Serviço;Despesa orçamentária;2026-07-25;2026-08-04;2026-08-04;4046,75;Não
1710 - SECRETARIA DE ESTADO DE COMUNICACAO SOCIAL;Nota fiscal;05.893.556/0001-78;CLX COMUNICACAO E PUBLICIDADE LTDA;669;;1;Completa;Serviço;Despesa orçamentária;2026-07-25;2026-08-04;2026-08-04;2697,83;Não
2320 - FUNDACAO CENTRO DE HEMATOLOGIA E HEMOTERAPIA DE MG;Outros;01.017.250/0001-05;VOETUR TURISMO E REPRESENTACOES LTDA;1358178;;1;Completa;Serviço;Despesa orçamentária;2026-08-04;2026-08-04;2026-08-04;3296,98;Não
1440 - DEFENSORIA PUBLICA DO ESTADO DE MINAS GERAIS;Nota fiscal;00.201.182/0001-69;DISTRIBUIDORA DE AGUAS MINERAIS BH LTDA -EPP;35168;1;1;Completa - Recebimento definitivo;Consumo;Despesa orçamentária;2026-08-04;2026-08-04;2026-08-04;4645,0;Não
1440 - DEFENSORIA PUBLICA DO ESTADO DE MINAS GERAIS;Nota fiscal;00.201.182/0001-69;DISTRIBUIDORA DE AGUAS MINERAIS BH LTDA -EPP;35169;1;1;Completa - Recebimento definitivo;Consumo;Despesa orçamentária;2026-08-04;2026-08-04;2026-08-04;209,0;Não
1030 - TRIBUNAL DE JUSTICA DO ESTADO DE MINAS GERAIS;Nota fiscal;12.967.719/0001-85;LEPIDUS TECNOLOGIA LTDA;1762;;1;Completa;Serviço;Despesa orçamentária;2026-08-04;2026-08-04;2026-08-04;199,82;Não
1710 - SECRETARIA DE ESTADO DE COMUNICACAO SOCIAL;Nota fiscal;05.893.556/0001-78;CLX COMUNICACAO E PUBLICIDADE LTDA;670;;1;Completa;Serviço;Despesa orçamentária;2026-07-25;2026-08-04;2026-08-04;6238,74;Não
2270 - FUNDACAO HOSPITALAR DO ESTADO DE MINAS GERAIS;Nota fiscal;00.610.681/0005-33;HOSP-PHARMA MANIPULACAO E SUPRIMENTOS LTDA;19054;;1;Completa - Disponível para recebimento definitivo;Consumo;Despesa orçamentária;2026-07-27;2026-08-03;2026-08-04;137,2;Não
1090 - PROCURADORIA GERAL DE JUSTICA;Nota fiscal;07.346.478/0001-17;METODO SYSTEM COMERCIO E SERVICOS LTDA;7260;1;1;Completa - Disponível para recebimento definitivo;Permanente;Despesa extra orçamentária;2026-07-30;2026-07-30;2026-08-04;2939,08;Não
1710 - SECRETARIA DE ESTADO DE COMUNICACAO SOCIAL;Nota fiscal;24.172.716/0001-34;FLD S.A.;3633;;1;Completa;Serviço;Despesa orçamentária;2026-07-24;2026-08-04;2026-08-04;12736,0;Não
2270 - FUNDACAO HOSPITALAR DO ESTADO DE MINAS GERAIS;Nota fiscal;00.610.681/0005-33;HOSP-PHARMA MANIPULACAO E SUPRIMENTOS LTDA;18581;;1;Completa - Disponível para recebimento definitivo;Consumo;Despesa orçamentária;2026-07-22;2026-08-03;2026-08-04;137,2;Não
1090 - PROCURADORIA GERAL DE JUSTICA;Nota fiscal;07.346.478/0001-17;METODO SYSTEM COMERCIO E SERVICOS LTDA;7260;2;1;Completa - Disponível para recebimento definitivo;Consumo;Despesa extra orçamentária;2026-07-30;2026-07-30;2026-08-04;834,0;Não
2270 - FUNDACAO HOSPITALAR DO ESTADO DE MINAS GERAIS;Nota fiscal;12.499.494/0002-60;HOSPINOVA DISTRIBUIDORA DE PRODUTOS HOSPITALARES LTDA.;8284;;1;Completa - Recebimento definitivo;Consumo;Despesa orçamentária;2026-07-31;2026-08-04;2026-08-04;4573,1;Não
1090 - PROCURADORIA GERAL DE JUSTICA;Nota fiscal;07.346.478/0001-17;METODO SYSTEM COMERCIO E SERVICOS LTDA;7256;1;1;Completa - Disponível para recebimento definitivo;Permanente;Despesa extra orçamentária;2026-07-30;2026-07-30;2026-08-04;2604,08;Não
1260 - SECRETARIA DE ESTADO DE EDUCACAO;Outros;21.195.755/0001-69;UNIVERSIDADE FEDERAL DE JUIZ DE FORA UFJF;1132;;1;Completa;Serviço;Despesa orçamentária;2026-07-29;2026-08-04;2026-08-04;5943,4;Não
2270 - FUNDACAO HOSPITALAR DO ESTADO DE MINAS GERAIS;Nota fiscal;00.610.681/0005-33;HOSP-PHARMA MANIPULACAO E SUPRIMENTOS LTDA;17914;;1;Completa - Disponível para recebimento definitivo;Consumo;Despesa orçamentária;2026-07-16;2026-08-03;2026-08-04;137,2;Não
1090 - PROCURADORIA GERAL DE JUSTICA;Nota fiscal;07.346.478/0001-17;METODO SYSTEM COMERCIO E SERVICOS LTDA;7255;1;1;Completa - Disponível para recebimento definitivo;Permanente;Despesa extra orçamentária;2026-07-30;2026-07-30;2026-08-04;2604,08;Não
1090 - PROCURADORIA GERAL DE JUSTICA;Nota fiscal;07.346.478/0001-17;METODO SYSTEM COMERCIO E SERVICOS LTDA;7254;1;1;Completa - Disponível para recebimento definitivo;Permanente;Despesa extra orçamentária;2026-07-30;2026-07-30;2026-08-04;2604,08;Não
2270 - FUNDACAO HOSPITALAR DO ESTADO DE MINAS GERAIS;Nota fiscal;81.706.251/0001-98;PROMEFARMA MEDICAMENTOS E PRODUTOS HOSPITALARES LTDA;178280;2;1;Completa - Recebimento definitivo;Consumo;Despesa orçamentária;2026-07-15;2026-07-23;2026-08-04;60,0;Não
1710 - SECRETARIA DE ESTADO DE COMUNICACAO SOCIAL;Nota fiscal;05.893.556/0001-78;CLX COMUNICACAO E PUBLICIDADE LTDA;654;;1;Completa;Serviço;Despesa orçamentária;2026-07-23;2026-08-04;2026-08-04;6423,52;Não
1090 - PROCURADORIA GERAL DE JUSTICA;Nota fiscal;07.346.478/0001-17;METODO SYSTEM COMERCIO E SERVICOS LTDA;7254;2;1;Completa - Disponível para recebimento definitivo;Consumo;Despesa extra orçamentária;2026-07-30;2026-07-30;2026-08-04;2387,0;Não
2270 - FUNDACAO HOSPITALAR DO ESTADO DE MINAS GERAIS;Nota fiscal;00.610.681/0005-33;HOSP-PHARMA MANIPULACAO E SUPRIMENTOS LTDA;19802;;1;Completa - Disponível para recebimento definitivo;Consumo;Despesa orçamentária;2026-08-03;2026-08-03;2026-08-04;491,77;Não
1090 - PROCURADORIA GERAL DE JUSTICA;Nota fiscal;07.346.478/0001-17;METODO SYSTEM COMERCIO E SERVICOS LTDA;7253;1;1;Completa - Disponível para recebimento definitivo;Permanente;Despesa extra orçamentária;2026-07-30;2026-07-30;2026-08-04;2604,08;Não
1090 - PROCURADORIA GERAL DE JUSTICA;Nota fiscal;07.346.478/0001-17;METODO SYSTEM COMERCIO E SERVICOS LTDA;7253;2;1;Completa - Disponível para recebimento definitivo;Consumo;Despesa extra orçamentária;2026-07-30;2026-07-30;2026-08-04;434,0;Não
2180 - FUNDACAO CLOVIS SALGADO;Nota fiscal;22.498.465/0001-57;FRAMES LTDA - ME;34;;1;Incompleta;Serviço;Despesa orçamentária;2026-08-03;2026-08-03;2026-08-04;9548,0;Não
2270 - FUNDACAO HOSPITALAR DO ESTADO DE MINAS GERAIS;Nota fiscal;00.610.681/0005-33;HOSP-PHARMA MANIPULACAO E SUPRIMENTOS LTDA;19696;;1;Completa - Disponível para recebimento definitivo;Consumo;Despesa orçamentária;2026-08-02;2026-08-03;2026-08-04;605,76;Não
2270 - FUNDACAO HOSPITALAR DO ESTADO DE MINAS GERAIS;Nota fiscal;44.734.671/0022-86;CRISTALIA PRODUTOS QUIMICOS FARMACEUTICOS LTDA;1065081;;1;Completa - Disponível para recebimento definitivo;Consumo;Despesa orçamentária;2026-07-31;2026-08-04;2026-08-04;304,0;Não
2270 - FUNDACAO HOSPITALAR DO ESTADO DE MINAS GERAIS;Nota fiscal;00.610.681/0005-33;HOSP-PHARMA MANIPULACAO E SUPRIMENTOS LTDA;19591;;1;Completa - Disponível para recebimento definitivo;Consumo;Despesa orçamentária;2026-08-01;2026-08-03;2026-08-04;664,73;Não
1260 - SECRETARIA DE ESTADO DE EDUCACAO;Outros;25.452.301/0001-87;SOCIEDADE EDUCACIONAL UBERABENSE;1412;;1;Completa;Serviço;Despesa orçamentária;2026-07-24;2026-08-04;2026-08-04;71145,01;Não
2270 - FUNDACAO HOSPITALAR DO ESTADO DE MINAS GERAIS;Nota fiscal;00.610.681/0005-33;HOSP-PHARMA MANIPULACAO E SUPRIMENTOS LTDA;19508;;1;Completa - Disponível para recebimento definitivo;Consumo;Despesa orçamentária;2026-07-31;2026-08-03;2026-08-04;648,86;Não
2270 - FUNDACAO HOSPITALAR DO ESTADO DE MINAS GERAIS;Nota fiscal;00.610.681/0005-33;HOSP-PHARMA MANIPULACAO E SUPRIMENTOS LTDA;18966;;1;Completa - Disponível para recebimento definitivo;Consumo;Despesa orçamentária;2026-07-26;2026-08-03;2026-08-04;245,56;Não
2270 - FUNDACAO HOSPITALAR DO ESTADO DE MINAS GERAIS;Nota fiscal;00.610.681/0005-33;HOSP-PHARMA MANIPULACAO E SUPRIMENTOS LTDA;18762;;1;Completa - Disponível para recebimento definitivo;Consumo;Despesa orçamentária;2026-07-24;2026-08-03;2026-08-04;1836,12;Não
1090 - PROCURADORIA GERAL DE JUSTICA;Outros;00.000.000/0001-91;BANCO DO BRASIL SA;316152618300011;;1;Completa;Serviço;Despesa orçamentária;2026-07-01;2026-07-01;2026-08-04;470,55;Não
1710 - SECRETARIA DE ESTADO DE COMUNICACAO SOCIAL;Nota fiscal;05.893.556/0001-78;CLX COMUNICACAO E PUBLICIDADE LTDA;660;;1;Completa;Serviço;Despesa orçamentária;2026-07-25;2026-08-04;2026-08-04;250983,92;Não
2270 - FUNDACAO HOSPITALAR DO ESTADO DE MINAS GERAIS;Nota fiscal;00.610.681/0005-33;HOSP-PHARMA MANIPULACAO E SUPRIMENTOS LTDA;18888;;1;Completa - Disponível para recebimento definitivo;Consumo;Despesa orçamentária;2026-07-25;2026-08-03;2026-08-04;666,14;Não
1050 - TRIBUNAL DE JUSTICA MILITAR DO ESTADO DE M.G.;Nota fiscal;29.846.708/0001-40;7DATA DISTRIBUIDORA DE EQUIPAMENTOS LTDA;666;;9;Incompleta;Permanente;Despesa orçamentária;2026-05-13;2026-06-22;2026-08-04;165999,99;Sim
1260 - SECRETARIA DE ESTADO DE EDUCACAO;Outros;21.195.755/0001-69;UNIVERSIDADE FEDERAL DE JUIZ DE FORA UFJF;1135;;1;Completa;Serviço;Despesa orçamentária;2026-07-31;2026-08-04;2026-08-04;144300,2;Não
1710 - SECRETARIA DE ESTADO DE COMUNICACAO SOCIAL;Nota fiscal;05.893.556/0001-78;CLX COMUNICACAO E PUBLICIDADE LTDA;662;;1;Completa;Serviço;Despesa orçamentária;2026-07-25;2026-08-04;2026-08-04;82236,56;Não
1050 - TRIBUNAL DE JUSTICA MILITAR DO ESTADO DE M.G.;Nota fiscal;29.846.708/0001-40;7DATA DISTRIBUIDORA DE EQUIPAMENTOS LTDA;5;;5;Incompleta;Permanente;Despesa orçamentária;2026-05-14;2026-06-22;2026-08-04;64213,71;Não
2270 - FUNDACAO HOSPITALAR DO ESTADO DE MINAS GERAIS;Nota fiscal;23.864.942/0001-13;UNIQUE DISTRIBUIDORA DE MEDICAMENTOS LTDA;27847;0;1;Completa - Recebimento definitivo;Consumo;Despesa orçamentária;2026-07-22;2026-07-27;2026-08-04;1060,92;Não
2270 - FUNDACAO HOSPITALAR DO ESTADO DE MINAS GERAIS;Nota fiscal;00.610.681/0005-33;HOSP-PHARMA MANIPULACAO E SUPRIMENTOS LTDA;18580;;1;Completa - Disponível para recebimento definitivo;Consumo;Despesa orçamentária;2026-07-22;2026-08-03;2026-08-04;1518,09;Não
2270 - FUNDACAO HOSPITALAR DO ESTADO DE MINAS GERAIS;Nota fiscal;00.610.681/0005-33;HOSP-PHARMA MANIPULACAO E SUPRIMENTOS LTDA;18661;;1;Completa - Disponível para recebimento definitivo;Consumo;Despesa orçamentária;2026-07-23;2026-08-03;2026-08-04;1965,64;Não
2270 - FUNDACAO HOSPITALAR DO ESTADO DE MINAS GERAIS;Nota fiscal;00.610.681/0005-33;HOSP-PHARMA MANIPULACAO E SUPRIMENTOS LTDA;18417;;1;Completa - Disponível para recebimento definitivo;Consumo;Despesa orçamentária;2026-07-21;2026-08-03;2026-08-04;2171,42;Não
2270 - FUNDACAO HOSPITALAR DO ESTADO DE MINAS GERAIS;Nota fiscal;00.610.681/0005-33;HOSP-PHARMA MANIPULACAO E SUPRIMENTOS LTDA;18321;;1;Completa - Disponível para recebimento definitivo;Consumo;Despesa orçamentária;2026-07-20;2026-08-03;2026-08-04;2201,86;Não
2270 - FUNDACAO HOSPITALAR DO ESTADO DE MINAS GERAIS;Nota fiscal;00.610.681/0005-33;HOSP-PHARMA MANIPULACAO E SUPRIMENTOS LTDA;18230;;1;Completa - Disponível para recebimento definitivo;Consumo;Despesa orçamentária;2026-07-19;2026-08-03;2026-08-04;2415,85;Não
2270 - FUNDACAO HOSPITALAR DO ESTADO DE MINAS GERAIS;Nota fiscal;00.610.681/0005-33;HOSP-PHARMA MANIPULACAO E SUPRIMENTOS LTDA;18122;;1;Completa - Disponível para recebimento definitivo;Consumo;Despesa orçamentária;2026-07-18;2026-08-03;2026-08-04;2787,04;Não
2270 - FUNDACAO HOSPITALAR DO ESTADO DE MINAS GERAIS;Nota fiscal;00.610.681/0005-33;HOSP-PHARMA MANIPULACAO E SUPRIMENTOS LTDA;18061;;1;Completa - Disponível para recebimento definitivo;Consumo;Despesa orçamentária;2026-07-17;2026-08-03;2026-08-04;2894,0;Não
2270 - FUNDACAO HOSPITALAR DO ESTADO DE MINAS GERAIS;Nota fiscal;00.610.681/0005-33;HOSP-PHARMA MANIPULACAO E SUPRIMENTOS LTDA;17912;;1;Completa - Disponível para recebimento definitivo;Consumo;Despesa orçamentária;2026-07-16;2026-08-03;2026-08-04;2198,58;Não
2270 - FUNDACAO HOSPITALAR DO ESTADO DE MINAS GERAIS;Nota fiscal;12.927.876/0001-67;SOMA/MG PRODUTOS HOSPITALARES LTDA;381440;1;1;Completa - Disponível para recebimento definitivo;Consumo;Despesa orçamentária;2026-07-21;2026-07-22;2026-08-04;48,9;Não
2270 - FUNDACAO HOSPITALAR DO ESTADO DE MINAS GERAIS;Nota fiscal;12.927.876/0001-67;SOMA/MG PRODUTOS HOSPITALARES LTDA;382615;1;1;Completa - Disponível para recebimento definitivo;Consumo;Despesa orçamentária;2026-07-28;2026-07-29;2026-08-04;49,9;Não
1260 - SECRETARIA DE ESTADO DE EDUCACAO;Outros;33.224.254/0001-42;MGS MINAS GERAIS ADMINISTRACAO E SERVICOS S/A;202625606;;1;Completa;Serviço;Despesa orçamentária;2026-07-22;2026-07-22;2026-08-04;155133,73;Não
2120 - INST.PREV.DOS SERV.MILITARES DO ESTADO M.GERAIS;Nota fiscal;07.432.517/0001-07;SIMPRESS COMERCIO LOCACAO E SERVICOS LTDA;439635;1;1;Incompleta;Serviço;Despesa orçamentária;2026-08-03;2026-08-04;2026-08-04;671,76;Não
2270 - FUNDACAO HOSPITALAR DO ESTADO DE MINAS GERAIS;Nota fiscal;12.927.876/0001-67;SOMA/MG PRODUTOS HOSPITALARES LTDA;381442;1;1;Completa - Recebimento definitivo;Consumo;Despesa orçamentária;2026-07-21;2026-07-22;2026-08-04;29,78;Não
2270 - FUNDACAO HOSPITALAR DO ESTADO DE MINAS GERAIS;Nota fiscal;12.927.876/0001-67;SOMA/MG PRODUTOS HOSPITALARES LTDA;382705;1;1;Completa - Recebimento definitivo;Consumo;Despesa orçamentária;2026-07-29;2026-07-30;2026-08-04;99,8;Não
1260 - SECRETARIA DE ESTADO DE EDUCACAO;Nota fiscal;33.224.254/0001-42;MGS MINAS GERAIS ADMINISTRACAO E SERVICOS S/A;25731;1;1;Incompleta;Serviço;Despesa orçamentária;2026-07-22;2026-07-22;2026-08-04;49404,21;Não
1260 - SECRETARIA DE ESTADO DE EDUCACAO;Nota fiscal;33.224.254/0001-42;MGS MINAS GERAIS ADMINISTRACAO E SERVICOS S/A;202625645;;1;Incompleta;Serviço;Despesa orçamentária;2026-07-22;2026-08-04;2026-08-04;17711,17;Não
1260 - SECRETARIA DE ESTADO DE EDUCACAO;Nota fiscal;33.224.254/0001-42;MGS MINAS GERAIS ADMINISTRACAO E SERVICOS S/A;202625646;;1;Incompleta;Serviço;Despesa orçamentária;2026-07-22;2026-08-04;2026-08-04;249315,7;Não
2010 - INST.DE PREVIDENCIA DOS SERVIDORES DO EST.M.GERAIS;Nota fiscal;33.224.254/0001-42;MGS MINAS GERAIS ADMINISTRACAO E SERVICOS S/A;26740;1A;1;Completa;Serviço;Despesa orçamentária;2026-07-29;2026-07-29;2026-08-04;72607,77;Não
2010 - INST.DE PREVIDENCIA DOS SERVIDORES DO EST.M.GERAIS;Nota fiscal;33.224.254/0001-42;MGS MINAS GERAIS ADMINISTRACAO E SERVICOS S/A;26742;1A;1;Completa;Serviço;Despesa orçamentária;2026-07-29;2026-07-29;2026-08-04;7780,95;Não
1260 - SECRETARIA DE ESTADO DE EDUCACAO;Nota fiscal;33.224.254/0001-42;MGS MINAS GERAIS ADMINISTRACAO E SERVICOS S/A;202625647;;1;Incompleta;Serviço;Despesa orçamentária;2026-07-22;2026-08-04;2026-08-04;3653,94;Não
2010 - INST.DE PREVIDENCIA DOS SERVIDORES DO EST.M.GERAIS;Nota fiscal;33.224.254/0001-42;MGS MINAS GERAIS ADMINISTRACAO E SERVICOS S/A;26741;1A;1;Completa;Serviço;Despesa orçamentária;2026-07-29;2026-07-29;2026-08-04;2076,51;Não
